{
  "type": "FeatureCollection",
  "name": "inner",
  "crs": {"type": "name", "properties": {"name": "EPSG:4326"}},
  "features": [
    {
      "type": "Feature",
      "properties": {"block_id": "ADC_AUSSP_01", "basin_id": "BASIN_AUSSP", "basin_label": "Australia and South Pacific", "domain_count": 2, "grid_cell_count": 90, "outer_area_km2": 2970014.950922, "shelf_width_km": 250.000000, "outer_buffer_km": 430.000000, "shelf_add_area_km2": 0.000000, "shelf_add_cell_count": 0, "shelf_add_component_count": 0, "bay_add_area_km2": 0.000000, "bay_add_cell_count": 0, "bay_add_core_cell_count": 0, "bay_add_component_count": 0, "open_ocean_area_risk": 0},
      "geometry": {"type": "Polygon", "coordinates": [[[114.50000000, -27.07415559], [113.75000000, -27.07415559], [113.73824669, -27.07402535], [113.72122410, -27.07337437], [113.70423656, -27.07217711], [113.68730478, -27.07043503], [113.67044938, -27.06815026], [113.65369091, -27.06532558], [113.63704977, -27.06196443], [113.62054624, -27.05807091], [113.60420044, -27.05364975], [113.58803226, -27.04870635], [113.57206142, -27.04324674], [113.55630738, -27.03727755], [113.54078931, -27.03080606], [113.52552614, -27.02384017], [113.51053645, -27.01638834], [113.49583851, -27.00845968], [113.48145023, -27.00006382], [113.46738914, -26.99121101], [113.45367236, -26.98191202], [113.44031662, -26.97217820], [113.42733817, -26.96202139], [113.41475284, -26.95145397], [113.40257596, -26.94048882], [113.39082236, -26.92913929], [112.76582236, -26.30413929], [112.75108821, -26.28871165], [112.74036630, -26.27652779], [112.73011300, -26.26400703], [112.72034081, -26.25116462], [112.71106164, -26.23801620], [112.70228679, -26.22457779], [112.69402694, -26.21086578], [112.68629218, -26.19689685], [112.67909191, -26.18268804], [112.67243491, -26.16825664], [112.66632929, -26.15362026], [112.66078249, -26.13879671], [112.65580127, -26.12380406], [112.65139169, -26.10866057], [112.64755914, -26.09338470], [112.64430827, -26.07799505], [112.64164305, -26.06251038], [112.63956673, -26.04694954], [112.63808183, -26.03133151], [112.63719017, -26.01567530], [112.63689283, -26.00000000], [112.63689283, -25.50000000], [112.63740314, -25.47946661], [112.63847892, -25.46382020], [112.64014746, -25.44821787], [112.64240671, -25.43267863], [112.64525392, -25.41722141], [112.64868563, -25.40186505], [112.65269766, -25.38662825], [112.65728512, -25.37152957], [112.66244241, -25.35658741], [112.66816326, -25.34181998], [112.67444070, -25.32724527], [112.68126707, -25.31288104], [112.68863406, -25.29874478], [112.69653270, -25.28485371], [112.70495336, -25.27122477], [112.71388578, -25.25787456], [112.72331908, -25.24481934], [112.73324176, -25.23207502], [112.74364175, -25.21965712], [112.75450636, -25.20758078], [112.76582236, -25.19586071], [112.83668307, -25.12500000], [112.76582236, -25.05413929], [112.75108821, -25.03871165], [112.74036630, -25.02652779], [112.73011300, -25.01400703], [112.72034081, -25.00116462], [112.71106164, -24.98801620], [112.70228679, -24.97457779], [112.69402694, -24.96086578], [112.68629218, -24.94689685], [112.67909191, -24.93268804], [112.67243491, -24.91825664], [112.66632929, -24.90362026], [112.66078249, -24.88879671], [112.65580127, -24.87380406], [112.65139169, -24.85866057], [112.64755914, -24.84338470], [112.64430827, -24.82799505], [112.64164305, -24.81251038], [112.63956673, -24.79694954], [112.63808183, -24.78133151], [112.63719017, -24.76567530], [112.63689283, -24.75000000], [112.63689283, -23.75000000], [112.63740314, -23.72946661], [112.63847892, -23.71382020], [112.64014746, -23.69821787], [112.64240671, -23.68267863], [112.64525392, -23.66722141], [112.64868563, -23.65186505], [112.65269766, -23.63662825], [112.65728512, -23.62152957], [112.66244241, -23.60658741], [112.66816326, -23.59181998], [112.67444070, -23.57724527], [112.68126707, -23.56288104], [112.68863406, -23.54874478], [112.69653270, -23.53485371], [112.70495336, -23.52122477], [112.71388578, -23.50787456], [112.72331908, -23.49481934], [112.73324176, -23.48207502], [112.74364175, -23.46965712], [112.75450636, -23.45758078], [112.76582236, -23.44586071], [113.08668307, -23.12500000], [113.01582236, -23.05413929], [113.00108821, -23.03871165], [112.99036630, -23.02652779], [112.98011300, -23.01400703], [112.97034081, -23.00116462], [112.96106164, -22.98801620], [112.95228679, -22.97457779], [112.94402694, -22.96086578], [112.93629218, -22.94689685], [112.92909191, -22.93268804], [112.92243491, -22.91825664], [112.91632929, -22.90362026], [112.91078249, -22.88879671], [112.90580127, -22.87380406], [112.90139169, -22.85866057], [112.89755914, -22.84338470], [112.89430827, -22.82799505], [112.89164305, -22.81251038], [112.88956673, -22.79694954], [112.88808183, -22.78133151], [112.88719017, -22.76567530], [112.88689283, -22.75000000], [112.88689283, -22.25000000], [112.88740314, -22.22946661], [112.88847892, -22.21382020], [112.89014746, -22.19821787], [112.89240671, -22.18267863], [112.89525392, -22.16722141], [112.89868563, -22.15186505], [112.90269766, -22.13662825], [112.90728512, -22.12152957], [112.91244241, -22.10658741], [112.91816326, -22.09181998], [112.92444070, -22.07724527], [112.93126707, -22.06288104], [112.93863406, -22.04874478], [112.94653270, -22.03485371], [112.95495336, -22.02122477], [112.96388578, -22.00787456], [112.97331908, -21.99481934], [112.98324176, -21.98207502], [112.99364175, -21.96965712], [113.00450636, -21.95758078], [113.01582236, -21.94586071], [113.13689283, -21.82479024], [113.13689283, -21.75000000], [113.13740314, -21.72946661], [113.13847892, -21.71382020], [113.14014746, -21.69821787], [113.14240671, -21.68267863], [113.14525392, -21.66722141], [113.14868563, -21.65186505], [113.15269766, -21.63662825], [113.15728512, -21.62152957], [113.16244241, -21.60658741], [113.16816326, -21.59181998], [113.17444070, -21.57724527], [113.18126707, -21.56288104], [113.18863406, -21.54874478], [113.19653270, -21.53485371], [113.20495336, -21.52122477], [113.21388578, -21.50787456], [113.22331908, -21.49481934], [113.23324176, -21.48207502], [113.24364175, -21.46965712], [113.25450636, -21.45758078], [113.26582236, -21.44586071], [113.39082236, -21.32086071], [113.39888508, -21.31299031], [113.41093227, -21.30190451], [113.42339255, -21.29121235], [113.43625076, -21.28092686], [113.44949122, -21.27106057], [113.46309780, -21.26162550], [113.47705393, -21.25263314], [113.49134261, -21.24409446], [113.50594641, -21.23601985], [113.52084756, -21.22841916], [113.53602790, -21.22130163], [113.55146893, -21.21467595], [113.56715183, -21.20855019], [113.58305751, -21.20293181], [113.59916659, -21.19782765], [113.61545943, -21.19324394], [113.63191619, -21.18918625], [113.64851681, -21.18565954], [113.66524108, -21.18266810], [113.68206861, -21.18021556], [113.69897891, -21.17830493], [113.71595136, -21.17693853], [113.73296531, -21.17611803], [113.75000000, -21.17584441], [114.14366557, -21.17584441], [114.14525392, -21.16722141], [114.14868563, -21.15186505], [114.15269766, -21.13662825], [114.15728512, -21.12152957], [114.16244241, -21.10658741], [114.16816326, -21.09181998], [114.17444070, -21.07724527], [114.18126707, -21.06288104], [114.18863406, -21.04874478], [114.19653270, -21.03485371], [114.20495336, -21.02122477], [114.21388578, -21.00787456], [114.22331908, -20.99481934], [114.23324176, -20.98207502], [114.24364175, -20.96965713], [114.25450636, -20.95758078], [114.26582236, -20.94586071], [114.39082236, -20.82086071], [114.39888508, -20.81299031], [114.41093227, -20.80190451], [114.42339255, -20.79121235], [114.43625076, -20.78092686], [114.44949122, -20.77106057], [114.46309780, -20.76162550], [114.47705393, -20.75263314], [114.49134261, -20.74409446], [114.50594641, -20.73601985], [114.52084756, -20.72841916], [114.53602790, -20.72130163], [114.55146893, -20.71467595], [114.56715183, -20.70855019], [114.58305751, -20.70293181], [114.59916659, -20.69782765], [114.61545943, -20.69324394], [114.63191619, -20.68918625], [114.64851681, -20.68565954], [114.66524108, -20.68266810], [114.68206861, -20.68021556], [114.69897891, -20.67830493], [114.71595136, -20.67693853], [114.73296531, -20.67611803], [114.75000000, -20.67584441], [115.14366557, -20.67584441], [115.14525392, -20.66722141], [115.14868563, -20.65186505], [115.15269766, -20.63662825], [115.15728512, -20.62152957], [115.16244241, -20.60658741], [115.16816326, -20.59181998], [115.17444070, -20.57724527], [115.18126707, -20.56288104], [115.18863406, -20.54874478], [115.19653270, -20.53485371], [115.20495336, -20.52122477], [115.21388578, -20.50787456], [115.22331908, -20.49481934], [115.23324176, -20.48207502], [115.24364175, -20.46965713], [115.25450636, -20.45758078], [115.26582236, -20.44586071], [115.39082236, -20.32086071], [115.39888508, -20.31299031], [115.41093227, -20.30190451], [115.42339255, -20.29121235], [115.43625076, -20.28092686], [115.44949122, -20.27106057], [115.46309780, -20.26162550], [115.47705393, -20.25263314], [115.49134260, -20.24409446], [115.50594641, -20.23601985], [115.52084756, -20.22841916], [115.53602790, -20.22130163], [115.55146893, -20.21467595], [115.56715183, -20.20855019], [115.58305751, -20.20293181], [115.59916659, -20.19782765], [115.61545943, -20.19324394], [115.63191619, -20.18918625], [115.64851681, -20.18565954], [115.66524108, -20.18266810], [115.68206861, -20.18021556], [115.69897891, -20.17830493], [115.71595136, -20.17693853], [115.73296531, -20.17611803], [115.75000000, -20.17584441], [115.78583865, -20.17584441], [116.14082236, -19.82086071], [116.14888508, -19.81299031], [116.16093227, -19.80190451], [116.17339255, -19.79121235], [116.18625076, -19.78092686], [116.19949122, -19.77106057], [116.21309780, -19.76162550], [116.22705393, -19.75263314], [116.24134260, -19.74409446], [116.25594641, -19.73601985], [116.27084756, -19.72841916], [116.28602790, -19.72130163], [116.30146893, -19.71467595], [116.31715183, -19.70855019], [116.33305751, -19.70293181], [116.34916659, -19.69782765], [116.36545943, -19.69324394], [116.38191619, -19.68918625], [116.39851681, -19.68565954], [116.41524108, -19.68266810], [116.43206861, -19.68021556], [116.44897891, -19.67830493], [116.46595136, -19.67693853], [116.48296531, -19.67611803], [116.50000000, -19.67584441], [117.00000000, -19.67584441], [117.01175331, -19.67597465], [117.02877590, -19.67662563], [117.04576344, -19.67782289], [117.06269522, -19.67956497], [117.07955062, -19.68184974], [117.09630909, -19.68467442], [117.11295023, -19.68803557], [117.12945376, -19.69192909], [117.14579956, -19.69635025], [117.16196774, -19.70129365], [117.17793858, -19.70675326], [117.19369262, -19.71272245], [117.20921069, -19.71919394], [117.22447386, -19.72615983], [117.23946355, -19.73361166], [117.25416149, -19.74154032], [117.26854977, -19.74993618], [117.28261086, -19.75878899], [117.29632764, -19.76808798], [117.30968338, -19.77782180], [117.32266183, -19.78797861], [117.33524716, -19.79854603], [117.34742404, -19.80951118], [117.35917764, -19.82086071], [117.46416135, -19.92584441], [118.00000000, -19.92584441], [118.01175331, -19.92597465], [118.02877590, -19.92662563], [118.04576344, -19.92782289], [118.06269522, -19.92956497], [118.07955062, -19.93184974], [118.09630909, -19.93467442], [118.11295023, -19.93803557], [118.12945376, -19.94192909], [118.14579956, -19.94635025], [118.16196774, -19.95129365], [118.17793858, -19.95675326], [118.19369263, -19.96272245], [118.20921069, -19.96919394], [118.22447386, -19.97615983], [118.23946355, -19.98361166], [118.25416149, -19.99154032], [118.26854977, -19.99993618], [118.28261086, -20.00878899], [118.29632764, -20.01808798], [118.30968338, -20.02782180], [118.32266183, -20.03797861], [118.33524716, -20.04854603], [118.34742404, -20.05951118], [118.35917764, -20.07086071], [118.48417764, -20.19586071], [118.49891179, -20.21128835], [118.50963370, -20.22347221], [118.51988700, -20.23599297], [118.52965919, -20.24883538], [118.53893836, -20.26198380], [118.54771321, -20.27542221], [118.55597306, -20.28913422], [118.56370782, -20.30310315], [118.57090809, -20.31731196], [118.57756509, -20.33174336], [118.58367071, -20.34637974], [118.58921751, -20.36120329], [118.59419873, -20.37619594], [118.59860831, -20.39133943], [118.60244086, -20.40661530], [118.60569173, -20.42200495], [118.60835695, -20.43748962], [118.61043327, -20.45305046], [118.61191817, -20.46866849], [118.61280983, -20.48432470], [118.61310717, -20.50000000], [118.61310717, -20.75000000], [118.61259686, -20.77053339], [118.61152108, -20.78617980], [118.60985254, -20.80178213], [118.60759329, -20.81732137], [118.60474608, -20.83277859], [118.60131437, -20.84813495], [118.59730234, -20.86337175], [118.59271488, -20.87847043], [118.58755759, -20.89341259], [118.58183674, -20.90818002], [118.57555930, -20.92275473], [118.56873293, -20.93711896], [118.56136594, -20.95125522], [118.55346730, -20.96514629], [118.54504664, -20.97877523], [118.53611422, -20.99212544], [118.52668092, -21.00518066], [118.51675824, -21.01792498], [118.50635825, -21.03034288], [118.49549364, -21.04241922], [118.48417764, -21.05413929], [118.10917764, -21.42913929], [118.10111492, -21.43700969], [118.08906773, -21.44809549], [118.07660745, -21.45878765], [118.06374924, -21.46907314], [118.05050878, -21.47893943], [118.03690220, -21.48837450], [118.02294607, -21.49736686], [118.00865739, -21.50590554], [117.99405359, -21.51398015], [117.97915244, -21.52158084], [117.96397210, -21.52869837], [117.94853107, -21.53532405], [117.93284817, -21.54144981], [117.91694249, -21.54706819], [117.90083341, -21.55217235], [117.88454057, -21.55675606], [117.86808381, -21.56081375], [117.85148319, -21.56434046], [117.83475892, -21.56733190], [117.81793139, -21.56978444], [117.80102109, -21.57169507], [117.78404864, -21.57306147], [117.76703469, -21.57388197], [117.75000000, -21.57415559], [116.71416135, -21.57415559], [115.85917764, -22.42913929], [115.85111492, -22.43700969], [115.83906773, -22.44809549], [115.82660745, -22.45878765], [115.81374924, -22.46907314], [115.80050878, -22.47893943], [115.78690220, -22.48837450], [115.77294607, -22.49736686], [115.75865740, -22.50590554], [115.74405359, -22.51398015], [115.72915244, -22.52158084], [115.71397210, -22.52869837], [115.69853107, -22.53532405], [115.68284817, -22.54144981], [115.66694249, -22.54706819], [115.65083341, -22.55217235], [115.63454057, -22.55675606], [115.61808381, -22.56081375], [115.60148319, -22.56434046], [115.58475892, -22.56733190], [115.56793139, -22.56978444], [115.55102109, -22.57169507], [115.53404864, -22.57306147], [115.51703469, -22.57388197], [115.50000000, -22.57415559], [115.46416135, -22.57415559], [115.36310717, -22.67520976], [115.36310717, -22.75000000], [115.36259686, -22.77053339], [115.36152108, -22.78617980], [115.35985254, -22.80178213], [115.35759329, -22.81732137], [115.35474608, -22.83277859], [115.35131437, -22.84813495], [115.34730234, -22.86337175], [115.34271488, -22.87847043], [115.33755759, -22.89341259], [115.33183674, -22.90818002], [115.32555930, -22.92275473], [115.31873293, -22.93711896], [115.31136594, -22.95125522], [115.30346730, -22.96514629], [115.29504664, -22.97877523], [115.28611422, -22.99212544], [115.27668092, -23.00518066], [115.26675824, -23.01792498], [115.25635825, -23.03034288], [115.24549364, -23.04241922], [115.23417764, -23.05413929], [115.10917764, -23.17913929], [115.10111492, -23.18700969], [115.08906773, -23.19809549], [115.07660745, -23.20878765], [115.06374924, -23.21907314], [115.05050878, -23.22893943], [115.03690220, -23.23837450], [115.02294607, -23.24736686], [115.00865740, -23.25590554], [114.99405359, -23.26398015], [114.97915244, -23.27158084], [114.96397210, -23.27869837], [114.94853107, -23.28532405], [114.93284817, -23.29144981], [114.91694249, -23.29706819], [114.90083341, -23.30217235], [114.88454057, -23.30675606], [114.86808381, -23.31081375], [114.85148319, -23.31434046], [114.83475892, -23.31733190], [114.82178924, -23.31922217], [114.82756509, -23.33174336], [114.83367071, -23.34637974], [114.83921751, -23.36120329], [114.84419873, -23.37619594], [114.84860831, -23.39133943], [114.85244086, -23.40661530], [114.85569173, -23.42200495], [114.85835695, -23.43748962], [114.86043327, -23.45305046], [114.86191817, -23.46866849], [114.86280983, -23.48432470], [114.86310717, -23.50000000], [114.86310717, -24.25000000], [114.86259686, -24.27053339], [114.86152108, -24.28617980], [114.85985254, -24.30178213], [114.85759329, -24.31732137], [114.85474608, -24.33277859], [114.85131437, -24.34813495], [114.84730234, -24.36337175], [114.84271488, -24.37847043], [114.83755759, -24.39341259], [114.83183674, -24.40818002], [114.82555930, -24.42275473], [114.81873293, -24.43711896], [114.81136594, -24.45125522], [114.80346730, -24.46514629], [114.79504664, -24.47877523], [114.78611422, -24.49212544], [114.77668092, -24.50518066], [114.76675824, -24.51792498], [114.75635825, -24.53034288], [114.74549364, -24.54241922], [114.73417764, -24.55413929], [114.61310717, -24.67520976], [114.61310717, -24.82479024], [114.73417764, -24.94586071], [114.74891179, -24.96128835], [114.75963370, -24.97347221], [114.76988700, -24.98599297], [114.77965919, -24.99883538], [114.78893836, -25.01198380], [114.79771321, -25.02542221], [114.80597306, -25.03913422], [114.81370782, -25.05310315], [114.82090809, -25.06731196], [114.82756509, -25.08174336], [114.83367071, -25.09637974], [114.83921751, -25.11120329], [114.84419873, -25.12619594], [114.84860831, -25.14133943], [114.85244086, -25.15661530], [114.85569173, -25.17200495], [114.85835695, -25.18748962], [114.86043327, -25.20305046], [114.86191817, -25.21866849], [114.86280983, -25.23432470], [114.86310717, -25.25000000], [114.86310717, -25.32479024], [114.98417764, -25.44586071], [114.99891179, -25.46128835], [115.00963370, -25.47347221], [115.01988700, -25.48599297], [115.02965919, -25.49883538], [115.03893836, -25.51198380], [115.04771321, -25.52542221], [115.05597306, -25.53913422], [115.06370782, -25.55310315], [115.07090809, -25.56731196], [115.07756509, -25.58174336], [115.08367071, -25.59637974], [115.08921751, -25.61120329], [115.09419873, -25.62619594], [115.09860831, -25.64133943], [115.10244086, -25.65661530], [115.10569173, -25.67200495], [115.10835695, -25.68748962], [115.11043327, -25.70305046], [115.11191817, -25.71866849], [115.11280983, -25.73432470], [115.11310717, -25.75000000], [115.11310717, -26.50000000], [115.11259686, -26.52053339], [115.11152108, -26.53617980], [115.10985254, -26.55178213], [115.10759329, -26.56732137], [115.10474608, -26.58277859], [115.10131437, -26.59813495], [115.09730234, -26.61337175], [115.09271488, -26.62847043], [115.08755759, -26.64341259], [115.08183674, -26.65818002], [115.07555930, -26.67275473], [115.06873293, -26.68711896], [115.06136594, -26.70125522], [115.05346730, -26.71514629], [115.04504664, -26.72877523], [115.03611422, -26.74212544], [115.02668092, -26.75518066], [115.01675824, -26.76792498], [115.00635825, -26.78034288], [114.99549364, -26.79241922], [114.98417764, -26.80413929], [114.85917764, -26.92913929], [114.85111492, -26.93700969], [114.83906773, -26.94809549], [114.82660745, -26.95878765], [114.81374924, -26.96907314], [114.80050878, -26.97893943], [114.78690220, -26.98837450], [114.77294607, -26.99736686], [114.75865740, -27.00590554], [114.74405359, -27.01398015], [114.72915244, -27.02158084], [114.71397210, -27.02869837], [114.69853107, -27.03532405], [114.68284817, -27.04144981], [114.66694249, -27.04706819], [114.65083341, -27.05217235], [114.63454057, -27.05675606], [114.61808381, -27.06081375], [114.60148319, -27.06434046], [114.58475892, -27.06733190], [114.56793139, -27.06978444], [114.55102109, -27.07169507], [114.53404864, -27.07306147], [114.51703469, -27.07388197], [114.50000000, -27.07415559]]]}
    },
    {
      "type": "Feature",
      "properties": {"block_id": "ADC_AUSSP_02", "basin_id": "BASIN_AUSSP", "basin_label": "Australia and South Pacific", "domain_count": 4, "grid_cell_count": 172, "outer_area_km2": 3300422.641607, "shelf_width_km": 250.000000, "outer_buffer_km": 430.000000, "shelf_add_area_km2": 0.000000, "shelf_add_cell_count": 0, "shelf_add_component_count": 0, "bay_add_area_km2": 504979.318002, "bay_add_cell_count": 521, "bay_add_core_cell_count": 521, "bay_add_component_count": 2, "open_ocean_area_risk": 0},
      "geometry": {"type": "Polygon", "coordinates": [[[118.25000000, -21.32415559], [118.00000000, -21.32415559], [117.98090997, -21.32378563], [117.96451714, -21.32287614], [117.94816753, -21.32142099], [117.93188108, -21.31942195], [117.91567761, -21.31688144], [117.89957689, -21.31380257], [117.88359851, -21.31018909], [117.86776195, -21.30604539], [117.85208650, -21.30137653], [117.83659126, -21.29618820], [117.82129511, -21.29048672], [117.80621668, -21.28427903], [117.79137435, -21.27757270], [117.77678619, -21.27037589], [117.76246999, -21.26269738], [117.74844318, -21.25454652], [117.73472286, -21.24593324], [117.72132573, -21.23686803], [117.70826813, -21.22736195], [117.69556595, -21.21742656], [117.68323469, -21.20707398], [117.67128935, -21.19631683], [117.65974449, -21.18516819], [117.28474449, -20.81016819], [117.27539775, -20.80054375], [117.26462494, -20.78871165], [117.25429119, -20.77652779], [117.24440910, -20.76400703], [117.23499069, -20.75116462], [117.22604745, -20.73801620], [117.21759028, -20.72457779], [117.20962946, -20.71086578], [117.20217472, -20.69689685], [117.19523512, -20.68268804], [117.18881912, -20.66825664], [117.18293455, -20.65362026], [117.17758856, -20.63879671], [117.17278767, -20.62380406], [117.16853774, -20.60866057], [117.16484393, -20.59338470], [117.16171076, -20.57799505], [117.15914202, -20.56251038], [117.15714087, -20.54694954], [117.15570973, -20.53133151], [117.15485035, -20.51567530], [117.15456377, -20.50000000], [117.15456377, -20.25000000], [117.15476462, -20.23687637], [117.15553079, -20.22121575], [117.15686893, -20.20559021], [117.15877741, -20.19001876], [117.16125392, -20.17452040], [117.16429542, -20.15911400], [117.16789823, -20.14381833], [117.17205794, -20.12865202], [117.17676950, -20.11363356], [117.18202715, -20.09878124], [117.18782450, -20.08411315], [117.19415448, -20.06964718], [117.20100937, -20.05540093], [117.20838084, -20.04139177], [117.21625989, -20.02763678], [117.22463693, -20.01415269], [117.23350175, -20.00095595], [117.24284355, -19.98806264], [117.25265094, -19.97548845], [117.26291199, -19.96324871], [117.27361419, -19.95135834], [117.28474449, -19.93983181], [117.40974449, -19.81483181], [117.42320754, -19.80190451], [117.43521672, -19.79121235], [117.44760942, -19.78092686], [117.46037054, -19.77106057], [117.47348452, -19.76162550], [117.48693540, -19.75263314], [117.50070678, -19.74409446], [117.51478189, -19.73601985], [117.52914357, -19.72841916], [117.54377433, -19.72130163], [117.55865635, -19.71467595], [117.57377149, -19.70855019], [117.58910133, -19.70293181], [117.60462721, -19.69782765], [117.62033020, -19.69324394], [117.63619118, -19.68918625], [117.65219081, -19.68565954], [117.66830961, -19.68266810], [117.68452793, -19.68021556], [117.70082602, -19.67830493], [117.71718403, -19.67693853], [117.73358201, -19.67611803], [117.75000000, -19.67584441], [118.29873189, -19.67584441], [118.65974449, -19.31483181], [118.67320754, -19.30190451], [118.68521672, -19.29121235], [118.69760942, -19.28092686], [118.71037054, -19.27106057], [118.72348452, -19.26162550], [118.73693540, -19.25263314], [118.75070678, -19.24409446], [118.76478189, -19.23601985], [118.77914357, -19.22841916], [118.79377433, -19.22130163], [118.80865635, -19.21467595], [118.82377149, -19.20855019], [118.83910133, -19.20293181], [118.85462721, -19.19782765], [118.87033020, -19.19324394], [118.88619118, -19.18918625], [118.90219081, -19.18565954], [118.91830961, -19.18266810], [118.93452793, -19.18021556], [118.95082602, -19.17830493], [118.96718403, -19.17693853], [118.98358201, -19.17611803], [119.00000000, -19.17584441], [120.04873189, -19.17584441], [120.15974449, -19.06483181], [120.17320754, -19.05190451], [120.18521672, -19.04121235], [120.19760942, -19.03092686], [120.21037054, -19.02106057], [120.22348452, -19.01162550], [120.23693540, -19.00263314], [120.25070678, -18.99409446], [120.26478189, -18.98601985], [120.27914357, -18.97841916], [120.29377433, -18.97130163], [120.30865635, -18.96467595], [120.32377149, -18.95855019], [120.33910133, -18.95293181], [120.35462721, -18.94782765], [120.37033020, -18.94324394], [120.38619118, -18.93918625], [120.40219081, -18.93565954], [120.41830961, -18.93266810], [120.43452793, -18.93021556], [120.45082602, -18.92830493], [120.46718403, -18.92693853], [120.48358201, -18.92611803], [120.50000000, -18.92584441], [120.54873189, -18.92584441], [120.90456377, -18.57001253], [120.90456377, -18.50000000], [120.90476462, -18.48687637], [120.90553079, -18.47121575], [120.90686893, -18.45559021], [120.90877741, -18.44001876], [120.91125392, -18.42452040], [120.91429542, -18.40911400], [120.91789823, -18.39381833], [120.92205794, -18.37865202], [120.92676950, -18.36363356], [120.93202715, -18.34878124], [120.93782450, -18.33411315], [120.94415448, -18.31964717], [120.95100937, -18.30540093], [120.95838084, -18.29139177], [120.96625989, -18.27763678], [120.97463693, -18.26415269], [120.98350175, -18.25095595], [120.99284355, -18.23806264], [121.00265094, -18.22548845], [121.01291199, -18.21324871], [121.02361419, -18.20135834], [121.03474449, -18.18983181], [121.40456377, -17.82001253], [121.40456377, -17.25000000], [121.40476462, -17.23687637], [121.40553079, -17.22121575], [121.40686893, -17.20559021], [121.40877741, -17.19001876], [121.41125392, -17.17452040], [121.41429542, -17.15911400], [121.41789823, -17.14381833], [121.42205794, -17.12865202], [121.42676950, -17.11363356], [121.43202715, -17.09878124], [121.43782450, -17.08411315], [121.44415448, -17.06964717], [121.45100937, -17.05540093], [121.45838084, -17.04139177], [121.46625989, -17.02763678], [121.47463693, -17.01415269], [121.48350175, -17.00095595], [121.49284355, -16.98806264], [121.50265094, -16.97548845], [121.51291199, -16.96324871], [121.52361419, -16.95135833], [121.53474449, -16.93983181], [121.65456377, -16.82001253], [121.65456377, -16.75000000], [121.65476462, -16.73687637], [121.65553079, -16.72121575], [121.65686893, -16.70559021], [121.65877741, -16.69001876], [121.66125392, -16.67452040], [121.66429542, -16.65911400], [121.66789823, -16.64381833], [121.67205794, -16.62865202], [121.67676950, -16.61363356], [121.68202715, -16.59878124], [121.68782450, -16.58411315], [121.69415448, -16.56964717], [121.70100937, -16.55540093], [121.70838084, -16.54139177], [121.71625989, -16.52763678], [121.72463693, -16.51415269], [121.73350175, -16.50095595], [121.74284355, -16.48806264], [121.75265094, -16.47548845], [121.76291199, -16.46324871], [121.77361419, -16.45135834], [121.78474449, -16.43983181], [122.40974449, -15.81483181], [122.42320754, -15.80190451], [122.43521672, -15.79121235], [122.44760942, -15.78092686], [122.46037054, -15.77106057], [122.47348452, -15.76162550], [122.48693540, -15.75263314], [122.50070678, -15.74409446], [122.51478189, -15.73601985], [122.52914357, -15.72841916], [122.54377433, -15.72130163], [122.55865635, -15.71467595], [122.57377149, -15.70855019], [122.58910133, -15.70293181], [122.60462721, -15.69782765], [122.62033020, -15.69324394], [122.63619118, -15.68918625], [122.65219081, -15.68565954], [122.66830961, -15.68266810], [122.68452793, -15.68021556], [122.70082602, -15.67830493], [122.71718403, -15.67693853], [122.73358201, -15.67611803], [122.75000000, -15.67584441], [122.79873189, -15.67584441], [122.90974449, -15.56483181], [122.92320754, -15.55190451], [122.93521672, -15.54121235], [122.94760942, -15.53092686], [122.96037054, -15.52106057], [122.97348452, -15.51162550], [122.98693540, -15.50263314], [123.00070678, -15.49409446], [123.01478189, -15.48601985], [123.02914357, -15.47841916], [123.04377433, -15.47130163], [123.05865635, -15.46467595], [123.07377149, -15.45855019], [123.08910133, -15.45293181], [123.10462721, -15.44782765], [123.12033020, -15.44324394], [123.13619118, -15.43918625], [123.15219081, -15.43565954], [123.16830961, -15.43266810], [123.18452793, -15.43021556], [123.20082602, -15.42830493], [123.21718403, -15.42693853], [123.23358201, -15.42611803], [123.25000000, -15.42584441], [123.40456377, -15.42584441], [123.40456377, -15.25000000], [123.40476462, -15.23687637], [123.40553079, -15.22121575], [123.40686893, -15.20559021], [123.40877741, -15.19001876], [123.41125391, -15.17452040], [123.41429542, -15.15911400], [123.41789823, -15.14381833], [123.42205794, -15.12865202], [123.42676950, -15.11363356], [123.43202715, -15.09878124], [123.43782450, -15.08411315], [123.44415448, -15.06964717], [123.45100937, -15.05540093], [123.45838084, -15.04139177], [123.46625989, -15.02763678], [123.47463693, -15.01415269], [123.48350175, -15.00095595], [123.49284355, -14.98806264], [123.50265094, -14.97548845], [123.51291199, -14.96324871], [123.52361419, -14.95135834], [123.53474449, -14.93983181], [123.65974449, -14.81483181], [123.67320754, -14.80190451], [123.68521672, -14.79121235], [123.69760942, -14.78092686], [123.71037054, -14.77106057], [123.72348452, -14.76162550], [123.73693540, -14.75263314], [123.75070678, -14.74409446], [123.76478189, -14.73601985], [123.77914357, -14.72841916], [123.79377433, -14.72130163], [123.80865635, -14.71467595], [123.82377149, -14.70855019], [123.83910133, -14.70293181], [123.85462721, -14.69782765], [123.87033020, -14.69324394], [123.88619118, -14.68918625], [123.90219081, -14.68565954], [123.90969656, -14.68426657], [123.91125391, -14.67452040], [123.91429542, -14.65911400], [123.91789823, -14.64381833], [123.92205794, -14.62865202], [123.92676950, -14.61363356], [123.93202715, -14.59878124], [123.93782450, -14.58411315], [123.94415448, -14.56964717], [123.95100937, -14.55540093], [123.95838084, -14.54139177], [123.96625989, -14.52763678], [123.97463693, -14.51415269], [123.98350175, -14.50095595], [123.99284355, -14.48806264], [124.00265094, -14.47548845], [124.01291199, -14.46324871], [124.02361419, -14.45135834], [124.03474449, -14.43983181], [124.15974449, -14.31483181], [124.17320754, -14.30190451], [124.18521672, -14.29121235], [124.19760942, -14.28092686], [124.21037054, -14.27106057], [124.22348452, -14.26162550], [124.23693540, -14.25263314], [124.25070678, -14.24409446], [124.26478189, -14.23601985], [124.27914357, -14.22841916], [124.29377433, -14.22130163], [124.30865635, -14.21467595], [124.32377149, -14.20855019], [124.33910133, -14.20293181], [124.35462721, -14.19782765], [124.37033020, -14.19324394], [124.38619118, -14.18918625], [124.40219081, -14.18565954], [124.40969656, -14.18426657], [124.41125391, -14.17452040], [124.41429542, -14.15911400], [124.41789823, -14.14381833], [124.42205794, -14.12865202], [124.42676950, -14.11363356], [124.43202715, -14.09878124], [124.43782450, -14.08411315], [124.44415448, -14.06964718], [124.45100937, -14.05540093], [124.45838084, -14.04139178], [124.46625989, -14.02763678], [124.47463693, -14.01415269], [124.48350175, -14.00095595], [124.49284355, -13.98806264], [124.50265094, -13.97548845], [124.51291199, -13.96324871], [124.52361419, -13.95135834], [124.53474449, -13.93983181], [124.65974449, -13.81483181], [124.67320754, -13.80190451], [124.68521672, -13.79121235], [124.69760942, -13.78092686], [124.71037054, -13.77106057], [124.72348452, -13.76162550], [124.73693540, -13.75263314], [124.75070678, -13.74409446], [124.76478189, -13.73601985], [124.77914357, -13.72841916], [124.79377433, -13.72130163], [124.80865635, -13.71467595], [124.82377149, -13.70855019], [124.83910133, -13.70293181], [124.85462721, -13.69782765], [124.87033020, -13.69324394], [124.88619118, -13.68918625], [124.90219081, -13.68565954], [124.91830961, -13.68266810], [124.93452793, -13.68021556], [124.95082602, -13.67830493], [124.96718403, -13.67693853], [124.98358201, -13.67611803], [125.00000000, -13.67584441], [125.04873189, -13.67584441], [125.40974449, -13.31483181], [125.42320754, -13.30190451], [125.43521672, -13.29121235], [125.44760942, -13.28092686], [125.46037054, -13.27106057], [125.47348452, -13.26162550], [125.48693540, -13.25263314], [125.50070678, -13.24409446], [125.51478189, -13.23601985], [125.52914357, -13.22841916], [125.54377433, -13.22130163], [125.55865635, -13.21467595], [125.57377149, -13.20855019], [125.58910133, -13.20293181], [125.60462721, -13.19782765], [125.62033020, -13.19324394], [125.63619118, -13.18918625], [125.65219081, -13.18565954], [125.66830961, -13.18266810], [125.68452793, -13.18021556], [125.70082602, -13.17830493], [125.71718403, -13.17693853], [125.73358201, -13.17611803], [125.75000000, -13.17584441], [126.29873189, -13.17584441], [126.40974449, -13.06483181], [126.42320754, -13.05190451], [126.43521672, -13.04121235], [126.44760942, -13.03092686], [126.46037054, -13.02106057], [126.47348452, -13.01162550], [126.48693540, -13.00263314], [126.50070678, -12.99409446], [126.51478189, -12.98601985], [126.52914357, -12.97841916], [126.54377433, -12.97130163], [126.55865635, -12.96467595], [126.57377149, -12.95855019], [126.58910133, -12.95293181], [126.60462721, -12.94782765], [126.62033020, -12.94324394], [126.63619118, -12.93918625], [126.65219081, -12.93565954], [126.66830961, -12.93266810], [126.68452793, -12.93021556], [126.70082602, -12.92830493], [126.71718403, -12.92693853], [126.73358201, -12.92611803], [126.75000000, -12.92584441], [127.00000000, -12.92584441], [127.01909003, -12.92621437], [127.03548286, -12.92712386], [127.05183247, -12.92857901], [127.06811892, -12.93057805], [127.08432239, -12.93311856], [127.10042311, -12.93619743], [127.11640149, -12.93981091], [127.13223805, -12.94395461], [127.14791350, -12.94862347], [127.16340874, -12.95381180], [127.17870489, -12.95951328], [127.19378332, -12.96572097], [127.20862565, -12.97242730], [127.22321381, -12.97962411], [127.23753001, -12.98730262], [127.25155682, -12.99545348], [127.26527714, -13.00406676], [127.27867427, -13.01313197], [127.29173187, -13.02263805], [127.30443405, -13.03257344], [127.31676531, -13.04292602], [127.32871065, -13.05368317], [127.34025551, -13.06483181], [127.45126811, -13.17584441], [127.50000000, -13.17584441], [127.51909003, -13.17621437], [127.53548286, -13.17712386], [127.55183247, -13.17857901], [127.56811892, -13.18057805], [127.58432239, -13.18311856], [127.60042311, -13.18619743], [127.61640149, -13.18981091], [127.63223805, -13.19395461], [127.64791350, -13.19862347], [127.66340874, -13.20381180], [127.67870489, -13.20951328], [127.69378332, -13.21572097], [127.70862565, -13.22242730], [127.72321381, -13.22962411], [127.73753001, -13.23730262], [127.75155682, -13.24545348], [127.76527714, -13.25406676], [127.77867427, -13.26313197], [127.79173187, -13.27263805], [127.80443405, -13.28257344], [127.81676531, -13.29292602], [127.82871065, -13.30368317], [127.84025551, -13.31483181], [127.96525551, -13.43983181], [127.97460225, -13.44945625], [127.98537506, -13.46128835], [127.99570881, -13.47347221], [128.00559090, -13.48599297], [128.01500931, -13.49883538], [128.02137327, -13.50819172], [128.02867427, -13.51313197], [128.04173187, -13.52263805], [128.05443405, -13.53257344], [128.06676531, -13.54292602], [128.07871065, -13.55368317], [128.09025551, -13.56483181], [128.45126811, -13.92584441], [128.50000000, -13.92584441], [128.51909003, -13.92621437], [128.53548286, -13.92712386], [128.55183247, -13.92857901], [128.56811892, -13.93057805], [128.58432239, -13.93311856], [128.60042311, -13.93619743], [128.61640149, -13.93981091], [128.63223805, -13.94395461], [128.64791350, -13.94862347], [128.66340874, -13.95381180], [128.67870489, -13.95951328], [128.69378332, -13.96572097], [128.70862565, -13.97242730], [128.72321381, -13.97962411], [128.73753001, -13.98730262], [128.75155682, -13.99545348], [128.76527714, -14.00406676], [128.77867427, -14.01313197], [128.79173187, -14.02263805], [128.80443405, -14.03257344], [128.81676531, -14.04292602], [128.82871065, -14.05368317], [128.84025551, -14.06483181], [128.95126811, -14.17584441], [129.25000000, -14.17584441], [129.26909003, -14.17621437], [129.28548286, -14.17712386], [129.30183247, -14.17857901], [129.31811892, -14.18057805], [129.33432239, -14.18311856], [129.35042311, -14.18619743], [129.36640149, -14.18981091], [129.38223805, -14.19395461], [129.39791350, -14.19862347], [129.41340874, -14.20381180], [129.42870489, -14.20951328], [129.44378332, -14.21572097], [129.45862565, -14.22242730], [129.47321381, -14.22962411], [129.48753001, -14.23730262], [129.50155682, -14.24545348], [129.51527714, -14.25406676], [129.52867427, -14.26313197], [129.54173187, -14.27263805], [129.55443405, -14.28257344], [129.56676531, -14.29292602], [129.57871065, -14.30368317], [129.59025551, -14.31483181], [129.71525551, -14.43983181], [129.72460225, -14.44945625], [129.73537506, -14.46128835], [129.74570881, -14.47347221], [129.75559090, -14.48599297], [129.76500931, -14.49883538], [129.77395255, -14.51198380], [129.78240972, -14.52542221], [129.79037054, -14.53913422], [129.79782528, -14.55310315], [129.80476488, -14.56731196], [129.81118088, -14.58174336], [129.81706545, -14.59637974], [129.82241144, -14.61120329], [129.82721233, -14.62619594], [129.83146226, -14.64133943], [129.83515607, -14.65661530], [129.83828924, -14.67200495], [129.84085798, -14.68748962], [129.84285913, -14.70305046], [129.84429027, -14.71866849], [129.84514965, -14.73432470], [129.84543623, -14.75000000], [129.84543623, -15.25000000], [129.84523538, -15.26312363], [129.84446921, -15.27878425], [129.84313107, -15.29440979], [129.84122259, -15.30998124], [129.83874608, -15.32547960], [129.83570458, -15.34088600], [129.83210177, -15.35618167], [129.82794206, -15.37134798], [129.82323050, -15.38636644], [129.81797285, -15.40121876], [129.81217550, -15.41588685], [129.80584552, -15.43035283], [129.79899063, -15.44459907], [129.79161916, -15.45860823], [129.78374011, -15.47236322], [129.77536307, -15.48584731], [129.76649825, -15.49904405], [129.75715645, -15.51193736], [129.74734906, -15.52451155], [129.73708801, -15.53675129], [129.72638581, -15.54864166], [129.71525551, -15.56016819], [129.59025551, -15.68516819], [129.57679246, -15.69809549], [129.56478328, -15.70878765], [129.55239058, -15.71907314], [129.53962946, -15.72893943], [129.52651548, -15.73837450], [129.51306460, -15.74736686], [129.49929322, -15.75590554], [129.48521811, -15.76398015], [129.47085643, -15.77158084], [129.45622567, -15.77869837], [129.44134365, -15.78532405], [129.42622851, -15.79144981], [129.41089867, -15.79706819], [129.39537279, -15.80217235], [129.37966980, -15.80675606], [129.36380882, -15.81081375], [129.34780919, -15.81434046], [129.34030344, -15.81573343], [129.33874608, -15.82547960], [129.33570458, -15.84088600], [129.33210177, -15.85618167], [129.32794206, -15.87134798], [129.32323050, -15.88636644], [129.31797285, -15.90121876], [129.31217550, -15.91588685], [129.30584552, -15.93035283], [129.29899063, -15.94459907], [129.29161916, -15.95860823], [129.28374011, -15.97236322], [129.27536307, -15.98584731], [129.26649825, -15.99904405], [129.25715645, -16.01193736], [129.24734906, -16.02451155], [129.23708801, -16.03675129], [129.22638581, -16.04864166], [129.21525551, -16.06016819], [129.09025551, -16.18516819], [129.07679246, -16.19809549], [129.06478328, -16.20878765], [129.05239058, -16.21907314], [129.03962946, -16.22893943], [129.02651548, -16.23837450], [129.01306460, -16.24736686], [128.99929322, -16.25590554], [128.98521811, -16.26398015], [128.97085643, -16.27158084], [128.95622567, -16.27869837], [128.94134365, -16.28532405], [128.92622851, -16.29144981], [128.91089867, -16.29706819], [128.89537279, -16.30217235], [128.87966980, -16.30675606], [128.86380882, -16.31081375], [128.84780919, -16.31434046], [128.83169039, -16.31733190], [128.81547207, -16.31978444], [128.79917398, -16.32169507], [128.78281597, -16.32306147], [128.76641799, -16.32388197], [128.75000000, -16.32415559], [128.45126811, -16.32415559], [128.34025551, -16.43516819], [128.32679246, -16.44809549], [128.31478328, -16.45878765], [128.30239058, -16.46907314], [128.28962946, -16.47893943], [128.27651548, -16.48837450], [128.26306460, -16.49736686], [128.24929322, -16.50590554], [128.23521811, -16.51398015], [128.22085643, -16.52158084], [128.20622567, -16.52869837], [128.19134365, -16.53532405], [128.17622851, -16.54144981], [128.16089867, -16.54706819], [128.14537279, -16.55217235], [128.12966980, -16.55675606], [128.11380882, -16.56081375], [128.09780919, -16.56434046], [128.08169039, -16.56733190], [128.06547207, -16.56978444], [128.04917398, -16.57169507], [128.03281597, -16.57306147], [128.01641799, -16.57388197], [128.00000000, -16.57415559], [127.75000000, -16.57415559], [127.73090997, -16.57378563], [127.71451714, -16.57287614], [127.69816753, -16.57142099], [127.68188108, -16.56942195], [127.66567761, -16.56688144], [127.64957689, -16.56380257], [127.63359851, -16.56018909], [127.61776195, -16.55604539], [127.60208650, -16.55137653], [127.58659126, -16.54618820], [127.57129511, -16.54048672], [127.55621668, -16.53427903], [127.54137435, -16.52757270], [127.52678619, -16.52037589], [127.51246999, -16.51269738], [127.49844318, -16.50454652], [127.48472286, -16.49593324], [127.47132573, -16.48686803], [127.45826813, -16.47736195], [127.44556595, -16.46742656], [127.43323469, -16.45707398], [127.42128935, -16.44631683], [127.40974449, -16.43516819], [127.03474449, -16.06016819], [127.02539775, -16.05054375], [127.01462494, -16.03871165], [127.00429119, -16.02652779], [126.99440910, -16.01400703], [126.98499069, -16.00116462], [126.97604745, -15.98801620], [126.96759028, -15.97457779], [126.95962946, -15.96086578], [126.95217472, -15.94689685], [126.94523512, -15.93268804], [126.93881912, -15.91825664], [126.93293455, -15.90362026], [126.92758856, -15.88879671], [126.92278767, -15.87380406], [126.91853774, -15.85866057], [126.91484393, -15.84338470], [126.91171075, -15.82799505], [126.90914202, -15.81251038], [126.90714087, -15.79694954], [126.90570973, -15.78133151], [126.90485035, -15.76567530], [126.90456377, -15.75000000], [126.90456377, -15.50000000], [126.90476462, -15.48687637], [126.90553079, -15.47121575], [126.90686893, -15.45559021], [126.90877741, -15.44001876], [126.91125391, -15.42452040], [126.91429542, -15.40911400], [126.91789823, -15.39381833], [126.92205794, -15.37865202], [126.92676950, -15.36363356], [126.93202715, -15.34878124], [126.93782450, -15.33411315], [126.94415448, -15.31964717], [126.95100937, -15.30540093], [126.95838084, -15.29139177], [126.96625989, -15.27763678], [126.97463693, -15.26415269], [126.98350175, -15.25095595], [126.99284355, -15.23806264], [127.00265094, -15.22548845], [127.01291199, -15.21324871], [127.02361419, -15.20135834], [127.03474449, -15.18983181], [127.09957630, -15.12500000], [127.03474449, -15.06016819], [127.02539775, -15.05054375], [127.01462494, -15.03871165], [127.00429119, -15.02652779], [126.99440910, -15.01400703], [126.99167345, -15.01027685], [126.98521811, -15.01398015], [126.97085643, -15.02158084], [126.95622567, -15.02869837], [126.94134365, -15.03532405], [126.92622851, -15.04144981], [126.91089867, -15.04706819], [126.89537279, -15.05217235], [126.87966980, -15.05675606], [126.86380882, -15.06081375], [126.84780919, -15.06434046], [126.83169039, -15.06733190], [126.81547207, -15.06978444], [126.79917398, -15.07169507], [126.78281597, -15.07306147], [126.76641799, -15.07388197], [126.75000000, -15.07415559], [126.70126811, -15.07415559], [126.59025551, -15.18516819], [126.57679246, -15.19809549], [126.56478328, -15.20878765], [126.55239058, -15.21907314], [126.53962946, -15.22893943], [126.52651548, -15.23837450], [126.51306460, -15.24736686], [126.49929322, -15.25590554], [126.48521811, -15.26398015], [126.47085643, -15.27158084], [126.45622567, -15.27869837], [126.44134365, -15.28532405], [126.42622851, -15.29144981], [126.41089867, -15.29706819], [126.39537279, -15.30217235], [126.37966980, -15.30675606], [126.36380882, -15.31081375], [126.34780919, -15.31434046], [126.34543623, -15.31478085], [126.34543623, -15.50000000], [126.34523538, -15.51312363], [126.34446921, -15.52878425], [126.34313107, -15.54440979], [126.34122259, -15.55998124], [126.33874608, -15.57547960], [126.33570458, -15.59088600], [126.33210177, -15.60618167], [126.32794206, -15.62134798], [126.32323050, -15.63636644], [126.31797285, -15.65121876], [126.31217550, -15.66588685], [126.30584552, -15.68035283], [126.29899063, -15.69459907], [126.29161916, -15.70860823], [126.28374011, -15.72236322], [126.27536307, -15.73584731], [126.26649825, -15.74904405], [126.25715645, -15.76193736], [126.24734906, -15.77451155], [126.23708801, -15.78675129], [126.22638581, -15.79864166], [126.21525551, -15.81016819], [125.84025551, -16.18516819], [125.82679246, -16.19809549], [125.81478328, -16.20878765], [125.80239058, -16.21907314], [125.78962946, -16.22893943], [125.77651548, -16.23837450], [125.76306460, -16.24736686], [125.74929322, -16.25590554], [125.73521811, -16.26398015], [125.72085643, -16.27158084], [125.70622567, -16.27869837], [125.69134365, -16.28532405], [125.67622851, -16.29144981], [125.66089867, -16.29706819], [125.64537279, -16.30217235], [125.62966980, -16.30675606], [125.61380882, -16.31081375], [125.59780919, -16.31434046], [125.59543623, -16.31478085], [125.59543623, -16.75000000], [125.59523538, -16.76312363], [125.59446921, -16.77878425], [125.59313107, -16.79440979], [125.59122259, -16.80998124], [125.58874608, -16.82547960], [125.58570458, -16.84088600], [125.58210177, -16.85618167], [125.57794206, -16.87134798], [125.57323050, -16.88636644], [125.56797285, -16.90121876], [125.56217550, -16.91588685], [125.55584552, -16.93035283], [125.54899063, -16.94459907], [125.54161916, -16.95860823], [125.53374011, -16.97236322], [125.52536307, -16.98584731], [125.51649825, -16.99904405], [125.50715645, -17.01193736], [125.49734906, -17.02451155], [125.48708801, -17.03675129], [125.47638581, -17.04864166], [125.46525551, -17.06016819], [125.34025551, -17.18516819], [125.32679246, -17.19809549], [125.31478328, -17.20878765], [125.30239058, -17.21907314], [125.28962946, -17.22893943], [125.27651548, -17.23837450], [125.26306460, -17.24736686], [125.24929322, -17.25590554], [125.23521811, -17.26398015], [125.22085643, -17.27158084], [125.20622567, -17.27869837], [125.19134365, -17.28532405], [125.17622851, -17.29144981], [125.16089867, -17.29706819], [125.14537279, -17.30217235], [125.12966980, -17.30675606], [125.11380882, -17.31081375], [125.09780919, -17.31434046], [125.08169039, -17.31733190], [125.06547207, -17.31978444], [125.04917398, -17.32169507], [125.03281597, -17.32306147], [125.01641799, -17.32388197], [125.00000000, -17.32415559], [124.84543623, -17.32415559], [124.84543623, -17.50000000], [124.84523538, -17.51312363], [124.84446921, -17.52878425], [124.84313107, -17.54440979], [124.84122259, -17.55998124], [124.83874608, -17.57547960], [124.83570458, -17.59088600], [124.83210177, -17.60618167], [124.82794206, -17.62134798], [124.82323050, -17.63636644], [124.81797285, -17.65121876], [124.81217550, -17.66588685], [124.80584552, -17.68035283], [124.79899063, -17.69459907], [124.79161916, -17.70860823], [124.78374011, -17.72236322], [124.77536307, -17.73584731], [124.76649825, -17.74904405], [124.75715645, -17.76193736], [124.74734906, -17.77451155], [124.73708801, -17.78675129], [124.72638581, -17.79864166], [124.71525551, -17.81016819], [124.59025551, -17.93516819], [124.57679246, -17.94809549], [124.56478328, -17.95878765], [124.55239058, -17.96907314], [124.53962946, -17.97893943], [124.52651548, -17.98837450], [124.51306460, -17.99736686], [124.49929322, -18.00590554], [124.48521811, -18.01398015], [124.47085643, -18.02158084], [124.45622567, -18.02869837], [124.44134365, -18.03532405], [124.42622851, -18.04144981], [124.41089867, -18.04706819], [124.39537279, -18.05217235], [124.37966980, -18.05675606], [124.36380882, -18.06081375], [124.34780919, -18.06434046], [124.34030344, -18.06573343], [124.33874608, -18.07547960], [124.33570458, -18.09088600], [124.33210177, -18.10618167], [124.32794206, -18.12134798], [124.32323050, -18.13636644], [124.31797285, -18.15121876], [124.31217550, -18.16588685], [124.30584552, -18.18035283], [124.29899063, -18.19459907], [124.29161916, -18.20860823], [124.28374011, -18.22236322], [124.27536307, -18.23584731], [124.26649825, -18.24904405], [124.25715645, -18.26193736], [124.24734906, -18.27451155], [124.23708801, -18.28675129], [124.22638581, -18.29864166], [124.21525551, -18.31016819], [124.09025551, -18.43516819], [124.07679246, -18.44809549], [124.06478328, -18.45878765], [124.05239058, -18.46907314], [124.03962946, -18.47893943], [124.02651548, -18.48837450], [124.01306460, -18.49736686], [123.99929322, -18.50590554], [123.98521811, -18.51398015], [123.97085643, -18.52158084], [123.95622567, -18.52869837], [123.94134365, -18.53532405], [123.92622851, -18.54144981], [123.91089867, -18.54706819], [123.89537279, -18.55217235], [123.87966980, -18.55675606], [123.86380882, -18.56081375], [123.84780919, -18.56434046], [123.83169039, -18.56733190], [123.81547207, -18.56978444], [123.79917398, -18.57169507], [123.78281597, -18.57306147], [123.76641799, -18.57388197], [123.75000000, -18.57415559], [123.50000000, -18.57415559], [123.48090997, -18.57378563], [123.46451714, -18.57287614], [123.44816753, -18.57142099], [123.43188108, -18.56942195], [123.41567761, -18.56688144], [123.39957689, -18.56380257], [123.38359851, -18.56018909], [123.36776195, -18.55604539], [123.35208650, -18.55137653], [123.33659126, -18.54618820], [123.32129511, -18.54048672], [123.30621668, -18.53427903], [123.29137435, -18.52757270], [123.27678619, -18.52037589], [123.26246999, -18.51269738], [123.25834326, -18.51029937], [123.25715645, -18.51193736], [123.24734906, -18.52451155], [123.23708801, -18.53675129], [123.22638581, -18.54864166], [123.21525551, -18.56016819], [122.84025551, -18.93516819], [122.82679246, -18.94809549], [122.81478328, -18.95878765], [122.80239058, -18.96907314], [122.78962946, -18.97893943], [122.77651548, -18.98837450], [122.76306460, -18.99736686], [122.74929322, -19.00590554], [122.73521811, -19.01398015], [122.72085643, -19.02158084], [122.70622567, -19.02869837], [122.69134365, -19.03532405], [122.67622851, -19.04144981], [122.66089867, -19.04706819], [122.64537279, -19.05217235], [122.62966980, -19.05675606], [122.61380882, -19.06081375], [122.59780919, -19.06434046], [122.59030344, -19.06573343], [122.58874609, -19.07547960], [122.58570458, -19.09088600], [122.58210177, -19.10618167], [122.57794206, -19.12134798], [122.57323050, -19.13636644], [122.56797285, -19.15121876], [122.56217550, -19.16588685], [122.55584552, -19.18035282], [122.54899063, -19.19459907], [122.54161916, -19.20860823], [122.53374011, -19.22236322], [122.52536307, -19.23584731], [122.51649825, -19.24904405], [122.50715645, -19.26193736], [122.49734906, -19.27451155], [122.48708801, -19.28675129], [122.47638581, -19.29864166], [122.46525551, -19.31016819], [122.34543623, -19.42998747], [122.34543623, -19.50000000], [122.34523538, -19.51312363], [122.34446921, -19.52878425], [122.34313107, -19.54440979], [122.34122259, -19.55998124], [122.33874608, -19.57547960], [122.33570458, -19.59088600], [122.33210177, -19.60618167], [122.32794206, -19.62134798], [122.32323050, -19.63636644], [122.31797285, -19.65121876], [122.31217550, -19.66588685], [122.30584552, -19.68035283], [122.29899063, -19.69459907], [122.29161916, -19.70860823], [122.28374011, -19.72236322], [122.27536307, -19.73584731], [122.26649825, -19.74904405], [122.25715645, -19.76193736], [122.24734906, -19.77451155], [122.23708801, -19.78675129], [122.22638581, -19.79864166], [122.21525551, -19.81016819], [122.09543623, -19.92998747], [122.09543623, -20.00000000], [122.09523538, -20.01312363], [122.09446921, -20.02878425], [122.09313107, -20.04440979], [122.09122259, -20.05998124], [122.08874608, -20.07547960], [122.08570458, -20.09088600], [122.08210177, -20.10618167], [122.07794206, -20.12134798], [122.07323050, -20.13636644], [122.06797285, -20.15121876], [122.06217550, -20.16588685], [122.05584552, -20.18035282], [122.04899063, -20.19459907], [122.04161916, -20.20860823], [122.03374011, -20.22236322], [122.02536307, -20.23584731], [122.01649825, -20.24904405], [122.00715645, -20.26193736], [121.99734906, -20.27451155], [121.98708801, -20.28675129], [121.97638581, -20.29864166], [121.96525551, -20.31016819], [121.84025551, -20.43516819], [121.82679246, -20.44809549], [121.81478328, -20.45878765], [121.80239058, -20.46907314], [121.78962946, -20.47893943], [121.77651548, -20.48837450], [121.76306460, -20.49736686], [121.74929322, -20.50590554], [121.73521811, -20.51398015], [121.72085643, -20.52158084], [121.70622567, -20.52869837], [121.69134365, -20.53532405], [121.67622851, -20.54144981], [121.66089867, -20.54706819], [121.64537279, -20.55217235], [121.62966980, -20.55675606], [121.61380882, -20.56081375], [121.59780919, -20.56434046], [121.58169039, -20.56733190], [121.56547207, -20.56978444], [121.54917398, -20.57169507], [121.53281597, -20.57306147], [121.51641799, -20.57388197], [121.50000000, -20.57415559], [120.70126811, -20.57415559], [120.59025551, -20.68516819], [120.57679246, -20.69809549], [120.56478328, -20.70878765], [120.55239058, -20.71907314], [120.53962946, -20.72893943], [120.52651548, -20.73837450], [120.51306460, -20.74736686], [120.49929322, -20.75590554], [120.48521811, -20.76398015], [120.47085643, -20.77158084], [120.45622567, -20.77869837], [120.44134365, -20.78532405], [120.42622851, -20.79144981], [120.41089867, -20.79706819], [120.39537279, -20.80217235], [120.37966980, -20.80675606], [120.36380882, -20.81081375], [120.34780919, -20.81434046], [120.33169039, -20.81733190], [120.31547207, -20.81978444], [120.29917398, -20.82169507], [120.28281597, -20.82306147], [120.26641799, -20.82388197], [120.25000000, -20.82415559], [119.70126811, -20.82415559], [119.59025551, -20.93516819], [119.57679246, -20.94809549], [119.56478328, -20.95878765], [119.55239058, -20.96907314], [119.53962946, -20.97893943], [119.52651548, -20.98837450], [119.51306460, -20.99736686], [119.49929322, -21.00590554], [119.48521811, -21.01398015], [119.47085643, -21.02158084], [119.45622567, -21.02869837], [119.44134365, -21.03532405], [119.42622851, -21.04144981], [119.41089867, -21.04706819], [119.39537279, -21.05217235], [119.37966980, -21.05675606], [119.36380882, -21.06081375], [119.34780919, -21.06434046], [119.33169039, -21.06733190], [119.31547207, -21.06978444], [119.29917398, -21.07169507], [119.28281597, -21.07306147], [119.26641799, -21.07388197], [119.25000000, -21.07415559], [118.70126811, -21.07415559], [118.59025551, -21.18516819], [118.57679246, -21.19809549], [118.56478328, -21.20878765], [118.55239058, -21.21907314], [118.53962946, -21.22893943], [118.52651548, -21.23837450], [118.51306460, -21.24736686], [118.49929322, -21.25590554], [118.48521811, -21.26398015], [118.47085643, -21.27158084], [118.45622567, -21.27869837], [118.44134365, -21.28532405], [118.42622851, -21.29144981], [118.41089867, -21.29706819], [118.39537279, -21.30217235], [118.37966980, -21.30675606], [118.36380882, -21.31081375], [118.34780919, -21.31434046], [118.33169039, -21.31733190], [118.31547207, -21.31978444], [118.29917398, -21.32169507], [118.28281597, -21.32306147], [118.26641799, -21.32388197], [118.25000000, -21.32415559]]]}
    },
    {
      "type": "Feature",
      "properties": {"block_id": "ADC_AUSSP_03", "basin_id": "BASIN_AUSSP", "basin_label": "Australia and South Pacific", "domain_count": 3, "grid_cell_count": 186, "outer_area_km2": 4017164.742191, "shelf_width_km": 250.000000, "outer_buffer_km": 430.000000, "shelf_add_area_km2": 0.000000, "shelf_add_cell_count": 0, "shelf_add_component_count": 0, "bay_add_area_km2": 1699963.423749, "bay_add_cell_count": 1925, "bay_add_core_cell_count": 1925, "bay_add_component_count": 5, "open_ocean_area_risk": 0},
      "geometry": {"type": "Polygon", "coordinates": [[[138.00000000, -17.32415559], [137.50000000, -17.32415559], [137.48566663, -17.32393895], [137.46957534, -17.32317867], [137.45352111, -17.32187236], [137.43752351, -17.32002160], [137.42160203, -17.31762865], [137.40577607, -17.31469642], [137.39006490, -17.31122850], [137.37448768, -17.30722909], [137.35906337, -17.30270308], [137.34381077, -17.29765598], [137.32874846, -17.29209394], [137.31389479, -17.28602374], [137.29926787, -17.27945276], [137.28488551, -17.27238902], [137.27076523, -17.26484113], [137.25692424, -17.25681827], [137.24337939, -17.24833023], [137.23014721, -17.23938734], [137.21724379, -17.23000050], [137.20468487, -17.22018115], [137.19248575, -17.20994125], [137.18066128, -17.19929327], [137.16922588, -17.18825020], [137.05513128, -17.07415559], [137.00000000, -17.07415559], [136.98566663, -17.07393895], [136.96957534, -17.07317867], [136.95352111, -17.07187236], [136.93752351, -17.07002160], [136.92160203, -17.06762865], [136.90577607, -17.06469642], [136.89006490, -17.06122850], [136.87448768, -17.05722909], [136.85906337, -17.05270308], [136.84381077, -17.04765598], [136.82874846, -17.04209394], [136.81389479, -17.03602374], [136.79926787, -17.02945276], [136.78488551, -17.02238902], [136.77076523, -17.01484113], [136.75692424, -17.00681827], [136.74337939, -16.99833023], [136.73014721, -16.98938734], [136.71724379, -16.98000050], [136.70468487, -16.97018115], [136.69248575, -16.95994125], [136.68066128, -16.94929327], [136.66922588, -16.93825020], [136.55513128, -16.82415559], [136.25000000, -16.82415559], [136.23566663, -16.82393895], [136.21957534, -16.82317867], [136.20352111, -16.82187236], [136.18752351, -16.82002160], [136.17160203, -16.81762865], [136.15577607, -16.81469642], [136.14006490, -16.81122850], [136.12448768, -16.80722909], [136.10906337, -16.80270308], [136.09381077, -16.79765598], [136.07874846, -16.79209394], [136.06389479, -16.78602374], [136.04926787, -16.77945276], [136.03488551, -16.77238902], [136.02076523, -16.76484113], [136.00692424, -16.75681827], [135.99337939, -16.74833023], [135.98014721, -16.73938734], [135.96724379, -16.73000050], [135.95468487, -16.72018115], [135.94248575, -16.70994125], [135.93066128, -16.69929327], [135.91922588, -16.68825020], [135.79422588, -16.56325020], [135.78200298, -16.55054375], [135.77143371, -16.53871165], [135.76129520, -16.52652779], [135.75159981, -16.51400703], [135.74235935, -16.50116462], [135.73358508, -16.48801620], [135.72528769, -16.47457779], [135.71747729, -16.46086578], [135.71016339, -16.44689685], [135.70335490, -16.43268804], [135.69706013, -16.41825664], [135.69128673, -16.40362026], [135.68604175, -16.38879671], [135.68133157, -16.37380406], [135.67716193, -16.35866057], [135.67353791, -16.34338470], [135.67046393, -16.32799505], [135.66794374, -16.31251038], [135.66598039, -16.29694954], [135.66572682, -16.29412900], [135.65785872, -16.29706819], [135.64262618, -16.30217235], [135.62721988, -16.30675606], [135.61165857, -16.31081375], [135.59596123, -16.31434046], [135.58014697, -16.31733190], [135.56423507, -16.31978444], [135.54824490, -16.32169507], [135.53219596, -16.32306147], [135.51610779, -16.32388197], [135.50000000, -16.32415559], [135.25000000, -16.32415559], [135.23566663, -16.32393895], [135.21957534, -16.32317867], [135.20352111, -16.32187236], [135.18752351, -16.32002160], [135.17160203, -16.31762865], [135.15577607, -16.31469642], [135.14006490, -16.31122850], [135.12448768, -16.30722909], [135.10906337, -16.30270308], [135.09381077, -16.29765598], [135.07874846, -16.29209394], [135.06389479, -16.28602374], [135.04926787, -16.27945276], [135.03488551, -16.27238902], [135.02076523, -16.26484113], [135.00692424, -16.25681827], [134.99337939, -16.24833023], [134.98014721, -16.23938734], [134.96724379, -16.23000050], [134.95468487, -16.22018115], [134.94248575, -16.20994125], [134.93066128, -16.19929327], [134.91922588, -16.18825020], [134.79422588, -16.06325020], [134.78200298, -16.05054375], [134.77143371, -16.03871165], [134.76129520, -16.02652779], [134.75159981, -16.01400703], [134.74235935, -16.00116462], [134.73358508, -15.98801620], [134.72528769, -15.97457779], [134.71747729, -15.96086578], [134.71016339, -15.94689685], [134.70335490, -15.93268804], [134.69706013, -15.91825664], [134.69128673, -15.90362026], [134.68604175, -15.88879671], [134.68133157, -15.87380406], [134.67716193, -15.85866057], [134.67353791, -15.84338470], [134.67046393, -15.82799505], [134.66794374, -15.81251038], [134.66598039, -15.79694954], [134.66457629, -15.78133151], [134.66373314, -15.76567530], [134.66345198, -15.75000000], [134.66345198, -15.68247629], [134.55513128, -15.57415559], [134.50000000, -15.57415559], [134.48566663, -15.57393895], [134.46957534, -15.57317867], [134.45352111, -15.57187236], [134.43752351, -15.57002160], [134.42160203, -15.56762865], [134.40577607, -15.56469642], [134.39006490, -15.56122850], [134.37448768, -15.55722909], [134.35906337, -15.55270308], [134.34381077, -15.54765598], [134.32874846, -15.54209394], [134.31389479, -15.53602374], [134.29926787, -15.52945276], [134.28488551, -15.52238902], [134.27076523, -15.51484113], [134.25692424, -15.50681827], [134.24337939, -15.49833023], [134.23014721, -15.48938734], [134.21724379, -15.48000050], [134.20468487, -15.47018115], [134.19248575, -15.45994125], [134.18066128, -15.44929327], [134.16922588, -15.43825020], [133.79422588, -15.06325020], [133.78200298, -15.05054375], [133.77143371, -15.03871165], [133.76129520, -15.02652779], [133.75159981, -15.01400703], [133.74235935, -15.00116462], [133.73358508, -14.98801620], [133.72528769, -14.97457779], [133.71747729, -14.96086578], [133.71016339, -14.94689685], [133.70335491, -14.93268804], [133.69706013, -14.91825664], [133.69128673, -14.90362026], [133.68604175, -14.88879671], [133.68133157, -14.87380406], [133.67716193, -14.85866057], [133.67353791, -14.84338470], [133.67046393, -14.82799505], [133.66794374, -14.81251038], [133.66598039, -14.79694954], [133.66457629, -14.78133151], [133.66373314, -14.76567530], [133.66345198, -14.75000000], [133.66345198, -14.50000000], [133.66379852, -14.48259815], [133.66470354, -14.46694521], [133.66616936, -14.45133255], [133.66819420, -14.43577918], [133.67077559, -14.42030406], [133.67391038, -14.40492603], [133.67759475, -14.38966384], [133.68182421, -14.37453607], [133.68659362, -14.35956116], [133.69189716, -14.34475736], [133.69772837, -14.33014269], [133.70408014, -14.31573497], [133.71094474, -14.30155174], [133.71831380, -14.28761030], [133.72617834, -14.27392762], [133.73452879, -14.26052038], [133.74335497, -14.24740490], [133.75264612, -14.23459717], [133.76239093, -14.22211279], [133.77257752, -14.20996698], [133.78319348, -14.19817453], [133.79422588, -14.18674980], [133.91922588, -14.06174980], [133.92938181, -14.05190451], [133.94116410, -14.04121235], [133.95332265, -14.03092686], [133.96584267, -14.02106057], [133.97870888, -14.01162550], [133.99190562, -14.00263314], [134.00541681, -13.99409446], [134.01922599, -13.98601985], [134.03331633, -13.97841916], [134.04767067, -13.97130163], [134.06227151, -13.96467595], [134.07710107, -13.95855019], [134.09214128, -13.95293181], [134.10737382, -13.94782765], [134.12278012, -13.94324394], [134.13834143, -13.93918625], [134.15403877, -13.93565954], [134.16985303, -13.93266810], [134.18576493, -13.93021556], [134.20175510, -13.92830493], [134.21780404, -13.92693853], [134.23389221, -13.92611803], [134.25000000, -13.92584441], [134.55513128, -13.92584441], [134.66922588, -13.81174980], [134.67938181, -13.80190451], [134.69116409, -13.79121235], [134.70332265, -13.78092686], [134.71584267, -13.77106057], [134.72870888, -13.76162550], [134.74190562, -13.75263314], [134.75541681, -13.74409446], [134.76922599, -13.73601985], [134.78331633, -13.72841916], [134.79767067, -13.72130163], [134.81227151, -13.71467595], [134.82710107, -13.70855019], [134.84214128, -13.70293181], [134.85737382, -13.69782765], [134.87278012, -13.69324394], [134.88834143, -13.68918625], [134.90403877, -13.68565954], [134.91345198, -13.68387892], [134.91345198, -13.56611861], [134.90577607, -13.56469642], [134.89006490, -13.56122850], [134.87448768, -13.55722909], [134.85906337, -13.55270308], [134.84381077, -13.54765598], [134.82874846, -13.54209394], [134.81389479, -13.53602374], [134.79926787, -13.52945276], [134.78488551, -13.52238902], [134.77076523, -13.51484113], [134.75692424, -13.50681827], [134.74337939, -13.49833023], [134.73014721, -13.48938734], [134.71724379, -13.48000050], [134.70468487, -13.47018115], [134.69248575, -13.45994125], [134.68066128, -13.44929327], [134.66922588, -13.43825020], [134.30513128, -13.07415559], [134.00000000, -13.07415559], [133.98566663, -13.07393895], [133.96957534, -13.07317867], [133.95352111, -13.07187236], [133.93752351, -13.07002160], [133.92160203, -13.06762865], [133.90577607, -13.06469642], [133.89006490, -13.06122850], [133.87448768, -13.05722909], [133.85906337, -13.05270308], [133.84381077, -13.04765598], [133.82874846, -13.04209394], [133.81389479, -13.03602374], [133.79926787, -13.02945276], [133.78488551, -13.02238902], [133.77076523, -13.01484113], [133.75692424, -13.00681827], [133.75462613, -13.00537814], [133.74735388, -13.01540283], [133.73760907, -13.02788721], [133.72742248, -13.04003302], [133.71680652, -13.05182547], [133.70577412, -13.06325020], [133.08077412, -13.68825020], [133.07061819, -13.69809549], [133.05883591, -13.70878765], [133.04667735, -13.71907314], [133.03415733, -13.72893943], [133.02129112, -13.73837450], [133.00809438, -13.74736686], [132.99458319, -13.75590554], [132.98077401, -13.76398015], [132.96668367, -13.77158084], [132.95232933, -13.77869837], [132.93772849, -13.78532405], [132.92289893, -13.79144981], [132.90785872, -13.79706819], [132.89262618, -13.80217235], [132.87721988, -13.80675606], [132.86165857, -13.81081375], [132.84596123, -13.81434046], [132.83014697, -13.81733190], [132.81423507, -13.81978444], [132.79824491, -13.82169507], [132.78219596, -13.82306147], [132.76610779, -13.82388197], [132.75000000, -13.82415559], [132.50000000, -13.82415559], [132.48566663, -13.82393895], [132.46957534, -13.82317867], [132.45352111, -13.82187236], [132.43752351, -13.82002160], [132.42160203, -13.81762865], [132.40577607, -13.81469642], [132.39006490, -13.81122850], [132.37448768, -13.80722909], [132.35906337, -13.80270308], [132.34381077, -13.79765598], [132.32874846, -13.79209394], [132.31389479, -13.78602374], [132.29926787, -13.77945276], [132.28488551, -13.77238902], [132.27076523, -13.76484113], [132.25692424, -13.75681827], [132.24337939, -13.74833023], [132.23014721, -13.73938734], [132.21724379, -13.73000050], [132.20468487, -13.72018115], [132.19248575, -13.70994125], [132.18066128, -13.69929327], [132.16922588, -13.68825020], [131.98972307, -13.50874738], [131.98077401, -13.51398015], [131.96668367, -13.52158084], [131.95232933, -13.52869837], [131.93772849, -13.53532405], [131.92289893, -13.54144981], [131.90785872, -13.54706819], [131.89262618, -13.55217235], [131.87721988, -13.55675606], [131.86165857, -13.56081375], [131.84596123, -13.56434046], [131.83014697, -13.56733190], [131.81423507, -13.56978444], [131.79824491, -13.57169507], [131.78219596, -13.57306147], [131.76610779, -13.57388197], [131.75000000, -13.57415559], [131.25000000, -13.57415559], [131.23566663, -13.57393895], [131.21957534, -13.57317867], [131.20352111, -13.57187236], [131.18752351, -13.57002160], [131.17160203, -13.56762865], [131.15577607, -13.56469642], [131.14006490, -13.56122850], [131.12448768, -13.55722909], [131.10906337, -13.55270308], [131.09381077, -13.54765598], [131.07874846, -13.54209394], [131.06389479, -13.53602374], [131.04926787, -13.52945276], [131.03488551, -13.52238902], [131.02076523, -13.51484113], [131.00692424, -13.50681827], [130.99337939, -13.49833023], [130.98014721, -13.48938734], [130.96724379, -13.48000050], [130.95468487, -13.47018115], [130.94248575, -13.45994125], [130.93066128, -13.44929327], [130.91922588, -13.43825020], [130.54422588, -13.06325020], [130.53200298, -13.05054375], [130.52143371, -13.03871165], [130.51129520, -13.02652779], [130.50159981, -13.01400703], [130.49235935, -13.00116462], [130.48358508, -12.98801620], [130.47528769, -12.97457779], [130.46747729, -12.96086578], [130.46016339, -12.94689685], [130.45335490, -12.93268804], [130.44706013, -12.91825664], [130.44128673, -12.90362026], [130.43604175, -12.88879671], [130.43133157, -12.87380406], [130.42716193, -12.85866057], [130.42353791, -12.84338470], [130.42046393, -12.82799505], [130.41794374, -12.81251038], [130.41598039, -12.79694954], [130.41457629, -12.78133151], [130.41373314, -12.76567530], [130.41345198, -12.75000000], [130.41345198, -12.25000000], [130.41379852, -12.23259815], [130.41470354, -12.21694521], [130.41616936, -12.20133255], [130.41819420, -12.18577918], [130.42077559, -12.17030406], [130.42391038, -12.15492603], [130.42759475, -12.13966384], [130.43182421, -12.12453607], [130.43659362, -12.10956116], [130.44189716, -12.09475736], [130.44772837, -12.08014269], [130.45408014, -12.06573497], [130.46094474, -12.05155175], [130.46831380, -12.03761030], [130.47617834, -12.02392762], [130.48452879, -12.01052038], [130.49335497, -11.99740490], [130.50264612, -11.98459717], [130.51239093, -11.97211279], [130.52257752, -11.95996698], [130.53319348, -11.94817453], [130.54422588, -11.93674980], [130.91801674, -11.56295895], [130.91794374, -11.56251038], [130.91598039, -11.54694954], [130.91457629, -11.53133151], [130.91373314, -11.51567530], [130.91345198, -11.50000000], [130.91345198, -11.25000000], [130.91379852, -11.23259815], [130.91470354, -11.21694521], [130.91616936, -11.20133255], [130.91819420, -11.18577918], [130.92077559, -11.17030406], [130.92391038, -11.15492603], [130.92759475, -11.13966384], [130.93182421, -11.12453607], [130.93659362, -11.10956116], [130.94189716, -11.09475736], [130.94772837, -11.08014269], [130.95408014, -11.06573497], [130.96094474, -11.05155175], [130.96831380, -11.03761030], [130.97617834, -11.02392762], [130.98452879, -11.01052038], [130.99335497, -10.99740490], [131.00264612, -10.98459717], [131.01239093, -10.97211279], [131.02257752, -10.95996698], [131.03319348, -10.94817453], [131.04422588, -10.93674980], [131.41922588, -10.56174980], [131.42938181, -10.55190451], [131.44116410, -10.54121235], [131.45332265, -10.53092686], [131.46584267, -10.52106057], [131.47870888, -10.51162550], [131.49190562, -10.50263314], [131.50541681, -10.49409446], [131.51922599, -10.48601985], [131.53331633, -10.47841916], [131.54767067, -10.47130163], [131.56227151, -10.46467595], [131.57710107, -10.45855019], [131.59214128, -10.45293181], [131.60737382, -10.44782765], [131.62278012, -10.44324394], [131.63834143, -10.43918625], [131.65403877, -10.43565954], [131.66985303, -10.43266810], [131.68576493, -10.43021556], [131.70175510, -10.42830493], [131.71780404, -10.42693853], [131.73389221, -10.42611803], [131.75000000, -10.42584441], [132.05513128, -10.42584441], [132.16922588, -10.31174980], [132.17938181, -10.30190451], [132.19116410, -10.29121235], [132.20332265, -10.28092686], [132.21584267, -10.27106057], [132.22870888, -10.26162550], [132.24190562, -10.25263314], [132.25541681, -10.24409446], [132.26922599, -10.23601985], [132.28331633, -10.22841916], [132.29767067, -10.22130163], [132.31227151, -10.21467595], [132.32710107, -10.20855019], [132.34214128, -10.20293181], [132.35737382, -10.19782765], [132.37278012, -10.19324394], [132.38834143, -10.18918625], [132.40403877, -10.18565954], [132.41985303, -10.18266810], [132.43576493, -10.18021556], [132.45175510, -10.17830493], [132.46780404, -10.17693853], [132.48389221, -10.17611803], [132.50000000, -10.17584441], [133.25000000, -10.17584441], [133.26433337, -10.17606105], [133.28042466, -10.17682133], [133.29647889, -10.17812764], [133.31247649, -10.17997840], [133.32839797, -10.18237135], [133.34422393, -10.18530358], [133.35993510, -10.18877150], [133.37551232, -10.19277091], [133.39093663, -10.19729692], [133.40618923, -10.20234402], [133.42125154, -10.20790606], [133.43610521, -10.21397626], [133.45073213, -10.22054724], [133.46511449, -10.22761098], [133.47923477, -10.23515887], [133.49307576, -10.24318173], [133.50662061, -10.25166977], [133.51985279, -10.26061266], [133.53275621, -10.26999950], [133.54531513, -10.27981885], [133.55751425, -10.29005875], [133.56933872, -10.30070673], [133.58077412, -10.31174980], [133.70577412, -10.43674980], [133.71799702, -10.44945625], [133.72856629, -10.46128835], [133.73870480, -10.47347221], [133.74840019, -10.48599297], [133.75764065, -10.49883538], [133.76641492, -10.51198380], [133.77471231, -10.52542221], [133.78252271, -10.53913422], [133.78983661, -10.55310315], [133.79664510, -10.56731196], [133.80293987, -10.58174336], [133.80871327, -10.59637974], [133.81395825, -10.61120329], [133.81866843, -10.62619594], [133.82283807, -10.64133943], [133.82646209, -10.65661530], [133.82953607, -10.67200495], [133.83205626, -10.68748962], [133.83401961, -10.70305046], [133.83542371, -10.71866849], [133.83626686, -10.73432470], [133.83654802, -10.75000000], [133.83654802, -10.81752371], [133.94486872, -10.92584441], [134.00000000, -10.92584441], [134.01433337, -10.92606105], [134.03042466, -10.92682133], [134.04647889, -10.92812764], [134.06247649, -10.92997840], [134.07839797, -10.93237135], [134.09422393, -10.93530358], [134.10993510, -10.93877150], [134.12551232, -10.94277091], [134.14093663, -10.94729692], [134.15618923, -10.95234402], [134.17125154, -10.95790606], [134.18610521, -10.96397626], [134.20073213, -10.97054724], [134.21511449, -10.97761098], [134.22923477, -10.98515887], [134.24307576, -10.99318173], [134.25662061, -11.00166977], [134.26985279, -11.01061266], [134.28275621, -11.01999950], [134.29531513, -11.02981885], [134.30751425, -11.04005875], [134.31933872, -11.05070673], [134.33077412, -11.06174980], [134.44486872, -11.17584441], [134.55513128, -11.17584441], [134.66922588, -11.06174980], [134.67938181, -11.05190451], [134.69116409, -11.04121235], [134.70332265, -11.03092686], [134.71584267, -11.02106057], [134.72870888, -11.01162550], [134.74190562, -11.00263314], [134.75541681, -10.99409446], [134.76922599, -10.98601985], [134.78331633, -10.97841916], [134.79767067, -10.97130163], [134.81227151, -10.96467595], [134.82710107, -10.95855019], [134.84214128, -10.95293181], [134.85737382, -10.94782765], [134.87278012, -10.94324394], [134.88834143, -10.93918625], [134.90403877, -10.93565954], [134.91985303, -10.93266810], [134.93576493, -10.93021556], [134.95175509, -10.92830493], [134.96780404, -10.92693853], [134.98389221, -10.92611803], [135.00000000, -10.92584441], [135.25000000, -10.92584441], [135.26433337, -10.92606105], [135.28042466, -10.92682133], [135.29647889, -10.92812764], [135.31247649, -10.92997840], [135.32839797, -10.93237135], [135.34422393, -10.93530358], [135.35993510, -10.93877150], [135.37551232, -10.94277091], [135.39093663, -10.94729692], [135.40618923, -10.95234402], [135.42125154, -10.95790606], [135.43610521, -10.96397626], [135.45073213, -10.97054724], [135.46511449, -10.97761098], [135.47923477, -10.98515887], [135.49307576, -10.99318173], [135.49999749, -10.99751931], [135.50541681, -10.99409446], [135.51922599, -10.98601985], [135.53331633, -10.97841916], [135.54767067, -10.97130163], [135.56227151, -10.96467595], [135.57710107, -10.95855019], [135.59214128, -10.95293181], [135.60737382, -10.94782765], [135.62278012, -10.94324394], [135.63834143, -10.93918625], [135.65403877, -10.93565954], [135.66985303, -10.93266810], [135.68576493, -10.93021556], [135.70175510, -10.92830493], [135.71780404, -10.92693853], [135.73389221, -10.92611803], [135.75000000, -10.92584441], [135.80513128, -10.92584441], [135.91922588, -10.81174980], [135.92938181, -10.80190451], [135.94116409, -10.79121235], [135.95332265, -10.78092686], [135.96584267, -10.77106057], [135.97870888, -10.76162550], [135.99190562, -10.75263314], [136.00541681, -10.74409446], [136.01922599, -10.73601985], [136.03331633, -10.72841916], [136.04767067, -10.72130163], [136.06227151, -10.71467595], [136.07710107, -10.70855019], [136.09214128, -10.70293181], [136.10737382, -10.69782765], [136.12278012, -10.69324394], [136.13834143, -10.68918625], [136.15403877, -10.68565954], [136.16985303, -10.68266810], [136.18576493, -10.68021556], [136.20175509, -10.67830493], [136.21780404, -10.67693853], [136.23389221, -10.67611803], [136.25000000, -10.67584441], [136.75000000, -10.67584441], [136.76433337, -10.67606105], [136.78042466, -10.67682133], [136.79647889, -10.67812764], [136.81247649, -10.67997840], [136.82839797, -10.68237135], [136.84422393, -10.68530358], [136.85993510, -10.68877150], [136.87551232, -10.69277091], [136.89093663, -10.69729692], [136.90618923, -10.70234402], [136.92125154, -10.70790606], [136.93610521, -10.71397626], [136.95073213, -10.72054724], [136.96511449, -10.72761098], [136.97923477, -10.73515887], [136.99307576, -10.74318173], [137.00662061, -10.75166977], [137.01985279, -10.76061266], [137.03275621, -10.76999950], [137.04531513, -10.77981885], [137.05751425, -10.79005875], [137.06933872, -10.80070673], [137.08077412, -10.81174980], [137.20577412, -10.93674980], [137.21799702, -10.94945625], [137.22856629, -10.96128835], [137.23870480, -10.97347221], [137.24840019, -10.98599297], [137.25764065, -10.99883538], [137.26641492, -11.01198380], [137.27471231, -11.02542221], [137.28252271, -11.03913422], [137.28983661, -11.05310315], [137.29664510, -11.06731196], [137.30293987, -11.08174336], [137.30871327, -11.09637974], [137.31395825, -11.11120329], [137.31866843, -11.12619594], [137.32283807, -11.14133943], [137.32646209, -11.15661530], [137.32953607, -11.17200495], [137.33205626, -11.18748962], [137.33401961, -11.20305046], [137.33542371, -11.21866849], [137.33626686, -11.23432470], [137.33654802, -11.25000000], [137.33654802, -11.56752371], [137.45577412, -11.68674980], [137.46799702, -11.69945625], [137.47856629, -11.71128835], [137.48870480, -11.72347221], [137.49840019, -11.73599297], [137.50764065, -11.74883538], [137.51641492, -11.76198380], [137.52471231, -11.77542221], [137.53252271, -11.78913422], [137.53983661, -11.80310315], [137.54664509, -11.81731196], [137.55293987, -11.83174336], [137.55871327, -11.84637974], [137.56395825, -11.86120329], [137.56866843, -11.87619594], [137.57283807, -11.89133943], [137.57646209, -11.90661530], [137.57953607, -11.92200495], [137.58205626, -11.93748962], [137.58401961, -11.95305046], [137.58542371, -11.96866849], [137.58626686, -11.98432470], [137.58654802, -12.00000000], [137.58654802, -12.75000000], [137.58620148, -12.76740185], [137.58529646, -12.78305479], [137.58383064, -12.79866745], [137.58180580, -12.81422082], [137.57922441, -12.82969594], [137.57608962, -12.84507397], [137.57240525, -12.86033616], [137.56817579, -12.87546393], [137.56340638, -12.89043884], [137.55810284, -12.90524264], [137.55227163, -12.91985731], [137.54591986, -12.93426503], [137.53905526, -12.94844825], [137.53168620, -12.96238970], [137.52382166, -12.97607238], [137.51547121, -12.98947962], [137.50664503, -13.00259510], [137.49735388, -13.01540283], [137.48760907, -13.02788721], [137.47742248, -13.04003302], [137.46680652, -13.05182547], [137.45577412, -13.06325020], [137.39402431, -13.12500000], [137.45577412, -13.18674980], [137.46799702, -13.19945625], [137.47856629, -13.21128835], [137.48870480, -13.22347221], [137.49840019, -13.23599297], [137.50764065, -13.24883538], [137.51641492, -13.26198380], [137.52471231, -13.27542221], [137.53252271, -13.28913422], [137.53983661, -13.30310315], [137.54664509, -13.31731196], [137.55293987, -13.33174336], [137.55871327, -13.34637974], [137.56395825, -13.36120329], [137.56866843, -13.37619594], [137.57283807, -13.39133943], [137.57646209, -13.40661530], [137.57953607, -13.42200495], [137.58205626, -13.43748962], [137.58401961, -13.45305046], [137.58542371, -13.46866849], [137.58626686, -13.48432470], [137.58654802, -13.50000000], [137.58654802, -14.50000000], [137.58620148, -14.51740185], [137.58529646, -14.53305479], [137.58383064, -14.54866745], [137.58180580, -14.56422082], [137.57922441, -14.57969594], [137.57608962, -14.59507397], [137.57240525, -14.61033616], [137.56817579, -14.62546393], [137.56340638, -14.64043884], [137.55810284, -14.65524264], [137.55227163, -14.66985731], [137.54591986, -14.68426503], [137.53905526, -14.69844825], [137.53168620, -14.71238970], [137.52382166, -14.72607238], [137.51547121, -14.73947962], [137.50664503, -14.75259510], [137.49735388, -14.76540283], [137.48760907, -14.77788721], [137.47742248, -14.79003302], [137.46680652, -14.80182547], [137.45577412, -14.81325020], [137.33536256, -14.93366175], [137.34422393, -14.93530358], [137.35993510, -14.93877150], [137.37551232, -14.94277091], [137.39093663, -14.94729692], [137.40618923, -14.95234402], [137.42125154, -14.95790606], [137.43610521, -14.96397626], [137.45073213, -14.97054724], [137.46511449, -14.97761098], [137.47923477, -14.98515887], [137.49307576, -14.99318173], [137.50662061, -15.00166977], [137.51985279, -15.01061266], [137.53275621, -15.01999950], [137.54531513, -15.02981885], [137.55751425, -15.04005875], [137.56933872, -15.05070673], [137.58077412, -15.06174980], [137.70577412, -15.18674980], [137.71799702, -15.19945625], [137.72856629, -15.21128835], [137.73870480, -15.22347221], [137.74840019, -15.23599297], [137.75764065, -15.24883538], [137.76641492, -15.26198380], [137.77471231, -15.27542221], [137.78252271, -15.28913422], [137.78983661, -15.30310315], [137.79664509, -15.31731196], [137.80293987, -15.33174336], [137.80871327, -15.34637974], [137.81395825, -15.36120329], [137.81866843, -15.37619594], [137.82283807, -15.39133943], [137.82646209, -15.40661530], [137.82953607, -15.42200495], [137.83131109, -15.43291109], [137.84422393, -15.43530358], [137.85993510, -15.43877150], [137.87551232, -15.44277091], [137.89093663, -15.44729692], [137.90618923, -15.45234402], [137.92125154, -15.45790606], [137.93610521, -15.46397626], [137.95073213, -15.47054724], [137.96511449, -15.47761098], [137.97923477, -15.48515887], [137.99307576, -15.49318173], [138.00662061, -15.50166977], [138.01985279, -15.51061266], [138.03275621, -15.51999950], [138.04531513, -15.52981885], [138.05751425, -15.54005875], [138.06933872, -15.55070673], [138.08077412, -15.56174980], [138.45577412, -15.93674980], [138.46799702, -15.94945625], [138.47856629, -15.96128835], [138.48870480, -15.97347221], [138.49840019, -15.98599297], [138.50764065, -15.99883538], [138.51641492, -16.01198380], [138.52471231, -16.02542221], [138.53252271, -16.03913422], [138.53983661, -16.05310315], [138.54664510, -16.06731196], [138.55293987, -16.08174336], [138.55871327, -16.09637974], [138.56395825, -16.11120329], [138.56866843, -16.12619594], [138.57283807, -16.14133943], [138.57646209, -16.15661530], [138.57953607, -16.17200495], [138.58205626, -16.18748962], [138.58401961, -16.20305046], [138.58542371, -16.21866849], [138.58626686, -16.23432470], [138.58654802, -16.25000000], [138.58654802, -16.75000000], [138.58620148, -16.76740185], [138.58529646, -16.78305479], [138.58383064, -16.79866745], [138.58180580, -16.81422082], [138.57922441, -16.82969594], [138.57608962, -16.84507397], [138.57240525, -16.86033616], [138.56817579, -16.87546393], [138.56340638, -16.89043884], [138.55810284, -16.90524264], [138.55227163, -16.91985731], [138.54591986, -16.93426503], [138.53905526, -16.94844825], [138.53168620, -16.96238970], [138.52382166, -16.97607238], [138.51547121, -16.98947962], [138.50664503, -17.00259510], [138.49735388, -17.01540283], [138.48760907, -17.02788721], [138.47742248, -17.04003302], [138.46680652, -17.05182547], [138.45577412, -17.06325020], [138.33077412, -17.18825020], [138.32061819, -17.19809549], [138.30883590, -17.20878765], [138.29667735, -17.21907314], [138.28415733, -17.22893943], [138.27129112, -17.23837450], [138.25809438, -17.24736686], [138.24458319, -17.25590554], [138.23077401, -17.26398015], [138.21668367, -17.27158084], [138.20232933, -17.27869837], [138.18772849, -17.28532405], [138.17289893, -17.29144981], [138.15785872, -17.29706819], [138.14262618, -17.30217235], [138.12721988, -17.30675606], [138.11165857, -17.31081375], [138.09596123, -17.31434046], [138.08014697, -17.31733190], [138.06423507, -17.31978444], [138.04824490, -17.32169507], [138.03219596, -17.32306147], [138.01610779, -17.32388197], [138.00000000, -17.32415559]]]}
    },
    {
      "type": "Feature",
      "properties": {"block_id": "ADC_AUSSP_04", "basin_id": "BASIN_AUSSP", "basin_label": "Australia and South Pacific", "domain_count": 1, "grid_cell_count": 64, "outer_area_km2": 2554341.965115, "shelf_width_km": 250.000000, "outer_buffer_km": 430.000000, "shelf_add_area_km2": 0.000000, "shelf_add_cell_count": 0, "shelf_add_component_count": 0, "bay_add_area_km2": 228125.988120, "bay_add_cell_count": 283, "bay_add_core_cell_count": 283, "bay_add_component_count": 1, "open_ocean_area_risk": 0},
      "geometry": {"type": "Polygon", "coordinates": [[[141.25000000, -18.32415559], [140.75000000, -18.32415559], [140.73359159, -18.32387640], [140.71736792, -18.32305035], [140.70118402, -18.32167842], [140.68505959, -18.31976228], [140.66901428, -18.31730427], [140.65306763, -18.31430738], [140.63723909, -18.31077526], [140.62154792, -18.30671221], [140.60601326, -18.30212319], [140.59065402, -18.29701379], [140.57548892, -18.29139022], [140.56053644, -18.28525935], [140.54581478, -18.27862864], [140.53134190, -18.27150618], [140.51713541, -18.26390063], [140.50321264, -18.25582126], [140.48959054, -18.24727793], [140.47628570, -18.23828103], [140.46331435, -18.22884152], [140.45069228, -18.21897092], [140.43843487, -18.20868124], [140.42655705, -18.19798502], [140.41507330, -18.18689530], [140.29007330, -18.06189530], [140.27910782, -18.05054375], [140.26844934, -18.03871165], [140.25822525, -18.02652779], [140.24844803, -18.01400703], [140.23912957, -18.00116462], [140.23028124, -17.98801620], [140.22191382, -17.97457779], [140.21403749, -17.96086578], [140.20666185, -17.94689685], [140.19979590, -17.93268804], [140.19344799, -17.91825664], [140.18762587, -17.90362026], [140.18233661, -17.88879671], [140.17758667, -17.87380406], [140.17338184, -17.85866057], [140.16972723, -17.84338470], [140.16662731, -17.82799505], [140.16408583, -17.81251038], [140.16210592, -17.79694954], [140.16068997, -17.78133151], [140.15983970, -17.76567530], [140.15955617, -17.75000000], [140.15955617, -16.75000000], [140.15983398, -16.73448359], [140.16067850, -16.71882710], [140.16208872, -16.70320858], [140.16406293, -16.68764707], [140.16659872, -16.67216153], [140.16969301, -16.65677083], [140.17334201, -16.64149371], [140.17754129, -16.62634878], [140.18228572, -16.61135451], [140.18756954, -16.59652916], [140.19338630, -16.58189078], [140.19972891, -16.56745722], [140.20658965, -16.55324606], [140.21396016, -16.53927462], [140.22183146, -16.52555991], [140.23019396, -16.51211865], [140.23903747, -16.49896721], [140.24835121, -16.48612161], [140.25812384, -16.47359751], [140.26834346, -16.46141017], [140.27899760, -16.44957442], [140.29007330, -16.43810470], [140.65955617, -16.06862183], [140.65955617, -15.25000000], [140.65983398, -15.23448359], [140.66067850, -15.21882710], [140.66208872, -15.20320858], [140.66406293, -15.18764707], [140.66659872, -15.17216153], [140.66969300, -15.15677083], [140.67334201, -15.14149371], [140.67754129, -15.12634878], [140.68228572, -15.11135451], [140.68756954, -15.09652916], [140.69338630, -15.08189078], [140.69972891, -15.06745722], [140.70658965, -15.05324606], [140.71396016, -15.03927462], [140.72183146, -15.02555991], [140.73019396, -15.01211865], [140.73903747, -14.99896721], [140.74835121, -14.98612161], [140.75812384, -14.97359751], [140.76834346, -14.96141017], [140.77899760, -14.94957442], [140.79007330, -14.93810470], [140.90955617, -14.81862183], [140.90955617, -14.43137817], [140.79007330, -14.31189530], [140.77910782, -14.30054375], [140.76844934, -14.28871165], [140.75822525, -14.27652779], [140.74844803, -14.26400703], [140.73912957, -14.25116462], [140.73028124, -14.23801620], [140.72191382, -14.22457779], [140.71403749, -14.21086578], [140.70666185, -14.19689685], [140.69979590, -14.18268804], [140.69344799, -14.16825664], [140.68762587, -14.15362026], [140.68233661, -14.13879671], [140.67758667, -14.12380406], [140.67338184, -14.10866057], [140.66972723, -14.09338470], [140.66662731, -14.07799505], [140.66408583, -14.06251038], [140.66210592, -14.04694954], [140.66068997, -14.03133151], [140.65983970, -14.01567530], [140.65955617, -14.00000000], [140.65955617, -13.75000000], [140.65983398, -13.73448359], [140.66067850, -13.71882710], [140.66208872, -13.70320858], [140.66406293, -13.68764707], [140.66659872, -13.67216153], [140.66969300, -13.65677083], [140.67334201, -13.64149371], [140.67754129, -13.62634878], [140.68228572, -13.61135451], [140.68756954, -13.59652916], [140.69338630, -13.58189078], [140.69972891, -13.56745722], [140.70658966, -13.55324606], [140.71396016, -13.53927462], [140.72183146, -13.52555991], [140.73019396, -13.51211865], [140.73903747, -13.49896721], [140.74835121, -13.48612161], [140.75812384, -13.47359751], [140.76834346, -13.46141017], [140.77899760, -13.44957442], [140.79007330, -13.43810470], [140.90955617, -13.31862183], [140.90955617, -12.00000000], [140.90983398, -11.98448359], [140.91067850, -11.96882710], [140.91208872, -11.95320858], [140.91406293, -11.93764707], [140.91659872, -11.92216153], [140.91969300, -11.90677083], [140.92334201, -11.89149371], [140.92754129, -11.87634878], [140.93228572, -11.86135451], [140.93756954, -11.84652916], [140.94338630, -11.83189078], [140.94972891, -11.81745722], [140.95658965, -11.80324606], [140.96396016, -11.78927462], [140.97183146, -11.77555991], [140.98019396, -11.76211865], [140.98903747, -11.74896721], [140.99835121, -11.73612161], [141.00812384, -11.72359751], [141.01834346, -11.71141017], [141.02899760, -11.69957442], [141.04007330, -11.68810470], [141.66507330, -11.06310470], [141.67667555, -11.05190451], [141.68855729, -11.04121235], [141.70081847, -11.03092686], [141.71344416, -11.02106057], [141.72641898, -11.01162550], [141.73972711, -11.00263314], [141.75335235, -10.99409446], [141.76727808, -10.98601985], [141.78148736, -10.97841916], [141.79596285, -10.97130163], [141.81068694, -10.96467595], [141.82564167, -10.95855019], [141.84080883, -10.95293181], [141.85616995, -10.94782765], [141.87170629, -10.94324394], [141.88739895, -10.93918625], [141.90322879, -10.93565954], [141.91917653, -10.93266810], [141.93522274, -10.93021556], [141.95134787, -10.92830493], [141.96753228, -10.92693853], [141.98375624, -10.92611803], [142.00000000, -10.92584441], [142.50000000, -10.92584441], [142.51640841, -10.92612360], [142.53263208, -10.92694965], [142.54881598, -10.92832158], [142.56494041, -10.93023772], [142.58098572, -10.93269573], [142.59693237, -10.93569262], [142.61276091, -10.93922474], [142.62845208, -10.94328779], [142.64398674, -10.94787681], [142.65934598, -10.95298621], [142.67451108, -10.95860978], [142.68946356, -10.96474065], [142.70418522, -10.97137136], [142.71865810, -10.97849382], [142.73286459, -10.98609937], [142.74678736, -10.99417874], [142.76040946, -11.00272207], [142.77371430, -11.01171897], [142.78668565, -11.02115848], [142.79930772, -11.03102908], [142.81156513, -11.04131876], [142.82344295, -11.05201498], [142.83492670, -11.06310470], [142.95992670, -11.18810470], [142.97089218, -11.19945625], [142.98155066, -11.21128835], [142.99177475, -11.22347221], [143.00155197, -11.23599297], [143.01087043, -11.24883538], [143.01971876, -11.26198380], [143.02808618, -11.27542221], [143.03596251, -11.28913422], [143.04333815, -11.30310315], [143.05020410, -11.31731196], [143.05655201, -11.33174336], [143.06237413, -11.34637974], [143.06766339, -11.36120329], [143.07241333, -11.37619594], [143.07661816, -11.39133943], [143.08027277, -11.40661530], [143.08337269, -11.42200495], [143.08591417, -11.43748962], [143.08789408, -11.45305046], [143.08931003, -11.46866849], [143.09016030, -11.48432470], [143.09044383, -11.50000000], [143.09044383, -12.25000000], [143.09016602, -12.26551641], [143.08932150, -12.28117290], [143.08791128, -12.29679142], [143.08593707, -12.31235293], [143.08340128, -12.32783847], [143.08030699, -12.34322917], [143.07665799, -12.35850629], [143.07245871, -12.37365122], [143.06771428, -12.38864549], [143.06243046, -12.40347084], [143.05661370, -12.41810922], [143.05027109, -12.43254278], [143.04341035, -12.44675394], [143.03603984, -12.46072538], [143.02816854, -12.47444009], [143.01980604, -12.48788135], [143.01096253, -12.50103279], [143.00164879, -12.51387839], [142.99187616, -12.52640249], [142.98165654, -12.53858983], [142.97100240, -12.55042558], [142.95992670, -12.56189530], [142.84044383, -12.68137817], [142.84044383, -13.25000000], [142.84016602, -13.26551641], [142.83932150, -13.28117290], [142.83791128, -13.29679142], [142.83593707, -13.31235293], [142.83340128, -13.32783847], [142.83030699, -13.34322917], [142.82665799, -13.35850629], [142.82245871, -13.37365122], [142.81771428, -13.38864549], [142.81243046, -13.40347084], [142.80661370, -13.41810922], [142.80027109, -13.43254278], [142.79341035, -13.44675394], [142.78603984, -13.46072538], [142.77816854, -13.47444009], [142.76980604, -13.48788135], [142.76096253, -13.50103279], [142.75164879, -13.51387839], [142.74187616, -13.52640249], [142.73165654, -13.53858983], [142.72100240, -13.55042558], [142.70992670, -13.56189530], [142.59044383, -13.68137817], [142.59044383, -16.00000000], [142.59016602, -16.01551641], [142.58932150, -16.03117290], [142.58791128, -16.04679142], [142.58593707, -16.06235293], [142.58340128, -16.07783847], [142.58030700, -16.09322917], [142.57665799, -16.10850629], [142.57245871, -16.12365122], [142.56771428, -16.13864549], [142.56243046, -16.15347084], [142.55661370, -16.16810922], [142.55027109, -16.18254278], [142.54341035, -16.19675394], [142.53603984, -16.21072538], [142.52816854, -16.22444009], [142.51980604, -16.23788135], [142.51165559, -16.25000212], [142.51971876, -16.26198380], [142.52808618, -16.27542221], [142.53596251, -16.28913422], [142.54333815, -16.30310315], [142.55020410, -16.31731196], [142.55655201, -16.33174336], [142.56237413, -16.34637974], [142.56766339, -16.36120329], [142.57241333, -16.37619594], [142.57661816, -16.39133943], [142.58027277, -16.40661530], [142.58337269, -16.42200495], [142.58591417, -16.43748962], [142.58789408, -16.45305046], [142.58931003, -16.46866849], [142.59016030, -16.48432470], [142.59044383, -16.50000000], [142.59044383, -16.75000000], [142.59016602, -16.76551641], [142.58932150, -16.78117290], [142.58791128, -16.79679142], [142.58593707, -16.81235293], [142.58340128, -16.82783847], [142.58030700, -16.84322917], [142.57665799, -16.85850629], [142.57245871, -16.87365122], [142.56771428, -16.88864549], [142.56243046, -16.90347084], [142.55661370, -16.91810922], [142.55027109, -16.93254278], [142.54341035, -16.94675394], [142.53603984, -16.96072538], [142.52816854, -16.97444009], [142.51980604, -16.98788135], [142.51096253, -17.00103279], [142.50164879, -17.01387839], [142.49187616, -17.02640249], [142.48165654, -17.03858983], [142.47100240, -17.05042558], [142.45992670, -17.06189530], [142.33492670, -17.18689530], [142.32332445, -17.19809549], [142.31144271, -17.20878765], [142.29918153, -17.21907314], [142.28655584, -17.22893943], [142.27358102, -17.23837450], [142.26027289, -17.24736686], [142.24664765, -17.25590554], [142.23272192, -17.26398015], [142.21851264, -17.27158084], [142.20403715, -17.27869837], [142.18931306, -17.28532405], [142.17435833, -17.29144981], [142.15919117, -17.29706819], [142.14383005, -17.30217235], [142.12829371, -17.30675606], [142.11260105, -17.31081375], [142.09677121, -17.31434046], [142.08525796, -17.31650009], [142.08340128, -17.32783847], [142.08030700, -17.34322917], [142.07665799, -17.35850629], [142.07245871, -17.37365122], [142.06771428, -17.38864549], [142.06243046, -17.40347084], [142.05661370, -17.41810922], [142.05027109, -17.43254278], [142.04341035, -17.44675394], [142.03603984, -17.46072538], [142.02816854, -17.47444009], [142.01980604, -17.48788135], [142.01096253, -17.50103279], [142.00164879, -17.51387839], [141.99187616, -17.52640249], [141.98165654, -17.53858983], [141.97100240, -17.55042558], [141.95992670, -17.56189530], [141.84044383, -17.68137817], [141.84044383, -17.75000000], [141.84016602, -17.76551641], [141.83932150, -17.78117290], [141.83791128, -17.79679142], [141.83593707, -17.81235293], [141.83340128, -17.82783847], [141.83030700, -17.84322917], [141.82665799, -17.85850629], [141.82245871, -17.87365122], [141.81771428, -17.88864549], [141.81243046, -17.90347084], [141.80661370, -17.91810922], [141.80027109, -17.93254278], [141.79341035, -17.94675394], [141.78603984, -17.96072538], [141.77816854, -17.97444009], [141.76980604, -17.98788135], [141.76096253, -18.00103279], [141.75164879, -18.01387839], [141.74187616, -18.02640249], [141.73165654, -18.03858983], [141.72100240, -18.05042558], [141.70992670, -18.06189530], [141.58492670, -18.18689530], [141.57332445, -18.19809549], [141.56144271, -18.20878765], [141.54918153, -18.21907314], [141.53655584, -18.22893943], [141.52358102, -18.23837450], [141.51027289, -18.24736686], [141.49664765, -18.25590554], [141.48272192, -18.26398015], [141.46851264, -18.27158084], [141.45403715, -18.27869837], [141.43931306, -18.28532405], [141.42435833, -18.29144981], [141.40919117, -18.29706819], [141.39383005, -18.30217235], [141.37829371, -18.30675606], [141.36260105, -18.31081375], [141.34677121, -18.31434046], [141.33082347, -18.31733190], [141.31477726, -18.31978444], [141.29865213, -18.32169507], [141.28246772, -18.32306147], [141.26624376, -18.32388197], [141.25000000, -18.32415559]]]}
    },
    {
      "type": "Feature",
      "properties": {"block_id": "ADC_AUSSP_05", "basin_id": "BASIN_AUSSP", "basin_label": "Australia and South Pacific", "domain_count": 1, "grid_cell_count": 52, "outer_area_km2": 3633622.126919, "shelf_width_km": 250.000000, "outer_buffer_km": 430.000000, "shelf_add_area_km2": 0.000000, "shelf_add_cell_count": 0, "shelf_add_component_count": 0, "bay_add_area_km2": 958581.921980, "bay_add_cell_count": 1237, "bay_add_core_cell_count": 1237, "bay_add_component_count": 3, "open_ocean_area_risk": 0},
      "geometry": {"type": "Polygon", "coordinates": [[[146.00000000, -18.07415559], [145.75000000, -18.07415559], [145.73442178, -18.07390225], [145.71825092, -18.07310239], [145.70211874, -18.07175658], [145.68604490, -18.06986647], [145.67004898, -18.06743435], [145.65415046, -18.06446320], [145.63836872, -18.06095663], [145.62272299, -18.05691892], [145.60723233, -18.05235498], [145.59191560, -18.04727037], [145.57679148, -18.04167129], [145.56187838, -18.03556456], [145.54719449, -18.02895762], [145.53275768, -18.02185852], [145.51858554, -18.01427591], [145.50469535, -18.00621903], [145.49110403, -17.99769769], [145.47782813, -17.98872227], [145.46488383, -17.97930372], [145.45228689, -17.96945350], [145.44005268, -17.95918362], [145.42819609, -17.94850658], [145.41673157, -17.93743541], [145.29173157, -17.81243541], [145.28026353, -17.80054375], [145.26964066, -17.78871165], [145.25945073, -17.77652779], [145.24970618, -17.76400703], [145.24041886, -17.75116462], [145.23160009, -17.73801620], [145.22326062, -17.72457779], [145.21541061, -17.71086578], [145.20805962, -17.69689685], [145.20121661, -17.68268804], [145.19488991, -17.66825664], [145.18908723, -17.65362026], [145.18381565, -17.63879671], [145.17908158, -17.62380406], [145.17489080, -17.60866057], [145.17124840, -17.59338470], [145.16815883, -17.57799505], [145.16562586, -17.56251038], [145.16365255, -17.54694954], [145.16224133, -17.53133151], [145.16139391, -17.51567530], [145.16111132, -17.50000000], [145.16111132, -17.43181516], [144.79173157, -17.06243541], [144.78026353, -17.05054375], [144.76964066, -17.03871165], [144.75945073, -17.02652779], [144.74970618, -17.01400703], [144.74041886, -17.00116462], [144.73160009, -16.98801620], [144.72326062, -16.97457779], [144.71541061, -16.96086578], [144.70805962, -16.94689685], [144.70121661, -16.93268804], [144.69488991, -16.91825664], [144.68908723, -16.90362026], [144.68381565, -16.88879671], [144.67908158, -16.87380406], [144.67489080, -16.85866057], [144.67124840, -16.84338470], [144.66815883, -16.82799505], [144.66562586, -16.81251038], [144.66365255, -16.79694954], [144.66224133, -16.78133151], [144.66139391, -16.76567530], [144.66111132, -16.75000000], [144.66111132, -16.18181516], [144.54173157, -16.06243541], [144.53026353, -16.05054375], [144.51964066, -16.03871165], [144.50945073, -16.02652779], [144.49970618, -16.01400703], [144.49041886, -16.00116462], [144.48160009, -15.98801620], [144.47326062, -15.97457779], [144.46541061, -15.96086578], [144.45805962, -15.94689685], [144.45121661, -15.93268804], [144.44488991, -15.91825664], [144.43908723, -15.90362026], [144.43381565, -15.88879671], [144.42908158, -15.87380406], [144.42489080, -15.85866057], [144.42124840, -15.84338470], [144.41815883, -15.82799505], [144.41562586, -15.81251038], [144.41365255, -15.79694954], [144.41224133, -15.78133151], [144.41139391, -15.76567530], [144.41111132, -15.75000000], [144.41111132, -15.54615683], [144.40865927, -15.54706819], [144.39334948, -15.55217235], [144.37786505, -15.55675606], [144.36222483, -15.56081375], [144.34644788, -15.56434046], [144.33055342, -15.56733190], [144.31456083, -15.56978444], [144.29848957, -15.57169507], [144.28235924, -15.57306147], [144.26618948, -15.57388197], [144.25000000, -15.57415559], [144.00000000, -15.57415559], [143.98442178, -15.57390225], [143.96825092, -15.57310239], [143.95211874, -15.57175658], [143.93604490, -15.56986647], [143.92004898, -15.56743435], [143.90415046, -15.56446320], [143.88836872, -15.56095663], [143.87272299, -15.55691892], [143.85723233, -15.55235498], [143.84191560, -15.54727037], [143.82679148, -15.54167129], [143.81187839, -15.53556456], [143.79719449, -15.52895762], [143.78275768, -15.52185852], [143.76858554, -15.51427591], [143.75469535, -15.50621903], [143.74110403, -15.49769769], [143.72782813, -15.48872227], [143.71488383, -15.47930372], [143.70228689, -15.46945350], [143.69005268, -15.45918362], [143.67819609, -15.44850658], [143.66673157, -15.43743541], [143.04173157, -14.81243541], [143.03026353, -14.80054375], [143.01964066, -14.78871165], [143.00945073, -14.77652779], [142.99970618, -14.76400703], [142.99041886, -14.75116462], [142.98160009, -14.73801620], [142.97326062, -14.72457779], [142.96541061, -14.71086578], [142.95805962, -14.69689685], [142.95121661, -14.68268804], [142.94488991, -14.66825664], [142.93908723, -14.65362026], [142.93381565, -14.63879671], [142.92908158, -14.62380406], [142.92489080, -14.60866057], [142.92124840, -14.59338470], [142.91815884, -14.57799505], [142.91562586, -14.56251038], [142.91365255, -14.54694954], [142.91224133, -14.53133151], [142.91139391, -14.51567530], [142.91111132, -14.50000000], [142.91111132, -14.18181516], [142.79173157, -14.06243541], [142.78026353, -14.05054375], [142.76964066, -14.03871165], [142.75945073, -14.02652779], [142.74970618, -14.01400703], [142.74041886, -14.00116462], [142.73160009, -13.98801620], [142.72326062, -13.97457779], [142.71541061, -13.96086578], [142.70805962, -13.94689685], [142.70121661, -13.93268804], [142.69488991, -13.91825664], [142.68908723, -13.90362026], [142.68381565, -13.88879671], [142.67908158, -13.87380406], [142.67489080, -13.85866057], [142.67124840, -13.84338470], [142.66815883, -13.82799505], [142.66562586, -13.81251038], [142.66365255, -13.79694954], [142.66224133, -13.78133151], [142.66139391, -13.76567530], [142.66111132, -13.75000000], [142.66111132, -13.18181516], [142.54173157, -13.06243541], [142.53026353, -13.05054375], [142.51964066, -13.03871165], [142.50945073, -13.02652779], [142.49970618, -13.01400703], [142.49041886, -13.00116462], [142.48160009, -12.98801620], [142.47326062, -12.97457779], [142.46541061, -12.96086578], [142.45805962, -12.94689685], [142.45121661, -12.93268804], [142.44488991, -12.91825664], [142.43908723, -12.90362026], [142.43381565, -12.88879671], [142.42908158, -12.87380406], [142.42489080, -12.85866057], [142.42124840, -12.84338470], [142.41815883, -12.82799505], [142.41562586, -12.81251038], [142.41365255, -12.79694954], [142.41224133, -12.78133151], [142.41139391, -12.76567530], [142.41111132, -12.75000000], [142.41111132, -12.68181516], [142.29173157, -12.56243541], [142.28026353, -12.55054375], [142.26964066, -12.53871165], [142.25945073, -12.52652779], [142.24970618, -12.51400703], [142.24041886, -12.50116462], [142.23160009, -12.48801620], [142.22326062, -12.47457779], [142.21541061, -12.46086578], [142.20805962, -12.44689685], [142.20121661, -12.43268804], [142.19488991, -12.41825664], [142.18908723, -12.40362026], [142.18381565, -12.38879671], [142.17908158, -12.37380406], [142.17489080, -12.35866057], [142.17124840, -12.34338470], [142.16815884, -12.32799505], [142.16562586, -12.31251038], [142.16365255, -12.29694954], [142.16224133, -12.28133151], [142.16139391, -12.26567530], [142.16111132, -12.25000000], [142.16111132, -11.50000000], [142.16141566, -11.48373287], [142.16228440, -11.46807776], [142.16371689, -11.45246155], [142.16571138, -11.43690325], [142.16826544, -11.42142182], [142.17137596, -11.40603613], [142.17503916, -11.39076492], [142.17925056, -11.37562679], [142.18400504, -11.36064020], [142.18929680, -11.34582339], [142.19511940, -11.33119443], [142.20146574, -11.31677112], [142.20832810, -11.30257106], [142.21569810, -11.28861153], [142.22356678, -11.27490954], [142.23192454, -11.26148180], [142.24076121, -11.24834465], [142.25006601, -11.23551410], [142.25982760, -11.22300579], [142.27003411, -11.21083496], [142.28067308, -11.19901642], [142.29173157, -11.18756459], [142.41673157, -11.06256459], [142.42775585, -11.05190451], [142.43959789, -11.04121235], [142.45181811, -11.03092686], [142.46440161, -11.02106057], [142.47733308, -11.01162550], [142.49059674, -11.00263314], [142.50417645, -10.99409446], [142.51805566, -10.98601985], [142.53221746, -10.97841916], [142.54664459, -10.97130163], [142.56131948, -10.96467595], [142.57622424, -10.95855019], [142.59134073, -10.95293181], [142.60665052, -10.94782765], [142.62213495, -10.94324394], [142.63777517, -10.93918625], [142.65355212, -10.93565954], [142.66944658, -10.93266810], [142.68543917, -10.93021556], [142.70151043, -10.92830493], [142.71764076, -10.92693853], [142.73381052, -10.92611803], [142.75000000, -10.92584441], [143.00000000, -10.92584441], [143.01557822, -10.92609775], [143.03174908, -10.92689761], [143.04788126, -10.92824342], [143.06395510, -10.93013353], [143.07995102, -10.93256565], [143.09584954, -10.93553680], [143.11163128, -10.93904337], [143.12727701, -10.94308108], [143.14276767, -10.94764502], [143.15808440, -10.95272963], [143.17320852, -10.95832871], [143.18812161, -10.96443544], [143.20280551, -10.97104238], [143.21724232, -10.97814148], [143.23141446, -10.98572409], [143.24530465, -10.99378097], [143.25889597, -11.00230231], [143.27217187, -11.01127773], [143.28511617, -11.02069628], [143.29771311, -11.03054650], [143.30994732, -11.04081638], [143.32180391, -11.05149342], [143.33326843, -11.06256459], [143.70826843, -11.43756459], [143.71973647, -11.44945625], [143.73035934, -11.46128835], [143.74054927, -11.47347221], [143.75029382, -11.48599297], [143.75958114, -11.49883538], [143.76839991, -11.51198380], [143.77673938, -11.52542221], [143.78458939, -11.53913422], [143.79194038, -11.55310315], [143.79878339, -11.56731196], [143.80511009, -11.58174336], [143.81091277, -11.59637974], [143.81618435, -11.61120329], [143.82091842, -11.62619594], [143.82510920, -11.64133943], [143.82875160, -11.65661530], [143.83184117, -11.67200495], [143.83437414, -11.68748962], [143.83634745, -11.70305046], [143.83775867, -11.71866849], [143.83860609, -11.73432470], [143.83888868, -11.75000000], [143.83888868, -11.81818484], [143.95826843, -11.93756459], [143.96973647, -11.94945625], [143.98035934, -11.96128835], [143.99054927, -11.97347221], [144.00029382, -11.98599297], [144.00958114, -11.99883538], [144.01839991, -12.01198380], [144.02673938, -12.02542221], [144.03458939, -12.03913422], [144.04194038, -12.05310315], [144.04878339, -12.06731196], [144.05511009, -12.08174336], [144.06091277, -12.09637974], [144.06618435, -12.11120329], [144.07091842, -12.12619594], [144.07510920, -12.14133943], [144.07875160, -12.15661530], [144.08184117, -12.17200495], [144.08437414, -12.18748962], [144.08634745, -12.20305046], [144.08775867, -12.21866849], [144.08860609, -12.23432470], [144.08888868, -12.25000000], [144.08888868, -12.31818484], [144.20826843, -12.43756459], [144.21973647, -12.44945625], [144.23035934, -12.46128835], [144.24054927, -12.47347221], [144.25029382, -12.48599297], [144.25958114, -12.49883538], [144.26839991, -12.51198380], [144.27673938, -12.52542221], [144.28458939, -12.53913422], [144.29194038, -12.55310315], [144.29878339, -12.56731196], [144.30511009, -12.58174336], [144.31091277, -12.59637974], [144.31618435, -12.61120329], [144.32091842, -12.62619594], [144.32510920, -12.64133943], [144.32875160, -12.65661530], [144.33184117, -12.67200495], [144.33437414, -12.68748962], [144.33634745, -12.70305046], [144.33775867, -12.71866849], [144.33860609, -12.73432470], [144.33888868, -12.75000000], [144.33888868, -13.42584441], [144.75000000, -13.42584441], [144.76557822, -13.42609775], [144.78174908, -13.42689761], [144.79788126, -13.42824342], [144.81395510, -13.43013353], [144.82995102, -13.43256565], [144.84584954, -13.43553680], [144.86163128, -13.43904337], [144.87727701, -13.44308108], [144.89276767, -13.44764502], [144.90808440, -13.45272963], [144.92320852, -13.45832871], [144.93812161, -13.46443544], [144.95280551, -13.47104238], [144.96724232, -13.47814148], [144.98141446, -13.48572409], [144.99530465, -13.49378097], [145.00889597, -13.50230231], [145.02217187, -13.51127773], [145.03511617, -13.52069628], [145.04771311, -13.53054650], [145.05994732, -13.54081638], [145.07180391, -13.55149342], [145.08326843, -13.56256459], [145.44654825, -13.92584441], [145.50000000, -13.92584441], [145.51557822, -13.92609775], [145.53174908, -13.92689761], [145.54788126, -13.92824342], [145.56395510, -13.93013353], [145.57995102, -13.93256565], [145.59584954, -13.93553680], [145.61163128, -13.93904337], [145.62727701, -13.94308108], [145.64276767, -13.94764502], [145.65808440, -13.95272963], [145.67320852, -13.95832871], [145.68812161, -13.96443544], [145.70280551, -13.97104238], [145.71724232, -13.97814148], [145.73141446, -13.98572409], [145.74530465, -13.99378097], [145.75889597, -14.00230231], [145.77217187, -14.01127773], [145.78511617, -14.02069628], [145.79771310, -14.03054650], [145.80994732, -14.04081638], [145.82180391, -14.05149342], [145.83326843, -14.06256459], [145.95826843, -14.18756459], [145.96973647, -14.19945625], [145.98035934, -14.21128835], [145.99054927, -14.22347221], [146.00029382, -14.23599297], [146.00958114, -14.24883538], [146.01839991, -14.26198380], [146.02673938, -14.27542221], [146.03458939, -14.28913422], [146.04194038, -14.30310315], [146.04878339, -14.31731196], [146.05511009, -14.33174336], [146.06091277, -14.34637974], [146.06618435, -14.36120329], [146.07091842, -14.37619594], [146.07510920, -14.39133943], [146.07875160, -14.40661530], [146.08184117, -14.42200495], [146.08437414, -14.43748962], [146.08634745, -14.45305046], [146.08775867, -14.46866849], [146.08860609, -14.48432470], [146.08888868, -14.50000000], [146.08888868, -16.06818484], [146.45826843, -16.43756459], [146.46973647, -16.44945625], [146.48035934, -16.46128835], [146.49054927, -16.47347221], [146.50029382, -16.48599297], [146.50958114, -16.49883538], [146.51839991, -16.51198380], [146.52673938, -16.52542221], [146.53458939, -16.53913422], [146.54194038, -16.55310315], [146.54878339, -16.56731196], [146.55511009, -16.58174336], [146.56091277, -16.59637974], [146.56618435, -16.61120329], [146.57091842, -16.62619594], [146.57510920, -16.64133943], [146.57875160, -16.65661530], [146.58184116, -16.67200495], [146.58437414, -16.68748962], [146.58634745, -16.70305046], [146.58775867, -16.71866849], [146.58860609, -16.73432470], [146.58888868, -16.75000000], [146.58888868, -17.50000000], [146.58858434, -17.51626713], [146.58771560, -17.53192224], [146.58628311, -17.54753845], [146.58428862, -17.56309675], [146.58173456, -17.57857818], [146.57862404, -17.59396387], [146.57496084, -17.60923508], [146.57074944, -17.62437321], [146.56599496, -17.63935980], [146.56070320, -17.65417661], [146.55488060, -17.66880557], [146.54853426, -17.68322888], [146.54167190, -17.69742894], [146.53430190, -17.71138847], [146.52643322, -17.72509046], [146.51807546, -17.73851820], [146.50923879, -17.75165535], [146.49993399, -17.76448590], [146.49017240, -17.77699421], [146.47996589, -17.78916504], [146.46932692, -17.80098358], [146.45826843, -17.81243541], [146.33326843, -17.93743541], [146.32224415, -17.94809549], [146.31040211, -17.95878765], [146.29818189, -17.96907314], [146.28559839, -17.97893943], [146.27266692, -17.98837450], [146.25940326, -17.99736686], [146.24582355, -18.00590554], [146.23194434, -18.01398015], [146.21778254, -18.02158084], [146.20335541, -18.02869837], [146.18868052, -18.03532405], [146.17377576, -18.04144981], [146.15865927, -18.04706819], [146.14334948, -18.05217235], [146.12786505, -18.05675606], [146.11222483, -18.06081375], [146.09644788, -18.06434046], [146.08055342, -18.06733190], [146.06456083, -18.06978444], [146.04848957, -18.07169507], [146.03235924, -18.07306147], [146.01618948, -18.07388197], [146.00000000, -18.07415559]]]}
    },
    {
      "type": "Feature",
      "properties": {"block_id": "ADC_NA_01", "basin_id": "BASIN_NA", "basin_label": "North American East and West Coasts", "domain_count": 3, "grid_cell_count": 170, "outer_area_km2": 1617016.515656, "shelf_width_km": 250.000000, "outer_buffer_km": 430.000000, "shelf_add_area_km2": 0.000000, "shelf_add_cell_count": 0, "shelf_add_component_count": 0, "bay_add_area_km2": 0.000000, "bay_add_cell_count": 0, "bay_add_core_cell_count": 0, "bay_add_component_count": 0, "open_ocean_area_risk": 0},
      "geometry": {"type": "Polygon", "coordinates": [[[-109.75000000, 22.17584441], [-110.25000000, 22.17584441], [-110.26809806, 22.17613859], [-110.28552994, 22.17697926], [-110.30291854, 22.17836577], [-110.32024267, 22.18029644], [-110.33748122, 22.18276891], [-110.35461318, 22.18578017], [-110.37161769, 22.18932656], [-110.38847402, 22.19340374], [-110.40516165, 22.19800676], [-110.42166024, 22.20313001], [-110.43794968, 22.20876723], [-110.45401014, 22.21491158], [-110.46982204, 22.22155555], [-110.48536612, 22.22869106], [-110.50062345, 22.23630941], [-110.51557543, 22.24440132], [-110.53020384, 22.25295693], [-110.54449087, 22.26196581], [-110.55841911, 22.27141700], [-110.57197159, 22.28129898], [-110.58513180, 22.29159970], [-110.59788370, 22.30230662], [-110.61021175, 22.31340669], [-110.62210095, 22.32488639], [-110.74710095, 22.44988639], [-110.75812308, 22.46128835], [-110.76910912, 22.47347221], [-110.77961501, 22.48599297], [-110.78962794, 22.49883538], [-110.79913570, 22.51198380], [-110.80812672, 22.52542221], [-110.81659004, 22.53913422], [-110.82451536, 22.55310315], [-110.83189300, 22.56731196], [-110.83871400, 22.58174336], [-110.84497003, 22.59637974], [-110.85065347, 22.61120329], [-110.85575740, 22.62619594], [-110.86027561, 22.64133943], [-110.86420258, 22.65661530], [-110.86753353, 22.67200495], [-110.87026441, 22.68748962], [-110.87239188, 22.70305046], [-110.87391336, 22.71866849], [-110.87482699, 22.73432470], [-110.87513166, 22.75000000], [-110.87513166, 22.82791710], [-111.47305897, 23.42584441], [-111.50000000, 23.42584441], [-111.51809806, 23.42613859], [-111.53552994, 23.42697926], [-111.55291854, 23.42836577], [-111.57024267, 23.43029644], [-111.58748122, 23.43276891], [-111.60461318, 23.43578017], [-111.62161769, 23.43932656], [-111.63847402, 23.44340374], [-111.65516165, 23.44800676], [-111.67166024, 23.45313001], [-111.68794968, 23.45876723], [-111.70401014, 23.46491158], [-111.71982204, 23.47155555], [-111.73536612, 23.47869106], [-111.75062345, 23.48630941], [-111.76557543, 23.49440132], [-111.78020384, 23.50295693], [-111.79449087, 23.51196581], [-111.80841911, 23.52141700], [-111.82197159, 23.53129898], [-111.83513180, 23.54159970], [-111.84788370, 23.55230662], [-111.86021175, 23.56340669], [-111.87210095, 23.57488639], [-111.97305897, 23.67584441], [-112.00000000, 23.67584441], [-112.01809806, 23.67613859], [-112.03552994, 23.67697926], [-112.05291854, 23.67836577], [-112.07024267, 23.68029644], [-112.08748122, 23.68276891], [-112.10461318, 23.68578017], [-112.12161769, 23.68932656], [-112.13847402, 23.69340374], [-112.15516165, 23.69800676], [-112.17166024, 23.70313001], [-112.18794968, 23.70876723], [-112.20401014, 23.71491158], [-112.21982204, 23.72155555], [-112.23536612, 23.72869106], [-112.25062345, 23.73630941], [-112.26557543, 23.74440132], [-112.28020384, 23.75295693], [-112.29449087, 23.76196581], [-112.30841911, 23.77141700], [-112.32197159, 23.78129898], [-112.33513180, 23.79159970], [-112.34788370, 23.80230662], [-112.36021175, 23.81340669], [-112.37210095, 23.82488639], [-112.99710095, 24.44988639], [-113.00812308, 24.46128835], [-113.01910912, 24.47347221], [-113.02961501, 24.48599297], [-113.03962793, 24.49883538], [-113.04913570, 24.51198380], [-113.05812672, 24.52542221], [-113.06659004, 24.53913422], [-113.07451536, 24.55310315], [-113.08189300, 24.56731196], [-113.08871400, 24.58174336], [-113.09497003, 24.59637974], [-113.10065347, 24.61120329], [-113.10575740, 24.62619594], [-113.11027561, 24.64133943], [-113.11420258, 24.65661530], [-113.11753353, 24.67200495], [-113.12026441, 24.68748962], [-113.12239188, 24.70305046], [-113.12391336, 24.71866849], [-113.12482699, 24.73432470], [-113.12513166, 24.75000000], [-113.12513166, 25.00000000], [-113.12484906, 25.01509717], [-113.12395788, 25.03075442], [-113.12245880, 25.04637420], [-113.12035364, 25.06193748], [-113.11764498, 25.07742530], [-113.11433610, 25.09281879], [-113.11043103, 25.10809919], [-113.10593455, 25.12324790], [-113.10085212, 25.13824644], [-113.09518994, 25.15307655], [-113.08895491, 25.16772016], [-113.08215461, 25.18215943], [-113.07479735, 25.19637676], [-113.06689207, 25.21035484], [-113.05844842, 25.22407664], [-113.04947668, 25.23752543], [-113.03998778, 25.25068484], [-113.02999328, 25.26353882], [-113.01950536, 25.27607172], [-113.00853679, 25.28826827], [-112.99710095, 25.30011361], [-112.87513166, 25.42208290], [-112.87513166, 25.57791710], [-112.97305897, 25.67584441], [-113.00000000, 25.67584441], [-113.01809806, 25.67613859], [-113.03552994, 25.67697926], [-113.05291854, 25.67836577], [-113.07024267, 25.68029644], [-113.08748122, 25.68276891], [-113.10461318, 25.68578017], [-113.12161769, 25.68932656], [-113.13847402, 25.69340374], [-113.15516165, 25.69800676], [-113.17166024, 25.70313001], [-113.18794968, 25.70876723], [-113.20401014, 25.71491158], [-113.21982204, 25.72155555], [-113.23536612, 25.72869106], [-113.25062345, 25.73630941], [-113.26557543, 25.74440132], [-113.28020384, 25.75295693], [-113.29449087, 25.76196581], [-113.30841911, 25.77141700], [-113.32197159, 25.78129898], [-113.33513180, 25.79159970], [-113.34788370, 25.80230662], [-113.36021175, 25.81340669], [-113.37210095, 25.82488639], [-113.47305897, 25.92584441], [-113.75000000, 25.92584441], [-113.76809806, 25.92613859], [-113.78552994, 25.92697926], [-113.80291854, 25.92836577], [-113.82024267, 25.93029644], [-113.83748122, 25.93276891], [-113.85461318, 25.93578017], [-113.87161769, 25.93932656], [-113.88847402, 25.94340374], [-113.90516165, 25.94800676], [-113.92166024, 25.95313001], [-113.93794968, 25.95876723], [-113.95401014, 25.96491158], [-113.96982204, 25.97155555], [-113.98536612, 25.97869106], [-114.00062345, 25.98630941], [-114.01557543, 25.99440132], [-114.03020384, 26.00295693], [-114.04449087, 26.01196581], [-114.05841911, 26.02141700], [-114.07197159, 26.03129898], [-114.08513180, 26.04159970], [-114.09788370, 26.05230662], [-114.11021175, 26.06340669], [-114.12210095, 26.07488639], [-114.22305897, 26.17584441], [-114.25000000, 26.17584441], [-114.26809806, 26.17613859], [-114.28552994, 26.17697926], [-114.30291854, 26.17836577], [-114.32024267, 26.18029644], [-114.33748122, 26.18276891], [-114.35461318, 26.18578017], [-114.37161769, 26.18932656], [-114.38847402, 26.19340374], [-114.40516165, 26.19800676], [-114.42166024, 26.20313001], [-114.43794968, 26.20876723], [-114.45401014, 26.21491158], [-114.46982204, 26.22155555], [-114.48536612, 26.22869106], [-114.50062345, 26.23630941], [-114.51557543, 26.24440132], [-114.53020384, 26.25295693], [-114.54449087, 26.26196581], [-114.55841911, 26.27141700], [-114.57197159, 26.28129898], [-114.58513180, 26.29159970], [-114.59788370, 26.30230662], [-114.61021175, 26.31340669], [-114.62210095, 26.32488639], [-114.99710095, 26.69988639], [-115.00812308, 26.71128835], [-115.01910912, 26.72347221], [-115.02961501, 26.73599297], [-115.03962793, 26.74883538], [-115.04913570, 26.76198380], [-115.05812672, 26.77542221], [-115.06659004, 26.78913422], [-115.07451536, 26.80310315], [-115.08189300, 26.81731196], [-115.08871400, 26.83174336], [-115.09497003, 26.84637974], [-115.10065347, 26.86120329], [-115.10575740, 26.87619594], [-115.11027561, 26.89133943], [-115.11420258, 26.90661530], [-115.11753353, 26.92200495], [-115.11821066, 26.92584441], [-115.25000000, 26.92584441], [-115.26809806, 26.92613859], [-115.28552994, 26.92697926], [-115.30291854, 26.92836577], [-115.32024267, 26.93029644], [-115.33748121, 26.93276891], [-115.35461318, 26.93578017], [-115.37161769, 26.93932656], [-115.38847402, 26.94340374], [-115.40516165, 26.94800676], [-115.42166024, 26.95313001], [-115.43794968, 26.95876723], [-115.45401014, 26.96491158], [-115.46982204, 26.97155555], [-115.48536612, 26.97869106], [-115.50062345, 26.98630941], [-115.51557543, 26.99440132], [-115.53020384, 27.00295693], [-115.54449087, 27.01196581], [-115.55841911, 27.02141700], [-115.57197159, 27.03129898], [-115.58513180, 27.04159970], [-115.59788370, 27.05230662], [-115.61021175, 27.06340669], [-115.62210095, 27.07488639], [-115.74710095, 27.19988639], [-115.75812308, 27.21128835], [-115.76910912, 27.22347221], [-115.77961501, 27.23599297], [-115.78962793, 27.24883538], [-115.79913570, 27.26198380], [-115.80812672, 27.27542221], [-115.81659004, 27.28913422], [-115.82451536, 27.30310315], [-115.83189300, 27.31731196], [-115.83871400, 27.33174336], [-115.84497003, 27.34637974], [-115.85065347, 27.36120329], [-115.85575740, 27.37619594], [-115.86027561, 27.39133943], [-115.86420258, 27.40661530], [-115.86753353, 27.42200495], [-115.87026441, 27.43748962], [-115.87239188, 27.45305046], [-115.87391336, 27.46866849], [-115.87482699, 27.48432470], [-115.87513166, 27.50000000], [-115.87513166, 27.75000000], [-115.87484906, 27.76509717], [-115.87395788, 27.78075442], [-115.87245880, 27.79637420], [-115.87035364, 27.81193748], [-115.86764498, 27.82742530], [-115.86433610, 27.84281879], [-115.86043103, 27.85809919], [-115.85593455, 27.87324789], [-115.85085212, 27.88824644], [-115.84518994, 27.90307655], [-115.83895491, 27.91772016], [-115.83215461, 27.93215943], [-115.82479735, 27.94637676], [-115.81689207, 27.96035484], [-115.80844842, 27.97407664], [-115.79947668, 27.98752543], [-115.78998778, 28.00068484], [-115.77999328, 28.01353882], [-115.76950536, 28.02607172], [-115.75853679, 28.03826827], [-115.74710095, 28.05011361], [-115.37210095, 28.42511361], [-115.35976461, 28.43700969], [-115.34742064, 28.44809549], [-115.33465340, 28.45878765], [-115.32147843, 28.46907314], [-115.30791179, 28.47893943], [-115.29397001, 28.48837450], [-115.27967007, 28.49736686], [-115.26502940, 28.50590554], [-115.25006583, 28.51398015], [-115.23479759, 28.52158084], [-115.21924329, 28.52869837], [-115.20342187, 28.53532405], [-115.18735262, 28.54144981], [-115.17105510, 28.54706819], [-115.15454918, 28.55217235], [-115.13785497, 28.55675606], [-115.12099280, 28.56081375], [-115.10398322, 28.56434046], [-115.08684695, 28.56733190], [-115.06960487, 28.56978444], [-115.05227799, 28.57169507], [-115.03488742, 28.57306147], [-115.01745434, 28.57388197], [-115.00000000, 28.57415559], [-114.86821682, 28.57415559], [-114.86764498, 28.57742530], [-114.86433610, 28.59281879], [-114.86043103, 28.60809919], [-114.85593455, 28.62324790], [-114.85085212, 28.63824644], [-114.84518994, 28.65307655], [-114.83895491, 28.66772016], [-114.83215461, 28.68215943], [-114.82479735, 28.69637676], [-114.81689207, 28.71035484], [-114.80844842, 28.72407664], [-114.79947668, 28.73752543], [-114.78998778, 28.75068484], [-114.77999328, 28.76353882], [-114.76950536, 28.77607172], [-114.75853679, 28.78826827], [-114.74710095, 28.80011361], [-114.62210095, 28.92511361], [-114.60976461, 28.93700969], [-114.59742064, 28.94809549], [-114.58465340, 28.95878765], [-114.57147843, 28.96907314], [-114.55791179, 28.97893943], [-114.54397001, 28.98837450], [-114.52967007, 28.99736686], [-114.51502940, 29.00590554], [-114.50006583, 29.01398015], [-114.48479759, 29.02158084], [-114.46924329, 29.02869837], [-114.45342187, 29.03532405], [-114.43735262, 29.04144981], [-114.42105510, 29.04706819], [-114.40454918, 29.05217235], [-114.38785497, 29.05675606], [-114.37099280, 29.06081375], [-114.35398322, 29.06434046], [-114.33684695, 29.06733190], [-114.31960487, 29.06978444], [-114.30227799, 29.07169507], [-114.28488742, 29.07306147], [-114.26745434, 29.07388197], [-114.25000000, 29.07415559], [-114.00000000, 29.07415559], [-113.98190194, 29.07386141], [-113.96447006, 29.07302074], [-113.94708146, 29.07163423], [-113.92975733, 29.06970356], [-113.91251878, 29.06723109], [-113.89538682, 29.06421983], [-113.87838231, 29.06067344], [-113.86152598, 29.05659626], [-113.84483835, 29.05199324], [-113.82833976, 29.04686999], [-113.81205032, 29.04123276], [-113.79598986, 29.03508842], [-113.78017796, 29.02844445], [-113.77103285, 29.02424639], [-113.76950536, 29.02607172], [-113.75853679, 29.03826827], [-113.74710095, 29.05011361], [-113.62210095, 29.17511361], [-113.60976461, 29.18700969], [-113.59742064, 29.19809549], [-113.58465340, 29.20878765], [-113.57147843, 29.21907314], [-113.55791179, 29.22893943], [-113.54397001, 29.23837450], [-113.52967007, 29.24736686], [-113.51502940, 29.25590554], [-113.50006583, 29.26398015], [-113.48479759, 29.27158084], [-113.46924329, 29.27869837], [-113.45342187, 29.28532405], [-113.43735262, 29.29144981], [-113.42105510, 29.29706819], [-113.40454918, 29.30217235], [-113.38785497, 29.30675606], [-113.37099280, 29.31081375], [-113.35398322, 29.31434046], [-113.33684695, 29.31733190], [-113.31960487, 29.31978444], [-113.30227799, 29.32169507], [-113.28488742, 29.32306147], [-113.26745434, 29.32388197], [-113.25000000, 29.32415559], [-112.75000000, 29.32415559], [-112.73190194, 29.32386141], [-112.71447006, 29.32302074], [-112.69708146, 29.32163423], [-112.67975733, 29.31970356], [-112.66251878, 29.31723109], [-112.64538682, 29.31421983], [-112.62838231, 29.31067344], [-112.61152598, 29.30659626], [-112.59483835, 29.30199324], [-112.57833976, 29.29686999], [-112.56205032, 29.29123276], [-112.54598986, 29.28508842], [-112.53017796, 29.27844445], [-112.51463388, 29.27130894], [-112.49937655, 29.26369059], [-112.48442457, 29.25559868], [-112.46979616, 29.24704307], [-112.45550913, 29.23803419], [-112.44158089, 29.22858300], [-112.42802841, 29.21870102], [-112.41486820, 29.20840030], [-112.40211630, 29.19769338], [-112.38978825, 29.18659331], [-112.37789905, 29.17511361], [-112.25289905, 29.05011361], [-112.24187692, 29.03871165], [-112.23089088, 29.02652779], [-112.22038499, 29.01400703], [-112.21037206, 29.00116462], [-112.20086430, 28.98801620], [-112.19187328, 28.97457779], [-112.18340996, 28.96086578], [-112.17548464, 28.94689685], [-112.16810700, 28.93268804], [-112.16128600, 28.91825664], [-112.15502997, 28.90362026], [-112.15186062, 28.89535395], [-112.12210095, 28.92511361], [-112.10976461, 28.93700969], [-112.09742064, 28.94809549], [-112.08465340, 28.95878765], [-112.07147843, 28.96907314], [-112.05791179, 28.97893943], [-112.04397001, 28.98837450], [-112.02967007, 28.99736686], [-112.01502940, 29.00590554], [-112.00006583, 29.01398015], [-111.98479759, 29.02158084], [-111.96924329, 29.02869837], [-111.95342187, 29.03532405], [-111.93735262, 29.04144981], [-111.92105510, 29.04706819], [-111.90454918, 29.05217235], [-111.88785497, 29.05675606], [-111.87099280, 29.06081375], [-111.85398322, 29.06434046], [-111.83684695, 29.06733190], [-111.81960487, 29.06978444], [-111.80227799, 29.07169507], [-111.78488742, 29.07306147], [-111.76745434, 29.07388197], [-111.75000000, 29.07415559], [-111.25000000, 29.07415559], [-111.23190194, 29.07386141], [-111.21447006, 29.07302074], [-111.19708146, 29.07163423], [-111.17975733, 29.06970356], [-111.16251878, 29.06723109], [-111.14538682, 29.06421983], [-111.12838231, 29.06067344], [-111.11152598, 29.05659626], [-111.09483835, 29.05199324], [-111.07833976, 29.04686999], [-111.06205032, 29.04123276], [-111.04598986, 29.03508842], [-111.03017796, 29.02844445], [-111.01463388, 29.02130894], [-110.99937655, 29.01369059], [-110.98442457, 29.00559868], [-110.96979616, 28.99704307], [-110.95550913, 28.98803419], [-110.94158089, 28.97858300], [-110.92802841, 28.96870102], [-110.91486820, 28.95840030], [-110.90211630, 28.94769338], [-110.88978825, 28.93659331], [-110.87789905, 28.92511361], [-110.77694103, 28.82415559], [-110.75000000, 28.82415559], [-110.73190194, 28.82386141], [-110.71447006, 28.82302074], [-110.69708146, 28.82163423], [-110.67975733, 28.81970356], [-110.66251879, 28.81723109], [-110.64538682, 28.81421983], [-110.62838231, 28.81067344], [-110.61152598, 28.80659626], [-110.59483835, 28.80199324], [-110.57833976, 28.79686999], [-110.56205032, 28.79123276], [-110.54598986, 28.78508842], [-110.53017796, 28.77844445], [-110.51463388, 28.77130894], [-110.49937655, 28.76369059], [-110.48442457, 28.75559868], [-110.46979616, 28.74704307], [-110.45550913, 28.73803419], [-110.44158089, 28.72858300], [-110.42802841, 28.71870102], [-110.41486820, 28.70840030], [-110.40211630, 28.69769338], [-110.38978825, 28.68659331], [-110.37789905, 28.67511361], [-110.27694103, 28.57415559], [-110.25000000, 28.57415559], [-110.23190194, 28.57386141], [-110.21447006, 28.57302074], [-110.19708146, 28.57163423], [-110.17975733, 28.56970356], [-110.16251878, 28.56723109], [-110.14538682, 28.56421983], [-110.12838231, 28.56067344], [-110.11152598, 28.55659626], [-110.09483835, 28.55199324], [-110.07833976, 28.54686999], [-110.06205032, 28.54123276], [-110.04598986, 28.53508842], [-110.03017796, 28.52844445], [-110.01463388, 28.52130894], [-109.99937655, 28.51369059], [-109.98442457, 28.50559868], [-109.96979616, 28.49704307], [-109.95550913, 28.48803419], [-109.94158089, 28.47858300], [-109.92802841, 28.46870102], [-109.91486820, 28.45840030], [-109.90211630, 28.44769338], [-109.88978825, 28.43659331], [-109.87789905, 28.42511361], [-109.75289905, 28.30011361], [-109.74187692, 28.28871165], [-109.73089088, 28.27652779], [-109.72038499, 28.26400703], [-109.71037207, 28.25116462], [-109.70086430, 28.23801620], [-109.69187328, 28.22457779], [-109.68340996, 28.21086578], [-109.67548464, 28.19689685], [-109.66810700, 28.18268804], [-109.66128600, 28.16825664], [-109.65502997, 28.15362026], [-109.64934653, 28.13879671], [-109.64424260, 28.12380406], [-109.63972439, 28.10866057], [-109.63579742, 28.09338470], [-109.63246647, 28.07799505], [-109.62973559, 28.06251038], [-109.62760812, 28.04694954], [-109.62608664, 28.03133151], [-109.62517301, 28.01567530], [-109.62486834, 28.00000000], [-109.62486834, 27.92208290], [-109.27694103, 27.57415559], [-109.25000000, 27.57415559], [-109.23190194, 27.57386141], [-109.21447006, 27.57302074], [-109.19708146, 27.57163423], [-109.17975733, 27.56970356], [-109.16251878, 27.56723109], [-109.14538682, 27.56421983], [-109.12838231, 27.56067344], [-109.11152598, 27.55659626], [-109.09483835, 27.55199324], [-109.07833976, 27.54686999], [-109.06205032, 27.54123276], [-109.04598986, 27.53508842], [-109.03017796, 27.52844445], [-109.01463388, 27.52130894], [-108.99937655, 27.51369059], [-108.98442457, 27.50559868], [-108.96979616, 27.49704307], [-108.95550913, 27.48803419], [-108.94158089, 27.47858300], [-108.92802841, 27.46870102], [-108.91486820, 27.45840030], [-108.90211630, 27.44769338], [-108.88978825, 27.43659331], [-108.87789905, 27.42511361], [-108.50289905, 27.05011361], [-108.49187692, 27.03871165], [-108.48089088, 27.02652779], [-108.47038499, 27.01400703], [-108.46037207, 27.00116462], [-108.45086430, 26.98801620], [-108.44187328, 26.97457779], [-108.43340996, 26.96086578], [-108.42548464, 26.94689685], [-108.41810700, 26.93268804], [-108.41128600, 26.91825664], [-108.40502997, 26.90362026], [-108.39934653, 26.88879671], [-108.39424260, 26.87380406], [-108.38972439, 26.85866057], [-108.38579742, 26.84338470], [-108.38246647, 26.82799505], [-108.37973559, 26.81251038], [-108.37760812, 26.79694954], [-108.37608664, 26.78133151], [-108.37517301, 26.76567530], [-108.37486834, 26.75000000], [-108.37486834, 26.42208290], [-108.02694103, 26.07415559], [-108.00000000, 26.07415559], [-107.98190194, 26.07386141], [-107.96447006, 26.07302074], [-107.94708146, 26.07163423], [-107.92975733, 26.06970356], [-107.91251878, 26.06723109], [-107.89538682, 26.06421983], [-107.87838231, 26.06067344], [-107.86152598, 26.05659626], [-107.84483835, 26.05199324], [-107.82833976, 26.04686999], [-107.81205032, 26.04123277], [-107.79598986, 26.03508842], [-107.78017796, 26.02844445], [-107.76463388, 26.02130894], [-107.74937655, 26.01369059], [-107.73442457, 26.00559868], [-107.71979616, 25.99704307], [-107.70550913, 25.98803419], [-107.69158089, 25.97858300], [-107.67802841, 25.96870102], [-107.66486820, 25.95840030], [-107.65211630, 25.94769338], [-107.63978825, 25.93659331], [-107.62789905, 25.92511361], [-106.25289905, 24.55011361], [-106.24187692, 24.53871165], [-106.23089088, 24.52652779], [-106.22038499, 24.51400703], [-106.21037207, 24.50116462], [-106.20086430, 24.48801620], [-106.19187328, 24.47457779], [-106.18340996, 24.46086578], [-106.17548464, 24.44689685], [-106.16810700, 24.43268804], [-106.16128600, 24.41825664], [-106.15502997, 24.40362026], [-106.14934653, 24.38879671], [-106.14424260, 24.37380406], [-106.13972439, 24.35866057], [-106.13579742, 24.34338470], [-106.13246647, 24.32799505], [-106.12973559, 24.31251038], [-106.12760812, 24.29694954], [-106.12608664, 24.28133151], [-106.12517301, 24.26567530], [-106.12486834, 24.25000000], [-106.12486834, 23.50000000], [-106.12515094, 23.48490283], [-106.12604212, 23.46924558], [-106.12754120, 23.45362580], [-106.12964636, 23.43806252], [-106.13235502, 23.42257470], [-106.13566390, 23.40718121], [-106.13956897, 23.39190081], [-106.14406545, 23.37675210], [-106.14914788, 23.36175356], [-106.15481006, 23.34692345], [-106.16104509, 23.33227984], [-106.16784539, 23.31784057], [-106.17520265, 23.30362324], [-106.18310793, 23.28964516], [-106.19155158, 23.27592336], [-106.20052332, 23.26247457], [-106.21001222, 23.24931516], [-106.22000672, 23.23646118], [-106.23049464, 23.22392828], [-106.24146321, 23.21173173], [-106.25289905, 23.19988639], [-106.37789905, 23.07488639], [-106.39023539, 23.06299031], [-106.40257936, 23.05190451], [-106.41534660, 23.04121235], [-106.42852157, 23.03092686], [-106.44208821, 23.02106057], [-106.45602999, 23.01162550], [-106.47032993, 23.00263314], [-106.48497060, 22.99409446], [-106.49993417, 22.98601985], [-106.51520241, 22.97841916], [-106.53075671, 22.97130163], [-106.54657813, 22.96467595], [-106.56264738, 22.95855019], [-106.57894490, 22.95293181], [-106.59545082, 22.94782765], [-106.61214503, 22.94324394], [-106.62900720, 22.93918625], [-106.64601678, 22.93565954], [-106.66315305, 22.93266810], [-106.68039513, 22.93021556], [-106.69772201, 22.92830493], [-106.71511258, 22.92693853], [-106.73254566, 22.92611803], [-106.75000000, 22.92584441], [-107.00000000, 22.92584441], [-107.01809806, 22.92613859], [-107.03552994, 22.92697926], [-107.05291854, 22.92836577], [-107.07024267, 22.93029644], [-107.08748122, 22.93276891], [-107.10461318, 22.93578017], [-107.12161769, 22.93932656], [-107.13847402, 22.94340374], [-107.15516165, 22.94800676], [-107.17166024, 22.95313001], [-107.18794968, 22.95876723], [-107.20401014, 22.96491158], [-107.21982204, 22.97155555], [-107.23536612, 22.97869106], [-107.25062345, 22.98630941], [-107.26557543, 22.99440132], [-107.28020384, 23.00295693], [-107.29449087, 23.01196581], [-107.30841911, 23.02141700], [-107.32197159, 23.03129898], [-107.33513180, 23.04159970], [-107.34788370, 23.05230662], [-107.36021175, 23.06340669], [-107.37210095, 23.07488639], [-107.97305897, 23.67584441], [-108.00000000, 23.67584441], [-108.01809806, 23.67613859], [-108.03552994, 23.67697926], [-108.05291854, 23.67836577], [-108.07024267, 23.68029644], [-108.08748122, 23.68276891], [-108.10461318, 23.68578017], [-108.12161769, 23.68932656], [-108.13847402, 23.69340374], [-108.15516165, 23.69800676], [-108.17166024, 23.70313001], [-108.18794968, 23.70876723], [-108.20401014, 23.71491158], [-108.21982204, 23.72155555], [-108.23536612, 23.72869106], [-108.25062345, 23.73630941], [-108.26557543, 23.74440132], [-108.28020384, 23.75295693], [-108.29449087, 23.76196581], [-108.30841911, 23.77141700], [-108.32197159, 23.78129898], [-108.33513180, 23.79159970], [-108.34788370, 23.80230662], [-108.36021175, 23.81340669], [-108.37210095, 23.82488639], [-108.74710095, 24.19988639], [-108.75812308, 24.21128835], [-108.76910912, 24.22347221], [-108.77961501, 24.23599297], [-108.78962794, 24.24883538], [-108.79913570, 24.26198380], [-108.80812672, 24.27542221], [-108.81659004, 24.28913422], [-108.82451536, 24.30310315], [-108.83189300, 24.31731196], [-108.83871400, 24.33174336], [-108.84497003, 24.34637974], [-108.85065347, 24.36120329], [-108.85575741, 24.37619594], [-108.86027561, 24.39133943], [-108.86420258, 24.40661530], [-108.86753353, 24.42200495], [-108.87026441, 24.43748962], [-108.87239188, 24.45305046], [-108.87391336, 24.46866849], [-108.87482699, 24.48432470], [-108.87513166, 24.50000000], [-108.87513166, 24.57791710], [-108.97305897, 24.67584441], [-109.25000000, 24.67584441], [-109.26809806, 24.67613859], [-109.28552994, 24.67697926], [-109.30291854, 24.67836577], [-109.32024267, 24.68029644], [-109.33748122, 24.68276891], [-109.35461318, 24.68578017], [-109.37161769, 24.68932656], [-109.38847402, 24.69340374], [-109.39912788, 24.69634244], [-108.75289905, 24.05011361], [-108.74187692, 24.03871165], [-108.73089088, 24.02652779], [-108.72038499, 24.01400703], [-108.71037207, 24.00116462], [-108.70086430, 23.98801620], [-108.69187328, 23.97457779], [-108.68340996, 23.96086578], [-108.67548464, 23.94689685], [-108.66810700, 23.93268804], [-108.66128600, 23.91825664], [-108.65502997, 23.90362026], [-108.64934653, 23.88879671], [-108.64424260, 23.87380406], [-108.63972439, 23.85866057], [-108.63579742, 23.84338470], [-108.63246647, 23.82799505], [-108.62973559, 23.81251038], [-108.62760812, 23.79694954], [-108.62608664, 23.78133151], [-108.62517301, 23.76567530], [-108.62486834, 23.75000000], [-108.62486834, 23.25000000], [-108.62515094, 23.23490283], [-108.62604212, 23.21924558], [-108.62754120, 23.20362580], [-108.62964636, 23.18806252], [-108.63235502, 23.17257470], [-108.63566390, 23.15718121], [-108.63956897, 23.14190081], [-108.64406545, 23.12675211], [-108.64914788, 23.11175356], [-108.65481006, 23.09692345], [-108.66104509, 23.08227984], [-108.66784539, 23.06784057], [-108.67520265, 23.05362324], [-108.68310793, 23.03964516], [-108.69155158, 23.02592336], [-108.70052332, 23.01247457], [-108.71001222, 22.99931516], [-108.72000672, 22.98646118], [-108.73049464, 22.97392828], [-108.74146321, 22.96173173], [-108.75289905, 22.94988639], [-108.87789905, 22.82488639], [-108.89023539, 22.81299031], [-108.90257936, 22.80190451], [-108.91534660, 22.79121235], [-108.92852157, 22.78092686], [-108.94208821, 22.77106057], [-108.95602999, 22.76162550], [-108.97032993, 22.75263314], [-108.98497060, 22.74409446], [-108.99993417, 22.73601985], [-109.01520241, 22.72841916], [-109.03075671, 22.72130163], [-109.04657813, 22.71467595], [-109.06264738, 22.70855019], [-109.07894490, 22.70293181], [-109.09545082, 22.69782765], [-109.11214503, 22.69324394], [-109.12900720, 22.68918625], [-109.12950841, 22.68908233], [-109.12964636, 22.68806252], [-109.13235502, 22.67257470], [-109.13566390, 22.65718121], [-109.13956897, 22.64190081], [-109.14406545, 22.62675210], [-109.14914788, 22.61175356], [-109.15481006, 22.59692345], [-109.16104509, 22.58227984], [-109.16784539, 22.56784057], [-109.17520265, 22.55362324], [-109.18310793, 22.53964516], [-109.19155158, 22.52592336], [-109.20052332, 22.51247457], [-109.21001222, 22.49931516], [-109.22000672, 22.48646118], [-109.23049464, 22.47392828], [-109.24146321, 22.46173173], [-109.25289905, 22.44988639], [-109.37789905, 22.32488639], [-109.39023539, 22.31299031], [-109.40257936, 22.30190451], [-109.41534660, 22.29121235], [-109.42852157, 22.28092686], [-109.44208821, 22.27106057], [-109.45602999, 22.26162550], [-109.47032993, 22.25263314], [-109.48497060, 22.24409446], [-109.49993417, 22.23601985], [-109.51520241, 22.22841916], [-109.53075671, 22.22130163], [-109.54657813, 22.21467595], [-109.56264738, 22.20855019], [-109.57894490, 22.20293181], [-109.59545082, 22.19782765], [-109.61214503, 22.19324394], [-109.62900720, 22.18918625], [-109.64601678, 22.18565954], [-109.66315305, 22.18266810], [-109.68039513, 22.18021556], [-109.69772201, 22.17830493], [-109.71511258, 22.17693853], [-109.73254566, 22.17611803], [-109.75000000, 22.17584441]]]}
    },
    {
      "type": "Feature",
      "properties": {"block_id": "ADC_NA_02", "basin_id": "BASIN_NA", "basin_label": "North American East and West Coasts", "domain_count": 2, "grid_cell_count": 49, "outer_area_km2": 1280984.990424, "shelf_width_km": 250.000000, "outer_buffer_km": 430.000000, "shelf_add_area_km2": 0.000000, "shelf_add_cell_count": 0, "shelf_add_component_count": 0, "bay_add_area_km2": 156176.544987, "bay_add_cell_count": 252, "bay_add_core_cell_count": 252, "bay_add_component_count": 1, "open_ocean_area_risk": 0},
      "geometry": {"type": "Polygon", "coordinates": [[[-103.25000000, 17.67584441], [-103.75000000, 17.67584441], [-103.75957255, 17.67593230], [-103.77645182, 17.67651594], [-103.79329887, 17.67764599], [-103.81009316, 17.67932107], [-103.82681424, 17.68153914], [-103.84344173, 17.68429750], [-103.85995537, 17.68759279], [-103.87633506, 17.69142099], [-103.89256082, 17.69577744], [-103.90861289, 17.70065684], [-103.92447172, 17.70605323], [-103.94011799, 17.71196004], [-103.95553262, 17.71837008], [-103.97069684, 17.72527553], [-103.98559218, 17.73266799], [-104.00020049, 17.74053844], [-104.01450396, 17.74887730], [-104.02848518, 17.75767440], [-104.04212710, 17.76691904], [-104.05541312, 17.77659994], [-104.06832703, 17.78670532], [-104.08085312, 17.79722285], [-104.09297611, 17.80813973], [-104.10468123, 17.81944266], [-104.71108298, 18.42584441], [-105.00000000, 18.42584441], [-105.00957255, 18.42593230], [-105.02645182, 18.42651594], [-105.04329887, 18.42764599], [-105.06009316, 18.42932107], [-105.07681424, 18.43153914], [-105.09344173, 18.43429750], [-105.10995537, 18.43759279], [-105.12633506, 18.44142099], [-105.14256082, 18.44577744], [-105.15861289, 18.45065684], [-105.17447172, 18.45605323], [-105.19011799, 18.46196004], [-105.20553262, 18.46837008], [-105.22069684, 18.47527553], [-105.23559218, 18.48266799], [-105.25020049, 18.49053844], [-105.26450396, 18.49887730], [-105.27848518, 18.50767440], [-105.29212710, 18.51691904], [-105.30541312, 18.52659994], [-105.31832703, 18.53670532], [-105.33085312, 18.54722285], [-105.34297611, 18.55813973], [-105.35468123, 18.56944266], [-105.97968123, 19.19444266], [-105.99570079, 19.21128835], [-106.00633063, 19.22347221], [-106.01649588, 19.23599297], [-106.02618415, 19.24883538], [-106.03538363, 19.26198380], [-106.04408313, 19.27542221], [-106.05227204, 19.28913422], [-106.05994039, 19.30310315], [-106.06707882, 19.31731196], [-106.07367866, 19.33174336], [-106.07973184, 19.34637974], [-106.08523101, 19.36120329], [-106.09016945, 19.37619594], [-106.09454116, 19.39133943], [-106.09834080, 19.40661530], [-106.10156375, 19.42200495], [-106.10420609, 19.43748962], [-106.10626458, 19.45305046], [-106.10773672, 19.46866849], [-106.10862073, 19.48432470], [-106.10891552, 19.50000000], [-106.10891552, 19.57367695], [-106.22968123, 19.69444266], [-106.24570079, 19.71128835], [-106.25633063, 19.72347221], [-106.26649588, 19.73599297], [-106.27618415, 19.74883538], [-106.28538363, 19.76198380], [-106.29408313, 19.77542221], [-106.30227204, 19.78913422], [-106.30994039, 19.80310315], [-106.31707882, 19.81731196], [-106.32367866, 19.83174336], [-106.32973184, 19.84637974], [-106.33523101, 19.86120329], [-106.34016945, 19.87619594], [-106.34454116, 19.89133943], [-106.34834080, 19.90661530], [-106.35156375, 19.92200495], [-106.35420609, 19.93748962], [-106.35626458, 19.95305046], [-106.35773672, 19.96866849], [-106.35862073, 19.98432470], [-106.35891552, 20.00000000], [-106.35891552, 20.50000000], [-106.35831001, 20.52246207], [-106.35717101, 20.53810408], [-106.35544456, 20.55369966], [-106.35313276, 20.56922982], [-106.35023843, 20.58467563], [-106.34676509, 20.60001828], [-106.34271698, 20.61523907], [-106.33975088, 20.62492519], [-106.34016945, 20.62619594], [-106.34454116, 20.64133943], [-106.34834080, 20.65661530], [-106.35156375, 20.67200495], [-106.35420609, 20.68748962], [-106.35626458, 20.70305046], [-106.35773672, 20.71866849], [-106.35862073, 20.73432470], [-106.35891552, 20.75000000], [-106.35891552, 21.00000000], [-106.35831001, 21.02246207], [-106.35717101, 21.03810408], [-106.35544456, 21.05369966], [-106.35313276, 21.06922982], [-106.35023843, 21.08467563], [-106.34676509, 21.10001828], [-106.34271698, 21.11523907], [-106.33809903, 21.13031946], [-106.33291687, 21.14524108], [-106.32717680, 21.15998574], [-106.32088583, 21.17453549], [-106.31405161, 21.18887258], [-106.30668248, 21.20297957], [-106.29878740, 21.21683926], [-106.29037601, 21.23043476], [-106.28145855, 21.24374952], [-106.27204588, 21.25676730], [-106.26214947, 21.26947225], [-106.25178137, 21.28184889], [-106.24095423, 21.29388214], [-106.22968123, 21.30555734], [-106.16023857, 21.37500000], [-106.22968123, 21.44444266], [-106.24570079, 21.46128835], [-106.25633063, 21.47347221], [-106.26649588, 21.48599297], [-106.27618415, 21.49883538], [-106.28538363, 21.51198380], [-106.29408313, 21.52542221], [-106.30227204, 21.53913422], [-106.30994039, 21.55310315], [-106.31707882, 21.56731196], [-106.32367866, 21.58174336], [-106.32973184, 21.59637974], [-106.33523101, 21.61120329], [-106.34016945, 21.62619594], [-106.34454116, 21.64133943], [-106.34834080, 21.65661530], [-106.35156375, 21.67200495], [-106.35420609, 21.68748962], [-106.35626458, 21.70305046], [-106.35773672, 21.71866849], [-106.35862073, 21.73432470], [-106.35891552, 21.75000000], [-106.35891552, 22.07367695], [-107.22968123, 22.94444266], [-107.24570079, 22.96128835], [-107.25633063, 22.97347221], [-107.26649588, 22.98599297], [-107.27618415, 22.99883538], [-107.28538363, 23.01198380], [-107.29408313, 23.02542221], [-107.30227204, 23.03913422], [-107.30994039, 23.05310315], [-107.31707882, 23.06731196], [-107.32367866, 23.08174336], [-107.32973184, 23.09637974], [-107.33523101, 23.11120329], [-107.34016945, 23.12619594], [-107.34454116, 23.14133943], [-107.34834080, 23.15661530], [-107.35156375, 23.17200495], [-107.35420609, 23.18748962], [-107.35626458, 23.20305046], [-107.35773672, 23.21866849], [-107.35862073, 23.23432470], [-107.35891552, 23.25000000], [-107.35891552, 23.75000000], [-107.35831001, 23.77246207], [-107.35717101, 23.78810408], [-107.35544456, 23.80369966], [-107.35313276, 23.81922982], [-107.35023843, 23.83467563], [-107.34676509, 23.85001828], [-107.34271698, 23.86523907], [-107.33809903, 23.88031946], [-107.33291687, 23.89524108], [-107.32717680, 23.90998574], [-107.32088583, 23.92453549], [-107.31405161, 23.93887258], [-107.30668248, 23.95297957], [-107.29878740, 23.96683926], [-107.29037601, 23.98043476], [-107.28145855, 23.99374952], [-107.27204588, 24.00676730], [-107.26214947, 24.01947225], [-107.25178137, 24.03184889], [-107.24095423, 24.04388214], [-107.22968123, 24.05555734], [-107.10468123, 24.18055734], [-107.09809969, 24.18700969], [-107.08615597, 24.19809549], [-107.07380268, 24.20878765], [-107.06105490, 24.21907314], [-107.04792814, 24.22893943], [-107.03443840, 24.23837450], [-107.02060212, 24.24736686], [-107.00643616, 24.25590554], [-106.99195776, 24.26398015], [-106.97718457, 24.27158084], [-106.96213460, 24.27869837], [-106.94682617, 24.28532405], [-106.93127794, 24.29144981], [-106.91550885, 24.29706819], [-106.89953812, 24.30217235], [-106.88338519, 24.30675606], [-106.86706976, 24.31081375], [-106.85061169, 24.31434046], [-106.83403105, 24.31733190], [-106.81734802, 24.31978444], [-106.80058295, 24.32169507], [-106.78375624, 24.32306147], [-106.76688841, 24.32388197], [-106.75000000, 24.32415559], [-106.50000000, 24.32415559], [-106.49042745, 24.32406770], [-106.47354818, 24.32348406], [-106.45670113, 24.32235401], [-106.43990684, 24.32067893], [-106.42318576, 24.31846086], [-106.40655827, 24.31570250], [-106.39004463, 24.31240721], [-106.37366494, 24.30857901], [-106.35743918, 24.30422256], [-106.34138711, 24.29934316], [-106.32552828, 24.29394677], [-106.30988201, 24.28803996], [-106.29446738, 24.28162992], [-106.27930316, 24.27472447], [-106.26440782, 24.26733201], [-106.24979951, 24.25946156], [-106.23549604, 24.25112270], [-106.22151482, 24.24232560], [-106.20787290, 24.23308096], [-106.19458688, 24.22340006], [-106.18167297, 24.21329468], [-106.16914688, 24.20277715], [-106.15702389, 24.19186027], [-106.14531877, 24.18055734], [-105.53891702, 23.57415559], [-105.50000000, 23.57415559], [-105.49042745, 23.57406770], [-105.47354818, 23.57348406], [-105.45670113, 23.57235401], [-105.43990684, 23.57067893], [-105.42318576, 23.56846086], [-105.40655827, 23.56570250], [-105.39004463, 23.56240721], [-105.37366494, 23.55857901], [-105.35743918, 23.55422256], [-105.34138711, 23.54934316], [-105.32552828, 23.54394677], [-105.30988201, 23.53803996], [-105.29446738, 23.53162992], [-105.27930316, 23.52472447], [-105.26440782, 23.51733201], [-105.24979951, 23.50946156], [-105.23549604, 23.50112270], [-105.22151482, 23.49232560], [-105.20787290, 23.48308096], [-105.19458688, 23.47340006], [-105.18167297, 23.46329468], [-105.16914688, 23.45277715], [-105.15702389, 23.44186027], [-105.14531877, 23.43055734], [-104.77031877, 23.05555734], [-104.75429921, 23.03871165], [-104.74366937, 23.02652779], [-104.73350412, 23.01400703], [-104.72381585, 23.00116462], [-104.71461637, 22.98801620], [-104.70591687, 22.97457779], [-104.69772796, 22.96086578], [-104.69005961, 22.94689685], [-104.68292118, 22.93268804], [-104.67632134, 22.91825664], [-104.67026816, 22.90362026], [-104.66476899, 22.88879671], [-104.65983055, 22.87380406], [-104.65545884, 22.85866057], [-104.65165920, 22.84338470], [-104.64843625, 22.82799505], [-104.64579391, 22.81251038], [-104.64373542, 22.79694954], [-104.64226328, 22.78133151], [-104.64137927, 22.76567530], [-104.64108448, 22.75000000], [-104.64108448, 22.67632305], [-104.52031877, 22.55555734], [-104.50429921, 22.53871165], [-104.49366937, 22.52652779], [-104.48350412, 22.51400703], [-104.47381585, 22.50116462], [-104.46461637, 22.48801620], [-104.45591687, 22.47457779], [-104.44772796, 22.46086578], [-104.44005961, 22.44689685], [-104.43292118, 22.43268804], [-104.42632134, 22.41825664], [-104.42026816, 22.40362026], [-104.41476899, 22.38879671], [-104.40983055, 22.37380406], [-104.40545884, 22.35866057], [-104.40165920, 22.34338470], [-104.39843625, 22.32799505], [-104.39579391, 22.31251038], [-104.39373542, 22.29694954], [-104.39226328, 22.28133151], [-104.39137927, 22.26567530], [-104.39108448, 22.25000000], [-104.39108448, 20.50000000], [-104.39168999, 20.47753793], [-104.39282899, 20.46189592], [-104.39455544, 20.44630034], [-104.39686724, 20.43077018], [-104.39976157, 20.41532437], [-104.40323491, 20.39998172], [-104.40728302, 20.38476093], [-104.41190097, 20.36968054], [-104.41708313, 20.35475892], [-104.42282320, 20.34001426], [-104.42911417, 20.32546451], [-104.43594839, 20.31112742], [-104.44331752, 20.29702043], [-104.45121260, 20.28316074], [-104.45962399, 20.26956524], [-104.46854145, 20.25625048], [-104.47303048, 20.25004212], [-104.46461637, 20.23801620], [-104.45591687, 20.22457779], [-104.44772796, 20.21086578], [-104.44005961, 20.19689685], [-104.43292118, 20.18268804], [-104.42632134, 20.16825664], [-104.42026816, 20.15362026], [-104.41476899, 20.13879671], [-104.40983055, 20.12380406], [-104.40545884, 20.10866057], [-104.40165920, 20.09338470], [-104.39843625, 20.07799505], [-104.39579391, 20.06251038], [-104.39373542, 20.04694954], [-104.39226328, 20.03133151], [-104.39137927, 20.01567530], [-104.39108448, 20.00000000], [-104.39108448, 19.92632305], [-104.28891702, 19.82415559], [-104.00000000, 19.82415559], [-103.99042745, 19.82406770], [-103.97354818, 19.82348406], [-103.95670113, 19.82235401], [-103.93990684, 19.82067893], [-103.92318576, 19.81846086], [-103.90655827, 19.81570250], [-103.89004463, 19.81240721], [-103.87366494, 19.80857901], [-103.85743918, 19.80422256], [-103.84138711, 19.79934316], [-103.82552828, 19.79394677], [-103.80988201, 19.78803996], [-103.79446738, 19.78162992], [-103.77930316, 19.77472447], [-103.76440782, 19.76733201], [-103.74979951, 19.75946156], [-103.73549604, 19.75112270], [-103.72151482, 19.74232560], [-103.70787290, 19.73308096], [-103.69458688, 19.72340006], [-103.68167297, 19.71329468], [-103.66914688, 19.70277715], [-103.65702389, 19.69186027], [-103.64531877, 19.68055734], [-103.53891702, 19.57415559], [-103.50000000, 19.57415559], [-103.49042745, 19.57406770], [-103.47354818, 19.57348406], [-103.45670113, 19.57235401], [-103.43990684, 19.57067893], [-103.42318576, 19.56846086], [-103.40655827, 19.56570250], [-103.39004463, 19.56240721], [-103.37366494, 19.55857901], [-103.35743918, 19.55422256], [-103.34138711, 19.54934316], [-103.32552828, 19.54394677], [-103.30988201, 19.53803996], [-103.29446738, 19.53162992], [-103.27930316, 19.52472447], [-103.26440782, 19.51733201], [-103.24979951, 19.50946156], [-103.23549604, 19.50112270], [-103.22151482, 19.49232560], [-103.20787290, 19.48308096], [-103.19458688, 19.47340006], [-103.18167297, 19.46329468], [-103.16914688, 19.45277715], [-103.15702389, 19.44186027], [-103.14531877, 19.43055734], [-103.02031877, 19.30555734], [-103.00429921, 19.28871165], [-102.99366937, 19.27652779], [-102.98350412, 19.26400703], [-102.97381585, 19.25116462], [-102.96461637, 19.23801620], [-102.95591687, 19.22457779], [-102.94772796, 19.21086578], [-102.94005961, 19.19689685], [-102.93292118, 19.18268804], [-102.92632134, 19.16825664], [-102.92026816, 19.15362026], [-102.91476899, 19.13879671], [-102.90983055, 19.12380406], [-102.90545884, 19.10866057], [-102.90165920, 19.09338470], [-102.89843625, 19.07799505], [-102.89579391, 19.06251038], [-102.89373542, 19.04694954], [-102.89226328, 19.03133151], [-102.89137927, 19.01567530], [-102.89108448, 19.00000000], [-102.89108448, 18.92632305], [-102.77031877, 18.80555734], [-102.75429921, 18.78871165], [-102.74366937, 18.77652779], [-102.73350412, 18.76400703], [-102.72381585, 18.75116462], [-102.71461637, 18.73801620], [-102.70591687, 18.72457779], [-102.69772796, 18.71086578], [-102.69005961, 18.69689685], [-102.68292118, 18.68268804], [-102.67632134, 18.66825664], [-102.67026816, 18.65362026], [-102.66476899, 18.63879671], [-102.65983055, 18.62380406], [-102.65545884, 18.60866057], [-102.65165920, 18.59338470], [-102.64843625, 18.57799505], [-102.64579391, 18.56251038], [-102.64373542, 18.54694954], [-102.64226328, 18.53133151], [-102.64137927, 18.51567530], [-102.64108448, 18.50000000], [-102.64108448, 18.25000000], [-102.64168999, 18.22753793], [-102.64282899, 18.21189592], [-102.64455544, 18.19630034], [-102.64686724, 18.18077018], [-102.64976157, 18.16532437], [-102.65323491, 18.14998172], [-102.65728302, 18.13476093], [-102.66190097, 18.11968054], [-102.66708313, 18.10475892], [-102.67282320, 18.09001426], [-102.67911417, 18.07546451], [-102.68594839, 18.06112742], [-102.69331752, 18.04702043], [-102.70121260, 18.03316074], [-102.70962399, 18.01956524], [-102.71854145, 18.00625048], [-102.72795412, 17.99323270], [-102.73785053, 17.98052775], [-102.74821863, 17.96815111], [-102.75904577, 17.95611786], [-102.77031877, 17.94444266], [-102.89531877, 17.81944266], [-102.90190031, 17.81299031], [-102.91384403, 17.80190451], [-102.92619732, 17.79121235], [-102.93894510, 17.78092686], [-102.95207186, 17.77106057], [-102.96556160, 17.76162550], [-102.97939788, 17.75263314], [-102.99356384, 17.74409446], [-103.00804224, 17.73601985], [-103.02281543, 17.72841916], [-103.03786540, 17.72130163], [-103.05317383, 17.71467595], [-103.06872206, 17.70855019], [-103.08449115, 17.70293181], [-103.10046188, 17.69782765], [-103.11661481, 17.69324394], [-103.13293024, 17.68918625], [-103.14938831, 17.68565954], [-103.16596895, 17.68266810], [-103.18265198, 17.68021556], [-103.19941705, 17.67830493], [-103.21624376, 17.67693853], [-103.23311159, 17.67611803], [-103.25000000, 17.67584441]]]}
    },
    {
      "type": "Feature",
      "properties": {"block_id": "ADC_NA_03", "basin_id": "BASIN_NA", "basin_label": "North American East and West Coasts", "domain_count": 2, "grid_cell_count": 139, "outer_area_km2": 2570598.342196, "shelf_width_km": 250.000000, "outer_buffer_km": 430.000000, "shelf_add_area_km2": 0.000000, "shelf_add_cell_count": 0, "shelf_add_component_count": 0, "bay_add_area_km2": 1411226.623514, "bay_add_cell_count": 2071, "bay_add_core_cell_count": 2071, "bay_add_component_count": 3, "open_ocean_area_risk": 0},
      "geometry": {"type": "Polygon", "coordinates": [[[-97.50000000, 23.92584441], [-98.00000000, 23.92584441], [-98.02395549, 23.92633819], [-98.04175586, 23.92734631], [-98.05950535, 23.92889984], [-98.07718235, 23.93099687], [-98.09476531, 23.93363484], [-98.11223282, 23.93681056], [-98.12956358, 23.94052014], [-98.14673650, 23.94475906], [-98.16373063, 23.94952217], [-98.18052529, 23.95480366], [-98.19710000, 23.96059709], [-98.21343458, 23.96689541], [-98.22950913, 23.97369094], [-98.24530405, 23.98097541], [-98.26080010, 23.98873993], [-98.27597841, 23.99697505], [-98.29082048, 24.00567074], [-98.30530824, 24.01481639], [-98.31942402, 24.02440088], [-98.33315063, 24.03441251], [-98.34647135, 24.04483910], [-98.35936995, 24.05566794], [-98.37183071, 24.06688584], [-98.38383845, 24.07847913], [-98.75883845, 24.45347913], [-98.76646900, 24.46128835], [-98.77769437, 24.47347221], [-98.78842911, 24.48599297], [-98.79866016, 24.49883538], [-98.80837504, 24.51198380], [-98.81756192, 24.52542221], [-98.82620961, 24.53913422], [-98.83430757, 24.55310315], [-98.84184593, 24.56731196], [-98.84881551, 24.58174336], [-98.85520782, 24.59637974], [-98.86101507, 24.61120329], [-98.86623019, 24.62619594], [-98.87084682, 24.64133943], [-98.87485933, 24.65661530], [-98.87826285, 24.67200495], [-98.88105321, 24.68748962], [-98.88322703, 24.70305046], [-98.88478165, 24.71866849], [-98.88571519, 24.73432470], [-98.88602649, 24.75000000], [-98.88602649, 25.25000000], [-98.88589228, 25.26029320], [-98.88517235, 25.27595812], [-98.88383085, 25.29159141], [-98.88186942, 25.30717403], [-98.87929044, 25.32268699], [-98.87609707, 25.33811139], [-98.87229319, 25.35342844], [-98.86788343, 25.36861948], [-98.86287317, 25.38366600], [-98.85726851, 25.39854967], [-98.85107628, 25.41325236], [-98.84430403, 25.42775615], [-98.83696000, 25.44204336], [-98.82905314, 25.45609661], [-98.82059309, 25.46989875], [-98.81159015, 25.48343299], [-98.80205530, 25.49668282], [-98.79200014, 25.50963211], [-98.78143694, 25.52226507], [-98.77037855, 25.53456632], [-98.75883845, 25.54652087], [-98.63602649, 25.66933284], [-98.63602649, 25.75000000], [-98.63589228, 25.76029320], [-98.63517235, 25.77595812], [-98.63383085, 25.79159141], [-98.63186942, 25.80717403], [-98.62929044, 25.82268699], [-98.62609707, 25.83811139], [-98.62229319, 25.85342844], [-98.61788343, 25.86861948], [-98.61287317, 25.88366600], [-98.60726851, 25.89854967], [-98.60107628, 25.91325236], [-98.59430403, 25.92775615], [-98.58696000, 25.94204336], [-98.57905314, 25.95609661], [-98.57059309, 25.96989875], [-98.56159015, 25.98343299], [-98.55205530, 25.99668282], [-98.55204955, 25.99669022], [-98.75883845, 26.20347913], [-98.76646900, 26.21128835], [-98.77769437, 26.22347221], [-98.78842911, 26.23599297], [-98.79866016, 26.24883538], [-98.80837504, 26.26198380], [-98.81756192, 26.27542221], [-98.82620961, 26.28913422], [-98.83430757, 26.30310315], [-98.84184593, 26.31731196], [-98.84881551, 26.33174336], [-98.85520782, 26.34637974], [-98.86101507, 26.36120329], [-98.86623019, 26.37619594], [-98.87084682, 26.39133943], [-98.87485933, 26.40661530], [-98.87826285, 26.42200495], [-98.88105321, 26.43748962], [-98.88322703, 26.45305046], [-98.88478165, 26.46866849], [-98.88571519, 26.48432470], [-98.88602649, 26.50000000], [-98.88602649, 26.75000000], [-98.88589228, 26.76029320], [-98.88517235, 26.77595812], [-98.88383085, 26.79159141], [-98.88186942, 26.80717403], [-98.87929044, 26.82268699], [-98.87609707, 26.83811139], [-98.87229319, 26.85342844], [-98.86788343, 26.86861948], [-98.86287317, 26.88366600], [-98.85726851, 26.89854967], [-98.85107628, 26.91325236], [-98.84430403, 26.92775615], [-98.83696000, 26.94204336], [-98.82905314, 26.95609661], [-98.82059309, 26.96989875], [-98.81159015, 26.98343299], [-98.80205530, 26.99668282], [-98.79200014, 27.00963211], [-98.78143694, 27.02226507], [-98.77037855, 27.03456632], [-98.75883845, 27.04652087], [-98.63602649, 27.16933284], [-98.63602649, 28.00000000], [-98.63589228, 28.01029320], [-98.63517235, 28.02595812], [-98.63383085, 28.04159141], [-98.63186942, 28.05717403], [-98.62929044, 28.07268699], [-98.62609707, 28.08811139], [-98.62229319, 28.10342844], [-98.61788343, 28.11861948], [-98.61287317, 28.13366600], [-98.60726851, 28.14854967], [-98.60107628, 28.16325236], [-98.59430403, 28.17775615], [-98.58696000, 28.19204336], [-98.57905314, 28.20609661], [-98.57059309, 28.21989875], [-98.56159015, 28.23343299], [-98.55205530, 28.24668282], [-98.54200014, 28.25963211], [-98.53143694, 28.27226507], [-98.52037855, 28.28456632], [-98.50883845, 28.29652087], [-98.38383845, 28.42152087], [-98.36760169, 28.43700969], [-98.35498883, 28.44809549], [-98.34194346, 28.45878765], [-98.32848150, 28.46907314], [-98.31461932, 28.47893943], [-98.30037383, 28.48837450], [-98.28576239, 28.49736686], [-98.27080278, 28.50590554], [-98.25551324, 28.51398015], [-98.23991240, 28.52158084], [-98.22401927, 28.52869837], [-98.20785320, 28.53532405], [-98.19143389, 28.54144981], [-98.17478135, 28.54706819], [-98.15791587, 28.55217235], [-98.14085799, 28.55675606], [-98.13157547, 28.55894217], [-98.12929044, 28.57268699], [-98.12609707, 28.58811139], [-98.12229319, 28.60342844], [-98.11788343, 28.61861948], [-98.11287317, 28.63366600], [-98.10726851, 28.64854967], [-98.10107628, 28.66325236], [-98.09430403, 28.67775615], [-98.08696000, 28.69204336], [-98.07905314, 28.70609661], [-98.07059309, 28.71989875], [-98.06159015, 28.73343299], [-98.05205530, 28.74668282], [-98.04200014, 28.75963211], [-98.03143694, 28.77226507], [-98.02037855, 28.78456632], [-98.00883845, 28.79652087], [-97.88383845, 28.92152087], [-97.86760169, 28.93700969], [-97.85498883, 28.94809549], [-97.84194346, 28.95878765], [-97.82848150, 28.96907314], [-97.81461932, 28.97893943], [-97.81454770, 28.97898687], [-97.81159015, 28.98343299], [-97.80205530, 28.99668282], [-97.79200014, 29.00963211], [-97.78143694, 29.02226507], [-97.77037855, 29.03456632], [-97.75883845, 29.04652087], [-97.13383845, 29.67152087], [-97.11760169, 29.68700969], [-97.10498883, 29.69809549], [-97.09194346, 29.70878765], [-97.07848150, 29.71907314], [-97.06461932, 29.72893943], [-97.05037383, 29.73837450], [-97.03576239, 29.74736686], [-97.02080278, 29.75590554], [-97.00551324, 29.76398015], [-96.98991240, 29.77158084], [-96.97401927, 29.77869837], [-96.95785320, 29.78532405], [-96.94143389, 29.79144981], [-96.92478135, 29.79706819], [-96.90791587, 29.80217235], [-96.89085799, 29.80675606], [-96.87362850, 29.81081375], [-96.85624838, 29.81434046], [-96.83873882, 29.81733190], [-96.82112114, 29.81978444], [-96.80341681, 29.82169507], [-96.78564741, 29.82306147], [-96.76783457, 29.82388197], [-96.75000000, 29.82415559], [-96.62898639, 29.82415559], [-96.62609707, 29.83811139], [-96.62229319, 29.85342844], [-96.61788343, 29.86861948], [-96.61287317, 29.88366600], [-96.60726851, 29.89854967], [-96.60107628, 29.91325236], [-96.59430403, 29.92775615], [-96.58696000, 29.94204336], [-96.57905314, 29.95609661], [-96.57059309, 29.96989875], [-96.56159015, 29.98343299], [-96.55205530, 29.99668282], [-96.54200014, 30.00963211], [-96.53143694, 30.02226507], [-96.52037855, 30.03456632], [-96.50883845, 30.04652087], [-96.38383845, 30.17152087], [-96.36760169, 30.18700969], [-96.35498883, 30.19809549], [-96.34194346, 30.20878765], [-96.32848150, 30.21907314], [-96.31461932, 30.22893943], [-96.30037383, 30.23837450], [-96.28576239, 30.24736686], [-96.27080278, 30.25590554], [-96.25551324, 30.26398015], [-96.23991240, 30.27158084], [-96.22401927, 30.27869837], [-96.20785320, 30.28532405], [-96.19143389, 30.29144981], [-96.17478135, 30.29706819], [-96.15791587, 30.30217235], [-96.14085799, 30.30675606], [-96.12362850, 30.31081375], [-96.10624838, 30.31434046], [-96.08873882, 30.31733190], [-96.07112114, 30.31978444], [-96.05341681, 30.32169507], [-96.03564741, 30.32306147], [-96.01783457, 30.32388197], [-96.00000000, 30.32415559], [-95.98120374, 30.32415559], [-95.38383845, 30.92152087], [-95.36760169, 30.93700969], [-95.35498883, 30.94809549], [-95.34194346, 30.95878765], [-95.32848150, 30.96907314], [-95.31461932, 30.97893943], [-95.30037383, 30.98837450], [-95.28576239, 30.99736686], [-95.27080278, 31.00590554], [-95.25551324, 31.01398015], [-95.23991240, 31.02158084], [-95.22401927, 31.02869837], [-95.20785320, 31.03532405], [-95.19143389, 31.04144981], [-95.17478135, 31.04706819], [-95.15791587, 31.05217235], [-95.14085799, 31.05675606], [-95.12362850, 31.06081375], [-95.10624838, 31.06434046], [-95.08873882, 31.06733190], [-95.07112114, 31.06978444], [-95.05341681, 31.07169507], [-95.03564741, 31.07306147], [-95.01783457, 31.07388197], [-95.00000000, 31.07415559], [-94.73120374, 31.07415559], [-94.63383845, 31.17152087], [-94.61760169, 31.18700969], [-94.60498883, 31.19809549], [-94.59194346, 31.20878765], [-94.57848150, 31.21907314], [-94.56461932, 31.22893943], [-94.55037383, 31.23837450], [-94.53576239, 31.24736686], [-94.52080278, 31.25590554], [-94.50551324, 31.26398015], [-94.48991240, 31.27158084], [-94.47401927, 31.27869837], [-94.45785320, 31.28532405], [-94.44143389, 31.29144981], [-94.42478135, 31.29706819], [-94.40791587, 31.30217235], [-94.39085799, 31.30675606], [-94.37362850, 31.31081375], [-94.35624838, 31.31434046], [-94.33873882, 31.31733190], [-94.32112114, 31.31978444], [-94.30341681, 31.32169507], [-94.28564741, 31.32306147], [-94.26783457, 31.32388197], [-94.25000000, 31.32415559], [-92.50000000, 31.32415559], [-92.47604451, 31.32366181], [-92.45824414, 31.32265369], [-92.44049465, 31.32110016], [-92.42281765, 31.31900313], [-92.40523469, 31.31636516], [-92.38776718, 31.31318944], [-92.37043642, 31.30947986], [-92.35326350, 31.30524094], [-92.33626937, 31.30047783], [-92.31947471, 31.29519634], [-92.30290000, 31.28940291], [-92.28656542, 31.28310459], [-92.27049087, 31.27630906], [-92.25469595, 31.26902459], [-92.23919990, 31.26126007], [-92.22402159, 31.25302495], [-92.20917952, 31.24432926], [-92.19469176, 31.23518361], [-92.18057598, 31.22559912], [-92.16684937, 31.21558749], [-92.15352865, 31.20516090], [-92.14063005, 31.19433206], [-92.12816929, 31.18311416], [-92.11616155, 31.17152087], [-91.74116155, 30.79652087], [-91.73353100, 30.78871165], [-91.72230563, 30.77652779], [-91.71157089, 30.76400703], [-91.70133984, 30.75116462], [-91.69162496, 30.73801620], [-91.68243808, 30.72457779], [-91.67379039, 30.71086578], [-91.66569243, 30.69689685], [-91.65815407, 30.68268804], [-91.65118449, 30.66825664], [-91.64479218, 30.65362026], [-91.63898493, 30.63879671], [-91.63376981, 30.62380406], [-91.62915318, 30.60866057], [-91.62514067, 30.59338470], [-91.62173715, 30.57799505], [-91.61894679, 30.56251038], [-91.61677297, 30.54694954], [-91.61521835, 30.53133151], [-91.61428481, 30.51567530], [-91.61397351, 30.50000000], [-91.61397351, 29.50000000], [-91.61410772, 29.48970680], [-91.61482765, 29.47404188], [-91.61616915, 29.45840859], [-91.61813058, 29.44282597], [-91.62070956, 29.42731301], [-91.62390293, 29.41188861], [-91.62770681, 29.39657156], [-91.63211657, 29.38138052], [-91.63712683, 29.36633400], [-91.64273149, 29.35145033], [-91.64892372, 29.33674764], [-91.65569597, 29.32224385], [-91.66304000, 29.30795664], [-91.67094686, 29.29390339], [-91.67940691, 29.28010125], [-91.68840985, 29.26656701], [-91.69794470, 29.25331718], [-91.70799986, 29.24036789], [-91.71856306, 29.22773493], [-91.72962145, 29.21543368], [-91.74116155, 29.20347913], [-91.86616155, 29.07847913], [-91.88239831, 29.06299031], [-91.89501117, 29.05190451], [-91.90805654, 29.04121235], [-91.92151850, 29.03092686], [-91.93538068, 29.02106057], [-91.94962617, 29.01162550], [-91.96423761, 29.00263314], [-91.97919722, 28.99409446], [-91.99448676, 28.98601985], [-92.01008760, 28.97841916], [-92.02598073, 28.97130163], [-92.04214680, 28.96467595], [-92.05856611, 28.95855019], [-92.07521865, 28.95293181], [-92.09208413, 28.94782765], [-92.10914201, 28.94324394], [-92.12637150, 28.93918625], [-92.14375162, 28.93565954], [-92.16126118, 28.93266810], [-92.17887886, 28.93021556], [-92.19658319, 28.92830493], [-92.21435259, 28.92693853], [-92.23216543, 28.92611803], [-92.25000000, 28.92584441], [-94.01879626, 28.92584441], [-94.61616155, 28.32847913], [-94.63239831, 28.31299031], [-94.64501117, 28.30190451], [-94.65805654, 28.29121235], [-94.67151850, 28.28092686], [-94.68538068, 28.27106057], [-94.69962617, 28.26162550], [-94.71423761, 28.25263314], [-94.72919722, 28.24409446], [-94.74448676, 28.23601985], [-94.76008760, 28.22841916], [-94.77598073, 28.22130163], [-94.79214680, 28.21467595], [-94.80856611, 28.20855019], [-94.82521865, 28.20293181], [-94.84208413, 28.19782765], [-94.85914201, 28.19324394], [-94.87637150, 28.18918625], [-94.89375162, 28.18565954], [-94.91126118, 28.18266810], [-94.92887886, 28.18021556], [-94.94658319, 28.17830493], [-94.96435259, 28.17693853], [-94.98216543, 28.17611803], [-95.00000000, 28.17584441], [-95.01879626, 28.17584441], [-95.11616155, 28.07847913], [-95.13239831, 28.06299031], [-95.14501117, 28.05190451], [-95.15805654, 28.04121235], [-95.17151850, 28.03092686], [-95.18538068, 28.02106057], [-95.19962617, 28.01162550], [-95.21423761, 28.00263314], [-95.22919722, 27.99409446], [-95.24448676, 27.98601985], [-95.26008760, 27.97841916], [-95.27598073, 27.97130163], [-95.29214680, 27.96467595], [-95.30856611, 27.95855019], [-95.32521865, 27.95293181], [-95.34208413, 27.94782765], [-95.35914201, 27.94324394], [-95.37637150, 27.93918625], [-95.39375162, 27.93565954], [-95.41126118, 27.93266810], [-95.42887886, 27.93021556], [-95.44658319, 27.92830493], [-95.46435259, 27.92693853], [-95.48216543, 27.92611803], [-95.50000000, 27.92584441], [-95.51879626, 27.92584441], [-95.61616155, 27.82847913], [-95.63239831, 27.81299031], [-95.64501117, 27.80190451], [-95.65805654, 27.79121235], [-95.67151850, 27.78092686], [-95.68538068, 27.77106057], [-95.69962617, 27.76162550], [-95.71423761, 27.75263314], [-95.72919722, 27.74409446], [-95.74448676, 27.73601985], [-95.76008760, 27.72841916], [-95.77598073, 27.72130163], [-95.79214680, 27.71467595], [-95.80856611, 27.70855019], [-95.82521865, 27.70293181], [-95.84208413, 27.69782765], [-95.85914201, 27.69324394], [-95.87637150, 27.68918625], [-95.89375162, 27.68565954], [-95.91126118, 27.68266810], [-95.92887886, 27.68021556], [-95.94658319, 27.67830493], [-95.96435259, 27.67693853], [-95.98216543, 27.67611803], [-96.00000000, 27.67584441], [-96.01879626, 27.67584441], [-96.61397351, 27.08066716], [-96.61397351, 26.91933284], [-96.49116155, 26.79652087], [-96.48353100, 26.78871165], [-96.47230563, 26.77652779], [-96.46157089, 26.76400703], [-96.45133984, 26.75116462], [-96.44162496, 26.73801620], [-96.43243808, 26.72457779], [-96.42379039, 26.71086578], [-96.41569243, 26.69689685], [-96.40815407, 26.68268804], [-96.40118449, 26.66825664], [-96.39479218, 26.65362026], [-96.38898493, 26.63879671], [-96.38376981, 26.62380406], [-96.37915318, 26.60866057], [-96.37514067, 26.59338470], [-96.37173715, 26.57799505], [-96.36894679, 26.56251038], [-96.36677297, 26.54694954], [-96.36521835, 26.53133151], [-96.36428481, 26.51567530], [-96.36397351, 26.50000000], [-96.36397351, 25.50000000], [-96.36410772, 25.48970680], [-96.36482765, 25.47404188], [-96.36616915, 25.45840859], [-96.36813058, 25.44282597], [-96.37070956, 25.42731301], [-96.37390293, 25.41188861], [-96.37770681, 25.39657156], [-96.38211657, 25.38138052], [-96.38712683, 25.36633400], [-96.39273149, 25.35145033], [-96.39892372, 25.33674764], [-96.40569597, 25.32224385], [-96.41304000, 25.30795664], [-96.42094686, 25.29390339], [-96.42940691, 25.28010125], [-96.43840985, 25.26656701], [-96.44794470, 25.25331718], [-96.45799986, 25.24036789], [-96.46856306, 25.22773493], [-96.47962145, 25.21543368], [-96.49116155, 25.20347913], [-96.61397351, 25.08066716], [-96.61397351, 25.00000000], [-96.61410772, 24.98970680], [-96.61482765, 24.97404188], [-96.61616915, 24.95840859], [-96.61813058, 24.94282597], [-96.62070956, 24.92731301], [-96.62390293, 24.91188861], [-96.62770681, 24.89657156], [-96.63211657, 24.88138052], [-96.63712683, 24.86633400], [-96.64273149, 24.85145033], [-96.64892372, 24.83674764], [-96.65569597, 24.82224385], [-96.66304000, 24.80795664], [-96.67094686, 24.79390339], [-96.67940691, 24.78010125], [-96.68840985, 24.76656701], [-96.69794470, 24.75331718], [-96.70799986, 24.74036789], [-96.71856306, 24.72773493], [-96.72962145, 24.71543368], [-96.74116155, 24.70347913], [-96.86397351, 24.58066716], [-96.86397351, 24.50000000], [-96.86410772, 24.48970680], [-96.86482765, 24.47404188], [-96.86616915, 24.45840859], [-96.86813058, 24.44282597], [-96.87070955, 24.42731301], [-96.87390293, 24.41188861], [-96.87770681, 24.39657156], [-96.88211657, 24.38138052], [-96.88712683, 24.36633400], [-96.89273149, 24.35145033], [-96.89892372, 24.33674764], [-96.90569597, 24.32224385], [-96.91304000, 24.30795664], [-96.92094686, 24.29390339], [-96.92940691, 24.28010125], [-96.93840985, 24.26656701], [-96.94794470, 24.25331718], [-96.95799986, 24.24036789], [-96.96856306, 24.22773493], [-96.97962145, 24.21543368], [-96.99116155, 24.20347913], [-97.11616155, 24.07847913], [-97.13239831, 24.06299031], [-97.14501117, 24.05190451], [-97.15805654, 24.04121235], [-97.17151850, 24.03092686], [-97.18538068, 24.02106057], [-97.19962617, 24.01162550], [-97.21423761, 24.00263314], [-97.22919722, 23.99409446], [-97.24448676, 23.98601985], [-97.26008760, 23.97841916], [-97.27598073, 23.97130163], [-97.29214680, 23.96467595], [-97.30856611, 23.95855019], [-97.32521865, 23.95293181], [-97.34208413, 23.94782765], [-97.35914201, 23.94324394], [-97.37637150, 23.93918625], [-97.39375162, 23.93565954], [-97.41126118, 23.93266810], [-97.42887886, 23.93021556], [-97.44658319, 23.92830493], [-97.46435259, 23.92693853], [-97.48216543, 23.92611803], [-97.50000000, 23.92584441]]]}
    },
    {
      "type": "Feature",
      "properties": {"block_id": "ADC_NA_04", "basin_id": "BASIN_NA", "basin_label": "North American East and West Coasts", "domain_count": 2, "grid_cell_count": 62, "outer_area_km2": 1807900.604621, "shelf_width_km": 250.000000, "outer_buffer_km": 430.000000, "shelf_add_area_km2": 0.000000, "shelf_add_cell_count": 0, "shelf_add_component_count": 0, "bay_add_area_km2": 0.000000, "bay_add_cell_count": 0, "bay_add_core_cell_count": 0, "bay_add_component_count": 0, "open_ocean_area_risk": 0},
      "geometry": {"type": "Polygon", "coordinates": [[[-96.00000000, 14.92584441], [-97.00000000, 14.92584441], [-97.01802942, 14.92617717], [-97.03435560, 14.92705386], [-97.05063992, 14.92847631], [-97.06686254, 14.93044277], [-97.08300370, 14.93295086], [-97.09904373, 14.93599752], [-97.11496309, 14.93957903], [-97.13074239, 14.94369104], [-97.14636240, 14.94832853], [-97.16180409, 14.95348585], [-97.17704864, 14.95915673], [-97.19207749, 14.96533424], [-97.20687232, 14.97201088], [-97.22141511, 14.97917849], [-97.23568814, 14.98682834], [-97.24967402, 14.99495113], [-97.26335572, 15.00353694], [-97.27671655, 15.01257533], [-97.28974024, 15.02205528], [-97.30241094, 15.03196523], [-97.31471319, 15.04229312], [-97.32663201, 15.05302636], [-97.33815288, 15.06415188], [-97.44984541, 15.17584441], [-98.00000000, 15.17584441], [-98.01802942, 15.17617717], [-98.03435560, 15.17705386], [-98.05063992, 15.17847631], [-98.06686254, 15.18044277], [-98.08300370, 15.18295086], [-98.09904373, 15.18599752], [-98.11496309, 15.18957903], [-98.13074239, 15.19369104], [-98.14636240, 15.19832853], [-98.16180409, 15.20348585], [-98.17704864, 15.20915673], [-98.19207749, 15.21533424], [-98.20687232, 15.22201087], [-98.22141511, 15.22917849], [-98.23568814, 15.23682834], [-98.24967402, 15.24495113], [-98.26335571, 15.25353694], [-98.27671655, 15.26257533], [-98.28974024, 15.27205528], [-98.30241093, 15.28196523], [-98.31471319, 15.29229312], [-98.32663201, 15.30302636], [-98.33815288, 15.31415188], [-98.44984541, 15.42584441], [-98.50000000, 15.42584441], [-98.51802942, 15.42617717], [-98.53435560, 15.42705386], [-98.55063992, 15.42847631], [-98.56686254, 15.43044277], [-98.58300370, 15.43295086], [-98.59904373, 15.43599752], [-98.61496309, 15.43957903], [-98.63074239, 15.44369104], [-98.64636240, 15.44832853], [-98.66180409, 15.45348585], [-98.67704864, 15.45915673], [-98.69207749, 15.46533424], [-98.70687232, 15.47201087], [-98.72141511, 15.47917849], [-98.73568814, 15.48682834], [-98.74967402, 15.49495113], [-98.76335572, 15.50353694], [-98.77671655, 15.51257533], [-98.78974024, 15.52205528], [-98.80241094, 15.53196523], [-98.81471319, 15.54229312], [-98.82663201, 15.55302636], [-98.83815288, 15.56415188], [-99.19984541, 15.92584441], [-100.00000000, 15.92584441], [-100.01802942, 15.92617717], [-100.03435560, 15.92705386], [-100.05063992, 15.92847631], [-100.06686254, 15.93044277], [-100.08300370, 15.93295086], [-100.09904373, 15.93599752], [-100.11496309, 15.93957903], [-100.13074239, 15.94369104], [-100.14636240, 15.94832853], [-100.16180409, 15.95348585], [-100.17704864, 15.95915673], [-100.19207749, 15.96533424], [-100.20687232, 15.97201087], [-100.22141511, 15.97917849], [-100.23568814, 15.98682834], [-100.24967402, 15.99495113], [-100.26335572, 16.00353694], [-100.27671655, 16.01257533], [-100.28974024, 16.02205528], [-100.30241094, 16.03196523], [-100.31471319, 16.04229312], [-100.32663201, 16.05302636], [-100.33815288, 16.06415188], [-100.69984541, 16.42584441], [-101.00000000, 16.42584441], [-101.01802942, 16.42617717], [-101.03435560, 16.42705386], [-101.05063992, 16.42847631], [-101.06686254, 16.43044277], [-101.08300370, 16.43295086], [-101.09904373, 16.43599752], [-101.11496309, 16.43957903], [-101.13074239, 16.44369104], [-101.14636240, 16.44832853], [-101.16180409, 16.45348585], [-101.17704864, 16.45915673], [-101.19207749, 16.46533424], [-101.20687233, 16.47201087], [-101.22141511, 16.47917849], [-101.23568814, 16.48682834], [-101.24967402, 16.49495113], [-101.26335572, 16.50353694], [-101.27671655, 16.51257533], [-101.28974024, 16.52205528], [-101.30241094, 16.53196523], [-101.31471319, 16.54229312], [-101.32663201, 16.55302636], [-101.33815288, 16.56415188], [-101.44984541, 16.67584441], [-101.50000000, 16.67584441], [-101.51802942, 16.67617717], [-101.53435560, 16.67705386], [-101.55063992, 16.67847631], [-101.56686254, 16.68044277], [-101.58300370, 16.68295086], [-101.59904373, 16.68599752], [-101.61496309, 16.68957903], [-101.63074239, 16.69369104], [-101.64636240, 16.69832853], [-101.66180409, 16.70348585], [-101.67704864, 16.70915673], [-101.69207749, 16.71533424], [-101.70687232, 16.72201087], [-101.72141511, 16.72917849], [-101.73568814, 16.73682834], [-101.74967402, 16.74495113], [-101.76335572, 16.75353694], [-101.77671655, 16.76257533], [-101.78974024, 16.77205528], [-101.80241094, 16.78196523], [-101.81471319, 16.79229312], [-101.82663201, 16.80302636], [-101.83815288, 16.81415188], [-102.19984541, 17.17584441], [-102.50000000, 17.17584441], [-102.51802942, 17.17617717], [-102.53435560, 17.17705386], [-102.55063992, 17.17847631], [-102.56686254, 17.18044277], [-102.58300370, 17.18295086], [-102.59904373, 17.18599752], [-102.61496309, 17.18957903], [-102.63074239, 17.19369104], [-102.64636240, 17.19832853], [-102.66180409, 17.20348585], [-102.67704864, 17.20915673], [-102.69207749, 17.21533424], [-102.70687233, 17.22201087], [-102.72141511, 17.22917849], [-102.73568814, 17.23682834], [-102.74967402, 17.24495113], [-102.76335572, 17.25353694], [-102.77671655, 17.26257533], [-102.78974024, 17.27205528], [-102.80241094, 17.28196523], [-102.81471319, 17.29229312], [-102.82663201, 17.30302636], [-102.83815288, 17.31415188], [-102.94984541, 17.42584441], [-103.25000000, 17.42584441], [-103.26802942, 17.42617717], [-103.28435560, 17.42705386], [-103.30063992, 17.42847631], [-103.31686254, 17.43044277], [-103.33300370, 17.43295086], [-103.34904373, 17.43599752], [-103.36496309, 17.43957903], [-103.38074239, 17.44369104], [-103.39636240, 17.44832853], [-103.41180409, 17.45348585], [-103.42704864, 17.45915673], [-103.44207749, 17.46533424], [-103.45687232, 17.47201087], [-103.47141511, 17.47917849], [-103.48568814, 17.48682834], [-103.49967402, 17.49495113], [-103.51335572, 17.50353694], [-103.52671655, 17.51257533], [-103.53974024, 17.52205528], [-103.55241094, 17.53196523], [-103.56471319, 17.54229312], [-103.57663201, 17.55302636], [-103.58815288, 17.56415188], [-103.71315288, 17.68915188], [-103.72313901, 17.69945625], [-103.73386673, 17.71128835], [-103.74415722, 17.72347221], [-103.75399796, 17.73599297], [-103.76337694, 17.74883538], [-103.77228275, 17.76198380], [-103.78070453, 17.77542221], [-103.78863202, 17.78913422], [-103.79605557, 17.80310315], [-103.80296612, 17.81731196], [-103.80935526, 17.83174336], [-103.81521521, 17.84637974], [-103.82053882, 17.86120329], [-103.82531961, 17.87619594], [-103.82955176, 17.89133943], [-103.83323011, 17.90661530], [-103.83635017, 17.92200495], [-103.83890815, 17.93748962], [-103.84090093, 17.95305046], [-103.84232608, 17.96866849], [-103.84318186, 17.98432470], [-103.84346724, 18.00000000], [-103.84346724, 18.25000000], [-103.84323752, 18.26406421], [-103.84244035, 18.27972326], [-103.84107367, 18.29534610], [-103.83913915, 18.31091369], [-103.83663915, 18.32640706], [-103.83357671, 18.34180735], [-103.82995557, 18.35709578], [-103.82578014, 18.37225373], [-103.82105550, 18.38726274], [-103.81578741, 18.40210451], [-103.80998228, 18.41676096], [-103.80364720, 18.43121425], [-103.79678988, 18.44544675], [-103.78941867, 18.45944113], [-103.78154256, 18.47318034], [-103.77317114, 18.48664763], [-103.76431460, 18.49982661], [-103.75498375, 18.51270122], [-103.74518995, 18.52525576], [-103.73494512, 18.53747494], [-103.72426176, 18.54934388], [-103.71315288, 18.56084812], [-103.58815288, 18.68584812], [-103.57542469, 18.69809549], [-103.56346577, 18.70878765], [-103.55112494, 18.71907314], [-103.53841723, 18.72893943], [-103.52535814, 18.73837450], [-103.51196356, 18.74736686], [-103.49824982, 18.75590554], [-103.48423362, 18.76398015], [-103.46993205, 18.77158084], [-103.45536252, 18.77869837], [-103.44054279, 18.78532405], [-103.42549092, 18.79144981], [-103.41022523, 18.79706819], [-103.39476434, 18.80217235], [-103.37912707, 18.80675606], [-103.36333248, 18.81081375], [-103.34739982, 18.81434046], [-103.33134848, 18.81733190], [-103.31519804, 18.81978444], [-103.29896816, 18.82169507], [-103.28267862, 18.82306147], [-103.26634927, 18.82388197], [-103.25000000, 18.82415559], [-102.00000000, 18.82415559], [-101.98197058, 18.82382283], [-101.96564440, 18.82294614], [-101.94936008, 18.82152369], [-101.93313746, 18.81955723], [-101.91699630, 18.81704914], [-101.90095627, 18.81400248], [-101.88503691, 18.81042097], [-101.86925761, 18.80630896], [-101.85363760, 18.80167147], [-101.83819591, 18.79651415], [-101.82295136, 18.79084327], [-101.80792251, 18.78466576], [-101.79312767, 18.77798912], [-101.77858489, 18.77082151], [-101.76431186, 18.76317166], [-101.75032598, 18.75504887], [-101.73664428, 18.74646306], [-101.72328345, 18.73742467], [-101.71025976, 18.72794472], [-101.69758906, 18.71803477], [-101.68528681, 18.70770688], [-101.67336799, 18.69697364], [-101.66184712, 18.68584812], [-101.55015459, 18.57415559], [-101.50000000, 18.57415559], [-101.48197058, 18.57382283], [-101.46564440, 18.57294614], [-101.44936008, 18.57152369], [-101.43313746, 18.56955723], [-101.41699630, 18.56704914], [-101.40095627, 18.56400248], [-101.38503691, 18.56042097], [-101.36925761, 18.55630896], [-101.35363760, 18.55167147], [-101.33819591, 18.54651415], [-101.32295136, 18.54084327], [-101.30792251, 18.53466576], [-101.29312767, 18.52798912], [-101.27858489, 18.52082151], [-101.26431186, 18.51317166], [-101.25032598, 18.50504887], [-101.23664428, 18.49646306], [-101.22328345, 18.48742467], [-101.21025976, 18.47794472], [-101.19758906, 18.46803477], [-101.18528681, 18.45770688], [-101.17336799, 18.44697364], [-101.16184712, 18.43584812], [-100.80015459, 18.07415559], [-100.75000000, 18.07415559], [-100.73197058, 18.07382283], [-100.71564440, 18.07294614], [-100.69936008, 18.07152369], [-100.68313746, 18.06955723], [-100.66699630, 18.06704914], [-100.65095627, 18.06400248], [-100.63503691, 18.06042097], [-100.61925761, 18.05630896], [-100.60363760, 18.05167147], [-100.58819591, 18.04651415], [-100.57295136, 18.04084327], [-100.55792251, 18.03466576], [-100.54312767, 18.02798912], [-100.52858489, 18.02082151], [-100.51431186, 18.01317166], [-100.50032598, 18.00504887], [-100.48664428, 17.99646306], [-100.47328345, 17.98742467], [-100.46025976, 17.97794472], [-100.44758906, 17.96803477], [-100.43528681, 17.95770688], [-100.42336799, 17.94697364], [-100.41184712, 17.93584812], [-100.30015459, 17.82415559], [-100.00000000, 17.82415559], [-99.98197058, 17.82382283], [-99.96564440, 17.82294614], [-99.94936008, 17.82152369], [-99.93313746, 17.81955723], [-99.91699630, 17.81704914], [-99.90095627, 17.81400248], [-99.88503691, 17.81042097], [-99.86925761, 17.80630896], [-99.85363760, 17.80167147], [-99.83819591, 17.79651415], [-99.82295136, 17.79084327], [-99.80792251, 17.78466576], [-99.79312768, 17.77798913], [-99.77858489, 17.77082151], [-99.76431186, 17.76317166], [-99.75032598, 17.75504887], [-99.73664428, 17.74646306], [-99.72328345, 17.73742467], [-99.71025976, 17.72794472], [-99.69758906, 17.71803477], [-99.68528681, 17.70770688], [-99.67336799, 17.69697364], [-99.66184712, 17.68584812], [-99.55015459, 17.57415559], [-99.50000000, 17.57415559], [-99.48197058, 17.57382283], [-99.46564440, 17.57294614], [-99.44936008, 17.57152369], [-99.43313746, 17.56955723], [-99.41699630, 17.56704914], [-99.40095627, 17.56400248], [-99.38503691, 17.56042097], [-99.36925761, 17.55630896], [-99.35363760, 17.55167147], [-99.33819591, 17.54651415], [-99.32295136, 17.54084327], [-99.30792251, 17.53466576], [-99.29312768, 17.52798913], [-99.27858489, 17.52082151], [-99.26431186, 17.51317166], [-99.25032598, 17.50504887], [-99.23664428, 17.49646306], [-99.22328345, 17.48742467], [-99.21025976, 17.47794472], [-99.19758906, 17.46803477], [-99.18528681, 17.45770688], [-99.17336799, 17.44697364], [-99.16184712, 17.43584812], [-99.05015459, 17.32415559], [-98.50000000, 17.32415559], [-98.48197058, 17.32382283], [-98.46564440, 17.32294614], [-98.44936008, 17.32152369], [-98.43313746, 17.31955723], [-98.41699630, 17.31704914], [-98.40095627, 17.31400248], [-98.38503691, 17.31042097], [-98.36925761, 17.30630896], [-98.35363760, 17.30167147], [-98.33819591, 17.29651415], [-98.32295136, 17.29084327], [-98.30792251, 17.28466576], [-98.29312767, 17.27798913], [-98.27858489, 17.27082151], [-98.26431186, 17.26317166], [-98.25032598, 17.25504887], [-98.23664428, 17.24646306], [-98.22328345, 17.23742467], [-98.21025976, 17.22794472], [-98.19758906, 17.21803477], [-98.18528681, 17.20770688], [-98.17336799, 17.19697364], [-98.16184712, 17.18584812], [-98.05015459, 17.07415559], [-98.00000000, 17.07415559], [-97.98197058, 17.07382283], [-97.96564440, 17.07294614], [-97.94936008, 17.07152369], [-97.93313746, 17.06955723], [-97.91699630, 17.06704914], [-97.90095627, 17.06400248], [-97.88503691, 17.06042097], [-97.86925761, 17.05630896], [-97.85363760, 17.05167147], [-97.83819591, 17.04651415], [-97.82295136, 17.04084327], [-97.80792251, 17.03466576], [-97.79312767, 17.02798913], [-97.77858489, 17.02082151], [-97.76431186, 17.01317166], [-97.75032598, 17.00504887], [-97.73664428, 16.99646306], [-97.72328345, 16.98742467], [-97.71025976, 16.97794472], [-97.69758906, 16.96803477], [-97.68528681, 16.95770688], [-97.67336799, 16.94697364], [-97.66184712, 16.93584812], [-97.55015459, 16.82415559], [-97.25000000, 16.82415559], [-97.23197058, 16.82382283], [-97.21564440, 16.82294614], [-97.19936008, 16.82152369], [-97.18313746, 16.81955723], [-97.16699630, 16.81704914], [-97.15095627, 16.81400248], [-97.13503691, 16.81042097], [-97.11925761, 16.80630896], [-97.10363760, 16.80167147], [-97.08819591, 16.79651415], [-97.07295136, 16.79084327], [-97.05792251, 16.78466576], [-97.04312768, 16.77798913], [-97.02858489, 16.77082151], [-97.01431186, 16.76317166], [-97.00032598, 16.75504887], [-96.98664428, 16.74646306], [-96.97328345, 16.73742467], [-96.96025976, 16.72794472], [-96.94758907, 16.71803477], [-96.93528681, 16.70770688], [-96.92336799, 16.69697364], [-96.91184712, 16.68584812], [-96.80015459, 16.57415559], [-96.75000000, 16.57415559], [-96.73197058, 16.57382283], [-96.71564440, 16.57294614], [-96.69936008, 16.57152369], [-96.68313746, 16.56955723], [-96.66699630, 16.56704914], [-96.65095627, 16.56400248], [-96.63503691, 16.56042097], [-96.61925761, 16.55630896], [-96.60363760, 16.55167147], [-96.58819591, 16.54651415], [-96.57295136, 16.54084327], [-96.55792251, 16.53466576], [-96.54312768, 16.52798913], [-96.52858489, 16.52082151], [-96.51431186, 16.51317166], [-96.50032598, 16.50504887], [-96.49997721, 16.50483000], [-96.49824982, 16.50590554], [-96.48423362, 16.51398015], [-96.46993205, 16.52158084], [-96.45536252, 16.52869837], [-96.44054279, 16.53532405], [-96.42549092, 16.54144981], [-96.41022523, 16.54706819], [-96.39476434, 16.55217235], [-96.37912707, 16.55675606], [-96.36333248, 16.56081375], [-96.34739982, 16.56434046], [-96.33134848, 16.56733190], [-96.31519804, 16.56978444], [-96.29896816, 16.57169507], [-96.28267862, 16.57306147], [-96.26634927, 16.57388197], [-96.25000000, 16.57415559], [-95.94984541, 16.57415559], [-95.33815288, 17.18584812], [-95.32542469, 17.19809549], [-95.31346577, 17.20878765], [-95.30112494, 17.21907314], [-95.28841723, 17.22893943], [-95.27535814, 17.23837450], [-95.26196356, 17.24736686], [-95.24824982, 17.25590554], [-95.23423362, 17.26398015], [-95.21993205, 17.27158084], [-95.20536252, 17.27869837], [-95.19054279, 17.28532405], [-95.17549092, 17.29144981], [-95.16022523, 17.29706819], [-95.14476434, 17.30217235], [-95.12912707, 17.30675606], [-95.11333248, 17.31081375], [-95.09739982, 17.31434046], [-95.08134848, 17.31733190], [-95.06519804, 17.31978444], [-95.04896816, 17.32169507], [-95.03267862, 17.32306147], [-95.01634927, 17.32388197], [-95.00000000, 17.32415559], [-94.75000000, 17.32415559], [-94.73197058, 17.32382283], [-94.71564440, 17.32294614], [-94.69936008, 17.32152369], [-94.68313746, 17.31955723], [-94.66699630, 17.31704914], [-94.65095627, 17.31400248], [-94.63503691, 17.31042097], [-94.61925761, 17.30630896], [-94.60363760, 17.30167147], [-94.58819591, 17.29651415], [-94.57295136, 17.29084327], [-94.55792251, 17.28466576], [-94.54312768, 17.27798913], [-94.52858489, 17.27082151], [-94.51431186, 17.26317166], [-94.50032598, 17.25504887], [-94.48664428, 17.24646306], [-94.47328345, 17.23742467], [-94.46025976, 17.22794472], [-94.44758907, 17.21803477], [-94.43528681, 17.20770688], [-94.42336799, 17.19697364], [-94.41184712, 17.18584812], [-94.30015459, 17.07415559], [-94.00000000, 17.07415559], [-93.98197058, 17.07382283], [-93.96564440, 17.07294614], [-93.94936008, 17.07152369], [-93.93313746, 17.06955723], [-93.91699630, 17.06704914], [-93.90095627, 17.06400248], [-93.88503691, 17.06042097], [-93.86925761, 17.05630896], [-93.85363760, 17.05167147], [-93.83819591, 17.04651415], [-93.82295136, 17.04084327], [-93.80792251, 17.03466576], [-93.79312768, 17.02798913], [-93.77858489, 17.02082151], [-93.76431186, 17.01317166], [-93.75032598, 17.00504887], [-93.73664428, 16.99646306], [-93.72328345, 16.98742467], [-93.71025976, 16.97794472], [-93.69758906, 16.96803477], [-93.68528681, 16.95770688], [-93.67336799, 16.94697364], [-93.66184712, 16.93584812], [-93.28684712, 16.56084812], [-93.27686099, 16.55054375], [-93.26613327, 16.53871165], [-93.25584278, 16.52652779], [-93.24600204, 16.51400703], [-93.23662306, 16.50116462], [-93.22771725, 16.48801620], [-93.21929547, 16.47457779], [-93.21136798, 16.46086578], [-93.20394443, 16.44689685], [-93.19703388, 16.43268804], [-93.19064474, 16.41825664], [-93.18478479, 16.40362026], [-93.17946118, 16.38879671], [-93.17468039, 16.37380406], [-93.17044824, 16.35866057], [-93.16676989, 16.34338470], [-93.16364983, 16.32799505], [-93.16109185, 16.31251038], [-93.15909907, 16.29694954], [-93.15767392, 16.28133151], [-93.15681814, 16.26567530], [-93.15653276, 16.25000000], [-93.15653276, 15.75000000], [-93.15676248, 15.73593579], [-93.15755965, 15.72027674], [-93.15892633, 15.70465390], [-93.16086085, 15.68908631], [-93.16336085, 15.67359294], [-93.16642329, 15.65819265], [-93.17004443, 15.64290422], [-93.17421986, 15.62774627], [-93.17894450, 15.61273726], [-93.18421259, 15.59789549], [-93.19001772, 15.58323904], [-93.19635280, 15.56878575], [-93.20321012, 15.55455325], [-93.21058133, 15.54055887], [-93.21845744, 15.52681966], [-93.22682886, 15.51335237], [-93.23568540, 15.50017339], [-93.24501625, 15.48729878], [-93.25481005, 15.47474424], [-93.26505488, 15.46252506], [-93.27573824, 15.45065612], [-93.28684712, 15.43915188], [-93.41184712, 15.31415188], [-93.42457531, 15.30190451], [-93.43653423, 15.29121235], [-93.44887506, 15.28092686], [-93.46158277, 15.27106057], [-93.47464186, 15.26162550], [-93.48803644, 15.25263314], [-93.50175018, 15.24409446], [-93.51576638, 15.23601985], [-93.53006795, 15.22841916], [-93.54463748, 15.22130163], [-93.55945721, 15.21467595], [-93.57450908, 15.20855019], [-93.58977477, 15.20293181], [-93.60523566, 15.19782765], [-93.62087293, 15.19324394], [-93.63666752, 15.18918625], [-93.65260018, 15.18565954], [-93.66865152, 15.18266810], [-93.68480196, 15.18021556], [-93.70103184, 15.17830493], [-93.71732138, 15.17693853], [-93.73365073, 15.17611803], [-93.75000000, 15.17584441], [-94.00000000, 15.17584441], [-94.01802942, 15.17617717], [-94.03435560, 15.17705386], [-94.05063992, 15.17847631], [-94.06686254, 15.18044277], [-94.08300370, 15.18295086], [-94.09904373, 15.18599752], [-94.11496309, 15.18957903], [-94.13074239, 15.19369104], [-94.14636240, 15.19832853], [-94.16180409, 15.20348585], [-94.17704864, 15.20915673], [-94.19207749, 15.21533424], [-94.20687233, 15.22201088], [-94.22141511, 15.22917849], [-94.23568814, 15.23682834], [-94.24967402, 15.24495113], [-94.26335572, 15.25353694], [-94.27671655, 15.26257533], [-94.28974024, 15.27205528], [-94.30241094, 15.28196523], [-94.31471319, 15.29229312], [-94.32663201, 15.30302636], [-94.33815288, 15.31415188], [-94.44984541, 15.42584441], [-94.80015459, 15.42584441], [-94.91184712, 15.31415188], [-94.92457531, 15.30190451], [-94.93653423, 15.29121235], [-94.94887506, 15.28092686], [-94.96158277, 15.27106057], [-94.97464186, 15.26162550], [-94.98803644, 15.25263314], [-95.00175018, 15.24409446], [-95.01576638, 15.23601985], [-95.03006795, 15.22841916], [-95.04463748, 15.22130163], [-95.05945721, 15.21467595], [-95.07450908, 15.20855019], [-95.08977477, 15.20293181], [-95.10523566, 15.19782765], [-95.12087293, 15.19324394], [-95.13666752, 15.18918625], [-95.15260018, 15.18565954], [-95.16865152, 15.18266810], [-95.18480196, 15.18021556], [-95.20103184, 15.17830493], [-95.21732138, 15.17693853], [-95.23365073, 15.17611803], [-95.25000000, 15.17584441], [-95.55015459, 15.17584441], [-95.66184712, 15.06415188], [-95.67457531, 15.05190451], [-95.68653423, 15.04121235], [-95.69887506, 15.03092686], [-95.71158277, 15.02106057], [-95.72464186, 15.01162550], [-95.73803644, 15.00263314], [-95.75175018, 14.99409446], [-95.76576638, 14.98601985], [-95.78006795, 14.97841916], [-95.79463748, 14.97130163], [-95.80945721, 14.96467595], [-95.82450908, 14.95855019], [-95.83977477, 14.95293181], [-95.85523566, 14.94782765], [-95.87087293, 14.94324394], [-95.88666752, 14.93918625], [-95.90260018, 14.93565954], [-95.91865152, 14.93266810], [-95.93480196, 14.93021556], [-95.95103184, 14.92830493], [-95.96732138, 14.92693853], [-95.98365073, 14.92611803], [-96.00000000, 14.92584441]]]}
    },
    {
      "type": "Feature",
      "properties": {"block_id": "ADC_NA_05", "basin_id": "BASIN_NA", "basin_label": "North American East and West Coasts", "domain_count": 1, "grid_cell_count": 77, "outer_area_km2": 1397883.463451, "shelf_width_km": 250.000000, "outer_buffer_km": 430.000000, "shelf_add_area_km2": 0.000000, "shelf_add_cell_count": 0, "shelf_add_component_count": 0, "bay_add_area_km2": 517944.420317, "bay_add_cell_count": 580, "bay_add_core_cell_count": 580, "bay_add_component_count": 2, "open_ocean_area_risk": 0},
      "geometry": {"type": "Polygon", "coordinates": [[[-95.25000000, 17.42584441], [-96.50000000, 17.42584441], [-96.52384168, 17.42640073], [-96.54052933, 17.42745395], [-96.55716760, 17.42905243], [-96.57373621, 17.43119423], [-96.59021499, 17.43387673], [-96.60658386, 17.43709668], [-96.62282287, 17.44085015], [-96.63891224, 17.44513256], [-96.65483237, 17.44993870], [-96.67056386, 17.45526271], [-96.68608754, 17.46109810], [-96.70138450, 17.46743777], [-96.71643611, 17.47427399], [-96.73122402, 17.48159844], [-96.74573023, 17.48940218], [-96.75993704, 17.49767572], [-96.77382717, 17.50640897], [-96.78738368, 17.51559129], [-96.80059005, 17.52521149], [-96.81343021, 17.53525786], [-96.82588849, 17.54571815], [-96.83794973, 17.55657961], [-96.84959924, 17.56782903], [-96.97459924, 17.69282903], [-96.98109462, 17.69945625], [-96.99206749, 17.71128835], [-97.00259315, 17.72347221], [-97.01265876, 17.73599297], [-97.02225207, 17.74883538], [-97.03136140, 17.76198380], [-97.03997563, 17.77542221], [-97.04808428, 17.78913422], [-97.05567746, 17.80310315], [-97.06274594, 17.81731196], [-97.06928108, 17.83174336], [-97.07527494, 17.84637974], [-97.08072021, 17.86120329], [-97.08561025, 17.87619594], [-97.08993911, 17.89133943], [-97.09370151, 17.90661530], [-97.09689287, 17.92200495], [-97.09950931, 17.93748962], [-97.10154762, 17.95305046], [-97.10300534, 17.96866849], [-97.10388068, 17.98432470], [-97.10417258, 18.00000000], [-97.10417258, 18.25000000], [-97.10407640, 18.25899898], [-97.10344951, 18.27466566], [-97.10223970, 18.29030228], [-97.10044845, 18.30588980], [-97.09807795, 18.32140923], [-97.09513106, 18.33684166], [-97.09161140, 18.35216829], [-97.08752324, 18.36737043], [-97.08287157, 18.38242958], [-97.07766205, 18.39732739], [-97.07190103, 18.41204570], [-97.06559554, 18.42656658], [-97.05875324, 18.44087234], [-97.05138248, 18.45494556], [-97.04349225, 18.46876908], [-97.03509214, 18.48232606], [-97.02619240, 18.49559999], [-97.01680387, 18.50857470], [-97.00693798, 18.52123437], [-96.99660677, 18.53356358], [-96.98582281, 18.54554731], [-96.97459924, 18.55717097], [-96.90677021, 18.62500000], [-96.97459924, 18.69282903], [-96.98109462, 18.69945625], [-96.99206749, 18.71128835], [-97.00259315, 18.72347221], [-97.01265876, 18.73599297], [-97.02225207, 18.74883538], [-97.03136140, 18.76198380], [-97.03997563, 18.77542221], [-97.04808428, 18.78913422], [-97.05567746, 18.80310315], [-97.06274594, 18.81731196], [-97.06928108, 18.83174336], [-97.07527494, 18.84637974], [-97.08072021, 18.86120329], [-97.08561025, 18.87619594], [-97.08993911, 18.89133943], [-97.09370151, 18.90661530], [-97.09689287, 18.92200495], [-97.09950931, 18.93748962], [-97.10154762, 18.95305046], [-97.10300534, 18.96866849], [-97.10388068, 18.98432470], [-97.10417258, 19.00000000], [-97.10417258, 19.32240237], [-98.22459924, 20.44282903], [-98.23109462, 20.44945625], [-98.24206749, 20.46128835], [-98.25259315, 20.47347221], [-98.26265876, 20.48599297], [-98.27225207, 20.49883538], [-98.28136140, 20.51198380], [-98.28997563, 20.52542221], [-98.29808428, 20.53913422], [-98.30567746, 20.55310315], [-98.31274594, 20.56731196], [-98.31928108, 20.58174336], [-98.32527494, 20.59637974], [-98.33072021, 20.61120329], [-98.33561025, 20.62619594], [-98.33993911, 20.64133943], [-98.34370151, 20.65661530], [-98.34689287, 20.67200495], [-98.34950931, 20.68748962], [-98.35154762, 20.70305046], [-98.35300534, 20.71866849], [-98.35388068, 20.73432470], [-98.35417258, 20.75000000], [-98.35417258, 20.82240237], [-98.45761462, 20.92584441], [-98.50000000, 20.92584441], [-98.52384168, 20.92640073], [-98.54052933, 20.92745395], [-98.55716760, 20.92905243], [-98.57373621, 20.93119423], [-98.59021499, 20.93387673], [-98.60658386, 20.93709668], [-98.62282287, 20.94085015], [-98.63891224, 20.94513256], [-98.65483237, 20.94993870], [-98.67056386, 20.95526271], [-98.68608754, 20.96109810], [-98.70138450, 20.96743777], [-98.71643611, 20.97427399], [-98.73122402, 20.98159844], [-98.74573023, 20.98940218], [-98.75993704, 20.99767572], [-98.77382717, 21.00640897], [-98.78738368, 21.01559129], [-98.80059005, 21.02521149], [-98.81343021, 21.03525786], [-98.82588849, 21.04571815], [-98.83794973, 21.05657961], [-98.84959924, 21.06782903], [-99.22459924, 21.44282903], [-99.23109462, 21.44945625], [-99.24206749, 21.46128835], [-99.25259315, 21.47347221], [-99.26265876, 21.48599297], [-99.27225207, 21.49883538], [-99.28136140, 21.51198380], [-99.28997563, 21.52542221], [-99.29808428, 21.53913422], [-99.30567746, 21.55310315], [-99.31274594, 21.56731196], [-99.31928108, 21.58174336], [-99.32527494, 21.59637974], [-99.33072021, 21.61120329], [-99.33561025, 21.62619594], [-99.33993911, 21.64133943], [-99.34370151, 21.65661530], [-99.34689287, 21.67200495], [-99.34950931, 21.68748962], [-99.35154762, 21.70305046], [-99.35300534, 21.71866849], [-99.35388068, 21.73432470], [-99.35417258, 21.75000000], [-99.35417258, 22.75000000], [-99.35407640, 22.75899898], [-99.35344951, 22.77466566], [-99.35223970, 22.79030228], [-99.35044845, 22.80588980], [-99.34807795, 22.82140923], [-99.34513106, 22.83684166], [-99.34161140, 22.85216829], [-99.33752324, 22.86737043], [-99.33287157, 22.88242958], [-99.32766205, 22.89732739], [-99.32190103, 22.91204570], [-99.31559554, 22.92656658], [-99.30875324, 22.94087234], [-99.30138248, 22.95494556], [-99.29349225, 22.96876908], [-99.28509214, 22.98232606], [-99.27619240, 22.99559999], [-99.26680387, 23.00857470], [-99.25693798, 23.02123437], [-99.24660677, 23.03356358], [-99.23582281, 23.04554731], [-99.22459924, 23.05717097], [-99.09959924, 23.18217097], [-99.08286124, 23.19809549], [-99.07062904, 23.20878765], [-99.05800620, 23.21907314], [-99.04500810, 23.22893943], [-99.03165058, 23.23837450], [-99.01794991, 23.24736686], [-99.00392278, 23.25590554], [-98.98958629, 23.26398015], [-98.97495790, 23.27158084], [-98.96005543, 23.27869837], [-98.94489705, 23.28532405], [-98.92950121, 23.29144981], [-98.91388668, 23.29706819], [-98.89807247, 23.30217235], [-98.88207786, 23.30675606], [-98.86592234, 23.31081375], [-98.84962558, 23.31434046], [-98.83320745, 23.31733190], [-98.81668793, 23.31978444], [-98.81400539, 23.32009318], [-98.81928108, 23.33174336], [-98.82527494, 23.34637974], [-98.83072021, 23.36120329], [-98.83561025, 23.37619594], [-98.83993911, 23.39133943], [-98.84370151, 23.40661530], [-98.84689287, 23.42200495], [-98.84950931, 23.43748962], [-98.85154762, 23.45305046], [-98.85300534, 23.46866849], [-98.85388068, 23.48432470], [-98.85417258, 23.50000000], [-98.85417258, 24.00000000], [-98.85407640, 24.00899898], [-98.85344951, 24.02466566], [-98.85223970, 24.04030228], [-98.85044845, 24.05588980], [-98.84807795, 24.07140923], [-98.84513106, 24.08684166], [-98.84161140, 24.10216829], [-98.83752324, 24.11737043], [-98.83287157, 24.13242958], [-98.82766205, 24.14732739], [-98.82190103, 24.16204570], [-98.81559554, 24.17656658], [-98.80875324, 24.19087234], [-98.80138248, 24.20494556], [-98.79349225, 24.21876908], [-98.78509214, 24.23232606], [-98.77619240, 24.24559999], [-98.76680387, 24.25857470], [-98.75693798, 24.27123437], [-98.74660677, 24.28356358], [-98.73582281, 24.29554731], [-98.72459924, 24.30717097], [-98.60417258, 24.42759763], [-98.60417258, 24.50000000], [-98.60407640, 24.50899898], [-98.60344951, 24.52466566], [-98.60223970, 24.54030228], [-98.60044845, 24.55588980], [-98.59807794, 24.57140923], [-98.59513106, 24.58684166], [-98.59161140, 24.60216829], [-98.58752324, 24.61737043], [-98.58287157, 24.63242958], [-98.57766205, 24.64732739], [-98.57190103, 24.66204570], [-98.56559554, 24.67656658], [-98.55875324, 24.69087234], [-98.55138248, 24.70494556], [-98.54349225, 24.71876908], [-98.53509214, 24.73232606], [-98.52619240, 24.74559999], [-98.51680387, 24.75857470], [-98.50693798, 24.77123437], [-98.49660677, 24.78356358], [-98.48582281, 24.79554731], [-98.47459924, 24.80717097], [-98.34959924, 24.93217097], [-98.33286124, 24.94809549], [-98.32062904, 24.95878765], [-98.30800620, 24.96907314], [-98.29500810, 24.97893943], [-98.28165058, 24.98837450], [-98.26794991, 24.99736686], [-98.25392278, 25.00590554], [-98.23958629, 25.01398015], [-98.22495790, 25.02158084], [-98.21005543, 25.02869837], [-98.19489705, 25.03532405], [-98.17950121, 25.04144981], [-98.16388668, 25.04706819], [-98.14807247, 25.05217235], [-98.13207786, 25.05675606], [-98.11592234, 25.06081375], [-98.09962558, 25.06434046], [-98.08320745, 25.06733190], [-98.06668793, 25.06978444], [-98.05008717, 25.07169507], [-98.03342539, 25.07306147], [-98.01672288, 25.07388197], [-98.00000000, 25.07415559], [-97.50000000, 25.07415559], [-97.47615832, 25.07359927], [-97.45947067, 25.07254605], [-97.44283240, 25.07094757], [-97.42626379, 25.06880577], [-97.40978501, 25.06612327], [-97.39341614, 25.06290332], [-97.37717713, 25.05914985], [-97.36108776, 25.05486744], [-97.34516763, 25.05006130], [-97.32943614, 25.04473729], [-97.31391246, 25.03890190], [-97.29861550, 25.03256223], [-97.28356389, 25.02572601], [-97.26877598, 25.01840156], [-97.25426977, 25.01059782], [-97.24006296, 25.00232428], [-97.22617283, 24.99359103], [-97.21261632, 24.98440871], [-97.19940995, 24.97478851], [-97.18656979, 24.96474214], [-97.17411151, 24.95428185], [-97.16205027, 24.94342039], [-97.15040076, 24.93217097], [-97.02540076, 24.80717097], [-97.01890538, 24.80054375], [-97.00793251, 24.78871165], [-96.99740685, 24.77652779], [-96.98734124, 24.76400703], [-96.97774793, 24.75116462], [-96.96863860, 24.73801620], [-96.96002437, 24.72457779], [-96.95191572, 24.71086578], [-96.94432254, 24.69689685], [-96.93725406, 24.68268804], [-96.93071892, 24.66825664], [-96.92472506, 24.65362026], [-96.91927979, 24.63879671], [-96.91438975, 24.62380406], [-96.91006089, 24.60866057], [-96.90629849, 24.59338470], [-96.90310713, 24.57799505], [-96.90049069, 24.56251038], [-96.89845238, 24.54694954], [-96.89699466, 24.53133151], [-96.89611932, 24.51567530], [-96.89582742, 24.50000000], [-96.89582742, 23.50000000], [-96.89592360, 23.49100102], [-96.89655049, 23.47533434], [-96.89776030, 23.45969772], [-96.89955155, 23.44411020], [-96.90192205, 23.42859077], [-96.90486894, 23.41315834], [-96.90838860, 23.39783171], [-96.91247676, 23.38262957], [-96.91712843, 23.36757042], [-96.92233795, 23.35267261], [-96.92809897, 23.33795430], [-96.93440446, 23.32343342], [-96.94124676, 23.30912766], [-96.94861752, 23.29505444], [-96.95650775, 23.28123092], [-96.96490786, 23.26767394], [-96.97380760, 23.25440001], [-96.98319613, 23.24142530], [-96.99306202, 23.22876563], [-97.00339323, 23.21643642], [-97.01417719, 23.20445269], [-97.02540076, 23.19282903], [-97.14582742, 23.07240237], [-97.14582742, 22.67759763], [-97.02540076, 22.55717097], [-97.01890538, 22.55054375], [-97.00793251, 22.53871165], [-96.99740685, 22.52652779], [-96.98734124, 22.51400703], [-96.97774793, 22.50116462], [-96.96863860, 22.48801620], [-96.96002437, 22.47457779], [-96.95191572, 22.46086578], [-96.94432254, 22.44689685], [-96.93725406, 22.43268804], [-96.93071892, 22.41825664], [-96.92472506, 22.40362026], [-96.91927979, 22.38879671], [-96.91438975, 22.37380406], [-96.91006089, 22.35866057], [-96.90629849, 22.34338470], [-96.90310713, 22.32799505], [-96.90049069, 22.31251038], [-96.89845238, 22.29694954], [-96.89699466, 22.28133151], [-96.89611932, 22.26567530], [-96.89582742, 22.25000000], [-96.89582742, 22.17759763], [-96.77540076, 22.05717097], [-96.76890538, 22.05054375], [-96.75793251, 22.03871165], [-96.74740685, 22.02652779], [-96.73734124, 22.01400703], [-96.72774793, 22.00116462], [-96.71863860, 21.98801620], [-96.71002437, 21.97457779], [-96.70191572, 21.96086578], [-96.69432254, 21.94689685], [-96.68725406, 21.93268804], [-96.68071892, 21.91825664], [-96.67472506, 21.90362026], [-96.66927979, 21.88879671], [-96.66438975, 21.87380406], [-96.66006089, 21.85866057], [-96.65629849, 21.84338470], [-96.65310713, 21.82799505], [-96.65049069, 21.81251038], [-96.64845238, 21.79694954], [-96.64699466, 21.78133151], [-96.64611932, 21.76567530], [-96.64582742, 21.75000000], [-96.64582742, 21.42759763], [-96.52540076, 21.30717097], [-96.51890538, 21.30054375], [-96.50793251, 21.28871165], [-96.49740685, 21.27652779], [-96.48734124, 21.26400703], [-96.47774793, 21.25116462], [-96.46863860, 21.23801620], [-96.46002437, 21.22457779], [-96.45191572, 21.21086578], [-96.44432254, 21.19689685], [-96.43725406, 21.18268804], [-96.43071892, 21.16825664], [-96.42472506, 21.15362026], [-96.41927979, 21.13879671], [-96.41438975, 21.12380406], [-96.41006089, 21.10866057], [-96.40629849, 21.09338470], [-96.40310713, 21.07799505], [-96.40049069, 21.06251038], [-96.39845238, 21.04694954], [-96.39699466, 21.03133151], [-96.39611932, 21.01567530], [-96.39582742, 21.00000000], [-96.39582742, 20.92759763], [-95.77540076, 20.30717097], [-95.76890538, 20.30054375], [-95.75793251, 20.28871165], [-95.74740685, 20.27652779], [-95.73734124, 20.26400703], [-95.72774793, 20.25116462], [-95.71863860, 20.23801620], [-95.71002437, 20.22457779], [-95.70191572, 20.21086578], [-95.69432254, 20.19689685], [-95.68725406, 20.18268804], [-95.68071892, 20.16825664], [-95.67472506, 20.15362026], [-95.66927979, 20.13879671], [-95.66438975, 20.12380406], [-95.66006089, 20.10866057], [-95.65629849, 20.09338470], [-95.65310713, 20.07799505], [-95.65049069, 20.06251038], [-95.64845238, 20.04694954], [-95.64699466, 20.03133151], [-95.64611932, 20.01567530], [-95.64582742, 20.00000000], [-95.64582742, 19.92759763], [-95.04238538, 19.32415559], [-94.75000000, 19.32415559], [-94.72615832, 19.32359927], [-94.70947067, 19.32254605], [-94.69283240, 19.32094757], [-94.67626379, 19.31880577], [-94.65978501, 19.31612327], [-94.64341614, 19.31290332], [-94.62717713, 19.30914985], [-94.61108776, 19.30486744], [-94.59516763, 19.30006130], [-94.57943614, 19.29473729], [-94.56391246, 19.28890190], [-94.54861550, 19.28256223], [-94.53356389, 19.27572601], [-94.51877598, 19.26840156], [-94.50426977, 19.26059782], [-94.49006296, 19.25232428], [-94.47617283, 19.24359103], [-94.46261632, 19.23440871], [-94.44940995, 19.22478851], [-94.43656979, 19.21474214], [-94.42411151, 19.20428186], [-94.41205027, 19.19342039], [-94.40040076, 19.18217097], [-94.27540076, 19.05717097], [-94.26890538, 19.05054375], [-94.25793251, 19.03871165], [-94.24740685, 19.02652779], [-94.23734124, 19.01400703], [-94.22774793, 19.00116462], [-94.21863860, 18.98801620], [-94.21002437, 18.97457779], [-94.20191572, 18.96086578], [-94.19432254, 18.94689685], [-94.18725406, 18.93268804], [-94.18071892, 18.91825664], [-94.17472506, 18.90362026], [-94.16927979, 18.88879671], [-94.16438975, 18.87380406], [-94.16006089, 18.85866057], [-94.15629849, 18.84338470], [-94.15310713, 18.82799505], [-94.15049069, 18.81251038], [-94.14845238, 18.79694954], [-94.14699466, 18.78133151], [-94.14611932, 18.76567530], [-94.14582742, 18.75000000], [-94.14582742, 18.25000000], [-94.14592360, 18.24100102], [-94.14655049, 18.22533434], [-94.14776030, 18.20969772], [-94.14955155, 18.19411020], [-94.15192205, 18.17859077], [-94.15486894, 18.16315834], [-94.15838860, 18.14783171], [-94.16247676, 18.13262957], [-94.16712843, 18.11757042], [-94.17233795, 18.10267261], [-94.17809897, 18.08795430], [-94.18440446, 18.07343342], [-94.19124676, 18.05912766], [-94.19861752, 18.04505444], [-94.20650775, 18.03123092], [-94.21490786, 18.01767394], [-94.22380760, 18.00440001], [-94.23319613, 17.99142530], [-94.24306202, 17.97876563], [-94.25339323, 17.96643642], [-94.26417719, 17.95445269], [-94.27540076, 17.94282903], [-94.40040076, 17.81782903], [-94.41713876, 17.80190451], [-94.42937096, 17.79121235], [-94.44199380, 17.78092686], [-94.45499190, 17.77106057], [-94.46834942, 17.76162550], [-94.48205009, 17.75263314], [-94.49607722, 17.74409446], [-94.51041371, 17.73601985], [-94.52504210, 17.72841916], [-94.53994457, 17.72130163], [-94.55510295, 17.71467595], [-94.57049879, 17.70855019], [-94.58611332, 17.70293181], [-94.60192753, 17.69782765], [-94.61792214, 17.69324394], [-94.63407766, 17.68918625], [-94.65037442, 17.68565954], [-94.66679255, 17.68266810], [-94.68331207, 17.68021556], [-94.69991283, 17.67830493], [-94.71657461, 17.67693853], [-94.73327712, 17.67611803], [-94.75000000, 17.67584441], [-94.79238538, 17.67584441], [-94.90040076, 17.56782903], [-94.91713876, 17.55190451], [-94.92937096, 17.54121235], [-94.94199380, 17.53092686], [-94.95499190, 17.52106057], [-94.96834942, 17.51162550], [-94.98205009, 17.50263314], [-94.99607722, 17.49409446], [-95.01041371, 17.48601985], [-95.02504210, 17.47841916], [-95.03994457, 17.47130163], [-95.05510295, 17.46467595], [-95.07049879, 17.45855019], [-95.08611332, 17.45293181], [-95.10192753, 17.44782765], [-95.11792214, 17.44324394], [-95.13407766, 17.43918625], [-95.15037442, 17.43565954], [-95.16679255, 17.43266810], [-95.18331207, 17.43021556], [-95.19991283, 17.42830493], [-95.21657461, 17.42693853], [-95.23327712, 17.42611803], [-95.25000000, 17.42584441]]]}
    },
    {
      "type": "Feature",
      "properties": {"block_id": "ADC_NA_06", "basin_id": "BASIN_NA", "basin_label": "North American East and West Coasts", "domain_count": 2, "grid_cell_count": 103, "outer_area_km2": 2876406.676817, "shelf_width_km": 250.000000, "outer_buffer_km": 430.000000, "shelf_add_area_km2": 0.000000, "shelf_add_cell_count": 0, "shelf_add_component_count": 0, "bay_add_area_km2": 1862377.195677, "bay_add_cell_count": 2155, "bay_add_core_cell_count": 2155, "bay_add_component_count": 5, "open_ocean_area_risk": 0},
      "geometry": {"type": "Polygon", "coordinates": [[[-83.25000000, 9.67584441], [-83.75000000, 9.67584441], [-83.76508011, 9.67608276], [-83.78121919, 9.67686683], [-83.79732023, 9.67819689], [-83.81336362, 9.68007130], [-83.82932981, 9.68248779], [-83.84519935, 9.68544341], [-83.86095291, 9.68893457], [-83.87657128, 9.69295700], [-83.89203545, 9.69750581], [-83.90732657, 9.70257546], [-83.92242602, 9.70815977], [-83.93731538, 9.71425193], [-83.95197654, 9.72084452], [-83.96639161, 9.72792952], [-83.98054305, 9.73549829], [-83.99441360, 9.74354160], [-84.00798637, 9.75204966], [-84.02124483, 9.76101211], [-84.03417282, 9.77041801], [-84.04675459, 9.78025593], [-84.05897480, 9.79051385], [-84.07081858, 9.80117930], [-84.08227149, 9.81223928], [-84.45727149, 10.18723928], [-84.46904140, 10.19945625], [-84.47964285, 10.21128835], [-84.48981223, 10.22347221], [-84.49953714, 10.23599297], [-84.50880573, 10.24883538], [-84.51760672, 10.26198380], [-84.52592937, 10.27542221], [-84.53376356, 10.28913422], [-84.54109973, 10.30310315], [-84.54792894, 10.31731196], [-84.55424288, 10.33174336], [-84.56003386, 10.34637974], [-84.56529481, 10.36120329], [-84.57001933, 10.37619594], [-84.57420167, 10.39133943], [-84.57783672, 10.40661530], [-84.58092006, 10.42200495], [-84.58344793, 10.43748962], [-84.58541725, 10.45305046], [-84.58682563, 10.46866849], [-84.58767134, 10.48432470], [-84.58795336, 10.50000000], [-84.58795336, 11.06792115], [-84.70727149, 11.18723928], [-84.71904140, 11.19945625], [-84.72964285, 11.21128835], [-84.73981223, 11.22347221], [-84.74953714, 11.23599297], [-84.75880573, 11.24883538], [-84.76760672, 11.26198380], [-84.77592937, 11.27542221], [-84.78376356, 11.28913422], [-84.79109973, 11.30310315], [-84.79792894, 11.31731196], [-84.80424288, 11.33174336], [-84.81003386, 11.34637974], [-84.81529481, 11.36120329], [-84.82001933, 11.37619594], [-84.82420167, 11.39133943], [-84.82783672, 11.40661530], [-84.83092006, 11.42200495], [-84.83344793, 11.43748962], [-84.83541726, 11.45305046], [-84.83682563, 11.46866849], [-84.83767134, 11.48432470], [-84.83795336, 11.50000000], [-84.83795336, 11.56792115], [-84.95727149, 11.68723928], [-84.96904140, 11.69945625], [-84.97964285, 11.71128835], [-84.98981223, 11.72347221], [-84.99953714, 11.73599297], [-85.00880573, 11.74883538], [-85.01760672, 11.76198380], [-85.02592937, 11.77542221], [-85.03376356, 11.78913422], [-85.04109973, 11.80310315], [-85.04792894, 11.81731196], [-85.05424288, 11.83174336], [-85.06003386, 11.84637974], [-85.06529481, 11.86120329], [-85.07001933, 11.87619594], [-85.07420167, 11.89133943], [-85.07783672, 11.90661530], [-85.08092006, 11.92200495], [-85.08344793, 11.93748962], [-85.08541726, 11.95305046], [-85.08682563, 11.96866849], [-85.08767134, 11.98432470], [-85.08795336, 12.00000000], [-85.08795336, 13.50000000], [-85.08763249, 13.51671986], [-85.08674923, 13.53237411], [-85.08530340, 13.54798893], [-85.08329675, 13.56354527], [-85.08073175, 13.57902419], [-85.07761150, 13.59440684], [-85.07393982, 13.60967446], [-85.06972117, 13.62480847], [-85.06496070, 13.63979041], [-85.05966421, 13.65460204], [-85.05383814, 13.66922531], [-85.04748960, 13.68364241], [-85.04062632, 13.69783577], [-85.03325667, 13.71178809], [-85.02538961, 13.72548239], [-85.01703475, 13.73890196], [-85.00820225, 13.75203048], [-84.99890288, 13.76485193], [-84.98914796, 13.77735070], [-84.97894939, 13.78951156], [-84.96831958, 13.80131970], [-84.95727149, 13.81276072], [-84.39503221, 14.37500000], [-84.94587663, 14.92584441], [-85.00000000, 14.92584441], [-85.01508011, 14.92608276], [-85.03121919, 14.92686683], [-85.04732023, 14.92819689], [-85.06336362, 14.93007130], [-85.07932981, 14.93248779], [-85.09519935, 14.93544341], [-85.11095291, 14.93893457], [-85.12657128, 14.94295700], [-85.14203545, 14.94750581], [-85.15732657, 14.95257546], [-85.17242602, 14.95815977], [-85.18731538, 14.96425193], [-85.20197654, 14.97084452], [-85.21639161, 14.97792952], [-85.23054305, 14.98549829], [-85.24441360, 14.99354160], [-85.25798637, 15.00204966], [-85.27124483, 15.01101211], [-85.28417282, 15.02041801], [-85.29675459, 15.03025593], [-85.30897480, 15.04051385], [-85.32081858, 15.05117930], [-85.33227149, 15.06223928], [-85.44587663, 15.17584441], [-85.80412337, 15.17584441], [-85.91772851, 15.06223928], [-85.92840557, 15.05190451], [-85.94022374, 15.04121235], [-85.95241932, 15.03092686], [-85.96497745, 15.02106057], [-85.97788284, 15.01162550], [-85.99111977, 15.00263314], [-86.00467210, 14.99409446], [-86.01852332, 14.98601985], [-86.03265656, 14.97841916], [-86.04705460, 14.97130163], [-86.06169990, 14.96467595], [-86.07657462, 14.95855019], [-86.09166062, 14.95293181], [-86.10693954, 14.94782765], [-86.12239276, 14.94324394], [-86.13800145, 14.93918625], [-86.15374658, 14.93565954], [-86.16960899, 14.93266810], [-86.18556934, 14.93021556], [-86.20160820, 14.92830493], [-86.21770601, 14.92693853], [-86.23384316, 14.92611803], [-86.25000000, 14.92584441], [-88.25000000, 14.92584441], [-88.26508011, 14.92608276], [-88.28121919, 14.92686683], [-88.29732023, 14.92819689], [-88.31336362, 14.93007130], [-88.32932981, 14.93248779], [-88.34519935, 14.93544341], [-88.36095291, 14.93893457], [-88.37657128, 14.94295700], [-88.39203545, 14.94750581], [-88.40732657, 14.95257546], [-88.42242602, 14.95815977], [-88.43731538, 14.96425193], [-88.45197654, 14.97084452], [-88.46639161, 14.97792952], [-88.48054305, 14.98549829], [-88.49441360, 14.99354160], [-88.50798637, 15.00204966], [-88.52124483, 15.01101211], [-88.53417282, 15.02041801], [-88.54675459, 15.03025593], [-88.55897480, 15.04051385], [-88.57081858, 15.05117930], [-88.58227149, 15.06223928], [-88.70727149, 15.18723928], [-88.71904140, 15.19945625], [-88.72964285, 15.21128835], [-88.73981223, 15.22347221], [-88.74953714, 15.23599297], [-88.75880573, 15.24883538], [-88.76760672, 15.26198380], [-88.77592937, 15.27542221], [-88.78376356, 15.28913422], [-88.79109973, 15.30310315], [-88.79792894, 15.31731196], [-88.80424288, 15.33174336], [-88.81003386, 15.34637974], [-88.81529481, 15.36120329], [-88.82001933, 15.37619594], [-88.82420167, 15.39133943], [-88.82783672, 15.40661530], [-88.83092006, 15.42200495], [-88.83344793, 15.43748962], [-88.83541725, 15.45305046], [-88.83682563, 15.46866849], [-88.83767134, 15.48432470], [-88.83795336, 15.50000000], [-88.83795336, 16.00000000], [-88.83763249, 16.01671986], [-88.83674923, 16.03237411], [-88.83530340, 16.04798893], [-88.83329675, 16.06354527], [-88.83073175, 16.07902419], [-88.82761150, 16.09440684], [-88.82393982, 16.10967446], [-88.81972117, 16.12480847], [-88.81496070, 16.13979041], [-88.80966421, 16.15460204], [-88.80383814, 16.16922531], [-88.79748960, 16.18364241], [-88.79062632, 16.19783577], [-88.78325667, 16.21178809], [-88.77538961, 16.22548239], [-88.76703475, 16.23890196], [-88.75820225, 16.25203048], [-88.74890288, 16.26485193], [-88.73914796, 16.27735070], [-88.72894939, 16.28951156], [-88.71831958, 16.30131970], [-88.70727149, 16.31276072], [-88.58227149, 16.43776072], [-88.57159443, 16.44809549], [-88.55977626, 16.45878765], [-88.54758068, 16.46907314], [-88.53502255, 16.47893943], [-88.52211716, 16.48837450], [-88.50888023, 16.49736686], [-88.49532790, 16.50590554], [-88.48147668, 16.51398015], [-88.46734344, 16.52158084], [-88.45294540, 16.52869837], [-88.43830010, 16.53532405], [-88.42342538, 16.54144981], [-88.40833938, 16.54706819], [-88.39306046, 16.55217235], [-88.37760724, 16.55675606], [-88.36199855, 16.56081375], [-88.34625342, 16.56434046], [-88.33039101, 16.56733190], [-88.31443065, 16.56978444], [-88.29839180, 16.57169507], [-88.28229399, 16.57306147], [-88.26615684, 16.57388197], [-88.25000000, 16.57415559], [-87.44587663, 16.57415559], [-87.33227149, 16.68776072], [-87.32159443, 16.69809549], [-87.30977626, 16.70878765], [-87.29758068, 16.71907314], [-87.28502255, 16.72893943], [-87.27211716, 16.73837450], [-87.25888023, 16.74736686], [-87.24532790, 16.75590554], [-87.23147668, 16.76398015], [-87.21734344, 16.77158084], [-87.20294540, 16.77869837], [-87.18830010, 16.78532405], [-87.17342538, 16.79144981], [-87.15833938, 16.79706819], [-87.14306046, 16.80217235], [-87.12760724, 16.80675606], [-87.11199855, 16.81081375], [-87.09625342, 16.81434046], [-87.08039101, 16.81733190], [-87.06443065, 16.81978444], [-87.04839180, 16.82169507], [-87.03229399, 16.82306147], [-87.01615684, 16.82388197], [-87.00000000, 16.82415559], [-86.75000000, 16.82415559], [-86.73491989, 16.82391724], [-86.71878081, 16.82313317], [-86.70267977, 16.82180311], [-86.68663638, 16.81992870], [-86.67067019, 16.81751221], [-86.65480065, 16.81455659], [-86.63904709, 16.81106543], [-86.62342872, 16.80704300], [-86.60796455, 16.80249419], [-86.59267343, 16.79742454], [-86.57757398, 16.79184023], [-86.56268462, 16.78574807], [-86.54802346, 16.77915548], [-86.53360839, 16.77207048], [-86.51945695, 16.76450171], [-86.50558640, 16.75645840], [-86.49201363, 16.74795034], [-86.47875517, 16.73898789], [-86.46582718, 16.72958199], [-86.45324541, 16.71974407], [-86.44102520, 16.70948615], [-86.42918142, 16.69882070], [-86.41772851, 16.68776072], [-86.37500000, 16.64503221], [-86.33227149, 16.68776072], [-86.32159443, 16.69809549], [-86.30977626, 16.70878765], [-86.29758068, 16.71907314], [-86.28502255, 16.72893943], [-86.27211716, 16.73837450], [-86.25888023, 16.74736686], [-86.24532790, 16.75590554], [-86.23147668, 16.76398015], [-86.21734344, 16.77158084], [-86.20294540, 16.77869837], [-86.18830010, 16.78532405], [-86.17342538, 16.79144981], [-86.15833938, 16.79706819], [-86.14306046, 16.80217235], [-86.12760724, 16.80675606], [-86.11199855, 16.81081375], [-86.09625342, 16.81434046], [-86.08039101, 16.81733190], [-86.06443065, 16.81978444], [-86.04839180, 16.82169507], [-86.03229399, 16.82306147], [-86.01615684, 16.82388197], [-86.00000000, 16.82415559], [-85.75000000, 16.82415559], [-85.73491989, 16.82391724], [-85.71878081, 16.82313317], [-85.70267977, 16.82180311], [-85.68663638, 16.81992870], [-85.67067019, 16.81751221], [-85.65480065, 16.81455659], [-85.63904709, 16.81106543], [-85.62342871, 16.80704300], [-85.60796455, 16.80249419], [-85.59267343, 16.79742454], [-85.57757398, 16.79184023], [-85.56268462, 16.78574807], [-85.54802346, 16.77915548], [-85.53360839, 16.77207048], [-85.51945695, 16.76450171], [-85.50558640, 16.75645840], [-85.49201363, 16.74795034], [-85.47875517, 16.73898789], [-85.46582718, 16.72958199], [-85.45324541, 16.71974407], [-85.44102520, 16.70948615], [-85.42918142, 16.69882070], [-85.41772851, 16.68776072], [-85.30412337, 16.57415559], [-84.00000000, 16.57415559], [-83.98491989, 16.57391724], [-83.96878081, 16.57313317], [-83.95267977, 16.57180311], [-83.93663638, 16.56992870], [-83.92067019, 16.56751221], [-83.90480065, 16.56455659], [-83.88904709, 16.56106543], [-83.87342872, 16.55704300], [-83.85796455, 16.55249419], [-83.84267343, 16.54742454], [-83.82757398, 16.54184023], [-83.81268462, 16.53574807], [-83.79802346, 16.52915548], [-83.78360839, 16.52207048], [-83.76945695, 16.51450171], [-83.75558640, 16.50645840], [-83.74201363, 16.49795034], [-83.72875517, 16.48898789], [-83.71582718, 16.47958199], [-83.70324541, 16.46974407], [-83.69102520, 16.45948615], [-83.67918142, 16.44882070], [-83.66772851, 16.43776072], [-83.30412337, 16.07415559], [-82.75000000, 16.07415559], [-82.73491989, 16.07391724], [-82.71878081, 16.07313317], [-82.70267977, 16.07180311], [-82.68663638, 16.06992870], [-82.67067019, 16.06751221], [-82.65480065, 16.06455659], [-82.63904709, 16.06106543], [-82.62342872, 16.05704300], [-82.60796455, 16.05249419], [-82.59267343, 16.04742454], [-82.57757398, 16.04184023], [-82.56268462, 16.03574807], [-82.54802346, 16.02915548], [-82.53360839, 16.02207048], [-82.51945695, 16.01450171], [-82.50558640, 16.00645840], [-82.49201363, 15.99795034], [-82.47875517, 15.98898789], [-82.46582718, 15.97958199], [-82.45324541, 15.96974407], [-82.44102520, 15.95948615], [-82.42918142, 15.94882070], [-82.41772851, 15.93776072], [-82.04272851, 15.56276072], [-82.03095860, 15.55054375], [-82.02035715, 15.53871165], [-82.01018777, 15.52652779], [-82.00046286, 15.51400703], [-81.99119427, 15.50116462], [-81.98239328, 15.48801620], [-81.97407063, 15.47457779], [-81.96623644, 15.46086578], [-81.95890027, 15.44689685], [-81.95207106, 15.43268804], [-81.94575712, 15.41825664], [-81.93996614, 15.40362026], [-81.93470519, 15.38879671], [-81.92998067, 15.37380406], [-81.92579833, 15.35866057], [-81.92216328, 15.34338470], [-81.91907994, 15.32799505], [-81.91655207, 15.31251038], [-81.91458275, 15.29694954], [-81.91317437, 15.28133151], [-81.91232866, 15.26567530], [-81.91204664, 15.25000000], [-81.91204664, 14.25000000], [-81.91236751, 14.23328014], [-81.91325077, 14.21762589], [-81.91469660, 14.20201107], [-81.91670325, 14.18645473], [-81.91926825, 14.17097581], [-81.92238850, 14.15559316], [-81.92606018, 14.14032554], [-81.93027883, 14.12519153], [-81.93503930, 14.11020959], [-81.94033579, 14.09539796], [-81.94616186, 14.08077469], [-81.95251040, 14.06635759], [-81.95937368, 14.05216423], [-81.96674333, 14.03821191], [-81.97461039, 14.02451761], [-81.98296525, 14.01109804], [-81.99179775, 13.99796952], [-82.00109712, 13.98514807], [-82.01085204, 13.97264930], [-82.02105061, 13.96048844], [-82.03168042, 13.94868030], [-82.04272851, 13.93723928], [-82.41772851, 13.56223928], [-82.42840557, 13.55190451], [-82.44022374, 13.54121235], [-82.45241932, 13.53092686], [-82.46497745, 13.52106057], [-82.47788284, 13.51162550], [-82.49111977, 13.50263314], [-82.50467210, 13.49409446], [-82.51852332, 13.48601985], [-82.53265656, 13.47841916], [-82.54705460, 13.47130163], [-82.56169990, 13.46467595], [-82.57657462, 13.45855019], [-82.59166062, 13.45293181], [-82.60693954, 13.44782765], [-82.62239276, 13.44324394], [-82.63800145, 13.43918625], [-82.65374658, 13.43565954], [-82.66960899, 13.43266810], [-82.68556935, 13.43021556], [-82.70160820, 13.42830493], [-82.71770601, 13.42693853], [-82.73384316, 13.42611803], [-82.75000000, 13.42584441], [-82.80412337, 13.42584441], [-82.85496779, 13.37500000], [-82.79272851, 13.31276072], [-82.78095860, 13.30054375], [-82.77035715, 13.28871165], [-82.76018777, 13.27652779], [-82.75046286, 13.26400703], [-82.74119427, 13.25116462], [-82.73239328, 13.23801620], [-82.72407063, 13.22457779], [-82.71623644, 13.21086578], [-82.70890027, 13.19689685], [-82.70207106, 13.18268804], [-82.69575712, 13.16825664], [-82.68996614, 13.15362026], [-82.68470519, 13.13879671], [-82.67998067, 13.12380406], [-82.67579833, 13.10866057], [-82.67216328, 13.09338470], [-82.66907994, 13.07799505], [-82.66655207, 13.06251038], [-82.66458275, 13.04694954], [-82.66317437, 13.03133151], [-82.66232866, 13.01567530], [-82.66204664, 13.00000000], [-82.66204664, 12.25000000], [-82.66236751, 12.23328014], [-82.66325077, 12.21762589], [-82.66469660, 12.20201107], [-82.66670325, 12.18645473], [-82.66926825, 12.17097581], [-82.67238850, 12.15559316], [-82.67606018, 12.14032554], [-82.68027883, 12.12519153], [-82.68503930, 12.11020959], [-82.69033579, 12.09539796], [-82.69616186, 12.08077469], [-82.70251040, 12.06635759], [-82.70937368, 12.05216423], [-82.71674333, 12.03821191], [-82.72461039, 12.02451761], [-82.73296525, 12.01109804], [-82.74179775, 11.99796952], [-82.75109712, 11.98514807], [-82.76085204, 11.97264930], [-82.77105061, 11.96048844], [-82.78168042, 11.94868030], [-82.79272851, 11.93723928], [-82.91204664, 11.81792115], [-82.91204664, 11.50000000], [-82.91236751, 11.48328014], [-82.91325077, 11.46762589], [-82.91469660, 11.45201107], [-82.91670325, 11.43645473], [-82.91926825, 11.42097581], [-82.92238850, 11.40559316], [-82.92606018, 11.39032554], [-82.93027883, 11.37519153], [-82.93503930, 11.36020959], [-82.94033579, 11.34539796], [-82.94616186, 11.33077469], [-82.95251040, 11.31635759], [-82.95937368, 11.30216423], [-82.96674333, 11.28821191], [-82.97461039, 11.27451761], [-82.98296525, 11.26109804], [-82.99042319, 11.25001265], [-82.98239328, 11.23801620], [-82.97407063, 11.22457779], [-82.96623644, 11.21086578], [-82.95890027, 11.19689685], [-82.95207106, 11.18268804], [-82.94575712, 11.16825664], [-82.93996614, 11.15362026], [-82.93470519, 11.13879671], [-82.92998067, 11.12380406], [-82.92579833, 11.10866057], [-82.92216328, 11.09338470], [-82.91907994, 11.07799505], [-82.91655207, 11.06251038], [-82.91458275, 11.04694954], [-82.91317437, 11.03133151], [-82.91232866, 11.01567530], [-82.91204664, 11.00000000], [-82.91204664, 10.93207885], [-82.79272851, 10.81276072], [-82.78095860, 10.80054375], [-82.77035715, 10.78871165], [-82.76018777, 10.77652779], [-82.75046286, 10.76400703], [-82.74119427, 10.75116462], [-82.73239328, 10.73801620], [-82.72407063, 10.72457779], [-82.71623644, 10.71086578], [-82.70890027, 10.69689685], [-82.70207106, 10.68268804], [-82.69575712, 10.66825664], [-82.68996614, 10.65362026], [-82.68470519, 10.63879671], [-82.67998067, 10.62380406], [-82.67579833, 10.60866057], [-82.67216328, 10.59338470], [-82.66907994, 10.57799505], [-82.66655207, 10.56251038], [-82.66458275, 10.54694954], [-82.66317437, 10.53133151], [-82.66232866, 10.51567530], [-82.66204664, 10.50000000], [-82.66204664, 10.25000000], [-82.66236751, 10.23328014], [-82.66325077, 10.21762589], [-82.66469660, 10.20201107], [-82.66670325, 10.18645473], [-82.66926825, 10.17097581], [-82.67238850, 10.15559316], [-82.67606018, 10.14032554], [-82.68027883, 10.12519153], [-82.68503930, 10.11020959], [-82.69033579, 10.09539796], [-82.69616186, 10.08077469], [-82.70251040, 10.06635759], [-82.70937368, 10.05216423], [-82.71674333, 10.03821191], [-82.72461039, 10.02451761], [-82.73296525, 10.01109804], [-82.74179775, 9.99796952], [-82.75109712, 9.98514807], [-82.76085204, 9.97264930], [-82.77105061, 9.96048844], [-82.78168042, 9.94868030], [-82.79272851, 9.93723928], [-82.91772851, 9.81223928], [-82.92840557, 9.80190451], [-82.94022374, 9.79121235], [-82.95241932, 9.78092686], [-82.96497745, 9.77106057], [-82.97788284, 9.76162550], [-82.99111977, 9.75263314], [-83.00467210, 9.74409446], [-83.01852332, 9.73601985], [-83.03265656, 9.72841916], [-83.04705460, 9.72130163], [-83.06169990, 9.71467595], [-83.07657462, 9.70855019], [-83.09166062, 9.70293181], [-83.10693954, 9.69782765], [-83.12239276, 9.69324394], [-83.13800145, 9.68918625], [-83.15374658, 9.68565954], [-83.16960899, 9.68266810], [-83.18556935, 9.68021556], [-83.20160820, 9.67830493], [-83.21770601, 9.67693853], [-83.23384316, 9.67611803], [-83.25000000, 9.67584441]]]}
    },
    {
      "type": "Feature",
      "properties": {"block_id": "ADC_NA_07", "basin_id": "BASIN_NA", "basin_label": "North American East and West Coasts", "domain_count": 1, "grid_cell_count": 16, "outer_area_km2": 740870.532998, "shelf_width_km": 250.000000, "outer_buffer_km": 430.000000, "shelf_add_area_km2": 0.000000, "shelf_add_cell_count": 0, "shelf_add_component_count": 0, "bay_add_area_km2": 400643.243634, "bay_add_cell_count": 395, "bay_add_core_cell_count": 395, "bay_add_component_count": 2, "open_ocean_area_risk": 0},
      "geometry": {"type": "Polygon", "coordinates": [[[-85.00000000, 9.67584441], [-86.00000000, 9.67584441], [-86.01185567, 9.67599567], [-86.02778715, 9.67667598], [-86.04368479, 9.67790250], [-86.05952920, 9.67967373], [-86.07530108, 9.68198753], [-86.09098122, 9.68484107], [-86.10655051, 9.68823088], [-86.12198999, 9.69215282], [-86.13728084, 9.69660212], [-86.15240444, 9.70157335], [-86.16734235, 9.70706047], [-86.18207639, 9.71305678], [-86.19658859, 9.71955498], [-86.21086128, 9.72654716], [-86.22487707, 9.73402478], [-86.23861887, 9.74197875], [-86.25206996, 9.75039938], [-86.26521394, 9.75927639], [-86.27803480, 9.76859898], [-86.29051692, 9.77835580], [-86.30264508, 9.78853494], [-86.31440452, 9.79912402], [-86.32578091, 9.81011013], [-86.45078091, 9.93511013], [-86.46451091, 9.94945625], [-86.47497276, 9.96128835], [-86.48500822, 9.97347221], [-86.49460507, 9.98599297], [-86.50375161, 9.99883538], [-86.51243670, 10.01198380], [-86.52064976, 10.02542221], [-86.52838078, 10.03913422], [-86.53562034, 10.05310315], [-86.54235963, 10.06731196], [-86.54859042, 10.08174336], [-86.55430514, 10.09637974], [-86.55949682, 10.11120329], [-86.56415912, 10.12619594], [-86.56828638, 10.14133943], [-86.57187357, 10.15661530], [-86.57491630, 10.17200495], [-86.57741089, 10.18748962], [-86.57935428, 10.20305046], [-86.58074411, 10.21866849], [-86.58157868, 10.23432470], [-86.58185699, 10.25000000], [-86.58185699, 10.81618621], [-87.20078091, 11.43511013], [-87.21451091, 11.44945625], [-87.22497276, 11.46128835], [-87.23500822, 11.47347221], [-87.24460507, 11.48599297], [-87.25375161, 11.49883538], [-87.26243670, 11.51198380], [-87.27064976, 11.52542221], [-87.27838078, 11.53913422], [-87.28562034, 11.55310315], [-87.29235963, 11.56731196], [-87.29859042, 11.58174336], [-87.30430514, 11.59637974], [-87.30949682, 11.61120329], [-87.31415912, 11.62619594], [-87.31828638, 11.64133943], [-87.32187357, 11.65661530], [-87.32491630, 11.67200495], [-87.32741089, 11.68748962], [-87.32935428, 11.70305046], [-87.33074411, 11.71866849], [-87.33157868, 11.73432470], [-87.33185699, 11.75000000], [-87.33185699, 12.00000000], [-87.33141764, 12.01969354], [-87.33044052, 12.03534177], [-87.32890852, 12.05094695], [-87.32682350, 12.06649005], [-87.32418800, 12.08195214], [-87.32100524, 12.09731439], [-87.31727909, 12.11255808], [-87.31301409, 12.12766463], [-87.30821544, 12.14261564], [-87.30288898, 12.15739290], [-87.29704121, 12.17197840], [-87.29067924, 12.18635437], [-87.28381083, 12.20050329], [-87.27644435, 12.21440793], [-87.26858877, 12.22805135], [-87.26025366, 12.24141693], [-87.25144918, 12.25448837], [-87.24218606, 12.26724976], [-87.23247557, 12.27968555], [-87.22232956, 12.29178058], [-87.21176038, 12.30352012], [-87.20078091, 12.31488987], [-87.07578091, 12.43988987], [-87.06735953, 12.44809549], [-87.05569699, 12.45878765], [-87.04366201, 12.46907314], [-87.03126925, 12.47893943], [-87.01853380, 12.48837450], [-87.00547119, 12.49736686], [-86.99209732, 12.50590554], [-86.97842849, 12.51398015], [-86.96448136, 12.52158084], [-86.95027292, 12.52869837], [-86.93582048, 12.53532405], [-86.92114164, 12.54144981], [-86.90625429, 12.54706819], [-86.89117657, 12.55217235], [-86.87592685, 12.55675606], [-86.86052371, 12.56081375], [-86.84498591, 12.56434046], [-86.82933238, 12.56733190], [-86.81358220, 12.56978444], [-86.79775456, 12.57169507], [-86.78186873, 12.57306147], [-86.76594408, 12.57388197], [-86.75000000, 12.57415559], [-86.25000000, 12.57415559], [-86.23814433, 12.57400433], [-86.22221285, 12.57332402], [-86.20631521, 12.57209750], [-86.19047080, 12.57032627], [-86.17469892, 12.56801247], [-86.15901878, 12.56515893], [-86.14344949, 12.56176912], [-86.12801001, 12.55784718], [-86.11271916, 12.55339788], [-86.09759556, 12.54842665], [-86.08265765, 12.54293953], [-86.06792361, 12.53694322], [-86.05341141, 12.53044502], [-86.03913872, 12.52345284], [-86.02512293, 12.51597522], [-86.01138113, 12.50802125], [-85.99793004, 12.49960062], [-85.98478606, 12.49072361], [-85.97196520, 12.48140102], [-85.95948308, 12.47164420], [-85.94735492, 12.46146506], [-85.93559548, 12.45087598], [-85.92421909, 12.43988987], [-85.04921909, 11.56488987], [-85.03548909, 11.55054375], [-85.02502724, 11.53871165], [-85.01499178, 11.52652779], [-85.00539493, 11.51400703], [-84.99624839, 11.50116462], [-84.98756330, 11.48801620], [-84.97935024, 11.47457779], [-84.97161922, 11.46086578], [-84.96437966, 11.44689685], [-84.95764037, 11.43268804], [-84.95140958, 11.41825664], [-84.94569486, 11.40362026], [-84.94050318, 11.38879671], [-84.93584088, 11.37380406], [-84.93171362, 11.35866057], [-84.92812643, 11.34338470], [-84.92508370, 11.32799505], [-84.92258911, 11.31251038], [-84.92064572, 11.29694954], [-84.91925589, 11.28133151], [-84.91842132, 11.26567530], [-84.91814301, 11.25000000], [-84.91814301, 11.06681940], [-84.90901878, 11.06515893], [-84.89344949, 11.06176912], [-84.87801001, 11.05784718], [-84.86271916, 11.05339788], [-84.84759556, 11.04842665], [-84.83265765, 11.04293953], [-84.81792361, 11.03694322], [-84.80341141, 11.03044502], [-84.78913872, 11.02345284], [-84.77512293, 11.01597522], [-84.76138113, 11.00802125], [-84.74793004, 10.99960062], [-84.73478606, 10.99072361], [-84.72196520, 10.98140102], [-84.70948308, 10.97164420], [-84.69735492, 10.96146506], [-84.68559548, 10.95087598], [-84.67421909, 10.93988987], [-84.54921909, 10.81488987], [-84.53548909, 10.80054375], [-84.52502724, 10.78871165], [-84.51499178, 10.77652779], [-84.50539493, 10.76400703], [-84.49624839, 10.75116462], [-84.48756330, 10.73801620], [-84.47935024, 10.72457779], [-84.47161922, 10.71086578], [-84.46437966, 10.69689685], [-84.45764037, 10.68268804], [-84.45140958, 10.66825664], [-84.44569486, 10.65362026], [-84.44050318, 10.63879671], [-84.43584088, 10.62380406], [-84.43171362, 10.60866057], [-84.42812643, 10.59338470], [-84.42508370, 10.57799505], [-84.42258911, 10.56251038], [-84.42064572, 10.54694954], [-84.41925589, 10.53133151], [-84.41842132, 10.51567530], [-84.41814301, 10.50000000], [-84.41814301, 10.25000000], [-84.41858236, 10.23030646], [-84.41955948, 10.21465823], [-84.42109148, 10.19905305], [-84.42317650, 10.18350995], [-84.42581200, 10.16804786], [-84.42899476, 10.15268561], [-84.43272091, 10.13744192], [-84.43698591, 10.12233537], [-84.44178456, 10.10738436], [-84.44711102, 10.09260710], [-84.45295879, 10.07802160], [-84.45932076, 10.06364563], [-84.46618917, 10.04949671], [-84.47355565, 10.03559207], [-84.48141123, 10.02194865], [-84.48974634, 10.00858307], [-84.49855082, 9.99551163], [-84.50781394, 9.98275024], [-84.51752443, 9.97031445], [-84.52767044, 9.95821942], [-84.53823962, 9.94647988], [-84.54921909, 9.93511013], [-84.67421909, 9.81011013], [-84.68264047, 9.80190451], [-84.69430301, 9.79121235], [-84.70633799, 9.78092686], [-84.71873075, 9.77106057], [-84.73146620, 9.76162550], [-84.74452881, 9.75263314], [-84.75790268, 9.74409446], [-84.77157151, 9.73601985], [-84.78551864, 9.72841916], [-84.79972708, 9.72130163], [-84.81417952, 9.71467595], [-84.82885836, 9.70855019], [-84.84374571, 9.70293181], [-84.85882343, 9.69782765], [-84.87407315, 9.69324394], [-84.88947629, 9.68918625], [-84.90501409, 9.68565954], [-84.92066762, 9.68266810], [-84.93641780, 9.68021556], [-84.95224544, 9.67830493], [-84.96813127, 9.67693853], [-84.98405592, 9.67611803], [-85.00000000, 9.67584441]]]}
    },
    {
      "type": "Feature",
      "properties": {"block_id": "ADC_NA_08", "basin_id": "BASIN_NA", "basin_label": "North American East and West Coasts", "domain_count": 4, "grid_cell_count": 174, "outer_area_km2": 3503189.120326, "shelf_width_km": 250.000000, "outer_buffer_km": 430.000000, "shelf_add_area_km2": 0.000000, "shelf_add_cell_count": 0, "shelf_add_component_count": 0, "bay_add_area_km2": 1821489.484178, "bay_add_cell_count": 2436, "bay_add_core_cell_count": 2436, "bay_add_component_count": 4, "open_ocean_area_risk": 0},
      "geometry": {"type": "Polygon", "coordinates": [[[-88.75000000, 14.67584441], [-89.75000000, 14.67584441], [-89.77245596, 14.67634317], [-89.78905827, 14.67735500], [-89.80561298, 14.67891221], [-89.82209994, 14.68101290], [-89.83849906, 14.68365453], [-89.85479035, 14.68683387], [-89.87095397, 14.69054705], [-89.88697023, 14.69478954], [-89.90281962, 14.69955618], [-89.91848281, 14.70484116], [-89.93394074, 14.71063803], [-89.94917456, 14.71693974], [-89.96416571, 14.72373861], [-89.97889594, 14.73102635], [-89.99334730, 14.73879409], [-90.00750217, 14.74703236], [-90.02134332, 14.75573113], [-90.03485388, 14.76487980], [-90.04801739, 14.77446721], [-90.06081780, 14.78448170], [-90.07323954, 14.79491105], [-90.08526746, 14.80574257], [-90.09688690, 14.81696305], [-90.22188690, 14.94196305], [-90.22921163, 14.94945625], [-90.24012647, 14.96128835], [-90.25059647, 14.97347221], [-90.26060885, 14.98599297], [-90.27015144, 14.99883538], [-90.27921259, 15.01198380], [-90.28778127, 15.02542221], [-90.29584704, 15.03913422], [-90.30340008, 15.05310315], [-90.31043117, 15.06731196], [-90.31693176, 15.08174336], [-90.32289392, 15.09637974], [-90.32831040, 15.11120329], [-90.33317458, 15.12619594], [-90.33748055, 15.14133943], [-90.34122306, 15.15661530], [-90.34439754, 15.17200495], [-90.34700014, 15.18748962], [-90.34902768, 15.20305046], [-90.35047769, 15.21866849], [-90.35134840, 15.23432470], [-90.35163876, 15.25000000], [-90.35163876, 15.50000000], [-90.35151615, 15.51018712], [-90.35084859, 15.52585219], [-90.34960128, 15.54148576], [-90.34777574, 15.55706878], [-90.34537420, 15.57258228], [-90.34239958, 15.58800734], [-90.33885551, 15.60332518], [-90.33474630, 15.61851714], [-90.33007695, 15.63356470], [-90.32485317, 15.64844953], [-90.31908131, 15.66315350], [-90.31276841, 15.67765870], [-90.30592215, 15.69194744], [-90.29855088, 15.70600232], [-90.29066358, 15.71980623], [-90.28226986, 15.73334233], [-90.27337994, 15.74659414], [-90.26400466, 15.75954551], [-90.25415543, 15.77218067], [-90.24384427, 15.78448422], [-90.23308372, 15.79644117], [-90.22188690, 15.80803695], [-90.10163876, 15.92828509], [-90.10163876, 16.00000000], [-90.10151615, 16.01018712], [-90.10084859, 16.02585219], [-90.09960128, 16.04148576], [-90.09777574, 16.05706878], [-90.09537420, 16.07258228], [-90.09239958, 16.08800734], [-90.08885551, 16.10332518], [-90.08474630, 16.11851714], [-90.08007695, 16.13356470], [-90.07485317, 16.14844953], [-90.06908131, 16.16315350], [-90.06276841, 16.17765870], [-90.05592215, 16.19194744], [-90.04855088, 16.20600232], [-90.04066358, 16.21980623], [-90.03226986, 16.23334233], [-90.02337994, 16.24659414], [-90.01400466, 16.25954551], [-90.00415543, 16.27218067], [-89.99384427, 16.28448422], [-89.98308372, 16.29644117], [-89.97188690, 16.30803695], [-89.34688690, 16.93303695], [-89.33110110, 16.94809549], [-89.31893358, 16.95878765], [-89.30637749, 16.96907314], [-89.29344812, 16.97893943], [-89.28016123, 16.98837450], [-89.27301420, 16.99309035], [-89.47188690, 17.19196305], [-89.47921163, 17.19945625], [-89.49012647, 17.21128835], [-89.50059647, 17.22347221], [-89.51060885, 17.23599297], [-89.52015144, 17.24883538], [-89.52921259, 17.26198380], [-89.53778127, 17.27542221], [-89.54584704, 17.28913422], [-89.55340008, 17.30310315], [-89.56043117, 17.31731196], [-89.56693176, 17.33174336], [-89.57289392, 17.34637974], [-89.57831040, 17.36120329], [-89.58317458, 17.37619594], [-89.58748055, 17.39133943], [-89.59122306, 17.40661530], [-89.59439754, 17.42200495], [-89.59700014, 17.43748962], [-89.59902768, 17.45305046], [-89.60047769, 17.46866849], [-89.60134840, 17.48432470], [-89.60163876, 17.50000000], [-89.60163876, 18.25000000], [-89.60151615, 18.26018712], [-89.60084859, 18.27585219], [-89.59960128, 18.29148576], [-89.59777574, 18.30706878], [-89.59537420, 18.32258228], [-89.59239958, 18.33800734], [-89.58885551, 18.35332518], [-89.58474630, 18.36851714], [-89.58007695, 18.38356470], [-89.57485317, 18.39844953], [-89.56908131, 18.41315350], [-89.56276841, 18.42765870], [-89.55592215, 18.44194744], [-89.54855088, 18.45600232], [-89.54066358, 18.46980623], [-89.53226986, 18.48334233], [-89.52337994, 18.49659414], [-89.51400466, 18.50954551], [-89.50415543, 18.52218067], [-89.49384427, 18.53448422], [-89.48308372, 18.54644117], [-89.47188690, 18.55803695], [-89.34688690, 18.68303695], [-89.33110110, 18.69809549], [-89.31893358, 18.70878765], [-89.30637749, 18.71907314], [-89.29344812, 18.72893943], [-89.28016123, 18.73837450], [-89.27788766, 18.73987468], [-89.27337994, 18.74659414], [-89.26400466, 18.75954551], [-89.25415543, 18.77218067], [-89.24384427, 18.78448422], [-89.23308372, 18.79644117], [-89.22188690, 18.80803695], [-89.10163876, 18.92828509], [-89.10163876, 19.50000000], [-89.10151615, 19.51018712], [-89.10084859, 19.52585219], [-89.09960128, 19.54148576], [-89.09777574, 19.55706878], [-89.09537420, 19.57258228], [-89.09239958, 19.58800734], [-89.08885551, 19.60332518], [-89.08474630, 19.61851714], [-89.08007695, 19.63356470], [-89.07485317, 19.64844953], [-89.06908131, 19.66315350], [-89.06276841, 19.67765870], [-89.05592215, 19.69194744], [-89.04855088, 19.70600232], [-89.04066358, 19.71980623], [-89.03226986, 19.73334233], [-89.02337994, 19.74659414], [-89.01400466, 19.75954551], [-89.00415543, 19.77218067], [-88.99384427, 19.78448422], [-88.98308372, 19.79644117], [-88.97188690, 19.80803695], [-88.85407944, 19.92584441], [-89.40492920, 19.92584441], [-89.40760042, 19.91199266], [-89.41114449, 19.89667482], [-89.41525370, 19.88148286], [-89.41992305, 19.86643530], [-89.42514683, 19.85155047], [-89.43091869, 19.83684650], [-89.43723159, 19.82234130], [-89.44407785, 19.80805256], [-89.45144912, 19.79399768], [-89.45933642, 19.78019377], [-89.46773014, 19.76665767], [-89.47662006, 19.75340586], [-89.48599534, 19.74045449], [-89.49584457, 19.72781933], [-89.50615573, 19.71551578], [-89.51691628, 19.70355883], [-89.52811310, 19.69196305], [-89.64836124, 19.57171491], [-89.64836124, 19.25000000], [-89.64848385, 19.23981288], [-89.64915141, 19.22414781], [-89.65039872, 19.20851424], [-89.65222426, 19.19293122], [-89.65462580, 19.17741772], [-89.65760042, 19.16199266], [-89.66114449, 19.14667482], [-89.66525370, 19.13148286], [-89.66992305, 19.11643530], [-89.67514683, 19.10155047], [-89.68091869, 19.08684650], [-89.68723159, 19.07234130], [-89.69407785, 19.05805256], [-89.70144912, 19.04399768], [-89.70933642, 19.03019377], [-89.71773014, 19.01665767], [-89.72662006, 19.00340586], [-89.73599534, 18.99045449], [-89.74584457, 18.97781933], [-89.75615573, 18.96551578], [-89.76691628, 18.95355883], [-89.77811310, 18.94196305], [-90.39836124, 18.32171491], [-90.39836124, 18.25000000], [-90.39848385, 18.23981288], [-90.39915141, 18.22414781], [-90.40039872, 18.20851424], [-90.40222426, 18.19293122], [-90.40462580, 18.17741772], [-90.40760042, 18.16199266], [-90.41114449, 18.14667482], [-90.41525370, 18.13148286], [-90.41992305, 18.11643530], [-90.42514683, 18.10155047], [-90.43091869, 18.08684650], [-90.43723159, 18.07234130], [-90.44407785, 18.05805256], [-90.45144912, 18.04399768], [-90.45933642, 18.03019377], [-90.46773014, 18.01665767], [-90.47662006, 18.00340586], [-90.48599534, 17.99045449], [-90.49584457, 17.97781933], [-90.50615573, 17.96551578], [-90.51691628, 17.95355883], [-90.52811310, 17.94196305], [-90.90311310, 17.56696305], [-90.91889890, 17.55190451], [-90.93106642, 17.54121235], [-90.94362251, 17.53092686], [-90.95655188, 17.52106057], [-90.96983877, 17.51162550], [-90.98346699, 17.50263314], [-90.99741994, 17.49409446], [-91.01168062, 17.48601985], [-91.02623166, 17.47841916], [-91.04105532, 17.47130163], [-91.05613355, 17.46467595], [-91.07144798, 17.45855019], [-91.08697994, 17.45293181], [-91.10271052, 17.44782765], [-91.11862055, 17.44324394], [-91.13469065, 17.43918625], [-91.15090123, 17.43565954], [-91.16723255, 17.43266810], [-91.18366471, 17.43021556], [-91.20017768, 17.42830493], [-91.21675136, 17.42693853], [-91.23336555, 17.42611803], [-91.25000000, 17.42584441], [-91.75000000, 17.42584441], [-91.77245596, 17.42634317], [-91.78905827, 17.42735500], [-91.80561298, 17.42891221], [-91.82209994, 17.43101290], [-91.83849906, 17.43365453], [-91.85479035, 17.43683387], [-91.87095397, 17.44054705], [-91.88697023, 17.44478954], [-91.90281962, 17.44955618], [-91.91848281, 17.45484116], [-91.93394074, 17.46063803], [-91.94917456, 17.46693974], [-91.96416571, 17.47373861], [-91.97889594, 17.48102635], [-91.99334730, 17.48879409], [-92.00750217, 17.49703236], [-92.02134332, 17.50573113], [-92.03485388, 17.51487980], [-92.04801739, 17.52446721], [-92.06081780, 17.53448170], [-92.07323954, 17.54491105], [-92.08526746, 17.55574257], [-92.09688690, 17.56696305], [-92.72188690, 18.19196305], [-92.72921163, 18.19945625], [-92.74012647, 18.21128835], [-92.75059647, 18.22347221], [-92.76060885, 18.23599297], [-92.77015144, 18.24883538], [-92.77921259, 18.26198380], [-92.78778127, 18.27542221], [-92.79584704, 18.28913422], [-92.80340008, 18.30310315], [-92.81043117, 18.31731196], [-92.81693176, 18.33174336], [-92.82289392, 18.34637974], [-92.82831040, 18.36120329], [-92.83317458, 18.37619594], [-92.83748055, 18.39133943], [-92.84122306, 18.40661530], [-92.84439754, 18.42200495], [-92.84700014, 18.43748962], [-92.84902768, 18.45305046], [-92.85047769, 18.46866849], [-92.85134840, 18.48432470], [-92.85163876, 18.50000000], [-92.85163876, 18.75000000], [-92.85151615, 18.76018712], [-92.85084859, 18.77585219], [-92.84960128, 18.79148576], [-92.84777574, 18.80706878], [-92.84537420, 18.82258228], [-92.84239958, 18.83800734], [-92.83885551, 18.85332518], [-92.83474630, 18.86851714], [-92.83007695, 18.88356470], [-92.82485317, 18.89844953], [-92.81908131, 18.91315350], [-92.81276841, 18.92765870], [-92.80592215, 18.94194744], [-92.79855088, 18.95600232], [-92.79066358, 18.96980623], [-92.78226986, 18.98334233], [-92.77337994, 18.99659414], [-92.76400466, 19.00954551], [-92.75415543, 19.02218067], [-92.74384427, 19.03448422], [-92.73308372, 19.04644117], [-92.72188690, 19.05803695], [-92.59688690, 19.18303695], [-92.58110110, 19.19809549], [-92.56893358, 19.20878765], [-92.55637749, 19.21907314], [-92.54344812, 19.22893943], [-92.53016123, 19.23837450], [-92.51653301, 19.24736686], [-92.50258006, 19.25590554], [-92.48831938, 19.26398015], [-92.47376834, 19.27158084], [-92.45894468, 19.27869837], [-92.44386645, 19.28532405], [-92.42855202, 19.29144981], [-92.41302006, 19.29706819], [-92.39728948, 19.30217235], [-92.38137945, 19.30675606], [-92.36530935, 19.31081375], [-92.34909877, 19.31434046], [-92.33276745, 19.31733190], [-92.31633529, 19.31978444], [-92.29982232, 19.32169507], [-92.28324864, 19.32306147], [-92.26663445, 19.32388197], [-92.25000000, 19.32415559], [-92.20576826, 19.32415559], [-92.09688690, 19.43303695], [-92.08110110, 19.44809549], [-92.06893358, 19.45878765], [-92.05637749, 19.46907314], [-92.04344812, 19.47893943], [-92.03016123, 19.48837450], [-92.01653301, 19.49736686], [-92.00258006, 19.50590554], [-91.98831938, 19.51398015], [-91.97376834, 19.52158084], [-91.95894468, 19.52869837], [-91.94386645, 19.53532405], [-91.92855202, 19.54144981], [-91.91302006, 19.54706819], [-91.89728948, 19.55217235], [-91.88137945, 19.55675606], [-91.86530935, 19.56081375], [-91.84909877, 19.56434046], [-91.83276745, 19.56733190], [-91.81633529, 19.56978444], [-91.79982232, 19.57169507], [-91.78324864, 19.57306147], [-91.76663445, 19.57388197], [-91.75000000, 19.57415559], [-91.70576826, 19.57415559], [-91.35163876, 19.92828509], [-91.35163876, 20.00000000], [-91.35151615, 20.01018712], [-91.35084859, 20.02585219], [-91.34960128, 20.04148576], [-91.34777574, 20.05706878], [-91.34537420, 20.07258228], [-91.34239958, 20.08800734], [-91.33885551, 20.10332518], [-91.33474630, 20.11851714], [-91.33007695, 20.13356470], [-91.32485317, 20.14844953], [-91.31908131, 20.16315350], [-91.31276841, 20.17765870], [-91.30592215, 20.19194744], [-91.29855088, 20.20600232], [-91.29066358, 20.21980623], [-91.28226986, 20.23334233], [-91.27337994, 20.24659414], [-91.26400466, 20.25954551], [-91.25415543, 20.27218067], [-91.24384427, 20.28448422], [-91.23308372, 20.29644117], [-91.22188690, 20.30803695], [-91.10163876, 20.42828509], [-91.10163876, 21.25000000], [-91.10151615, 21.26018712], [-91.10084859, 21.27585219], [-91.09960128, 21.29148576], [-91.09777574, 21.30706878], [-91.09537420, 21.32258228], [-91.09239958, 21.33800734], [-91.08885551, 21.35332518], [-91.08474630, 21.36851714], [-91.08007695, 21.38356470], [-91.07485317, 21.39844953], [-91.06908131, 21.41315350], [-91.06276841, 21.42765870], [-91.05592215, 21.44194744], [-91.04855088, 21.45600232], [-91.04066358, 21.46980623], [-91.03226986, 21.48334233], [-91.02337994, 21.49659414], [-91.01400466, 21.50954551], [-91.00415543, 21.52218067], [-90.99384427, 21.53448422], [-90.98308372, 21.54644117], [-90.97188690, 21.55803695], [-90.84688690, 21.68303695], [-90.83110110, 21.69809549], [-90.81893358, 21.70878765], [-90.80637749, 21.71907314], [-90.79344812, 21.72893943], [-90.78016123, 21.73837450], [-90.76653301, 21.74736686], [-90.75258006, 21.75590554], [-90.73831938, 21.76398015], [-90.72376834, 21.77158084], [-90.70894468, 21.77869837], [-90.69386645, 21.78532405], [-90.67855202, 21.79144981], [-90.66302006, 21.79706819], [-90.64728948, 21.80217235], [-90.63137945, 21.80675606], [-90.61530935, 21.81081375], [-90.59909877, 21.81434046], [-90.58276745, 21.81733190], [-90.56633529, 21.81978444], [-90.54982232, 21.82169507], [-90.53324864, 21.82306147], [-90.51663445, 21.82388197], [-90.50000000, 21.82415559], [-90.45576826, 21.82415559], [-90.34688690, 21.93303695], [-90.33110110, 21.94809549], [-90.31893358, 21.95878765], [-90.30637749, 21.96907314], [-90.29344812, 21.97893943], [-90.28016123, 21.98837450], [-90.26653301, 21.99736686], [-90.25258006, 22.00590554], [-90.23831938, 22.01398015], [-90.22376834, 22.02158084], [-90.20894468, 22.02869837], [-90.19386645, 22.03532405], [-90.17855202, 22.04144981], [-90.16302006, 22.04706819], [-90.14728948, 22.05217235], [-90.13137945, 22.05675606], [-90.11530935, 22.06081375], [-90.09909877, 22.06434046], [-90.08276745, 22.06733190], [-90.06633529, 22.06978444], [-90.04982232, 22.07169507], [-90.03324864, 22.07306147], [-90.01663445, 22.07388197], [-90.00000000, 22.07415559], [-89.20576826, 22.07415559], [-89.09688690, 22.18303695], [-89.08110110, 22.19809549], [-89.06893358, 22.20878765], [-89.05637749, 22.21907314], [-89.04344812, 22.22893943], [-89.03016123, 22.23837450], [-89.01653301, 22.24736686], [-89.00258006, 22.25590554], [-88.98831938, 22.26398015], [-88.97376834, 22.27158084], [-88.95894468, 22.27869837], [-88.94386645, 22.28532405], [-88.92855202, 22.29144981], [-88.91302006, 22.29706819], [-88.89728948, 22.30217235], [-88.88137945, 22.30675606], [-88.86530935, 22.31081375], [-88.84909877, 22.31434046], [-88.83276745, 22.31733190], [-88.81633529, 22.31978444], [-88.79982232, 22.32169507], [-88.78324864, 22.32306147], [-88.76663445, 22.32388197], [-88.75000000, 22.32415559], [-86.75000000, 22.32415559], [-86.72754404, 22.32365683], [-86.71094173, 22.32264500], [-86.69438702, 22.32108779], [-86.67790006, 22.31898710], [-86.66150094, 22.31634547], [-86.64520965, 22.31316613], [-86.62904603, 22.30945295], [-86.61302977, 22.30521046], [-86.59718038, 22.30044382], [-86.58151719, 22.29515884], [-86.56605926, 22.28936197], [-86.55082544, 22.28306026], [-86.53583429, 22.27626139], [-86.52110406, 22.26897365], [-86.50665270, 22.26120591], [-86.49249783, 22.25296764], [-86.47865668, 22.24426887], [-86.46514612, 22.23512020], [-86.45198261, 22.22553279], [-86.43918220, 22.21551830], [-86.42676046, 22.20508895], [-86.41473254, 22.19425743], [-86.40311310, 22.18303695], [-86.02811310, 21.80803695], [-86.02078837, 21.80054375], [-86.00987353, 21.78871165], [-85.99940353, 21.77652779], [-85.98939115, 21.76400703], [-85.97984856, 21.75116462], [-85.97078741, 21.73801620], [-85.96221873, 21.72457779], [-85.95415296, 21.71086578], [-85.94659992, 21.69689685], [-85.93956883, 21.68268804], [-85.93306824, 21.66825664], [-85.92710608, 21.65362026], [-85.92168960, 21.63879671], [-85.91682542, 21.62380406], [-85.91251945, 21.60866057], [-85.90877694, 21.59338470], [-85.90560246, 21.57799505], [-85.90299986, 21.56251038], [-85.90097232, 21.54694954], [-85.89952231, 21.53133151], [-85.89865160, 21.51567530], [-85.89836124, 21.50000000], [-85.89836124, 20.50000000], [-85.89848385, 20.48981288], [-85.89915141, 20.47414781], [-85.90039872, 20.45851424], [-85.90222426, 20.44293122], [-85.90462580, 20.42741772], [-85.90760042, 20.41199266], [-85.91114449, 20.39667482], [-85.91525370, 20.38148286], [-85.91992305, 20.36643530], [-85.92514683, 20.35155047], [-85.93091869, 20.33684650], [-85.93723159, 20.32234130], [-85.94407785, 20.30805256], [-85.95144912, 20.29399768], [-85.95933642, 20.28019377], [-85.96773014, 20.26665767], [-85.97662006, 20.25340586], [-85.98599534, 20.24045449], [-85.99584457, 20.22781933], [-86.00615573, 20.21551578], [-86.01691628, 20.20355883], [-86.02811310, 20.19196305], [-86.40311310, 19.81696305], [-86.41889890, 19.80190451], [-86.43106642, 19.79121235], [-86.44362251, 19.78092686], [-86.45655188, 19.77106057], [-86.46983877, 19.76162550], [-86.48346699, 19.75263314], [-86.49741994, 19.74409446], [-86.51168062, 19.73601985], [-86.52623166, 19.72841916], [-86.54105532, 19.72130163], [-86.55613355, 19.71467595], [-86.57144798, 19.70855019], [-86.58697994, 19.70293181], [-86.60271052, 19.69782765], [-86.61862055, 19.69324394], [-86.63469065, 19.68918625], [-86.64836124, 19.68621213], [-86.64836124, 19.25000000], [-86.64848385, 19.23981288], [-86.64915141, 19.22414781], [-86.65039872, 19.20851424], [-86.65222426, 19.19293122], [-86.65462580, 19.17741772], [-86.65760042, 19.16199266], [-86.66114449, 19.14667482], [-86.66525370, 19.13148286], [-86.66992305, 19.11643530], [-86.67514683, 19.10155047], [-86.68091869, 19.08684650], [-86.68723159, 19.07234130], [-86.69407785, 19.05805256], [-86.70144912, 19.04399768], [-86.70933642, 19.03019377], [-86.71773014, 19.01665767], [-86.72662006, 19.00340586], [-86.73599534, 18.99045449], [-86.74584457, 18.97781933], [-86.75615573, 18.96551578], [-86.76691628, 18.95355883], [-86.77811310, 18.94196305], [-86.89836124, 18.82171491], [-86.89836124, 18.50000000], [-86.89848385, 18.48981288], [-86.89915141, 18.47414781], [-86.90039872, 18.45851424], [-86.90222426, 18.44293122], [-86.90462580, 18.42741772], [-86.90760042, 18.41199266], [-86.91114449, 18.39667482], [-86.91525370, 18.38148286], [-86.91992305, 18.36643530], [-86.92514683, 18.35155047], [-86.93091869, 18.33684650], [-86.93723159, 18.32234130], [-86.94407785, 18.30805256], [-86.95144912, 18.29399768], [-86.95933642, 18.28019377], [-86.96773014, 18.26665767], [-86.97662006, 18.25340586], [-86.98599534, 18.24045449], [-86.99584457, 18.22781933], [-87.00615573, 18.21551578], [-87.01691628, 18.20355883], [-87.02811310, 18.19196305], [-87.14836124, 18.07171491], [-87.14836124, 17.92828509], [-87.02811310, 17.80803695], [-87.02078837, 17.80054375], [-87.00987353, 17.78871165], [-86.99940353, 17.77652779], [-86.98939115, 17.76400703], [-86.97984856, 17.75116462], [-86.97078741, 17.73801620], [-86.96221873, 17.72457779], [-86.95415296, 17.71086578], [-86.94659992, 17.69689685], [-86.93956883, 17.68268804], [-86.93306824, 17.66825664], [-86.92710608, 17.65362026], [-86.92168960, 17.63879671], [-86.91682542, 17.62380406], [-86.91251945, 17.60866057], [-86.90877694, 17.59338470], [-86.90560246, 17.57799505], [-86.90299986, 17.56251038], [-86.90097232, 17.54694954], [-86.89952231, 17.53133151], [-86.89865160, 17.51567530], [-86.89836124, 17.50000000], [-86.89836124, 17.25000000], [-86.89848385, 17.23981288], [-86.89915141, 17.22414781], [-86.90039872, 17.20851424], [-86.90222426, 17.19293122], [-86.90462580, 17.17741772], [-86.90760042, 17.16199266], [-86.91114449, 17.14667482], [-86.91525370, 17.13148286], [-86.91992305, 17.11643530], [-86.92514683, 17.10155047], [-86.93091869, 17.08684650], [-86.93723159, 17.07234130], [-86.94407785, 17.05805256], [-86.95144912, 17.04399768], [-86.95933642, 17.03019377], [-86.96773014, 17.01665767], [-86.97662006, 17.00340586], [-86.98599534, 16.99045449], [-86.99584457, 16.97781933], [-87.00615573, 16.96551578], [-87.01691628, 16.95355883], [-87.02811310, 16.94196305], [-87.64836124, 16.32171491], [-87.64836124, 15.50000000], [-87.64848385, 15.48981288], [-87.64915141, 15.47414781], [-87.65039872, 15.45851424], [-87.65222426, 15.44293122], [-87.65462580, 15.42741772], [-87.65760042, 15.41199266], [-87.66114449, 15.39667482], [-87.66525370, 15.38148286], [-87.66992305, 15.36643530], [-87.67514683, 15.35155047], [-87.68091869, 15.33684650], [-87.68723159, 15.32234130], [-87.69407785, 15.30805256], [-87.70144912, 15.29399768], [-87.70933642, 15.28019377], [-87.71773014, 15.26665767], [-87.72662006, 15.25340586], [-87.73599534, 15.24045449], [-87.74584457, 15.22781933], [-87.75615573, 15.21551578], [-87.76691628, 15.20355883], [-87.77811310, 15.19196305], [-87.90311310, 15.06696305], [-87.91889890, 15.05190451], [-87.93106642, 15.04121235], [-87.94362251, 15.03092686], [-87.95655188, 15.02106057], [-87.96983877, 15.01162550], [-87.98346699, 15.00263314], [-87.99741994, 14.99409446], [-88.01168062, 14.98601985], [-88.02623166, 14.97841916], [-88.04105532, 14.97130163], [-88.05613355, 14.96467595], [-88.07144798, 14.95855019], [-88.08697994, 14.95293181], [-88.10271052, 14.94782765], [-88.11862055, 14.94324394], [-88.13469065, 14.93918625], [-88.15090123, 14.93565954], [-88.16723255, 14.93266810], [-88.18366471, 14.93021556], [-88.20017768, 14.92830493], [-88.21675136, 14.92693853], [-88.23336555, 14.92611803], [-88.25000000, 14.92584441], [-88.29423174, 14.92584441], [-88.40311310, 14.81696305], [-88.41889890, 14.80190451], [-88.43106642, 14.79121235], [-88.44362251, 14.78092686], [-88.45655188, 14.77106057], [-88.46983877, 14.76162550], [-88.48346699, 14.75263314], [-88.49741994, 14.74409446], [-88.51168062, 14.73601985], [-88.52623166, 14.72841916], [-88.54105532, 14.72130163], [-88.55613355, 14.71467595], [-88.57144798, 14.70855019], [-88.58697994, 14.70293181], [-88.60271052, 14.69782765], [-88.61862055, 14.69324394], [-88.63469065, 14.68918625], [-88.65090123, 14.68565954], [-88.66723255, 14.68266810], [-88.68366471, 14.68021556], [-88.70017768, 14.67830493], [-88.71675136, 14.67693853], [-88.73336555, 14.67611803], [-88.75000000, 14.67584441]]]}
    },
    {
      "type": "Feature",
      "properties": {"block_id": "ADC_NA_09", "basin_id": "BASIN_NA", "basin_label": "North American East and West Coasts", "domain_count": 1, "grid_cell_count": 171, "outer_area_km2": 2715643.514056, "shelf_width_km": 250.000000, "outer_buffer_km": 430.000000, "shelf_add_area_km2": 0.000000, "shelf_add_cell_count": 0, "shelf_add_component_count": 0, "bay_add_area_km2": 1416010.279114, "bay_add_cell_count": 2099, "bay_add_core_cell_count": 2099, "bay_add_component_count": 3, "open_ocean_area_risk": 0},
      "geometry": {"type": "Polygon", "coordinates": [[[-89.25000000, 28.17584441], [-89.50000000, 28.17584441], [-89.51025267, 28.17593203], [-89.52835920, 28.17651519], [-89.54643119, 28.17764476], [-89.56444661, 28.17931936], [-89.58238351, 28.18153696], [-89.60022004, 28.18429485], [-89.61793447, 28.18758967], [-89.63550521, 28.19141741], [-89.65291086, 28.19577340], [-89.67013021, 28.20065233], [-89.68714228, 28.20604827], [-89.70392635, 28.21195464], [-89.72046197, 28.21836424], [-89.73672898, 28.22526926], [-89.75270758, 28.23266130], [-89.76837830, 28.24053133], [-89.78372203, 28.24886979], [-89.79872010, 28.25766650], [-89.81335422, 28.26691074], [-89.82760657, 28.27659127], [-89.84145977, 28.28669628], [-89.85489697, 28.29721346], [-89.86790177, 28.30812999], [-89.88045835, 28.31943259], [-89.89255139, 28.33110747], [-89.98728833, 28.42584441], [-91.50000000, 28.42584441], [-91.51025267, 28.42593203], [-91.52835920, 28.42651519], [-91.54643119, 28.42764476], [-91.56444661, 28.42931936], [-91.58238351, 28.43153696], [-91.60022004, 28.43429485], [-91.61793447, 28.43758967], [-91.63550521, 28.44141741], [-91.65291086, 28.44577340], [-91.67013021, 28.45065233], [-91.68714228, 28.45604827], [-91.70392635, 28.46195464], [-91.72046197, 28.46836424], [-91.73672898, 28.47526926], [-91.75270758, 28.48266130], [-91.76837830, 28.49053133], [-91.78372203, 28.49886979], [-91.79872010, 28.50766650], [-91.81335422, 28.51691074], [-91.82760657, 28.52659127], [-91.84145977, 28.53669628], [-91.85489697, 28.54721346], [-91.86790177, 28.55812999], [-91.88045835, 28.56943259], [-91.89255139, 28.58110747], [-91.98728833, 28.67584441], [-92.00000000, 28.67584441], [-92.01025267, 28.67593203], [-92.02835920, 28.67651519], [-92.04643119, 28.67764476], [-92.06444661, 28.67931936], [-92.08238351, 28.68153696], [-92.10022004, 28.68429485], [-92.11793447, 28.68758967], [-92.13550521, 28.69141741], [-92.15291086, 28.69577340], [-92.17013021, 28.70065233], [-92.18714228, 28.70604827], [-92.20392635, 28.71195464], [-92.22046197, 28.71836424], [-92.23672898, 28.72526926], [-92.25270758, 28.73266130], [-92.26837830, 28.74053133], [-92.28372203, 28.74886979], [-92.29872010, 28.75766650], [-92.31335422, 28.76691074], [-92.32760657, 28.77659127], [-92.34145977, 28.78669628], [-92.35489697, 28.79721346], [-92.36790177, 28.80812999], [-92.38045835, 28.81943259], [-92.39255139, 28.83110747], [-92.76755139, 29.20610747], [-92.78405616, 29.22347221], [-92.79496049, 29.23599297], [-92.80535317, 29.24883538], [-92.81522153, 29.26198380], [-92.82455354, 29.27542221], [-92.83333785, 29.28913422], [-92.84156373, 29.30310315], [-92.84922119, 29.31731196], [-92.85630088, 29.33174336], [-92.86279417, 29.34637974], [-92.86869317, 29.36120329], [-92.87399067, 29.37619594], [-92.87868024, 29.39133943], [-92.88275614, 29.40661530], [-92.88621343, 29.42200495], [-92.88904787, 29.43748962], [-92.89125603, 29.45305046], [-92.89283522, 29.46866849], [-92.89378349, 29.48432470], [-92.89409972, 29.50000000], [-92.89409972, 30.33265579], [-93.01755139, 30.45610747], [-93.03405616, 30.47347221], [-93.04496049, 30.48599297], [-93.05535317, 30.49883538], [-93.06522153, 30.51198380], [-93.07455354, 30.52542221], [-93.08333784, 30.53913422], [-93.09156373, 30.55310315], [-93.09922119, 30.56731196], [-93.10630088, 30.58174336], [-93.11279417, 30.59637974], [-93.11869317, 30.61120329], [-93.12399067, 30.62619594], [-93.12868024, 30.64133943], [-93.13275614, 30.65661530], [-93.13621343, 30.67200495], [-93.13904787, 30.68748962], [-93.14125603, 30.70305046], [-93.14283522, 30.71866849], [-93.14378349, 30.73432470], [-93.14409972, 30.75000000], [-93.14409972, 31.00000000], [-93.14344939, 31.02247580], [-93.14222702, 31.03811777], [-93.14037449, 31.05371331], [-93.13789406, 31.06924340], [-93.13478874, 31.08468913], [-93.13106233, 31.10003168], [-93.12671935, 31.11525236], [-93.12176511, 31.13033261], [-93.11620564, 31.14525408], [-93.11004771, 31.15999858], [-93.10329882, 31.17454815], [-93.09596720, 31.18888505], [-93.08806177, 31.20299183], [-93.07959218, 31.21685129], [-93.07056874, 31.23044656], [-93.06100244, 31.24376106], [-93.05090494, 31.25677857], [-93.04028854, 31.26948324], [-93.02916617, 31.28185959], [-93.01755139, 31.29389253], [-92.89255139, 31.41889253], [-92.88576627, 31.42554375], [-92.87340909, 31.43700969], [-92.86059696, 31.44809549], [-92.84734551, 31.45878765], [-92.83367087, 31.46907314], [-92.81958970, 31.47893943], [-92.80511916, 31.48837450], [-92.79027688, 31.49736686], [-92.77508094, 31.50590554], [-92.75954986, 31.51398015], [-92.74370256, 31.52158084], [-92.72755834, 31.52869837], [-92.71113688, 31.53532405], [-92.69445818, 31.54144981], [-92.67754256, 31.54706819], [-92.66041063, 31.55217235], [-92.64308327, 31.55675606], [-92.63976566, 31.55752523], [-92.63789406, 31.56924340], [-92.63478874, 31.58468913], [-92.63106233, 31.60003168], [-92.62671935, 31.61525236], [-92.62176511, 31.63033261], [-92.61620564, 31.64525408], [-92.61004771, 31.65999858], [-92.60329882, 31.67454815], [-92.59596720, 31.68888505], [-92.58806177, 31.70299183], [-92.57959218, 31.71685129], [-92.57056874, 31.73044656], [-92.56100244, 31.74376106], [-92.55090494, 31.75677857], [-92.54028854, 31.76948324], [-92.52916617, 31.78185959], [-92.51755139, 31.79389253], [-92.39255139, 31.91889253], [-92.38576627, 31.92554375], [-92.37340909, 31.93700969], [-92.36059696, 31.94809549], [-92.34734551, 31.95878765], [-92.33367087, 31.96907314], [-92.31958970, 31.97893943], [-92.30511916, 31.98837450], [-92.29027688, 31.99736686], [-92.27508094, 32.00590554], [-92.25954986, 32.01398015], [-92.24370256, 32.02158084], [-92.22755834, 32.02869837], [-92.21113688, 32.03532405], [-92.19445818, 32.04144981], [-92.17754256, 32.04706819], [-92.16041063, 32.05217235], [-92.14308327, 32.05675606], [-92.12558159, 32.06081375], [-92.10792690, 32.06434046], [-92.09014072, 32.06733190], [-92.07224472, 32.06978444], [-92.05426070, 32.07169507], [-92.03621057, 32.07306147], [-92.01811632, 32.07388197], [-92.00000000, 32.07415559], [-91.25000000, 32.07415559], [-91.23974733, 32.07406797], [-91.22164080, 32.07348481], [-91.20356881, 32.07235524], [-91.18555339, 32.07068064], [-91.16761649, 32.06846304], [-91.14977996, 32.06570515], [-91.13206553, 32.06241033], [-91.11449479, 32.05858259], [-91.09708914, 32.05422660], [-91.07986979, 32.04934767], [-91.06285772, 32.04395173], [-91.04607365, 32.03804536], [-91.02953803, 32.03163576], [-91.01327102, 32.02473074], [-90.99729242, 32.01733870], [-90.98162170, 32.00946867], [-90.96627797, 32.00113021], [-90.95127990, 31.99233350], [-90.93664578, 31.98308926], [-90.92239343, 31.97340873], [-90.90854022, 31.96330372], [-90.89510303, 31.95278654], [-90.88209823, 31.94187001], [-90.86954165, 31.93056741], [-90.85744861, 31.91889253], [-90.73244861, 31.79389253], [-90.71594384, 31.77652779], [-90.70503951, 31.76400703], [-90.69464683, 31.75116462], [-90.68477847, 31.73801620], [-90.67544646, 31.72457779], [-90.66666215, 31.71086578], [-90.65843627, 31.69689685], [-90.65077881, 31.68268804], [-90.64369912, 31.66825664], [-90.63720583, 31.65362026], [-90.63130683, 31.63879671], [-90.62600933, 31.62380406], [-90.62131976, 31.60866057], [-90.61724386, 31.59338470], [-90.61378657, 31.57799505], [-90.61095213, 31.56251038], [-90.60874397, 31.54694954], [-90.60716478, 31.53133151], [-90.60621651, 31.51567530], [-90.60590028, 31.50000000], [-90.60590028, 31.32415559], [-89.63690648, 31.32415559], [-89.63478874, 31.33468913], [-89.63106233, 31.35003168], [-89.62671935, 31.36525236], [-89.62176511, 31.38033261], [-89.61620564, 31.39525408], [-89.61004771, 31.40999858], [-89.60329882, 31.42454815], [-89.59596720, 31.43888505], [-89.58806177, 31.45299183], [-89.57959218, 31.46685129], [-89.57056874, 31.48044656], [-89.56100244, 31.49376106], [-89.55090494, 31.50677857], [-89.54028854, 31.51948324], [-89.52916617, 31.53185959], [-89.51755139, 31.54389253], [-89.39255139, 31.66889253], [-89.38576627, 31.67554375], [-89.37340909, 31.68700969], [-89.36059696, 31.69809549], [-89.34734551, 31.70878765], [-89.33367087, 31.71907314], [-89.31958970, 31.72893943], [-89.30511916, 31.73837450], [-89.29027688, 31.74736686], [-89.27508094, 31.75590554], [-89.25954986, 31.76398015], [-89.24370256, 31.77158084], [-89.22755834, 31.77869837], [-89.21113688, 31.78532405], [-89.19445818, 31.79144981], [-89.17754256, 31.79706819], [-89.16041063, 31.80217235], [-89.14308327, 31.80675606], [-89.12558159, 31.81081375], [-89.10792690, 31.81434046], [-89.09014072, 31.81733190], [-89.07224472, 31.81978444], [-89.05426070, 31.82169507], [-89.03621057, 31.82306147], [-89.01811632, 31.82388197], [-89.00000000, 31.82415559], [-88.89409972, 31.82415559], [-88.89409972, 32.00000000], [-88.89344939, 32.02247580], [-88.89222702, 32.03811777], [-88.89037449, 32.05371331], [-88.88789406, 32.06924340], [-88.88478874, 32.08468913], [-88.88106233, 32.10003168], [-88.87671935, 32.11525236], [-88.87176511, 32.13033261], [-88.86620564, 32.14525408], [-88.86004771, 32.15999858], [-88.85329882, 32.17454815], [-88.84596720, 32.18888505], [-88.83806177, 32.20299183], [-88.82959218, 32.21685129], [-88.82056874, 32.23044656], [-88.81100244, 32.24376106], [-88.80090494, 32.25677857], [-88.79028854, 32.26948324], [-88.77916617, 32.28185959], [-88.76755139, 32.29389253], [-88.64255139, 32.41889253], [-88.63576627, 32.42554375], [-88.62340909, 32.43700969], [-88.61059696, 32.44809549], [-88.59734551, 32.45878765], [-88.58367087, 32.46907314], [-88.56958970, 32.47893943], [-88.55511916, 32.48837450], [-88.54027688, 32.49736686], [-88.52508094, 32.50590554], [-88.50954986, 32.51398015], [-88.49370256, 32.52158084], [-88.47755834, 32.52869837], [-88.46113688, 32.53532405], [-88.44445818, 32.54144981], [-88.42754256, 32.54706819], [-88.41041063, 32.55217235], [-88.39308327, 32.55675606], [-88.37558159, 32.56081375], [-88.35792690, 32.56434046], [-88.34014072, 32.56733190], [-88.32224472, 32.56978444], [-88.30426070, 32.57169507], [-88.28621057, 32.57306147], [-88.26811632, 32.57388197], [-88.25000000, 32.57415559], [-87.25000000, 32.57415559], [-87.23974733, 32.57406797], [-87.22164080, 32.57348481], [-87.20356881, 32.57235524], [-87.18555339, 32.57068064], [-87.16761649, 32.56846304], [-87.14977996, 32.56570515], [-87.13206553, 32.56241033], [-87.11449479, 32.55858259], [-87.09708914, 32.55422660], [-87.07986979, 32.54934767], [-87.06285772, 32.54395173], [-87.04607365, 32.53804536], [-87.02953803, 32.53163576], [-87.01327102, 32.52473074], [-86.99729242, 32.51733870], [-86.98162170, 32.50946867], [-86.96627797, 32.50113021], [-86.95127990, 32.49233350], [-86.93664578, 32.48308926], [-86.92239343, 32.47340873], [-86.90854023, 32.46330372], [-86.89510303, 32.45278654], [-86.88209823, 32.44187001], [-86.86954165, 32.43056741], [-86.85744861, 32.41889253], [-86.73244861, 32.29389253], [-86.71594384, 32.27652779], [-86.70503951, 32.26400703], [-86.69464683, 32.25116462], [-86.68477847, 32.23801620], [-86.67544646, 32.22457779], [-86.66666216, 32.21086578], [-86.65843627, 32.19689685], [-86.65077881, 32.18268804], [-86.64369912, 32.16825664], [-86.63720583, 32.15362026], [-86.63130683, 32.13879671], [-86.62600933, 32.12380406], [-86.62131976, 32.10866057], [-86.61724386, 32.09338470], [-86.61378657, 32.07799505], [-86.61095213, 32.06251038], [-86.60874397, 32.04694954], [-86.60716478, 32.03133151], [-86.60621651, 32.01567530], [-86.60590028, 32.00000000], [-86.60590028, 31.55643171], [-86.59708914, 31.55422660], [-86.57986979, 31.54934767], [-86.56285772, 31.54395173], [-86.54607365, 31.53804536], [-86.52953803, 31.53163576], [-86.51327102, 31.52473074], [-86.49729242, 31.51733870], [-86.48162170, 31.50946867], [-86.46627797, 31.50113021], [-86.45127990, 31.49233350], [-86.43664578, 31.48308926], [-86.42239343, 31.47340873], [-86.40854023, 31.46330372], [-86.39510303, 31.45278654], [-86.38209823, 31.44187001], [-86.36954165, 31.43056741], [-86.35744861, 31.41889253], [-86.26271167, 31.32415559], [-84.75000000, 31.32415559], [-84.73974733, 31.32406797], [-84.72164080, 31.32348481], [-84.70356881, 31.32235524], [-84.68555339, 31.32068064], [-84.66761649, 31.31846304], [-84.64977996, 31.31570515], [-84.63206553, 31.31241033], [-84.61449479, 31.30858259], [-84.59708914, 31.30422660], [-84.57986979, 31.29934767], [-84.56285772, 31.29395173], [-84.54607365, 31.28804536], [-84.52953803, 31.28163576], [-84.51327102, 31.27473074], [-84.49729242, 31.26733870], [-84.48162170, 31.25946867], [-84.46627797, 31.25113021], [-84.45127990, 31.24233350], [-84.43664578, 31.23308926], [-84.42239343, 31.22340873], [-84.40854023, 31.21330372], [-84.39510303, 31.20278654], [-84.38209823, 31.19187001], [-84.36954165, 31.18056741], [-84.35744861, 31.16889253], [-83.73244861, 30.54389253], [-83.71594384, 30.52652779], [-83.70503951, 30.51400703], [-83.69464683, 30.50116462], [-83.68477847, 30.48801620], [-83.67544646, 30.47457779], [-83.66666216, 30.46086578], [-83.65843627, 30.44689685], [-83.65077881, 30.43268804], [-83.64369912, 30.41825664], [-83.63720583, 30.40362026], [-83.63130683, 30.38879671], [-83.62600933, 30.37380406], [-83.62131976, 30.35866057], [-83.61724386, 30.34338470], [-83.61378657, 30.32799505], [-83.61095213, 30.31251038], [-83.60874397, 30.29694954], [-83.60716478, 30.28133151], [-83.60621651, 30.26567530], [-83.60590028, 30.25000000], [-83.60590028, 29.75000000], [-83.60655061, 29.72752420], [-83.60777298, 29.71188223], [-83.60962551, 29.69628669], [-83.61210594, 29.68075660], [-83.61521126, 29.66531087], [-83.61893767, 29.64996832], [-83.62328065, 29.63474764], [-83.62823489, 29.61966739], [-83.63379436, 29.60474592], [-83.63995229, 29.59000142], [-83.64670118, 29.57545185], [-83.65403280, 29.56111495], [-83.66193823, 29.54700817], [-83.67040782, 29.53314871], [-83.67943126, 29.51955344], [-83.68899756, 29.50623894], [-83.69909506, 29.49322143], [-83.70971146, 29.48051676], [-83.72083383, 29.46814041], [-83.73244861, 29.45610747], [-84.10744861, 29.08110747], [-84.11423373, 29.07445625], [-84.12659091, 29.06299031], [-84.13940304, 29.05190451], [-84.15265449, 29.04121235], [-84.16632913, 29.03092686], [-84.18041030, 29.02106057], [-84.19488084, 29.01162550], [-84.20972312, 29.00263314], [-84.22491906, 28.99409446], [-84.24045014, 28.98601985], [-84.25629744, 28.97841916], [-84.27244166, 28.97130163], [-84.28886312, 28.96467595], [-84.30554182, 28.95855019], [-84.32245744, 28.95293181], [-84.33958937, 28.94782765], [-84.35691673, 28.94324394], [-84.37441841, 28.93918625], [-84.39207310, 28.93565954], [-84.40985928, 28.93266810], [-84.42775528, 28.93021556], [-84.44573930, 28.92830493], [-84.46378943, 28.92693853], [-84.48188368, 28.92611803], [-84.50000000, 28.92584441], [-85.00000000, 28.92584441], [-85.01025267, 28.92593203], [-85.02835920, 28.92651519], [-85.04643119, 28.92764476], [-85.06444661, 28.92931936], [-85.08238351, 28.93153696], [-85.10022004, 28.93429485], [-85.11793447, 28.93758967], [-85.13550521, 28.94141741], [-85.15291086, 28.94577340], [-85.17013021, 28.95065233], [-85.18714228, 28.95604827], [-85.20392635, 28.96195464], [-85.22046197, 28.96836424], [-85.23672898, 28.97526926], [-85.25270758, 28.98266130], [-85.26837830, 28.99053133], [-85.28372203, 28.99886979], [-85.29872010, 29.00766650], [-85.31335422, 29.01691074], [-85.32760657, 29.02659127], [-85.34145978, 29.03669628], [-85.35489697, 29.04721346], [-85.36790177, 29.05812999], [-85.38045835, 29.06943259], [-85.39255139, 29.08110747], [-85.48728833, 29.17584441], [-85.75000000, 29.17584441], [-85.76025267, 29.17593203], [-85.77835920, 29.17651519], [-85.79643119, 29.17764476], [-85.81444661, 29.17931936], [-85.83238351, 29.18153696], [-85.85022004, 29.18429485], [-85.86793447, 29.18758967], [-85.88550521, 29.19141741], [-85.90291086, 29.19577340], [-85.92013021, 29.20065233], [-85.93714228, 29.20604827], [-85.95392635, 29.21195464], [-85.97046197, 29.21836424], [-85.98672898, 29.22526926], [-86.00270758, 29.23266130], [-86.01837830, 29.24053133], [-86.03372203, 29.24886979], [-86.04872010, 29.25766650], [-86.06335422, 29.26691074], [-86.07760657, 29.27659127], [-86.09145978, 29.28669628], [-86.10489697, 29.29721346], [-86.11790177, 29.30812999], [-86.13045835, 29.31943259], [-86.14255139, 29.33110747], [-86.48728833, 29.67584441], [-87.01271167, 29.67584441], [-87.10744861, 29.58110747], [-87.11423373, 29.57445625], [-87.12659091, 29.56299031], [-87.13940304, 29.55190451], [-87.15265449, 29.54121235], [-87.16632913, 29.53092686], [-87.18041030, 29.52106057], [-87.19488084, 29.51162550], [-87.20972312, 29.50263314], [-87.22491906, 29.49409446], [-87.24045014, 29.48601985], [-87.25629744, 29.47841916], [-87.27244166, 29.47130163], [-87.28886312, 29.46467595], [-87.30554182, 29.45855019], [-87.32245744, 29.45293181], [-87.33958937, 29.44782765], [-87.35691673, 29.44324394], [-87.37441841, 29.43918625], [-87.39207310, 29.43565954], [-87.40985928, 29.43266810], [-87.42775528, 29.43021556], [-87.44573930, 29.42830493], [-87.46378943, 29.42693853], [-87.48188368, 29.42611803], [-87.50000000, 29.42584441], [-88.26271167, 29.42584441], [-88.35590028, 29.33265580], [-88.35590028, 29.00000000], [-88.35655061, 28.97752420], [-88.35777298, 28.96188223], [-88.35962550, 28.94628669], [-88.36210594, 28.93075660], [-88.36521126, 28.91531087], [-88.36893767, 28.89996832], [-88.37328065, 28.88474764], [-88.37823489, 28.86966739], [-88.38379436, 28.85474592], [-88.38995229, 28.84000142], [-88.39670118, 28.82545185], [-88.40403280, 28.81111495], [-88.41193823, 28.79700817], [-88.42040782, 28.78314871], [-88.42943126, 28.76955344], [-88.43899756, 28.75623894], [-88.44909506, 28.74322143], [-88.45971146, 28.73051676], [-88.47083383, 28.71814041], [-88.48244861, 28.70610747], [-88.85744861, 28.33110747], [-88.86423373, 28.32445625], [-88.87659091, 28.31299031], [-88.88940304, 28.30190451], [-88.90265449, 28.29121235], [-88.91632913, 28.28092686], [-88.93041030, 28.27106057], [-88.94488084, 28.26162550], [-88.95972312, 28.25263314], [-88.97491906, 28.24409446], [-88.99045014, 28.23601985], [-89.00629744, 28.22841916], [-89.02244166, 28.22130163], [-89.03886312, 28.21467595], [-89.05554182, 28.20855019], [-89.07245744, 28.20293181], [-89.08958937, 28.19782765], [-89.10691673, 28.19324394], [-89.12441841, 28.18918625], [-89.14207310, 28.18565954], [-89.15985928, 28.18266810], [-89.17775528, 28.18021556], [-89.19573930, 28.17830493], [-89.21378943, 28.17693853], [-89.23188368, 28.17611803], [-89.25000000, 28.17584441]]]}
    },
    {
      "type": "Feature",
      "properties": {"block_id": "ADC_NA_10", "basin_id": "BASIN_NA", "basin_label": "North American East and West Coasts", "domain_count": 1, "grid_cell_count": 88, "outer_area_km2": 2857897.416795, "shelf_width_km": 250.000000, "outer_buffer_km": 430.000000, "shelf_add_area_km2": 0.000000, "shelf_add_cell_count": 0, "shelf_add_component_count": 0, "bay_add_area_km2": 943368.115068, "bay_add_cell_count": 1220, "bay_add_core_cell_count": 1220, "bay_add_component_count": 3, "open_ocean_area_risk": 0},
      "geometry": {"type": "Polygon", "coordinates": [[[-82.50000000, 20.67584441], [-83.25000000, 20.67584441], [-83.26040958, 20.67594765], [-83.27734403, 20.67655728], [-83.29424517, 20.67771326], [-83.31109240, 20.67941419], [-83.32786520, 20.68165800], [-83.34454313, 20.68444196], [-83.36110588, 20.68776267], [-83.37753326, 20.69161608], [-83.39380526, 20.69599750], [-83.40990205, 20.70090160], [-83.42580403, 20.70632240], [-83.44149182, 20.71225329], [-83.45694631, 20.71868705], [-83.47214867, 20.72561584], [-83.48708037, 20.73303121], [-83.50172322, 20.74092414], [-83.51605939, 20.74928501], [-83.53007141, 20.75810363], [-83.54374220, 20.76736925], [-83.55705511, 20.77707060], [-83.56999393, 20.78719584], [-83.58254288, 20.79773264], [-83.59468667, 20.80866817], [-83.60641053, 20.81998910], [-83.73141053, 20.94498910], [-83.74693612, 20.96128835], [-83.75760138, 20.97347221], [-83.76780050, 20.98599297], [-83.77752106, 20.99883538], [-83.78675120, 21.01198380], [-83.79547969, 21.02542221], [-83.80369589, 21.03913422], [-83.81138978, 21.05310315], [-83.81855201, 21.06731196], [-83.82517384, 21.08174336], [-83.83124719, 21.09637974], [-83.83676468, 21.11120329], [-83.84171959, 21.12619594], [-83.84610586, 21.14133943], [-83.84991817, 21.15661530], [-83.85315186, 21.17200495], [-83.85380921, 21.17584441], [-85.00000000, 21.17584441], [-85.01040958, 21.17594765], [-85.02734403, 21.17655728], [-85.04424517, 21.17771326], [-85.06109240, 21.17941419], [-85.07786520, 21.18165801], [-85.09454313, 21.18444196], [-85.11110588, 21.18776267], [-85.12753326, 21.19161608], [-85.14380526, 21.19599750], [-85.15990205, 21.20090160], [-85.17580403, 21.20632240], [-85.19149182, 21.21225329], [-85.20694631, 21.21868705], [-85.22214867, 21.22561584], [-85.23708037, 21.23303121], [-85.25172322, 21.24092414], [-85.26605939, 21.24928501], [-85.28007141, 21.25810363], [-85.29374220, 21.26736925], [-85.30705511, 21.27707060], [-85.31999393, 21.28719584], [-85.33254288, 21.29773264], [-85.34468667, 21.30866817], [-85.35641053, 21.31998910], [-85.48141053, 21.44498910], [-85.49693612, 21.46128835], [-85.50760138, 21.47347221], [-85.51780050, 21.48599297], [-85.52752106, 21.49883538], [-85.53675120, 21.51198380], [-85.54547969, 21.52542221], [-85.55369589, 21.53913422], [-85.56138978, 21.55310315], [-85.56855201, 21.56731196], [-85.57517384, 21.58174336], [-85.58124719, 21.59637974], [-85.58676468, 21.61120329], [-85.59171959, 21.62619594], [-85.59610586, 21.64133943], [-85.59991817, 21.65661530], [-85.60315186, 21.67200495], [-85.60580300, 21.68748962], [-85.60786835, 21.70305046], [-85.60934540, 21.71866849], [-85.61023235, 21.73432470], [-85.61052812, 21.75000000], [-85.61052812, 22.00000000], [-85.60996021, 22.02171800], [-85.60884545, 22.03736174], [-85.60714121, 22.05295996], [-85.60484956, 22.06849365], [-85.60197328, 22.08394390], [-85.59851588, 22.09929187], [-85.59448158, 22.11451888], [-85.58987528, 22.12960636], [-85.58470261, 22.14453593], [-85.57896986, 22.15928941], [-85.57268401, 22.17384882], [-85.56585274, 22.18819642], [-85.55848435, 22.20231473], [-85.55058783, 22.21618655], [-85.54217279, 22.22979498], [-85.53324950, 22.24312345], [-85.52382881, 22.25615570], [-85.51392222, 22.26887587], [-85.50354178, 22.28126846], [-85.49270014, 22.29331836], [-85.48141053, 22.30501090], [-84.35641053, 23.43001090], [-84.34925970, 23.43700969], [-84.33727617, 23.44809549], [-84.32488173, 23.45878765], [-84.31209146, 23.46907314], [-84.29892096, 23.47893943], [-84.28538627, 23.48837450], [-84.27150388, 23.49736686], [-84.25729070, 23.50590554], [-84.24276406, 23.51398015], [-84.22794165, 23.52158084], [-84.21284152, 23.52869837], [-84.19748208, 23.53532405], [-84.18188204, 23.54144981], [-84.16606040, 23.54706819], [-84.15003644, 23.55217235], [-84.13382969, 23.55675606], [-84.11745988, 23.56081375], [-84.10094697, 23.56434046], [-84.08431107, 23.56733190], [-84.06757245, 23.56978444], [-84.05075151, 23.57169507], [-84.03386873, 23.57306147], [-84.01694469, 23.57388197], [-84.00000000, 23.57415559], [-83.71226584, 23.57415559], [-83.60641053, 23.68001090], [-83.59925970, 23.68700969], [-83.58727617, 23.69809549], [-83.57488173, 23.70878765], [-83.56209146, 23.71907314], [-83.54892096, 23.72893943], [-83.53538627, 23.73837450], [-83.52150388, 23.74736686], [-83.50729070, 23.75590554], [-83.49276406, 23.76398015], [-83.47794165, 23.77158084], [-83.46284152, 23.77869837], [-83.44748208, 23.78532405], [-83.43188204, 23.79144981], [-83.41606040, 23.79706819], [-83.40003644, 23.80217235], [-83.38382969, 23.80675606], [-83.36745988, 23.81081375], [-83.35094697, 23.81434046], [-83.33431107, 23.81733190], [-83.31757245, 23.81978444], [-83.30075151, 23.82169507], [-83.28386873, 23.82306147], [-83.26694469, 23.82388197], [-83.25000000, 23.82415559], [-81.46226584, 23.82415559], [-81.35641053, 23.93001090], [-81.34925970, 23.93700969], [-81.33727617, 23.94809549], [-81.32488173, 23.95878765], [-81.31209146, 23.96907314], [-81.29892096, 23.97893943], [-81.28538627, 23.98837450], [-81.27150388, 23.99736686], [-81.25729071, 24.00590554], [-81.24276406, 24.01398015], [-81.22794165, 24.02158084], [-81.21284152, 24.02869837], [-81.19748208, 24.03532405], [-81.18188204, 24.04144981], [-81.16606040, 24.04706819], [-81.15003644, 24.05217235], [-81.13382969, 24.05675606], [-81.11745988, 24.06081375], [-81.10094697, 24.06434046], [-81.08431107, 24.06733190], [-81.06757245, 24.06978444], [-81.05075151, 24.07169507], [-81.03386873, 24.07306147], [-81.01694469, 24.07388197], [-81.00000000, 24.07415559], [-80.75000000, 24.07415559], [-80.73959042, 24.07405235], [-80.72265597, 24.07344272], [-80.70575483, 24.07228674], [-80.68890760, 24.07058581], [-80.67213480, 24.06834199], [-80.65545687, 24.06555804], [-80.63889412, 24.06223733], [-80.62246674, 24.05838392], [-80.60619474, 24.05400250], [-80.59009795, 24.04909840], [-80.57419597, 24.04367760], [-80.55850817, 24.03774671], [-80.54305369, 24.03131295], [-80.52785133, 24.02438416], [-80.51291963, 24.01696879], [-80.49827678, 24.00907586], [-80.48394061, 24.00071499], [-80.46992859, 23.99189637], [-80.45625780, 23.98263075], [-80.44294489, 23.97292940], [-80.43000607, 23.96280416], [-80.41745712, 23.95226736], [-80.40531332, 23.94133183], [-80.39358947, 23.93001090], [-80.28773416, 23.82415559], [-80.25000000, 23.82415559], [-80.23959042, 23.82405235], [-80.22265597, 23.82344272], [-80.20575483, 23.82228674], [-80.18890760, 23.82058581], [-80.17213480, 23.81834200], [-80.15545687, 23.81555804], [-80.13889412, 23.81223733], [-80.12246674, 23.80838392], [-80.10619474, 23.80400250], [-80.09009795, 23.79909840], [-80.07419597, 23.79367760], [-80.05850817, 23.78774671], [-80.04305369, 23.78131295], [-80.02785133, 23.77438416], [-80.01291963, 23.76696879], [-79.99827678, 23.75907586], [-79.98394061, 23.75071499], [-79.96992859, 23.74189637], [-79.95625780, 23.73263075], [-79.94294489, 23.72292940], [-79.93000607, 23.71280416], [-79.91745712, 23.70226736], [-79.90531332, 23.69133183], [-79.89358947, 23.68001090], [-79.76858947, 23.55501090], [-79.75306388, 23.53871165], [-79.74239862, 23.52652779], [-79.73219950, 23.51400703], [-79.72247894, 23.50116462], [-79.71324880, 23.48801620], [-79.70452031, 23.47457779], [-79.69630411, 23.46086578], [-79.68861022, 23.44689685], [-79.68144799, 23.43268804], [-79.67482616, 23.41825664], [-79.66875281, 23.40362026], [-79.66323532, 23.38879671], [-79.65828041, 23.37380406], [-79.65389414, 23.35866057], [-79.65008183, 23.34338470], [-79.64684814, 23.32799505], [-79.64419700, 23.31251038], [-79.64213165, 23.29694954], [-79.64065460, 23.28133151], [-79.63976765, 23.26567530], [-79.63947188, 23.25000000], [-79.63947188, 22.75000000], [-79.64003979, 22.72828200], [-79.64115455, 22.71263826], [-79.64285879, 22.69704004], [-79.64515044, 22.68150635], [-79.64802672, 22.66605610], [-79.65148412, 22.65070813], [-79.65551842, 22.63548112], [-79.66012472, 22.62039364], [-79.66529739, 22.60546407], [-79.67103014, 22.59071059], [-79.67731599, 22.57615118], [-79.68414726, 22.56180358], [-79.69151565, 22.54768527], [-79.69941217, 22.53381345], [-79.70782721, 22.52020502], [-79.71675050, 22.50687655], [-79.72169095, 22.50004211], [-79.71324880, 22.48801620], [-79.70452031, 22.47457779], [-79.69630411, 22.46086578], [-79.68861022, 22.44689685], [-79.68144799, 22.43268804], [-79.67482616, 22.41825664], [-79.66875281, 22.40362026], [-79.66323532, 22.38879671], [-79.65828041, 22.37380406], [-79.65389414, 22.35866057], [-79.65008183, 22.34338470], [-79.64684814, 22.32799505], [-79.64419700, 22.31251038], [-79.64213165, 22.29694954], [-79.64065460, 22.28133151], [-79.63976765, 22.26567530], [-79.63947188, 22.25000000], [-79.63947188, 21.75000000], [-79.64003979, 21.72828200], [-79.64115455, 21.71263826], [-79.64285879, 21.69704004], [-79.64515044, 21.68150635], [-79.64802672, 21.66605610], [-79.65148412, 21.65070813], [-79.65551842, 21.63548112], [-79.66012472, 21.62039364], [-79.66529739, 21.60546407], [-79.67103014, 21.59071059], [-79.67731599, 21.57615118], [-79.68414726, 21.56180358], [-79.69151565, 21.54768527], [-79.69941217, 21.53381345], [-79.70782721, 21.52020502], [-79.71675050, 21.50687655], [-79.72617119, 21.49384430], [-79.73607778, 21.48112413], [-79.74645822, 21.46873154], [-79.75729986, 21.45668164], [-79.76858947, 21.44498910], [-79.89358947, 21.31998910], [-79.90074030, 21.31299031], [-79.91272383, 21.30190451], [-79.92511827, 21.29121235], [-79.93790854, 21.28092686], [-79.95107904, 21.27106057], [-79.96461373, 21.26162550], [-79.97849612, 21.25263314], [-79.99270930, 21.24409446], [-80.00723594, 21.23601985], [-80.02205835, 21.22841916], [-80.03715848, 21.22130163], [-80.05251792, 21.21467595], [-80.06811796, 21.20855019], [-80.08393960, 21.20293181], [-80.09996356, 21.19782765], [-80.11617031, 21.19324394], [-80.13254012, 21.18918625], [-80.14905303, 21.18565954], [-80.16568893, 21.18266810], [-80.18242755, 21.18021556], [-80.19924849, 21.17830493], [-80.21613127, 21.17693853], [-80.23305531, 21.17611803], [-80.25000000, 21.17584441], [-80.50000000, 21.17584441], [-80.51040958, 21.17594765], [-80.52734403, 21.17655728], [-80.54424517, 21.17771326], [-80.56109240, 21.17941419], [-80.57786520, 21.18165801], [-80.59454313, 21.18444196], [-80.61110588, 21.18776267], [-80.62753326, 21.19161608], [-80.64380526, 21.19599750], [-80.65990205, 21.20090160], [-80.67580403, 21.20632240], [-80.69149183, 21.21225329], [-80.70694631, 21.21868705], [-80.72214867, 21.22561584], [-80.73528639, 21.23214029], [-80.73607778, 21.23112413], [-80.74645822, 21.21873154], [-80.75729986, 21.20668164], [-80.76858947, 21.19498910], [-80.89358947, 21.06998910], [-80.90074030, 21.06299031], [-80.91272383, 21.05190451], [-80.92511827, 21.04121235], [-80.93790854, 21.03092686], [-80.95107904, 21.02106057], [-80.96461373, 21.01162550], [-80.97849612, 21.00263314], [-80.99270930, 20.99409446], [-81.00723594, 20.98601985], [-81.02205835, 20.97841916], [-81.03715848, 20.97130163], [-81.05251792, 20.96467595], [-81.06811796, 20.95855019], [-81.08393960, 20.95293181], [-81.09996356, 20.94782765], [-81.11617031, 20.94324394], [-81.13254012, 20.93918625], [-81.14905303, 20.93565954], [-81.16568893, 20.93266810], [-81.18242755, 20.93021556], [-81.19924849, 20.92830493], [-81.21613127, 20.92693853], [-81.23305531, 20.92611803], [-81.25000000, 20.92584441], [-82.03773416, 20.92584441], [-82.14358947, 20.81998910], [-82.15074030, 20.81299031], [-82.16272383, 20.80190451], [-82.17511827, 20.79121235], [-82.18790854, 20.78092686], [-82.20107904, 20.77106057], [-82.21461373, 20.76162550], [-82.22849612, 20.75263314], [-82.24270930, 20.74409446], [-82.25723594, 20.73601985], [-82.27205835, 20.72841916], [-82.28715848, 20.72130163], [-82.30251792, 20.71467595], [-82.31811796, 20.70855019], [-82.33393960, 20.70293181], [-82.34996356, 20.69782765], [-82.36617031, 20.69324394], [-82.38254012, 20.68918625], [-82.39905303, 20.68565954], [-82.41568893, 20.68266810], [-82.43242755, 20.68021556], [-82.44924849, 20.67830493], [-82.46613127, 20.67693853], [-82.48305531, 20.67611803], [-82.50000000, 20.67584441]]]}
    },
    {
      "type": "Feature",
      "properties": {"block_id": "ADC_NA_11", "basin_id": "BASIN_NA", "basin_label": "North American East and West Coasts", "domain_count": 3, "grid_cell_count": 174, "outer_area_km2": 4637482.267115, "shelf_width_km": 250.000000, "outer_buffer_km": 430.000000, "shelf_add_area_km2": 0.000000, "shelf_add_cell_count": 0, "shelf_add_component_count": 0, "bay_add_area_km2": 2341987.982783, "bay_add_cell_count": 2797, "bay_add_core_cell_count": 2797, "bay_add_component_count": 6, "open_ocean_area_risk": 0},
      "geometry": {"type": "Polygon", "coordinates": [[[-77.00000000, 16.92584441], [-77.25000000, 16.92584441], [-77.26013473, 16.92594249], [-77.27705108, 16.92654360], [-77.29393448, 16.92769108], [-77.31076435, 16.92938355], [-77.32752019, 16.93161892], [-77.34418158, 16.93439449], [-77.36072823, 16.93770687], [-77.37713997, 16.94155203], [-77.39339681, 16.94592527], [-77.40947894, 16.95082128], [-77.42536678, 16.95623408], [-77.44104095, 16.96215708], [-77.45648237, 16.96858307], [-77.47167223, 16.97550421], [-77.48659201, 16.98291208], [-77.50122354, 16.99079765], [-77.51554899, 16.99915131], [-77.52955091, 17.00796288], [-77.54321225, 17.01722163], [-77.55651635, 17.02691628], [-77.56944700, 17.03703502], [-77.58198846, 17.04756551], [-77.59412544, 17.05849493], [-77.60584316, 17.06980997], [-77.71187761, 17.17584441], [-78.00000000, 17.17584441], [-78.01013473, 17.17594249], [-78.02705108, 17.17654360], [-78.04393448, 17.17769108], [-78.06076435, 17.17938355], [-78.07752019, 17.18161892], [-78.09418158, 17.18439449], [-78.11072823, 17.18770687], [-78.12713997, 17.19155203], [-78.14339681, 17.19592527], [-78.15947894, 17.20082128], [-78.17536678, 17.20623408], [-78.19104095, 17.21215708], [-78.20648237, 17.21858307], [-78.22167223, 17.22550421], [-78.23659201, 17.23291208], [-78.25122354, 17.24079765], [-78.26554899, 17.24915131], [-78.27955091, 17.25796288], [-78.29321225, 17.26722163], [-78.30651635, 17.27691628], [-78.31944700, 17.28703502], [-78.33198846, 17.29756551], [-78.34412544, 17.30849493], [-78.35584316, 17.31980997], [-78.46187761, 17.42584441], [-78.50000000, 17.42584441], [-78.51013473, 17.42594249], [-78.52705108, 17.42654360], [-78.54393448, 17.42769108], [-78.56076435, 17.42938355], [-78.57752019, 17.43161892], [-78.59418158, 17.43439449], [-78.61072823, 17.43770687], [-78.62713997, 17.44155203], [-78.64339681, 17.44592527], [-78.65947894, 17.45082128], [-78.67536678, 17.45623408], [-78.69104095, 17.46215708], [-78.70648237, 17.46858307], [-78.72167223, 17.47550421], [-78.73659201, 17.48291208], [-78.75122354, 17.49079765], [-78.76554899, 17.49915131], [-78.77955091, 17.50796288], [-78.79321225, 17.51722163], [-78.80651635, 17.52691628], [-78.81944700, 17.53703502], [-78.83198846, 17.54756551], [-78.84412544, 17.55849493], [-78.85584316, 17.56980997], [-78.98084316, 17.69480997], [-78.99653088, 17.71128835], [-79.00718452, 17.72347221], [-79.01737253, 17.73599297], [-79.02708249, 17.74883538], [-79.03630258, 17.76198380], [-79.04502155, 17.77542221], [-79.05322880, 17.78913422], [-79.06091432, 17.80310315], [-79.06806874, 17.81731196], [-79.07468335, 17.83174336], [-79.08075009, 17.84637974], [-79.08626157, 17.86120329], [-79.09121107, 17.87619594], [-79.09559257, 17.89133943], [-79.09940072, 17.90661530], [-79.10263089, 17.92200495], [-79.10527914, 17.93748962], [-79.10734224, 17.95305046], [-79.10881768, 17.96866849], [-79.10970367, 17.98432470], [-79.10999911, 18.00000000], [-79.10999911, 18.50000000], [-79.10941900, 18.52196180], [-79.10829629, 18.53760498], [-79.10658475, 18.55320234], [-79.10428647, 18.56873488], [-79.10140426, 18.58418368], [-79.09794163, 18.59952991], [-79.09390278, 18.61475488], [-79.08929265, 18.62984005], [-79.08411686, 18.64476702], [-79.07838169, 18.65951761], [-79.07209416, 18.67407386], [-79.06526191, 18.68841802], [-79.05789326, 18.70253263], [-79.04999720, 18.71640048], [-79.04158335, 18.73000468], [-79.03266196, 18.74332865], [-79.02324389, 18.75635617], [-79.01334063, 18.76907136], [-79.00296423, 18.78145872], [-78.99212734, 18.79350317], [-78.98084316, 18.80519003], [-78.85584316, 18.93019003], [-78.84887917, 18.93700969], [-78.83690869, 18.94809549], [-78.82452775, 18.95878765], [-78.81175142, 18.96907314], [-78.79859527, 18.97893943], [-78.78507533, 18.98837450], [-78.77120806, 18.99736686], [-78.75701037, 19.00590554], [-78.74249956, 19.01398015], [-78.72769329, 19.02158084], [-78.71260962, 19.02869837], [-78.69726691, 19.03532405], [-78.68168387, 19.04144981], [-78.66587947, 19.04706819], [-78.64987297, 19.05217235], [-78.63368387, 19.05675606], [-78.61733191, 19.06081375], [-78.60083699, 19.06434046], [-78.58421921, 19.06733190], [-78.56749883, 19.06978444], [-78.55069621, 19.07169507], [-78.53383183, 19.07306147], [-78.51692622, 19.07388197], [-78.50000000, 19.07415559], [-78.46187761, 19.07415559], [-78.35584316, 19.18019003], [-78.34887917, 19.18700969], [-78.33690869, 19.19809549], [-78.32452775, 19.20878765], [-78.31175142, 19.21907314], [-78.29859527, 19.22893943], [-78.28507533, 19.23837450], [-78.27120806, 19.24736686], [-78.25701037, 19.25590554], [-78.24249956, 19.26398015], [-78.22769329, 19.27158084], [-78.21260962, 19.27869837], [-78.19726691, 19.28532405], [-78.18168387, 19.29144981], [-78.16587947, 19.29706819], [-78.14987297, 19.30217235], [-78.13368387, 19.30675606], [-78.11733191, 19.31081375], [-78.10083699, 19.31434046], [-78.10028239, 19.31444030], [-78.10584316, 19.31980997], [-78.23084316, 19.44480997], [-78.24653088, 19.46128835], [-78.25718452, 19.47347221], [-78.26737253, 19.48599297], [-78.27708249, 19.49883538], [-78.28630258, 19.51198380], [-78.29502155, 19.52542221], [-78.30322880, 19.53913422], [-78.31091432, 19.55310315], [-78.31806874, 19.56731196], [-78.32468335, 19.58174336], [-78.33075009, 19.59637974], [-78.33626157, 19.61120329], [-78.34121107, 19.62619594], [-78.34559257, 19.64133943], [-78.34940072, 19.65661530], [-78.35263089, 19.67200495], [-78.35527914, 19.68748962], [-78.35734224, 19.70305046], [-78.35881768, 19.71866849], [-78.35970367, 19.73432470], [-78.35999911, 19.75000000], [-78.35999911, 19.92584441], [-79.00000000, 19.92584441], [-79.01013473, 19.92594249], [-79.02705108, 19.92654360], [-79.04393448, 19.92769108], [-79.06076435, 19.92938355], [-79.07752019, 19.93161892], [-79.09418158, 19.93439449], [-79.11072823, 19.93770687], [-79.12713997, 19.94155203], [-79.14339681, 19.94592527], [-79.15947894, 19.95082128], [-79.17536678, 19.95623408], [-79.19104095, 19.96215708], [-79.20648237, 19.96858307], [-79.22167223, 19.97550421], [-79.23659201, 19.98291208], [-79.25122354, 19.99079765], [-79.26554899, 19.99915131], [-79.27955091, 20.00796288], [-79.29321225, 20.01722163], [-79.30651635, 20.02691628], [-79.31944700, 20.03703502], [-79.33198846, 20.04756551], [-79.34412544, 20.05849493], [-79.35584316, 20.06980997], [-79.98084316, 20.69480997], [-79.99653088, 20.71128835], [-80.00718452, 20.72347221], [-80.01737253, 20.73599297], [-80.02708249, 20.74883538], [-80.03630258, 20.76198380], [-80.04502155, 20.77542221], [-80.05322880, 20.78913422], [-80.06091432, 20.80310315], [-80.06806874, 20.81731196], [-80.07468335, 20.83174336], [-80.08075009, 20.84637974], [-80.08626157, 20.86120329], [-80.09121107, 20.87619594], [-80.09559257, 20.89133943], [-80.09940072, 20.90661530], [-80.10263089, 20.92200495], [-80.10328753, 20.92584441], [-80.25000000, 20.92584441], [-80.26013473, 20.92594249], [-80.27705108, 20.92654360], [-80.29393448, 20.92769108], [-80.31076435, 20.92938355], [-80.32752019, 20.93161892], [-80.34418158, 20.93439449], [-80.36072823, 20.93770687], [-80.37713997, 20.94155203], [-80.39339681, 20.94592527], [-80.40947894, 20.95082128], [-80.42536678, 20.95623408], [-80.44104095, 20.96215708], [-80.45648237, 20.96858307], [-80.47167223, 20.97550421], [-80.48659201, 20.98291208], [-80.50122354, 20.99079765], [-80.51554899, 20.99915131], [-80.52955091, 21.00796288], [-80.54321225, 21.01722163], [-80.55651635, 21.02691628], [-80.56944700, 21.03703502], [-80.58198846, 21.04756551], [-80.59412544, 21.05849493], [-80.60584316, 21.06980997], [-80.73084316, 21.19480997], [-80.74653088, 21.21128835], [-80.75718452, 21.22347221], [-80.76737253, 21.23599297], [-80.77708249, 21.24883538], [-80.78630258, 21.26198380], [-80.79502155, 21.27542221], [-80.80322880, 21.28913422], [-80.81091432, 21.30310315], [-80.81806874, 21.31731196], [-80.82468335, 21.33174336], [-80.83075009, 21.34637974], [-80.83626157, 21.36120329], [-80.84121107, 21.37619594], [-80.84559257, 21.39133943], [-80.84940072, 21.40661530], [-80.85263089, 21.42200495], [-80.85527914, 21.43748962], [-80.85734224, 21.45305046], [-80.85881768, 21.46866849], [-80.85970367, 21.48432470], [-80.85999911, 21.50000000], [-80.85999911, 22.00000000], [-80.85941900, 22.02196180], [-80.85829629, 22.03760498], [-80.85658475, 22.05320234], [-80.85428647, 22.06873488], [-80.85140426, 22.08418368], [-80.84794163, 22.09952991], [-80.84390278, 22.11475488], [-80.83929265, 22.12984005], [-80.83411686, 22.14476702], [-80.82838169, 22.15951761], [-80.82209416, 22.17407386], [-80.81526191, 22.18841802], [-80.80789326, 22.20253263], [-80.79999720, 22.21640048], [-80.79158335, 22.23000468], [-80.78266196, 22.24332865], [-80.77324389, 22.25635617], [-80.76334063, 22.26907136], [-80.75296423, 22.28145872], [-80.74212734, 22.29350317], [-80.73084316, 22.30519003], [-80.66103319, 22.37500000], [-80.73084316, 22.44480997], [-80.74653088, 22.46128835], [-80.75718452, 22.47347221], [-80.76737253, 22.48599297], [-80.77708249, 22.49883538], [-80.78630258, 22.51198380], [-80.79502155, 22.52542221], [-80.80322880, 22.53913422], [-80.81091432, 22.55310315], [-80.81806874, 22.56731196], [-80.82468335, 22.58174336], [-80.83075009, 22.59637974], [-80.83626157, 22.61120329], [-80.84121107, 22.62619594], [-80.84559257, 22.64133943], [-80.84940072, 22.65661530], [-80.85263089, 22.67200495], [-80.85527914, 22.68748962], [-80.85734224, 22.70305046], [-80.85881768, 22.71866849], [-80.85970367, 22.73432470], [-80.85999911, 22.75000000], [-80.85999911, 23.25000000], [-80.85941900, 23.27196180], [-80.85829629, 23.28760498], [-80.85658475, 23.30320234], [-80.85428647, 23.31873488], [-80.85140426, 23.33418368], [-80.84794163, 23.34952991], [-80.84390278, 23.36475488], [-80.83929265, 23.37984005], [-80.83411686, 23.39476702], [-80.82838169, 23.40951761], [-80.82209416, 23.42407386], [-80.81526191, 23.43841802], [-80.80789326, 23.45253263], [-80.79999720, 23.46640048], [-80.79158335, 23.48000468], [-80.78266196, 23.49332865], [-80.77324389, 23.50635617], [-80.76334063, 23.51907136], [-80.75296423, 23.53145872], [-80.74212734, 23.54350317], [-80.73084316, 23.55519003], [-80.60584316, 23.68019003], [-80.59887917, 23.68700969], [-80.58690869, 23.69809549], [-80.57452775, 23.70878765], [-80.56175142, 23.71907314], [-80.54859527, 23.72893943], [-80.53507533, 23.73837450], [-80.52120806, 23.74736686], [-80.50701037, 23.75590554], [-80.49249956, 23.76398015], [-80.47769329, 23.77158084], [-80.46260962, 23.77869837], [-80.44726691, 23.78532405], [-80.43168387, 23.79144981], [-80.41587947, 23.79706819], [-80.39987297, 23.80217235], [-80.38368387, 23.80675606], [-80.36733191, 23.81081375], [-80.35083699, 23.81434046], [-80.33421921, 23.81733190], [-80.31749883, 23.81978444], [-80.30069621, 23.82169507], [-80.28383183, 23.82306147], [-80.26692622, 23.82388197], [-80.25000000, 23.82415559], [-79.75000000, 23.82415559], [-79.73986527, 23.82405751], [-79.72294892, 23.82345640], [-79.70606552, 23.82230892], [-79.68923565, 23.82061645], [-79.67247981, 23.81838108], [-79.65581842, 23.81560551], [-79.63927177, 23.81229313], [-79.62286003, 23.80844797], [-79.60660319, 23.80407473], [-79.59052106, 23.79917872], [-79.57463322, 23.79376592], [-79.55895905, 23.78784292], [-79.54351763, 23.78141693], [-79.52832777, 23.77449579], [-79.51340799, 23.76708792], [-79.49877646, 23.75920235], [-79.48445101, 23.75084869], [-79.47044909, 23.74203712], [-79.45678775, 23.73277837], [-79.44348365, 23.72308372], [-79.43055300, 23.71296498], [-79.41801154, 23.70243449], [-79.40587456, 23.69150507], [-79.39415684, 23.68019003], [-79.03812239, 23.32415559], [-78.57120550, 23.32415559], [-78.57468335, 23.33174336], [-78.58075009, 23.34637974], [-78.58626157, 23.36120329], [-78.59121107, 23.37619594], [-78.59559257, 23.39133943], [-78.59940072, 23.40661530], [-78.60263089, 23.42200495], [-78.60527914, 23.43748962], [-78.60734224, 23.45305046], [-78.60881768, 23.46866849], [-78.60970367, 23.48432470], [-78.60999911, 23.50000000], [-78.60999911, 23.57396592], [-79.23084316, 24.19480997], [-79.24653088, 24.21128835], [-79.25718452, 24.22347221], [-79.26737253, 24.23599297], [-79.27708249, 24.24883538], [-79.28630258, 24.26198380], [-79.29502155, 24.27542221], [-79.30322880, 24.28913422], [-79.31091432, 24.30310315], [-79.31806874, 24.31731196], [-79.32468335, 24.33174336], [-79.33075009, 24.34637974], [-79.33626157, 24.36120329], [-79.34121107, 24.37619594], [-79.34559257, 24.39133943], [-79.34940072, 24.40661530], [-79.35263089, 24.42200495], [-79.35527914, 24.43748962], [-79.35734224, 24.45305046], [-79.35881768, 24.46866849], [-79.35970367, 24.48432470], [-79.35999911, 24.50000000], [-79.35999911, 24.75000000], [-79.35941900, 24.77196180], [-79.35829629, 24.78760498], [-79.35658475, 24.80320234], [-79.35428647, 24.81873488], [-79.35140426, 24.83418368], [-79.34794163, 24.84952991], [-79.34390278, 24.86475488], [-79.33929265, 24.87984005], [-79.33411686, 24.89476702], [-79.32838169, 24.90951761], [-79.32209416, 24.92407386], [-79.31526191, 24.93841802], [-79.30789326, 24.95253263], [-79.29999720, 24.96640048], [-79.29158335, 24.98000468], [-79.28266196, 24.99332865], [-79.27324389, 25.00635617], [-79.26334063, 25.01907136], [-79.25296423, 25.03145872], [-79.24212734, 25.04350317], [-79.23084316, 25.05519003], [-78.85999911, 25.42603408], [-78.85999911, 25.50000000], [-78.85941900, 25.52196180], [-78.85829629, 25.53760498], [-78.85658475, 25.55320234], [-78.85428647, 25.56873488], [-78.85140426, 25.58418368], [-78.84794163, 25.59952991], [-78.84390278, 25.61475488], [-78.83929265, 25.62984005], [-78.83411686, 25.64476702], [-78.82838169, 25.65951761], [-78.82209416, 25.67407386], [-78.81526191, 25.68841802], [-78.80789326, 25.70253263], [-78.79999720, 25.71640048], [-78.79158335, 25.73000468], [-78.78266196, 25.74332865], [-78.77324389, 25.75635617], [-78.76334063, 25.76907136], [-78.75296423, 25.78145872], [-78.74212734, 25.79350317], [-78.73084316, 25.80519003], [-78.60999911, 25.92603408], [-78.60999911, 26.00000000], [-78.60941900, 26.02196180], [-78.60829629, 26.03760498], [-78.60658475, 26.05320234], [-78.60428647, 26.06873488], [-78.60140426, 26.08418368], [-78.59794163, 26.09952991], [-78.59390278, 26.11475488], [-78.58929265, 26.12984005], [-78.58411686, 26.14476702], [-78.57838169, 26.15951761], [-78.57209416, 26.17407386], [-78.56526191, 26.18841802], [-78.55789326, 26.20253263], [-78.54999720, 26.21640048], [-78.54158335, 26.23000468], [-78.53266196, 26.24332865], [-78.52324389, 26.25635617], [-78.51334063, 26.26907136], [-78.50296423, 26.28145872], [-78.49212734, 26.29350317], [-78.48084316, 26.30519003], [-78.35584316, 26.43019003], [-78.34887917, 26.43700969], [-78.33690869, 26.44809549], [-78.32452775, 26.45878765], [-78.31175142, 26.46907314], [-78.29859527, 26.47893943], [-78.28507533, 26.48837450], [-78.27120806, 26.49736686], [-78.25701037, 26.50590554], [-78.24249956, 26.51398015], [-78.22769329, 26.52158084], [-78.21260962, 26.52869837], [-78.19726691, 26.53532405], [-78.18168387, 26.54144981], [-78.16587947, 26.54706819], [-78.14987297, 26.55217235], [-78.13368387, 26.55675606], [-78.11733191, 26.56081375], [-78.10083699, 26.56434046], [-78.08421921, 26.56733190], [-78.06749883, 26.56978444], [-78.05069621, 26.57169507], [-78.03383183, 26.57306147], [-78.01692622, 26.57388197], [-78.00000000, 26.57415559], [-77.75000000, 26.57415559], [-77.73986527, 26.57405751], [-77.72294892, 26.57345640], [-77.70606552, 26.57230892], [-77.68923565, 26.57061645], [-77.67247981, 26.56838108], [-77.65581842, 26.56560551], [-77.63927177, 26.56229313], [-77.62286003, 26.55844797], [-77.60660319, 26.55407473], [-77.59052106, 26.54917872], [-77.57463322, 26.54376592], [-77.55895905, 26.53784292], [-77.54351763, 26.53141693], [-77.52832777, 26.52449579], [-77.51340799, 26.51708792], [-77.49877646, 26.50920235], [-77.48445101, 26.50084869], [-77.47044909, 26.49203712], [-77.45678775, 26.48277837], [-77.44348365, 26.47308372], [-77.43055300, 26.46296498], [-77.41801154, 26.45243449], [-77.40587456, 26.44150507], [-77.39415684, 26.43019003], [-77.01915684, 26.05519003], [-77.00346912, 26.03871165], [-76.99281548, 26.02652779], [-76.98262747, 26.01400703], [-76.97291751, 26.00116462], [-76.96369742, 25.98801620], [-76.95497845, 25.97457779], [-76.94677120, 25.96086578], [-76.93908568, 25.94689685], [-76.93193126, 25.93268804], [-76.92531665, 25.91825664], [-76.91924991, 25.90362026], [-76.91373843, 25.88879671], [-76.90878893, 25.87380406], [-76.90440743, 25.85866057], [-76.90059928, 25.84338470], [-76.89736911, 25.82799505], [-76.89487556, 25.81341492], [-76.88927177, 25.81229313], [-76.87286003, 25.80844797], [-76.85660319, 25.80407473], [-76.84052106, 25.79917872], [-76.82463322, 25.79376592], [-76.80895905, 25.78784292], [-76.79351763, 25.78141693], [-76.77832777, 25.77449579], [-76.76340799, 25.76708792], [-76.74877646, 25.75920235], [-76.73445101, 25.75084869], [-76.72044909, 25.74203712], [-76.70678775, 25.73277837], [-76.69348365, 25.72308372], [-76.68055300, 25.71296498], [-76.66801154, 25.70243449], [-76.65587456, 25.69150507], [-76.64415684, 25.68019003], [-76.51915684, 25.55519003], [-76.50346912, 25.53871165], [-76.49281548, 25.52652779], [-76.48262747, 25.51400703], [-76.47291751, 25.50116462], [-76.46369742, 25.48801620], [-76.45497845, 25.47457779], [-76.44677120, 25.46086578], [-76.43908568, 25.44689685], [-76.43193126, 25.43268804], [-76.42531665, 25.41825664], [-76.41924991, 25.40362026], [-76.41373843, 25.38879671], [-76.40878893, 25.37380406], [-76.40440743, 25.35866057], [-76.40059928, 25.34338470], [-76.39736911, 25.32799505], [-76.39472086, 25.31251038], [-76.39265776, 25.29694954], [-76.39118232, 25.28133151], [-76.39029633, 25.26567530], [-76.39000089, 25.25000000], [-76.39000089, 25.00000000], [-76.39058100, 24.97803820], [-76.39170371, 24.96239502], [-76.39341525, 24.94679766], [-76.39571353, 24.93126512], [-76.39859574, 24.91581632], [-76.40205837, 24.90047009], [-76.40609722, 24.88524512], [-76.41070735, 24.87015995], [-76.41588314, 24.85523298], [-76.42161831, 24.84048239], [-76.42790584, 24.82592614], [-76.43473809, 24.81158198], [-76.44210674, 24.79746737], [-76.45000280, 24.78359952], [-76.45841665, 24.76999532], [-76.46733804, 24.75667135], [-76.47675611, 24.74364383], [-76.48665937, 24.73092864], [-76.49703577, 24.71854128], [-76.50787266, 24.70649683], [-76.51915684, 24.69480997], [-76.83896681, 24.37500000], [-76.76915684, 24.30519003], [-76.75346912, 24.28871165], [-76.74281548, 24.27652779], [-76.73262747, 24.26400703], [-76.72291751, 24.25116462], [-76.71369742, 24.23801620], [-76.70497845, 24.22457779], [-76.69677120, 24.21086578], [-76.68908568, 24.19689685], [-76.68193126, 24.18268804], [-76.67531665, 24.16825664], [-76.66924991, 24.15362026], [-76.66373843, 24.13879671], [-76.65878893, 24.12380406], [-76.65440743, 24.10866057], [-76.65059928, 24.09338470], [-76.64736911, 24.07799505], [-76.64472086, 24.06251038], [-76.64265776, 24.04694954], [-76.64118232, 24.03133151], [-76.64029633, 24.01567530], [-76.64000089, 24.00000000], [-76.64000089, 23.75000000], [-76.64058100, 23.72803820], [-76.64170371, 23.71239502], [-76.64341525, 23.69679766], [-76.64571353, 23.68126512], [-76.64859574, 23.66581632], [-76.65205837, 23.65047009], [-76.65609722, 23.63524512], [-76.66070735, 23.62015995], [-76.66588314, 23.60523298], [-76.67161831, 23.59048239], [-76.67790584, 23.57592614], [-76.68473809, 23.56158198], [-76.69210674, 23.54746737], [-76.70000279, 23.53359952], [-76.70841665, 23.51999532], [-76.71733804, 23.50667135], [-76.72675611, 23.49364383], [-76.73665937, 23.48092864], [-76.74703577, 23.46854128], [-76.75787266, 23.45649683], [-76.76915684, 23.44480997], [-77.14415684, 23.06980997], [-77.15112083, 23.06299031], [-77.16309131, 23.05190451], [-77.17547225, 23.04121235], [-77.18824858, 23.03092686], [-77.20140473, 23.02106057], [-77.21492467, 23.01162550], [-77.22879194, 23.00263314], [-77.24298963, 22.99409446], [-77.25750044, 22.98601985], [-77.27230671, 22.97841916], [-77.28739038, 22.97130163], [-77.30273309, 22.96467595], [-77.31831613, 22.95855019], [-77.33412053, 22.95293181], [-77.35012703, 22.94782765], [-77.36631613, 22.94324394], [-77.38266809, 22.93918625], [-77.39916301, 22.93565954], [-77.39971761, 22.93555970], [-77.39415684, 22.93019003], [-76.78812239, 22.32415559], [-76.75000000, 22.32415559], [-76.73986527, 22.32405751], [-76.72294892, 22.32345640], [-76.70606552, 22.32230892], [-76.68923565, 22.32061645], [-76.67247981, 22.31838108], [-76.65581842, 22.31560551], [-76.63927177, 22.31229313], [-76.62286003, 22.30844797], [-76.60660319, 22.30407473], [-76.59052106, 22.29917872], [-76.57463322, 22.29376592], [-76.55895905, 22.28784292], [-76.54351763, 22.28141693], [-76.52832777, 22.27449579], [-76.51340799, 22.26708792], [-76.49877646, 22.25920235], [-76.48445101, 22.25084869], [-76.47044909, 22.24203712], [-76.45678775, 22.23277837], [-76.44348365, 22.22308372], [-76.43055300, 22.21296498], [-76.41801154, 22.20243449], [-76.40587456, 22.19150507], [-76.39415684, 22.18019003], [-76.28812239, 22.07415559], [-76.25000000, 22.07415559], [-76.23986527, 22.07405751], [-76.22294892, 22.07345640], [-76.20606552, 22.07230892], [-76.18923565, 22.07061645], [-76.17247981, 22.06838108], [-76.15581842, 22.06560551], [-76.13927177, 22.06229313], [-76.12286003, 22.05844797], [-76.10660319, 22.05407473], [-76.09052106, 22.04917872], [-76.07463322, 22.04376592], [-76.05895905, 22.03784292], [-76.04351763, 22.03141693], [-76.02832777, 22.02449579], [-76.01340799, 22.01708792], [-75.99877646, 22.00920235], [-75.98445101, 22.00084869], [-75.97044909, 21.99203712], [-75.95678775, 21.98277837], [-75.94348365, 21.97308372], [-75.93055300, 21.96296498], [-75.91801154, 21.95243449], [-75.90587456, 21.94150507], [-75.89415684, 21.93019003], [-75.78812239, 21.82415559], [-75.50000000, 21.82415559], [-75.48986527, 21.82405751], [-75.47294892, 21.82345640], [-75.45606552, 21.82230892], [-75.43923565, 21.82061645], [-75.42247981, 21.81838108], [-75.40581842, 21.81560551], [-75.38927177, 21.81229313], [-75.37286003, 21.80844797], [-75.35660319, 21.80407473], [-75.34052106, 21.79917872], [-75.32463322, 21.79376592], [-75.30895905, 21.78784292], [-75.29351763, 21.78141693], [-75.27832777, 21.77449579], [-75.26340799, 21.76708792], [-75.24877646, 21.75920235], [-75.23445101, 21.75084869], [-75.22044909, 21.74203712], [-75.20678775, 21.73277837], [-75.19348365, 21.72308372], [-75.18055300, 21.71296498], [-75.16801154, 21.70243449], [-75.15587456, 21.69150507], [-75.14415684, 21.68019003], [-74.78812239, 21.32415559], [-74.50000000, 21.32415559], [-74.48986527, 21.32405751], [-74.47294892, 21.32345640], [-74.45606552, 21.32230892], [-74.43923565, 21.32061645], [-74.42247981, 21.31838108], [-74.40581842, 21.31560551], [-74.38927177, 21.31229313], [-74.37286003, 21.30844797], [-74.35660319, 21.30407473], [-74.34052106, 21.29917872], [-74.32463322, 21.29376592], [-74.30895905, 21.28784292], [-74.29351763, 21.28141693], [-74.27832777, 21.27449579], [-74.26340799, 21.26708792], [-74.24877646, 21.25920235], [-74.23445101, 21.25084869], [-74.22044909, 21.24203712], [-74.20678775, 21.23277837], [-74.19348365, 21.22308372], [-74.18055300, 21.21296498], [-74.16801154, 21.20243449], [-74.15587456, 21.19150507], [-74.14415684, 21.18019003], [-74.03812239, 21.07415559], [-74.00000000, 21.07415559], [-73.98986527, 21.07405751], [-73.97294892, 21.07345640], [-73.95606552, 21.07230892], [-73.93923565, 21.07061645], [-73.92247981, 21.06838108], [-73.90581842, 21.06560551], [-73.88927177, 21.06229313], [-73.87286003, 21.05844797], [-73.85660319, 21.05407473], [-73.84052106, 21.04917872], [-73.82463322, 21.04376592], [-73.80895905, 21.03784292], [-73.79351763, 21.03141693], [-73.77832777, 21.02449579], [-73.76340799, 21.01708792], [-73.74877646, 21.00920235], [-73.73445101, 21.00084869], [-73.72044909, 20.99203712], [-73.70678775, 20.98277837], [-73.69348365, 20.97308372], [-73.68055300, 20.96296498], [-73.66801154, 20.95243449], [-73.65587456, 20.94150507], [-73.64415684, 20.93019003], [-73.51915684, 20.80519003], [-73.50346912, 20.78871165], [-73.49281548, 20.77652779], [-73.48262747, 20.76400703], [-73.47291751, 20.75116462], [-73.46369742, 20.73801620], [-73.45497845, 20.72457779], [-73.44677120, 20.71086578], [-73.43908568, 20.69689685], [-73.43193126, 20.68268804], [-73.42531665, 20.66825664], [-73.41924991, 20.65362026], [-73.41373843, 20.63879671], [-73.40878893, 20.62380406], [-73.40440743, 20.60866057], [-73.40059928, 20.59338470], [-73.39736911, 20.57799505], [-73.39472086, 20.56251038], [-73.39265776, 20.54694954], [-73.39118232, 20.53133151], [-73.39029633, 20.51567530], [-73.39000089, 20.50000000], [-73.39000089, 20.00000000], [-73.39058100, 19.97803820], [-73.39170371, 19.96239502], [-73.39341525, 19.94679766], [-73.39571353, 19.93126512], [-73.39859574, 19.91581632], [-73.40205837, 19.90047009], [-73.40609722, 19.88524512], [-73.41070735, 19.87015995], [-73.41588314, 19.85523298], [-73.42161831, 19.84048239], [-73.42790584, 19.82592614], [-73.43473809, 19.81158198], [-73.44210674, 19.79746737], [-73.45000280, 19.78359952], [-73.45841665, 19.76999532], [-73.46733804, 19.75667135], [-73.47675611, 19.74364383], [-73.48665937, 19.73092864], [-73.49703577, 19.71854128], [-73.50787266, 19.70649683], [-73.51915684, 19.69480997], [-73.64415684, 19.56980997], [-73.65112083, 19.56299031], [-73.66309131, 19.55190451], [-73.67547225, 19.54121235], [-73.68824858, 19.53092686], [-73.70140473, 19.52106057], [-73.71492467, 19.51162550], [-73.72879194, 19.50263314], [-73.74298963, 19.49409446], [-73.75750044, 19.48601985], [-73.77230671, 19.47841916], [-73.78739038, 19.47130163], [-73.80273309, 19.46467595], [-73.81831613, 19.45855019], [-73.83412053, 19.45293181], [-73.85012703, 19.44782765], [-73.86631613, 19.44324394], [-73.88266809, 19.43918625], [-73.89916301, 19.43565954], [-73.91578079, 19.43266810], [-73.93250117, 19.43021556], [-73.94930379, 19.42830493], [-73.96616817, 19.42693853], [-73.98307378, 19.42611803], [-74.00000000, 19.42584441], [-74.28812239, 19.42584441], [-74.39415684, 19.31980997], [-74.40112083, 19.31299031], [-74.41309131, 19.30190451], [-74.42547225, 19.29121235], [-74.43824858, 19.28092686], [-74.45140473, 19.27106057], [-74.46492467, 19.26162550], [-74.47879194, 19.25263314], [-74.49298963, 19.24409446], [-74.50750044, 19.23601985], [-74.52230671, 19.22841916], [-74.53739038, 19.22130163], [-74.55273309, 19.21467595], [-74.56831613, 19.20855019], [-74.58412053, 19.20293181], [-74.60012703, 19.19782765], [-74.61631613, 19.19324394], [-74.63266809, 19.18918625], [-74.64916301, 19.18565954], [-74.66578079, 19.18266810], [-74.68250117, 19.18021556], [-74.69930379, 19.17830493], [-74.71616817, 19.17693853], [-74.73307377, 19.17611803], [-74.75000000, 19.17584441], [-77.13981122, 19.17584441], [-77.03812239, 19.07415559], [-76.50000000, 19.07415559], [-76.48986527, 19.07405751], [-76.47294892, 19.07345640], [-76.45606552, 19.07230892], [-76.43923565, 19.07061645], [-76.42247981, 19.06838108], [-76.40581842, 19.06560551], [-76.38927177, 19.06229313], [-76.37286003, 19.05844797], [-76.35660319, 19.05407473], [-76.34052106, 19.04917872], [-76.32463322, 19.04376592], [-76.30895905, 19.03784292], [-76.29351763, 19.03141693], [-76.27832777, 19.02449579], [-76.26340799, 19.01708792], [-76.24877646, 19.00920235], [-76.23445101, 19.00084869], [-76.22044909, 18.99203712], [-76.20678775, 18.98277837], [-76.19348365, 18.97308372], [-76.18055300, 18.96296498], [-76.16801154, 18.95243449], [-76.15587456, 18.94150507], [-76.14415684, 18.93019003], [-75.51915684, 18.30519003], [-75.50346912, 18.28871165], [-75.49281548, 18.27652779], [-75.48262747, 18.26400703], [-75.47291751, 18.25116462], [-75.46369742, 18.23801620], [-75.45497845, 18.22457779], [-75.44677120, 18.21086578], [-75.43908568, 18.19689685], [-75.43193126, 18.18268804], [-75.42531665, 18.16825664], [-75.41924991, 18.15362026], [-75.41373843, 18.13879671], [-75.40878893, 18.12380406], [-75.40440743, 18.10866057], [-75.40059928, 18.09338470], [-75.39736911, 18.07799505], [-75.39472086, 18.06251038], [-75.39265776, 18.04694954], [-75.39118232, 18.03133151], [-75.39029633, 18.01567530], [-75.39000089, 18.00000000], [-75.39000089, 17.75000000], [-75.39058100, 17.72803820], [-75.39170371, 17.71239502], [-75.39341525, 17.69679766], [-75.39571353, 17.68126512], [-75.39859574, 17.66581632], [-75.40205837, 17.65047009], [-75.40609722, 17.63524512], [-75.41070735, 17.62015995], [-75.41588314, 17.60523298], [-75.42161831, 17.59048239], [-75.42790584, 17.57592614], [-75.43473809, 17.56158198], [-75.44210674, 17.54746737], [-75.45000280, 17.53359952], [-75.45841665, 17.51999532], [-75.46733804, 17.50667135], [-75.47675611, 17.49364383], [-75.48665937, 17.48092864], [-75.49703577, 17.46854128], [-75.50787266, 17.45649683], [-75.51915684, 17.44480997], [-75.64415684, 17.31980997], [-75.65112083, 17.31299031], [-75.66309131, 17.30190451], [-75.67547225, 17.29121235], [-75.68824858, 17.28092686], [-75.70140473, 17.27106057], [-75.71492467, 17.26162550], [-75.72879194, 17.25263314], [-75.74298963, 17.24409446], [-75.75750044, 17.23601985], [-75.77230671, 17.22841916], [-75.78739038, 17.22130163], [-75.80273309, 17.21467595], [-75.81831613, 17.20855019], [-75.83412053, 17.20293181], [-75.85012703, 17.19782765], [-75.86631613, 17.19324394], [-75.88266809, 17.18918625], [-75.89916301, 17.18565954], [-75.91578079, 17.18266810], [-75.93250117, 17.18021556], [-75.94930379, 17.17830493], [-75.96616817, 17.17693853], [-75.98307378, 17.17611803], [-76.00000000, 17.17584441], [-76.53812239, 17.17584441], [-76.64415684, 17.06980997], [-76.65112083, 17.06299031], [-76.66309131, 17.05190451], [-76.67547225, 17.04121235], [-76.68824858, 17.03092686], [-76.70140473, 17.02106057], [-76.71492467, 17.01162550], [-76.72879194, 17.00263314], [-76.74298963, 16.99409446], [-76.75750044, 16.98601985], [-76.77230671, 16.97841916], [-76.78739038, 16.97130163], [-76.80273309, 16.96467595], [-76.81831613, 16.95855019], [-76.83412053, 16.95293181], [-76.85012703, 16.94782765], [-76.86631613, 16.94324394], [-76.88266809, 16.93918625], [-76.89916301, 16.93565954], [-76.91578079, 16.93266810], [-76.93250117, 16.93021556], [-76.94930379, 16.92830493], [-76.96616817, 16.92693853], [-76.98307378, 16.92611803], [-77.00000000, 16.92584441]]]}
    },
    {
      "type": "Feature",
      "properties": {"block_id": "ADC_NA_12", "basin_id": "BASIN_NA", "basin_label": "North American East and West Coasts", "domain_count": 6, "grid_cell_count": 244, "outer_area_km2": 3362152.240631, "shelf_width_km": 250.000000, "outer_buffer_km": 430.000000, "shelf_add_area_km2": 35537.263412, "shelf_add_cell_count": 47, "shelf_add_component_count": 1, "bay_add_area_km2": 944359.198133, "bay_add_cell_count": 767, "bay_add_core_cell_count": 767, "bay_add_component_count": 3, "open_ocean_area_risk": 0},
      "geometry": {"type": "Polygon", "coordinates": [[[-80.75000000, 23.92584441], [-82.25000000, 23.92584441], [-82.27448475, 23.92635829], [-82.29231800, 23.92738121], [-82.31009969, 23.92894949], [-82.32780816, 23.93106120], [-82.34542183, 23.93371379], [-82.36291925, 23.93690402], [-82.38027909, 23.94062800], [-82.39748020, 23.94488119], [-82.41450164, 23.94965842], [-82.43132265, 23.95495386], [-82.44792275, 23.96076107], [-82.46428171, 23.96707296], [-82.48037961, 23.97388184], [-82.49619682, 23.98117943], [-82.51171407, 23.98895682], [-82.52691247, 23.99720455], [-82.54177350, 24.00591257], [-82.55627904, 24.01507026], [-82.57041143, 24.02466647], [-82.58415345, 24.03468951], [-82.59748835, 24.04512717], [-82.61039989, 24.05596672], [-82.62287234, 24.06719497], [-82.63489050, 24.07879823], [-82.75989050, 24.20379823], [-82.76721621, 24.21128835], [-82.77846301, 24.22347221], [-82.78921824, 24.23599297], [-82.79946882, 24.24883538], [-82.80920224, 24.26198380], [-82.81840666, 24.27542221], [-82.82707085, 24.28913422], [-82.83518426, 24.30310315], [-82.84273701, 24.31731196], [-82.84971990, 24.33174336], [-82.85612441, 24.34637974], [-82.86194275, 24.36120329], [-82.86716782, 24.37619594], [-82.87179326, 24.39133943], [-82.87581344, 24.40661530], [-82.87922345, 24.42200495], [-82.88201914, 24.43748962], [-82.88419711, 24.45305046], [-82.88575469, 24.46866849], [-82.88669001, 24.48432470], [-82.88700191, 24.50000000], [-82.88700191, 24.75000000], [-82.88687831, 24.75986865], [-82.88617388, 24.77553416], [-82.88484667, 24.79116856], [-82.88289829, 24.80675280], [-82.88033112, 24.82226789], [-82.87714827, 24.83769494], [-82.87335364, 24.85301515], [-82.86895184, 24.86820985], [-82.86394823, 24.88326053], [-82.85834892, 24.89814885], [-82.85216072, 24.91285667], [-82.84539117, 24.92736608], [-82.83804853, 24.94165939], [-82.83014173, 24.95571920], [-82.82168041, 24.96952837], [-82.81267488, 24.98307008], [-82.80313611, 24.99632783], [-82.79307572, 25.00928547], [-82.78250597, 25.02192720], [-82.77143974, 25.03423764], [-82.75989050, 25.04620177], [-82.63489050, 25.17120177], [-82.61830335, 25.18700969], [-82.60566641, 25.19809549], [-82.59259615, 25.20878765], [-82.57910848, 25.21907314], [-82.56521985, 25.22893943], [-82.55094717, 25.23837450], [-82.53630783, 25.24736686], [-82.52131967, 25.25590554], [-82.50600095, 25.26398015], [-82.49037033, 25.27158084], [-82.47444686, 25.27869837], [-82.45824994, 25.28532405], [-82.44179929, 25.29144981], [-82.42511497, 25.29706819], [-82.40821729, 25.30217235], [-82.39112685, 25.30675606], [-82.37386447, 25.31081375], [-82.35645118, 25.31434046], [-82.33890820, 25.31733190], [-82.32125689, 25.31978444], [-82.30351877, 25.32169507], [-82.28571545, 25.32306147], [-82.26786861, 25.32388197], [-82.25000000, 25.32415559], [-82.13024787, 25.32415559], [-82.25989050, 25.45379823], [-82.26721621, 25.46128835], [-82.27846301, 25.47347221], [-82.28921824, 25.48599297], [-82.29946882, 25.49883538], [-82.30920224, 25.51198380], [-82.31569591, 25.52146453], [-82.32041143, 25.52466647], [-82.33415345, 25.53468951], [-82.34748835, 25.54512717], [-82.36039989, 25.55596672], [-82.37287234, 25.56719497], [-82.38489050, 25.57879823], [-83.00989050, 26.20379823], [-83.01721621, 26.21128835], [-83.02846301, 26.22347221], [-83.03921824, 26.23599297], [-83.04946882, 26.24883538], [-83.05920224, 26.26198380], [-83.06840666, 26.27542221], [-83.07707085, 26.28913422], [-83.08518426, 26.30310315], [-83.09273701, 26.31731196], [-83.09971990, 26.33174336], [-83.10612441, 26.34637974], [-83.11194275, 26.36120329], [-83.11716782, 26.37619594], [-83.12179326, 26.39133943], [-83.12581344, 26.40661530], [-83.12922345, 26.42200495], [-83.13201914, 26.43748962], [-83.13419711, 26.45305046], [-83.13575469, 26.46866849], [-83.13669001, 26.48432470], [-83.13700191, 26.50000000], [-83.13700191, 26.58090963], [-83.25989050, 26.70379823], [-83.26721621, 26.71128835], [-83.27846301, 26.72347221], [-83.28921824, 26.73599297], [-83.29946882, 26.74883538], [-83.30920224, 26.76198380], [-83.31840666, 26.77542221], [-83.32707085, 26.78913422], [-83.33518426, 26.80310315], [-83.34273701, 26.81731196], [-83.34971990, 26.83174336], [-83.35612441, 26.84637974], [-83.36194275, 26.86120329], [-83.36716782, 26.87619594], [-83.37179326, 26.89133943], [-83.37581344, 26.90661530], [-83.37922345, 26.92200495], [-83.38201914, 26.93748962], [-83.38419711, 26.95305046], [-83.38575469, 26.96866849], [-83.38669001, 26.98432470], [-83.38700191, 27.00000000], [-83.38700191, 27.75000000], [-83.38687831, 27.75986865], [-83.38617388, 27.77553416], [-83.38484667, 27.79116856], [-83.38289829, 27.80675280], [-83.38033112, 27.82226789], [-83.37714827, 27.83769494], [-83.37335364, 27.85301515], [-83.36895184, 27.86820985], [-83.36394823, 27.88326053], [-83.35834892, 27.89814885], [-83.35216072, 27.91285667], [-83.34539117, 27.92736608], [-83.33804853, 27.94165939], [-83.33014173, 27.95571920], [-83.32168041, 27.96952837], [-83.31267488, 27.98307008], [-83.30313611, 27.99632783], [-83.30030853, 27.99996971], [-83.30920224, 28.01198380], [-83.31840666, 28.02542221], [-83.32707085, 28.03913422], [-83.33518426, 28.05310315], [-83.34273701, 28.06731196], [-83.34971990, 28.08174336], [-83.35612441, 28.09637974], [-83.36194275, 28.11120329], [-83.36716782, 28.12619594], [-83.37179326, 28.14133943], [-83.37581344, 28.15661530], [-83.37922345, 28.17200495], [-83.38201914, 28.18748962], [-83.38419711, 28.20305046], [-83.38575469, 28.21866849], [-83.38669001, 28.23432470], [-83.38700191, 28.25000000], [-83.38700191, 28.44229030], [-83.39748020, 28.44488119], [-83.41450164, 28.44965842], [-83.43132265, 28.45495386], [-83.44792275, 28.46076107], [-83.46428171, 28.46707296], [-83.48037961, 28.47388184], [-83.49619682, 28.48117943], [-83.51171407, 28.48895682], [-83.52691247, 28.49720455], [-83.54177350, 28.50591257], [-83.55627904, 28.51507026], [-83.57041143, 28.52466647], [-83.58415345, 28.53468951], [-83.59748835, 28.54512717], [-83.61039989, 28.55596672], [-83.62287234, 28.56719497], [-83.63489050, 28.57879823], [-85.00989050, 29.95379823], [-85.01721621, 29.96128835], [-85.02846301, 29.97347221], [-85.03921824, 29.98599297], [-85.04946882, 29.99883538], [-85.05920224, 30.01198380], [-85.06840666, 30.02542221], [-85.07707085, 30.03913422], [-85.08518426, 30.05310315], [-85.09273701, 30.06731196], [-85.09971990, 30.08174336], [-85.10612441, 30.09637974], [-85.11194275, 30.11120329], [-85.11716782, 30.12619594], [-85.12179326, 30.14133943], [-85.12581344, 30.15661530], [-85.12922345, 30.17200495], [-85.13201914, 30.18748962], [-85.13419711, 30.20305046], [-85.13575469, 30.21866849], [-85.13669001, 30.23432470], [-85.13700191, 30.25000000], [-85.13700191, 30.50000000], [-85.13687831, 30.50986865], [-85.13617388, 30.52553416], [-85.13484667, 30.54116856], [-85.13289829, 30.55675280], [-85.13033112, 30.57226789], [-85.12714827, 30.58769494], [-85.12335364, 30.60301515], [-85.11895184, 30.61820985], [-85.11394823, 30.63326053], [-85.10834892, 30.64814885], [-85.10216072, 30.66285667], [-85.09539117, 30.67736608], [-85.08804853, 30.69165939], [-85.08014173, 30.70571920], [-85.07168041, 30.71952837], [-85.06267488, 30.73307008], [-85.05313611, 30.74632783], [-85.04307572, 30.75928547], [-85.03250597, 30.77192720], [-85.02143974, 30.78423764], [-85.00989050, 30.79620177], [-84.88489050, 30.92120177], [-84.86830335, 30.93700969], [-84.85566641, 30.94809549], [-84.84259615, 30.95878765], [-84.82910848, 30.96907314], [-84.81521985, 30.97893943], [-84.80094717, 30.98837450], [-84.78630783, 30.99736686], [-84.77131967, 31.00590554], [-84.75600095, 31.01398015], [-84.74037033, 31.02158084], [-84.72444686, 31.02869837], [-84.70824994, 31.03532405], [-84.69179929, 31.04144981], [-84.67511497, 31.04706819], [-84.65821729, 31.05217235], [-84.64112685, 31.05675606], [-84.62386447, 31.06081375], [-84.60645118, 31.06434046], [-84.58890820, 31.06733190], [-84.57125689, 31.06978444], [-84.55351877, 31.07169507], [-84.53571545, 31.07306147], [-84.51786861, 31.07388197], [-84.50000000, 31.07415559], [-83.50000000, 31.07415559], [-83.47551525, 31.07364171], [-83.45768200, 31.07261879], [-83.43990031, 31.07105051], [-83.42219184, 31.06893880], [-83.40457817, 31.06628621], [-83.38708075, 31.06309598], [-83.36972091, 31.05937200], [-83.35251980, 31.05511881], [-83.33549836, 31.05034158], [-83.31867735, 31.04504614], [-83.30207725, 31.03923893], [-83.28571829, 31.03292704], [-83.26962039, 31.02611816], [-83.25380318, 31.01882057], [-83.23828593, 31.01104318], [-83.22308753, 31.00279545], [-83.20822650, 30.99408743], [-83.19372096, 30.98492974], [-83.17958857, 30.97533353], [-83.16584655, 30.96531049], [-83.15251165, 30.95487283], [-83.13960011, 30.94403328], [-83.12712766, 30.93280503], [-83.11510950, 30.92120177], [-83.01806331, 30.82415559], [-82.88700191, 30.82415559], [-82.88700191, 31.50000000], [-82.88687831, 31.50986865], [-82.88617388, 31.52553416], [-82.88484667, 31.54116856], [-82.88289829, 31.55675280], [-82.88033112, 31.57226789], [-82.87714827, 31.58769494], [-82.87335364, 31.60301515], [-82.86895184, 31.61820985], [-82.86394823, 31.63326053], [-82.85834892, 31.64814885], [-82.85216072, 31.66285667], [-82.84539117, 31.67736608], [-82.83804853, 31.69165939], [-82.83014173, 31.70571920], [-82.82168041, 31.71952837], [-82.81267488, 31.73307008], [-82.80313611, 31.74632783], [-82.79307572, 31.75928547], [-82.78250597, 31.77192720], [-82.77143974, 31.78423764], [-82.75989050, 31.79620177], [-82.63700191, 31.91909037], [-82.63700191, 32.00000000], [-82.63687831, 32.00986865], [-82.63617388, 32.02553416], [-82.63484667, 32.04116856], [-82.63289829, 32.05675280], [-82.63033112, 32.07226789], [-82.62714827, 32.08769494], [-82.62335364, 32.10301515], [-82.61895184, 32.11820985], [-82.61394823, 32.13326053], [-82.60834892, 32.14814885], [-82.60216072, 32.16285667], [-82.59539117, 32.17736608], [-82.58804853, 32.19165939], [-82.58014173, 32.20571920], [-82.57168041, 32.21952837], [-82.56267488, 32.23307008], [-82.55313611, 32.24632783], [-82.54307572, 32.25928547], [-82.53250597, 32.27192720], [-82.52143974, 32.28423764], [-82.50989050, 32.29620177], [-82.38489050, 32.42120177], [-82.36830335, 32.43700969], [-82.35566641, 32.44809549], [-82.34259615, 32.45878765], [-82.32910848, 32.46907314], [-82.31521985, 32.47893943], [-82.30094717, 32.48837450], [-82.28630783, 32.49736686], [-82.27131967, 32.50590554], [-82.25600095, 32.51398015], [-82.24037033, 32.52158084], [-82.22444686, 32.52869837], [-82.20824994, 32.53532405], [-82.19179929, 32.54144981], [-82.17511497, 32.54706819], [-82.15821729, 32.55217235], [-82.14112685, 32.55675606], [-82.13700191, 32.55772567], [-82.13700191, 32.75000000], [-82.13687831, 32.75986865], [-82.13617388, 32.77553416], [-82.13484667, 32.79116856], [-82.13289829, 32.80675280], [-82.13033112, 32.82226789], [-82.12714827, 32.83769494], [-82.12335364, 32.85301515], [-82.11895184, 32.86820985], [-82.11394823, 32.88326053], [-82.10834892, 32.89814885], [-82.10216072, 32.91285667], [-82.09539117, 32.92736608], [-82.08804853, 32.94165939], [-82.08014173, 32.95571920], [-82.07168041, 32.96952837], [-82.06267488, 32.98307008], [-82.05313611, 32.99632783], [-82.04307572, 33.00928547], [-82.03250597, 33.02192720], [-82.02143974, 33.03423764], [-82.00989050, 33.04620177], [-81.63489050, 33.42120177], [-81.61830335, 33.43700969], [-81.60566641, 33.44809549], [-81.59259615, 33.45878765], [-81.57910848, 33.46907314], [-81.56521985, 33.47893943], [-81.55094717, 33.48837450], [-81.53630783, 33.49736686], [-81.52131967, 33.50590554], [-81.50600095, 33.51398015], [-81.49037033, 33.52158084], [-81.47444686, 33.52869837], [-81.45824994, 33.53532405], [-81.44179929, 33.54144981], [-81.42511497, 33.54706819], [-81.40821729, 33.55217235], [-81.39112685, 33.55675606], [-81.37386447, 33.56081375], [-81.35645118, 33.56434046], [-81.33890820, 33.56733190], [-81.32125689, 33.56978444], [-81.30351877, 33.57169507], [-81.28571545, 33.57306147], [-81.26786861, 33.57388197], [-81.25000000, 33.57415559], [-81.12994166, 33.57415559], [-81.12714827, 33.58769494], [-81.12335364, 33.60301515], [-81.11895184, 33.61820985], [-81.11394823, 33.63326053], [-81.10834892, 33.64814885], [-81.10216072, 33.66285667], [-81.09539117, 33.67736608], [-81.08804853, 33.69165939], [-81.08014173, 33.70571920], [-81.07168041, 33.71952837], [-81.06267488, 33.73307008], [-81.05313611, 33.74632783], [-81.04307572, 33.75928547], [-81.03250597, 33.77192720], [-81.02143974, 33.78423764], [-81.00989050, 33.79620177], [-80.63489050, 34.17120177], [-80.61830335, 34.18700969], [-80.60566641, 34.19809549], [-80.59259615, 34.20878765], [-80.57910848, 34.21907314], [-80.56521985, 34.22893943], [-80.55094717, 34.23837450], [-80.53630783, 34.24736686], [-80.52131967, 34.25590554], [-80.50600095, 34.26398015], [-80.49037033, 34.27158084], [-80.47444686, 34.27869837], [-80.45824994, 34.28532405], [-80.44179929, 34.29144981], [-80.42511497, 34.29706819], [-80.40821729, 34.30217235], [-80.39112685, 34.30675606], [-80.38700191, 34.30772567], [-80.38700191, 34.50000000], [-80.38687831, 34.50986865], [-80.38617388, 34.52553416], [-80.38484667, 34.54116856], [-80.38289829, 34.55675280], [-80.38033112, 34.57226789], [-80.37714827, 34.58769494], [-80.37335364, 34.60301515], [-80.36895184, 34.61820985], [-80.36394823, 34.63326053], [-80.35834892, 34.64814885], [-80.35216072, 34.66285667], [-80.34539117, 34.67736608], [-80.33804853, 34.69165939], [-80.33014173, 34.70571920], [-80.32168041, 34.71952837], [-80.31267488, 34.73307008], [-80.30313611, 34.74632783], [-80.29307572, 34.75928547], [-80.28250597, 34.77192720], [-80.27143974, 34.78423764], [-80.25989050, 34.79620177], [-80.13489050, 34.92120177], [-80.11830335, 34.93700969], [-80.10566641, 34.94809549], [-80.09259615, 34.95878765], [-80.07910848, 34.96907314], [-80.06521985, 34.97893943], [-80.05094717, 34.98837450], [-80.03630783, 34.99736686], [-80.02131967, 35.00590554], [-80.00600095, 35.01398015], [-79.99037033, 35.02158084], [-79.97444686, 35.02869837], [-79.95824994, 35.03532405], [-79.94179929, 35.04144981], [-79.92511497, 35.04706819], [-79.90821729, 35.05217235], [-79.89112685, 35.05675606], [-79.87386447, 35.06081375], [-79.85645118, 35.06434046], [-79.83890820, 35.06733190], [-79.82125689, 35.06978444], [-79.80351877, 35.07169507], [-79.78571545, 35.07306147], [-79.76786861, 35.07388197], [-79.75000000, 35.07415559], [-79.50000000, 35.07415559], [-79.47551525, 35.07364171], [-79.45768200, 35.07261879], [-79.43990031, 35.07105051], [-79.42219184, 35.06893880], [-79.40457817, 35.06628621], [-79.38708075, 35.06309598], [-79.36972091, 35.05937200], [-79.35251980, 35.05511881], [-79.33549836, 35.05034158], [-79.31867735, 35.04504614], [-79.30207725, 35.03923893], [-79.28571829, 35.03292704], [-79.27622674, 35.02891243], [-79.27143974, 35.03423764], [-79.25989050, 35.04620177], [-79.13489050, 35.17120177], [-79.11830335, 35.18700969], [-79.10566641, 35.19809549], [-79.09259615, 35.20878765], [-79.07910848, 35.21907314], [-79.06521985, 35.22893943], [-79.05094717, 35.23837450], [-79.03630783, 35.24736686], [-79.02131967, 35.25590554], [-79.00600095, 35.26398015], [-78.99037033, 35.27158084], [-78.97444686, 35.27869837], [-78.95824994, 35.28532405], [-78.94179929, 35.29144981], [-78.92511497, 35.29706819], [-78.90821729, 35.30217235], [-78.89112685, 35.30675606], [-78.87386447, 35.31081375], [-78.85645118, 35.31434046], [-78.83890820, 35.31733190], [-78.82125689, 35.31978444], [-78.80351877, 35.32169507], [-78.78571545, 35.32306147], [-78.76786861, 35.32388197], [-78.75000000, 35.32415559], [-78.25000000, 35.32415559], [-78.22551525, 35.32364171], [-78.20768200, 35.32261879], [-78.18990031, 35.32105051], [-78.17219184, 35.31893880], [-78.15457817, 35.31628621], [-78.13708075, 35.31309598], [-78.11972091, 35.30937200], [-78.10251980, 35.30511881], [-78.08549836, 35.30034158], [-78.06867735, 35.29504614], [-78.05207725, 35.28923893], [-78.03571829, 35.28292704], [-78.01962039, 35.27611816], [-78.00380318, 35.26882057], [-77.98828593, 35.26104318], [-77.97308753, 35.25279545], [-77.95822650, 35.24408743], [-77.94372096, 35.23492974], [-77.92958857, 35.22533353], [-77.91584655, 35.21531049], [-77.90251165, 35.20487283], [-77.88960011, 35.19403328], [-77.87712766, 35.18280503], [-77.86510950, 35.17120177], [-77.24010950, 34.54620177], [-77.23278379, 34.53871165], [-77.22153699, 34.52652779], [-77.21078176, 34.51400703], [-77.20053118, 34.50116462], [-77.19079776, 34.48801620], [-77.18159334, 34.47457779], [-77.17292915, 34.46086578], [-77.16481574, 34.44689685], [-77.15726299, 34.43268804], [-77.15028010, 34.41825664], [-77.14387559, 34.40362026], [-77.13805725, 34.38879671], [-77.13283218, 34.37380406], [-77.12820674, 34.35866057], [-77.12418656, 34.34338470], [-77.12077655, 34.32799505], [-77.11798086, 34.31251038], [-77.11580289, 34.29694954], [-77.11424531, 34.28133151], [-77.11330999, 34.26567530], [-77.11299809, 34.25000000], [-77.11299809, 33.75000000], [-77.11312169, 33.74013135], [-77.11382612, 33.72446584], [-77.11515333, 33.70883144], [-77.11710171, 33.69324720], [-77.11966888, 33.67773211], [-77.12285173, 33.66230506], [-77.12664636, 33.64698485], [-77.13104816, 33.63179015], [-77.13605177, 33.61673947], [-77.14165108, 33.60185115], [-77.14783928, 33.58714333], [-77.15460883, 33.57263392], [-77.16195147, 33.55834061], [-77.16985827, 33.54428080], [-77.17831959, 33.53047163], [-77.18732512, 33.51692992], [-77.19686389, 33.50367217], [-77.20692428, 33.49071453], [-77.21749403, 33.47807280], [-77.22856026, 33.46576236], [-77.24010950, 33.45379823], [-77.36510950, 33.32879823], [-77.38169665, 33.31299031], [-77.39433359, 33.30190451], [-77.40740385, 33.29121235], [-77.42089152, 33.28092686], [-77.43478015, 33.27106057], [-77.44905283, 33.26162550], [-77.46369217, 33.25263314], [-77.47868033, 33.24409446], [-77.49399905, 33.23601985], [-77.50962967, 33.22841916], [-77.52555314, 33.22130163], [-77.54175006, 33.21467595], [-77.55820071, 33.20855019], [-77.57488503, 33.20293181], [-77.59178271, 33.19782765], [-77.60887315, 33.19324394], [-77.62613553, 33.18918625], [-77.64354882, 33.18565954], [-77.66109180, 33.18266810], [-77.67874311, 33.18021556], [-77.69648123, 33.17830493], [-77.71428455, 33.17693853], [-77.73213139, 33.17611803], [-77.75000000, 33.17584441], [-78.26806331, 33.17584441], [-78.36299809, 33.08090963], [-78.36299809, 33.00000000], [-78.36312169, 32.99013135], [-78.36382612, 32.97446584], [-78.36515333, 32.95883144], [-78.36710171, 32.94324720], [-78.36966888, 32.92773211], [-78.37285173, 32.91230506], [-78.37664636, 32.89698485], [-78.38104816, 32.88179015], [-78.38605177, 32.86673947], [-78.39165108, 32.85185115], [-78.39783928, 32.83714333], [-78.40460883, 32.82263392], [-78.41195147, 32.80834061], [-78.41985827, 32.79428080], [-78.42831959, 32.78047163], [-78.43732512, 32.76692992], [-78.44686389, 32.75367217], [-78.45692428, 32.74071453], [-78.46749403, 32.72807280], [-78.47856026, 32.71576236], [-78.49010950, 32.70379823], [-78.61510950, 32.57879823], [-78.63169665, 32.56299031], [-78.64433359, 32.55190451], [-78.65740385, 32.54121235], [-78.67089152, 32.53092686], [-78.68478015, 32.52106057], [-78.69905283, 32.51162550], [-78.71369217, 32.50263314], [-78.72868033, 32.49409446], [-78.74399905, 32.48601985], [-78.75962967, 32.47841916], [-78.77555314, 32.47130163], [-78.79175006, 32.46467595], [-78.80820071, 32.45855019], [-78.82488503, 32.45293181], [-78.84178271, 32.44782765], [-78.85887315, 32.44324394], [-78.87613553, 32.43918625], [-78.89354882, 32.43565954], [-78.91109180, 32.43266810], [-78.92874311, 32.43021556], [-78.94648123, 32.42830493], [-78.96428455, 32.42693853], [-78.98213139, 32.42611803], [-79.00000000, 32.42584441], [-79.01806331, 32.42584441], [-79.36510950, 32.07879823], [-79.38169665, 32.06299031], [-79.39433359, 32.05190451], [-79.40740385, 32.04121235], [-79.42089152, 32.03092686], [-79.43478015, 32.02106057], [-79.44905283, 32.01162550], [-79.46369217, 32.00263314], [-79.47868033, 31.99409446], [-79.49399905, 31.98601985], [-79.50962967, 31.97841916], [-79.52555314, 31.97130163], [-79.54175006, 31.96467595], [-79.55820071, 31.95855019], [-79.57488503, 31.95293181], [-79.59178271, 31.94782765], [-79.60887315, 31.94324394], [-79.62613553, 31.93918625], [-79.64354882, 31.93565954], [-79.66109180, 31.93266810], [-79.67874311, 31.93021556], [-79.69648123, 31.92830493], [-79.71428455, 31.92693853], [-79.73213139, 31.92611803], [-79.75000000, 31.92584441], [-79.76806331, 31.92584441], [-80.36299809, 31.33090963], [-80.36299809, 31.25000000], [-80.36312169, 31.24013135], [-80.36382612, 31.22446584], [-80.36515333, 31.20883144], [-80.36710171, 31.19324720], [-80.36966888, 31.17773211], [-80.37285173, 31.16230506], [-80.37664636, 31.14698485], [-80.38104816, 31.13179015], [-80.38605177, 31.11673947], [-80.39165108, 31.10185115], [-80.39783928, 31.08714333], [-80.40460883, 31.07263392], [-80.41195147, 31.05834061], [-80.41985827, 31.04428080], [-80.42831959, 31.03047163], [-80.43732512, 31.01692992], [-80.44686389, 31.00367217], [-80.45692428, 30.99071453], [-80.46749403, 30.97807280], [-80.47856026, 30.96576236], [-80.49010950, 30.95379823], [-80.61299809, 30.83090963], [-80.61299809, 30.75000000], [-80.61312169, 30.74013135], [-80.61382612, 30.72446584], [-80.61515333, 30.70883144], [-80.61710171, 30.69324720], [-80.61966888, 30.67773211], [-80.62285173, 30.66230506], [-80.62664636, 30.64698485], [-80.63104816, 30.63179015], [-80.63605177, 30.61673947], [-80.64165108, 30.60185115], [-80.64783928, 30.58714333], [-80.65460883, 30.57263392], [-80.66195147, 30.55834061], [-80.66985827, 30.54428080], [-80.67831959, 30.53047163], [-80.68732512, 30.51692992], [-80.69686389, 30.50367217], [-80.69717683, 30.50326911], [-80.49010950, 30.29620177], [-80.48278379, 30.28871165], [-80.47153699, 30.27652779], [-80.46078176, 30.26400703], [-80.45053118, 30.25116462], [-80.44079776, 30.23801620], [-80.43159334, 30.22457779], [-80.42292915, 30.21086578], [-80.41481574, 30.19689685], [-80.40726299, 30.18268804], [-80.40028010, 30.16825664], [-80.39387559, 30.15362026], [-80.38805725, 30.13879671], [-80.38283218, 30.12380406], [-80.37820674, 30.10866057], [-80.37418656, 30.09338470], [-80.37077655, 30.07799505], [-80.36798086, 30.06251038], [-80.36580289, 30.04694954], [-80.36424531, 30.03133151], [-80.36330999, 30.01567530], [-80.36299809, 30.00000000], [-80.36299809, 29.66909037], [-79.99010950, 29.29620177], [-79.98278379, 29.28871165], [-79.97153699, 29.27652779], [-79.96078176, 29.26400703], [-79.95053118, 29.25116462], [-79.94079776, 29.23801620], [-79.93159334, 29.22457779], [-79.92292915, 29.21086578], [-79.91481574, 29.19689685], [-79.90726299, 29.18268804], [-79.90028010, 29.16825664], [-79.89387559, 29.15362026], [-79.88805725, 29.13879671], [-79.88283218, 29.12380406], [-79.87820674, 29.10866057], [-79.87418656, 29.09338470], [-79.87077655, 29.07799505], [-79.86798086, 29.06251038], [-79.86580289, 29.04694954], [-79.86424531, 29.03133151], [-79.86330999, 29.01567530], [-79.86299809, 29.00000000], [-79.86299809, 28.41909037], [-79.74010950, 28.29620177], [-79.73278379, 28.28871165], [-79.72153699, 28.27652779], [-79.71078176, 28.26400703], [-79.70053118, 28.25116462], [-79.69079776, 28.23801620], [-79.68159334, 28.22457779], [-79.67292915, 28.21086578], [-79.66481574, 28.19689685], [-79.65726299, 28.18268804], [-79.65028010, 28.16825664], [-79.64387559, 28.15362026], [-79.63805725, 28.13879671], [-79.63283218, 28.12380406], [-79.62820674, 28.10866057], [-79.62418656, 28.09338470], [-79.62077655, 28.07799505], [-79.61798086, 28.06251038], [-79.61580289, 28.04694954], [-79.61424531, 28.03133151], [-79.61330999, 28.01567530], [-79.61299809, 28.00000000], [-79.61299809, 27.91909037], [-79.49010950, 27.79620177], [-79.48278379, 27.78871165], [-79.47153699, 27.77652779], [-79.46078176, 27.76400703], [-79.45053118, 27.75116462], [-79.44079776, 27.73801620], [-79.43159334, 27.72457779], [-79.42292915, 27.71086578], [-79.41481574, 27.69689685], [-79.40726299, 27.68268804], [-79.40028010, 27.66825664], [-79.39387559, 27.65362026], [-79.38805725, 27.63879671], [-79.38283218, 27.62380406], [-79.37820674, 27.60866057], [-79.37418656, 27.59338470], [-79.37077655, 27.57799505], [-79.36798086, 27.56251038], [-79.36580289, 27.54694954], [-79.36424531, 27.53133151], [-79.36330999, 27.51567530], [-79.36299809, 27.50000000], [-79.36299809, 25.25000000], [-79.36312169, 25.24013135], [-79.36382612, 25.22446584], [-79.36515333, 25.20883144], [-79.36710171, 25.19324720], [-79.36966888, 25.17773211], [-79.37285173, 25.16230506], [-79.37664636, 25.14698485], [-79.38104816, 25.13179015], [-79.38605177, 25.11673947], [-79.39165108, 25.10185115], [-79.39783928, 25.08714333], [-79.40460883, 25.07263392], [-79.41195147, 25.05834061], [-79.41985827, 25.04428080], [-79.42831959, 25.03047163], [-79.43732512, 25.01692992], [-79.44686389, 25.00367217], [-79.45692428, 24.99071453], [-79.46749403, 24.97807280], [-79.47856026, 24.96576236], [-79.49010950, 24.95379823], [-80.36510950, 24.07879823], [-80.38169665, 24.06299031], [-80.39433359, 24.05190451], [-80.40740385, 24.04121235], [-80.42089152, 24.03092686], [-80.43478015, 24.02106057], [-80.44905283, 24.01162550], [-80.46369217, 24.00263314], [-80.47868033, 23.99409446], [-80.49399905, 23.98601985], [-80.50962967, 23.97841916], [-80.52555314, 23.97130163], [-80.54175006, 23.96467595], [-80.55820071, 23.95855019], [-80.57488503, 23.95293181], [-80.59178271, 23.94782765], [-80.60887315, 23.94324394], [-80.62613553, 23.93918625], [-80.64354882, 23.93565954], [-80.66109180, 23.93266810], [-80.67874311, 23.93021556], [-80.69648123, 23.92830493], [-80.71428455, 23.92693853], [-80.73213139, 23.92611803], [-80.75000000, 23.92584441]]]}
    },
    {
      "type": "Feature",
      "properties": {"block_id": "ADC_NA_13", "basin_id": "BASIN_NA", "basin_label": "North American East and West Coasts", "domain_count": 3, "grid_cell_count": 129, "outer_area_km2": 4575436.350681, "shelf_width_km": 250.000000, "outer_buffer_km": 430.000000, "shelf_add_area_km2": 0.000000, "shelf_add_cell_count": 0, "shelf_add_component_count": 0, "bay_add_area_km2": 1613687.925918, "bay_add_cell_count": 1913, "bay_add_core_cell_count": 1913, "bay_add_component_count": 4, "open_ocean_area_risk": 0},
      "geometry": {"type": "Polygon", "coordinates": [[[-71.25000000, 16.92584441], [-71.75000000, 16.92584441], [-71.77131141, 16.92629759], [-71.78784283, 16.92727490], [-71.80432815, 16.92879770], [-71.82074727, 16.93086413], [-71.83708021, 16.93347166], [-71.85330705, 16.93661714], [-71.86940802, 16.94029671], [-71.88536352, 16.94450590], [-71.90115409, 16.94923958], [-71.91676051, 16.95449199], [-71.93216375, 16.96025672], [-71.94734506, 16.96652675], [-71.96228593, 16.97329445], [-71.97696817, 16.98055156], [-71.99137388, 16.98828924], [-72.00548551, 16.99649807], [-72.01928587, 17.00516805], [-72.03275815, 17.01428861], [-72.04588593, 17.02384864], [-72.05865322, 17.03383650], [-72.07104446, 17.04424001], [-72.08304457, 17.05504650], [-72.09463890, 17.06624281], [-72.21963890, 17.19124281], [-72.22764999, 17.19945625], [-72.23851671, 17.21128835], [-72.24894055, 17.22347221], [-72.25890879, 17.23599297], [-72.26840931, 17.24883538], [-72.27743051, 17.26198380], [-72.28596141, 17.27542221], [-72.29399163, 17.28913422], [-72.30151136, 17.30310315], [-72.30851146, 17.31731196], [-72.31498338, 17.33174336], [-72.32091926, 17.34637974], [-72.32631185, 17.36120329], [-72.33115459, 17.37619594], [-72.33544158, 17.39133943], [-72.33916759, 17.40661530], [-72.34232808, 17.42200495], [-72.34297055, 17.42584441], [-74.25000000, 17.42584441], [-74.27131141, 17.42629759], [-74.28784283, 17.42727490], [-74.30432815, 17.42879770], [-74.32074727, 17.43086413], [-74.33708021, 17.43347166], [-74.35330705, 17.43661714], [-74.36940802, 17.44029671], [-74.38536352, 17.44450590], [-74.40115409, 17.44923958], [-74.41676051, 17.45449199], [-74.43216375, 17.46025672], [-74.44734506, 17.46652675], [-74.46228593, 17.47329445], [-74.47696817, 17.48055156], [-74.49137388, 17.48828924], [-74.50548551, 17.49649807], [-74.51928587, 17.50516805], [-74.53275815, 17.51428861], [-74.54588593, 17.52384864], [-74.55865322, 17.53383650], [-74.57104446, 17.54424001], [-74.58304457, 17.55504650], [-74.59463890, 17.56624281], [-74.96963890, 17.94124281], [-74.97764999, 17.94945625], [-74.98851671, 17.96128835], [-74.99894055, 17.97347221], [-75.00890879, 17.98599297], [-75.01840931, 17.99883538], [-75.02743051, 18.01198380], [-75.03596141, 18.02542221], [-75.04399163, 18.03913422], [-75.05151136, 18.05310315], [-75.05851146, 18.06731196], [-75.06498338, 18.08174336], [-75.07091926, 18.09637974], [-75.07631185, 18.11120329], [-75.08115459, 18.12619594], [-75.08544158, 18.14133943], [-75.08916759, 18.15661530], [-75.09232808, 18.17200495], [-75.09491920, 18.18748962], [-75.09693780, 18.20305046], [-75.09838142, 18.21866849], [-75.09924829, 18.23432470], [-75.09953737, 18.25000000], [-75.09953737, 18.75000000], [-75.09939040, 18.76117752], [-75.09868928, 18.77684116], [-75.09741105, 18.79247210], [-75.09555725, 18.80805129], [-75.09313015, 18.82355976], [-75.09013271, 18.83897860], [-75.08656857, 18.85428904], [-75.08244209, 18.86947242], [-75.07775828, 18.88451024], [-75.07252285, 18.89938418], [-75.06674219, 18.91407612], [-75.06042333, 18.92856815], [-75.05357398, 18.94284263], [-75.04620247, 18.95688216], [-75.03831780, 18.97066964], [-75.02992956, 18.98418826], [-75.02104798, 18.99742156], [-75.01168387, 19.01035342], [-75.00184865, 19.02296807], [-74.99155429, 19.03525016], [-74.98081335, 19.04718471], [-74.96963890, 19.05875719], [-74.84463890, 19.18375719], [-74.82964135, 19.19809549], [-74.81752748, 19.20878765], [-74.80502674, 19.21907314], [-74.79215438, 19.22893943], [-74.77892607, 19.23837450], [-74.76535793, 19.24736686], [-74.75146649, 19.25590554], [-74.73726868, 19.26398015], [-74.72278180, 19.27158084], [-74.70802349, 19.27869837], [-74.69301174, 19.28532405], [-74.67776483, 19.29144981], [-74.66230134, 19.29706819], [-74.64664011, 19.30217235], [-74.63080022, 19.30675606], [-74.61480098, 19.31081375], [-74.59866187, 19.31434046], [-74.58240255, 19.31733190], [-74.56604284, 19.31978444], [-74.54960266, 19.32169507], [-74.53310205, 19.32306147], [-74.51656112, 19.32388197], [-74.50000000, 19.32415559], [-74.06158056, 19.32415559], [-74.06498338, 19.33174336], [-74.07091926, 19.34637974], [-74.07631185, 19.36120329], [-74.08115459, 19.37619594], [-74.08544158, 19.39133943], [-74.08916759, 19.40661530], [-74.09232808, 19.42200495], [-74.09491920, 19.43748962], [-74.09693780, 19.45305046], [-74.09838142, 19.46866849], [-74.09924829, 19.48432470], [-74.09953737, 19.50000000], [-74.09953737, 20.00000000], [-74.09939040, 20.01117752], [-74.09868928, 20.02684116], [-74.09741105, 20.04247210], [-74.09555725, 20.05805129], [-74.09313015, 20.07355976], [-74.09013271, 20.08897860], [-74.08656857, 20.10428904], [-74.08244209, 20.11947242], [-74.07775828, 20.13451024], [-74.07252285, 20.14938418], [-74.06674219, 20.16407612], [-74.06042333, 20.17856815], [-74.05357398, 20.19284263], [-74.04620248, 20.20688216], [-74.03831780, 20.22066964], [-74.02992956, 20.23418826], [-74.02104798, 20.24742156], [-74.01168387, 20.26035342], [-74.00184865, 20.27296807], [-73.99155429, 20.28525016], [-73.98081335, 20.29718471], [-73.96963890, 20.30875719], [-73.84463890, 20.43375719], [-73.82964135, 20.44809549], [-73.81752748, 20.45878765], [-73.80502674, 20.46907314], [-73.79215438, 20.47893943], [-73.77892607, 20.48837450], [-73.76535793, 20.49736686], [-73.75146649, 20.50590554], [-73.73726868, 20.51398015], [-73.72278180, 20.52158084], [-73.70802349, 20.52869837], [-73.69301174, 20.53532405], [-73.67776483, 20.54144981], [-73.66230134, 20.54706819], [-73.64664011, 20.55217235], [-73.63080022, 20.55675606], [-73.61480098, 20.56081375], [-73.59866187, 20.56434046], [-73.58240255, 20.56733190], [-73.56604284, 20.56978444], [-73.54960266, 20.57169507], [-73.53310205, 20.57306147], [-73.51656112, 20.57388197], [-73.50000000, 20.57415559], [-73.45424051, 20.57415559], [-73.34463890, 20.68375719], [-73.32964135, 20.69809549], [-73.31752748, 20.70878765], [-73.30502674, 20.71907314], [-73.29215438, 20.72893943], [-73.27892607, 20.73837450], [-73.26535793, 20.74736686], [-73.25146649, 20.75590554], [-73.23726868, 20.76398015], [-73.22278180, 20.77158084], [-73.20802349, 20.77869837], [-73.19301174, 20.78532405], [-73.17776483, 20.79144981], [-73.16230134, 20.79706819], [-73.14664011, 20.80217235], [-73.13080022, 20.80675606], [-73.11480098, 20.81081375], [-73.09866187, 20.81434046], [-73.08240255, 20.81733190], [-73.06604284, 20.81978444], [-73.04960266, 20.82169507], [-73.03310205, 20.82306147], [-73.01656112, 20.82388197], [-73.00000000, 20.82415559], [-72.50000000, 20.82415559], [-72.47868859, 20.82370241], [-72.46215717, 20.82272510], [-72.44567185, 20.82120230], [-72.42925273, 20.81913587], [-72.41291979, 20.81652834], [-72.39669295, 20.81338286], [-72.38059198, 20.80970329], [-72.36463648, 20.80549410], [-72.34884591, 20.80076042], [-72.33323949, 20.79550801], [-72.31783625, 20.78974328], [-72.30265494, 20.78347325], [-72.28771407, 20.77670555], [-72.27303183, 20.76944844], [-72.25862612, 20.76171076], [-72.24451449, 20.75350193], [-72.23071413, 20.74483195], [-72.21724185, 20.73571139], [-72.20411407, 20.72615136], [-72.19134678, 20.71616350], [-72.17895554, 20.70575999], [-72.16695543, 20.69495350], [-72.15536110, 20.68375719], [-72.04575949, 20.57415559], [-70.25000000, 20.57415559], [-70.22868859, 20.57370241], [-70.21215717, 20.57272510], [-70.19567185, 20.57120230], [-70.17925273, 20.56913587], [-70.16291979, 20.56652834], [-70.14669295, 20.56338286], [-70.13059198, 20.55970329], [-70.11463648, 20.55549410], [-70.09884591, 20.55076042], [-70.08323949, 20.54550801], [-70.06783625, 20.53974328], [-70.05265494, 20.53347325], [-70.03771407, 20.52670555], [-70.02303183, 20.51944844], [-70.00862612, 20.51171076], [-69.99451449, 20.50350193], [-69.98071413, 20.49483195], [-69.96724185, 20.48571139], [-69.95411407, 20.47615136], [-69.94134678, 20.46616350], [-69.92895554, 20.45575999], [-69.91695543, 20.44495350], [-69.90536110, 20.43375719], [-69.79575949, 20.32415559], [-69.75000000, 20.32415559], [-69.72868859, 20.32370241], [-69.71215717, 20.32272510], [-69.69567185, 20.32120230], [-69.67925273, 20.31913587], [-69.66291979, 20.31652834], [-69.64669295, 20.31338286], [-69.63059198, 20.30970329], [-69.61463648, 20.30549410], [-69.59884591, 20.30076042], [-69.58323949, 20.29550801], [-69.56783625, 20.28974328], [-69.55265494, 20.28347325], [-69.53771407, 20.27670555], [-69.52303183, 20.26944844], [-69.50862612, 20.26171076], [-69.49451449, 20.25350193], [-69.48071413, 20.24483195], [-69.46724185, 20.23571139], [-69.45411407, 20.22615136], [-69.44134678, 20.21616350], [-69.42895554, 20.20575999], [-69.41695543, 20.19495350], [-69.40536110, 20.18375719], [-69.29575949, 20.07415559], [-69.00000000, 20.07415559], [-68.97868859, 20.07370241], [-68.96215717, 20.07272510], [-68.94567185, 20.07120230], [-68.92925273, 20.06913587], [-68.91291979, 20.06652834], [-68.89669295, 20.06338286], [-68.88059198, 20.05970329], [-68.86463648, 20.05549410], [-68.84884591, 20.05076042], [-68.83323949, 20.04550801], [-68.81783625, 20.03974328], [-68.80265494, 20.03347325], [-68.78771407, 20.02670555], [-68.77303183, 20.01944844], [-68.75862612, 20.01171076], [-68.74451449, 20.00350193], [-68.73071413, 19.99483195], [-68.71724185, 19.98571139], [-68.70411407, 19.97615136], [-68.69134678, 19.96616350], [-68.67895554, 19.95575999], [-68.66695543, 19.94495350], [-68.65536110, 19.93375719], [-67.78036110, 19.05875719], [-67.77235001, 19.05054375], [-67.76148329, 19.03871165], [-67.75105945, 19.02652779], [-67.74999046, 19.02518506], [-67.74155429, 19.03525016], [-67.73081335, 19.04718471], [-67.71963890, 19.05875719], [-67.59463890, 19.18375719], [-67.57964135, 19.19809549], [-67.56752748, 19.20878765], [-67.55502674, 19.21907314], [-67.54215438, 19.22893943], [-67.52892607, 19.23837450], [-67.51535793, 19.24736686], [-67.50146649, 19.25590554], [-67.48726868, 19.26398015], [-67.47278180, 19.27158084], [-67.45802349, 19.27869837], [-67.44301174, 19.28532405], [-67.42776483, 19.29144981], [-67.41230134, 19.29706819], [-67.39664011, 19.30217235], [-67.38080022, 19.30675606], [-67.36480098, 19.31081375], [-67.34866187, 19.31434046], [-67.33240255, 19.31733190], [-67.31604284, 19.31978444], [-67.29960266, 19.32169507], [-67.28310205, 19.32306147], [-67.26656112, 19.32388197], [-67.25000000, 19.32415559], [-67.00000000, 19.32415559], [-66.97868859, 19.32370241], [-66.96215717, 19.32272510], [-66.94567185, 19.32120230], [-66.92925273, 19.31913587], [-66.91291979, 19.31652834], [-66.89669295, 19.31338286], [-66.88059198, 19.30970329], [-66.86463648, 19.30549410], [-66.84884591, 19.30076042], [-66.83323949, 19.29550801], [-66.81783625, 19.28974328], [-66.80265494, 19.28347325], [-66.78771407, 19.27670555], [-66.77303183, 19.26944844], [-66.75862612, 19.26171076], [-66.74451449, 19.25350193], [-66.73071413, 19.24483195], [-66.71724185, 19.23571139], [-66.70411407, 19.22615136], [-66.69134678, 19.21616350], [-66.67895554, 19.20575999], [-66.66695543, 19.19495350], [-66.65536110, 19.18375719], [-66.54575949, 19.07415559], [-65.25000000, 19.07415559], [-65.22868859, 19.07370241], [-65.21215717, 19.07272510], [-65.19567185, 19.07120230], [-65.17925273, 19.06913587], [-65.16291979, 19.06652834], [-65.14669295, 19.06338286], [-65.13059198, 19.05970329], [-65.11463648, 19.05549410], [-65.09884591, 19.05076042], [-65.08323949, 19.04550801], [-65.06783625, 19.03974328], [-65.05265494, 19.03347325], [-65.03771407, 19.02670555], [-65.02303183, 19.01944844], [-65.00862612, 19.01171076], [-64.99451449, 19.00350193], [-64.98071413, 18.99483195], [-64.96724185, 18.98571139], [-64.95411407, 18.97615136], [-64.94134678, 18.96616350], [-64.92895554, 18.95575999], [-64.91695543, 18.94495350], [-64.90536110, 18.93375719], [-64.78036110, 18.80875719], [-64.77235001, 18.80054375], [-64.76148329, 18.78871165], [-64.75105945, 18.77652779], [-64.74109121, 18.76400703], [-64.73159069, 18.75116462], [-64.72256949, 18.73801620], [-64.71403859, 18.72457779], [-64.70600837, 18.71086578], [-64.69848864, 18.69689685], [-64.69148854, 18.68268804], [-64.68501662, 18.66825664], [-64.67908074, 18.65362026], [-64.67368815, 18.63879671], [-64.66884541, 18.62380406], [-64.66455842, 18.60866057], [-64.66083241, 18.59338470], [-64.65767192, 18.57799505], [-64.65508080, 18.56251038], [-64.65306220, 18.54694954], [-64.65161858, 18.53133151], [-64.65075171, 18.51567530], [-64.65046263, 18.50000000], [-64.65046263, 18.00000000], [-64.65060960, 17.98882248], [-64.65131072, 17.97315884], [-64.65258895, 17.95752790], [-64.65444275, 17.94194871], [-64.65686985, 17.92644024], [-64.65986729, 17.91102140], [-64.66343143, 17.89571096], [-64.66755791, 17.88052758], [-64.67224172, 17.86548976], [-64.67747715, 17.85061582], [-64.68325781, 17.83592388], [-64.68957667, 17.82143185], [-64.69642602, 17.80715737], [-64.70379753, 17.79311784], [-64.71168220, 17.77933036], [-64.72007044, 17.76581174], [-64.72895202, 17.75257844], [-64.73831613, 17.73964658], [-64.74815135, 17.72703193], [-64.75844571, 17.71474984], [-64.76918665, 17.70281529], [-64.78036110, 17.69124281], [-64.90536110, 17.56624281], [-64.92035865, 17.55190451], [-64.93247252, 17.54121235], [-64.94497326, 17.53092686], [-64.95784562, 17.52106057], [-64.97107393, 17.51162550], [-64.98464207, 17.50263314], [-64.99853351, 17.49409446], [-65.01273132, 17.48601985], [-65.02721820, 17.47841916], [-65.04197651, 17.47130163], [-65.05698826, 17.46467595], [-65.07223517, 17.45855019], [-65.08769866, 17.45293181], [-65.10335989, 17.44782765], [-65.11919978, 17.44324394], [-65.13519902, 17.43918625], [-65.15133813, 17.43565954], [-65.16759745, 17.43266810], [-65.18395716, 17.43021556], [-65.20039734, 17.42830493], [-65.21689795, 17.42693853], [-65.23343888, 17.42611803], [-65.25000000, 17.42584441], [-65.29575949, 17.42584441], [-65.40536110, 17.31624281], [-65.42035865, 17.30190451], [-65.43247252, 17.29121235], [-65.44497326, 17.28092686], [-65.45784562, 17.27106057], [-65.47107393, 17.26162550], [-65.48464207, 17.25263314], [-65.49853351, 17.24409446], [-65.51273132, 17.23601985], [-65.52721820, 17.22841916], [-65.54197651, 17.22130163], [-65.55698826, 17.21467595], [-65.57223517, 17.20855019], [-65.58769866, 17.20293181], [-65.60335989, 17.19782765], [-65.61919978, 17.19324394], [-65.63519902, 17.18918625], [-65.65133813, 17.18565954], [-65.66759745, 17.18266810], [-65.68395716, 17.18021556], [-65.70039734, 17.17830493], [-65.71689795, 17.17693853], [-65.73343888, 17.17611803], [-65.75000000, 17.17584441], [-67.25000000, 17.17584441], [-67.27131141, 17.17629759], [-67.28784283, 17.17727490], [-67.30432815, 17.17879770], [-67.32074727, 17.18086413], [-67.33708021, 17.18347166], [-67.35330705, 17.18661714], [-67.36940802, 17.19029671], [-67.38536352, 17.19450590], [-67.40115409, 17.19923958], [-67.41676051, 17.20449199], [-67.43216375, 17.21025672], [-67.44734506, 17.21652675], [-67.46228593, 17.22329445], [-67.47696817, 17.23055156], [-67.49137388, 17.23828924], [-67.50548551, 17.24649807], [-67.51928587, 17.25516805], [-67.53275815, 17.26428861], [-67.54588593, 17.27384864], [-67.55865322, 17.28383650], [-67.57104446, 17.29424001], [-67.58304457, 17.30504650], [-67.59463890, 17.31624281], [-67.71963890, 17.44124281], [-67.72764999, 17.44945625], [-67.73851671, 17.46128835], [-67.74894055, 17.47347221], [-67.75890879, 17.48599297], [-67.76840931, 17.49883538], [-67.77743051, 17.51198380], [-67.78596141, 17.52542221], [-67.79399163, 17.53913422], [-67.80151136, 17.55310315], [-67.80851146, 17.56731196], [-67.81498338, 17.58174336], [-67.82091926, 17.59637974], [-67.82631185, 17.61120329], [-67.83115459, 17.62619594], [-67.83544158, 17.64133943], [-67.83916759, 17.65661530], [-67.84232808, 17.67200495], [-67.84491920, 17.68748962], [-67.84693780, 17.70305046], [-67.84838142, 17.71866849], [-67.84924829, 17.73432470], [-67.84953737, 17.75000000], [-67.84953737, 17.87206654], [-68.15536110, 17.56624281], [-68.17035865, 17.55190451], [-68.18247252, 17.54121235], [-68.19497326, 17.53092686], [-68.20784562, 17.52106057], [-68.22107393, 17.51162550], [-68.23464207, 17.50263314], [-68.24853351, 17.49409446], [-68.26273132, 17.48601985], [-68.27721820, 17.47841916], [-68.29197651, 17.47130163], [-68.30698826, 17.46467595], [-68.32223517, 17.45855019], [-68.33769866, 17.45293181], [-68.35335989, 17.44782765], [-68.36919978, 17.44324394], [-68.38519902, 17.43918625], [-68.40133813, 17.43565954], [-68.41759745, 17.43266810], [-68.43395716, 17.43021556], [-68.45039734, 17.42830493], [-68.46689795, 17.42693853], [-68.48343888, 17.42611803], [-68.50000000, 17.42584441], [-69.00000000, 17.42584441], [-69.02131141, 17.42629759], [-69.03784283, 17.42727490], [-69.05432815, 17.42879770], [-69.07074727, 17.43086413], [-69.08708021, 17.43347166], [-69.10330705, 17.43661714], [-69.11940802, 17.44029671], [-69.13536352, 17.44450590], [-69.15115409, 17.44923958], [-69.16676051, 17.45449199], [-69.18216375, 17.46025672], [-69.19734506, 17.46652675], [-69.21228593, 17.47329445], [-69.22696817, 17.48055156], [-69.24137388, 17.48828924], [-69.25548551, 17.49649807], [-69.26928587, 17.50516805], [-69.28275815, 17.51428861], [-69.29588593, 17.52384864], [-69.30865322, 17.53383650], [-69.32104446, 17.54424001], [-69.33304457, 17.55504650], [-69.34463890, 17.56624281], [-69.45424051, 17.67584441], [-69.54575949, 17.67584441], [-69.65536110, 17.56624281], [-69.67035865, 17.55190451], [-69.68247252, 17.54121235], [-69.69497326, 17.53092686], [-69.70784562, 17.52106057], [-69.72107393, 17.51162550], [-69.73464207, 17.50263314], [-69.74853351, 17.49409446], [-69.76273132, 17.48601985], [-69.77721820, 17.47841916], [-69.79197651, 17.47130163], [-69.80698826, 17.46467595], [-69.82223517, 17.45855019], [-69.83769866, 17.45293181], [-69.85335989, 17.44782765], [-69.86919978, 17.44324394], [-69.88519902, 17.43918625], [-69.90133813, 17.43565954], [-69.91759745, 17.43266810], [-69.93395716, 17.43021556], [-69.95039734, 17.42830493], [-69.96689795, 17.42693853], [-69.98343888, 17.42611803], [-70.00000000, 17.42584441], [-70.54575949, 17.42584441], [-70.90536110, 17.06624281], [-70.92035865, 17.05190451], [-70.93247252, 17.04121235], [-70.94497326, 17.03092686], [-70.95784562, 17.02106057], [-70.97107393, 17.01162550], [-70.98464207, 17.00263314], [-70.99853351, 16.99409446], [-71.01273132, 16.98601985], [-71.02721820, 16.97841916], [-71.04197651, 16.97130163], [-71.05698826, 16.96467595], [-71.07223517, 16.95855019], [-71.08769866, 16.95293181], [-71.10335989, 16.94782765], [-71.11919978, 16.94324394], [-71.13519902, 16.93918625], [-71.15133813, 16.93565954], [-71.16759745, 16.93266810], [-71.18395716, 16.93021556], [-71.20039734, 16.92830493], [-71.21689795, 16.92693853], [-71.23343888, 16.92611803], [-71.25000000, 16.92584441]]]}
    },
    {
      "type": "Feature",
      "properties": {"block_id": "ADC_NA_14", "basin_id": "BASIN_NA", "basin_label": "North American East and West Coasts", "domain_count": 3, "grid_cell_count": 240, "outer_area_km2": 1954496.018110, "shelf_width_km": 250.000000, "outer_buffer_km": 430.000000, "shelf_add_area_km2": 0.000000, "shelf_add_cell_count": 0, "shelf_add_component_count": 0, "bay_add_area_km2": 279854.568218, "bay_add_cell_count": 267, "bay_add_core_cell_count": 267, "bay_add_component_count": 1, "open_ocean_area_risk": 0},
      "geometry": {"type": "Polygon", "coordinates": [[[-77.25000000, 33.67584441], [-78.00000000, 33.67584441], [-78.01415782, 33.67598623], [-78.03380712, 33.67665363], [-78.05341523, 33.67786727], [-78.07295826, 33.67962567], [-78.09241240, 33.68192670], [-78.11175395, 33.68476754], [-78.13095935, 33.68814473], [-78.15000519, 33.69205417], [-78.16886827, 33.69649108], [-78.18752562, 33.70145007], [-78.20595449, 33.70692509], [-78.22413244, 33.71290946], [-78.24203732, 33.71939591], [-78.25964731, 33.72637652], [-78.27694096, 33.73384280], [-78.29389721, 33.74178563], [-78.31049538, 33.75019536], [-78.32671527, 33.75906173], [-78.34253710, 33.76837393], [-78.35794160, 33.77812063], [-78.37291001, 33.78828995], [-78.38742408, 33.79886950], [-78.40146614, 33.80984639], [-78.41501907, 33.82120725], [-78.42806636, 33.83293823], [-78.44059213, 33.84502504], [-78.81559213, 34.22002504], [-78.83084083, 34.23599297], [-78.84212143, 34.24883538], [-78.85283291, 34.26198380], [-78.86296223, 34.27542221], [-78.87249704, 34.28913422], [-78.88142573, 34.30310315], [-78.88973742, 34.31731196], [-78.89742198, 34.33174336], [-78.90447004, 34.34637974], [-78.91087303, 34.36120329], [-78.91662314, 34.37619594], [-78.92171337, 34.39133943], [-78.92613751, 34.40661530], [-78.92989018, 34.42200495], [-78.93296679, 34.43748962], [-78.93536361, 34.45305046], [-78.93707771, 34.46866849], [-78.93810701, 34.48432470], [-78.93845025, 34.50000000], [-78.93845025, 34.75000000], [-78.93788785, 34.77006317], [-78.93666658, 34.78571061], [-78.93476101, 34.80131454], [-78.93217346, 34.81685594], [-78.92890707, 34.83231590], [-78.92496584, 34.84767557], [-78.92035456, 34.86291623], [-78.91507885, 34.87801932], [-78.90914513, 34.89296644], [-78.90256064, 34.90773938], [-78.89533340, 34.92232014], [-78.88747222, 34.93669095], [-78.87898666, 34.95083431], [-78.86988708, 34.96473298], [-78.86018455, 34.97837003], [-78.84989090, 34.99172885], [-78.83901866, 35.00479316], [-78.82758109, 35.01754704], [-78.81559213, 35.02997496], [-78.43845025, 35.40711684], [-78.43845025, 36.50000000], [-78.43788785, 36.52006317], [-78.43666658, 36.53571061], [-78.43476101, 36.55131454], [-78.43217346, 36.56685594], [-78.42890707, 36.58231590], [-78.42496584, 36.59767557], [-78.42035456, 36.61291623], [-78.41507885, 36.62801932], [-78.40914513, 36.64296644], [-78.40256064, 36.65773938], [-78.39533340, 36.67232014], [-78.38747222, 36.68669095], [-78.37898666, 36.70083431], [-78.36988708, 36.71473298], [-78.36018455, 36.72837003], [-78.34989090, 36.74172885], [-78.33901866, 36.75479316], [-78.32758109, 36.76754704], [-78.31559213, 36.77997496], [-78.22056709, 36.87500000], [-78.31559213, 36.97002504], [-78.33084083, 36.98599297], [-78.34212143, 36.99883538], [-78.35283291, 37.01198380], [-78.36296223, 37.02542221], [-78.37249704, 37.03913422], [-78.38142573, 37.05310315], [-78.38973742, 37.06731196], [-78.39742198, 37.08174336], [-78.40447004, 37.09637974], [-78.41087303, 37.11120329], [-78.41662314, 37.12619594], [-78.42171337, 37.14133943], [-78.42613751, 37.15661530], [-78.42989018, 37.17200495], [-78.43296679, 37.18748962], [-78.43536361, 37.20305046], [-78.43707771, 37.21866849], [-78.43810701, 37.23432470], [-78.43845025, 37.25000000], [-78.43845025, 38.25000000], [-78.43788785, 38.27006317], [-78.43666658, 38.28571061], [-78.43476101, 38.30131454], [-78.43217346, 38.31685594], [-78.42890707, 38.33231590], [-78.42496584, 38.34767557], [-78.42035456, 38.36291623], [-78.41507885, 38.37801932], [-78.40914513, 38.39296644], [-78.40256064, 38.40773938], [-78.39533340, 38.42232014], [-78.38747222, 38.43669095], [-78.37898666, 38.45083431], [-78.36988708, 38.46473298], [-78.36018455, 38.47837003], [-78.34989090, 38.49172885], [-78.33901866, 38.50479316], [-78.32758109, 38.51754704], [-78.31559213, 38.52997496], [-77.44059213, 39.40497496], [-77.43162793, 39.41371165], [-77.41872514, 39.42554375], [-77.40531219, 39.43700969], [-77.39140543, 39.44809549], [-77.37702181, 39.45878765], [-77.36217884, 39.46907314], [-77.34689461, 39.47893943], [-77.33118775, 39.48837450], [-77.31507738, 39.49736686], [-77.29858314, 39.50590554], [-77.28172513, 39.51398015], [-77.26452387, 39.52158084], [-77.24700033, 39.52869837], [-77.22917586, 39.53532405], [-77.21107218, 39.54144981], [-77.19271134, 39.54706819], [-77.17411570, 39.55217235], [-77.15530794, 39.55675606], [-77.13631095, 39.56081375], [-77.11714789, 39.56434046], [-77.09784211, 39.56733190], [-77.07841712, 39.56978444], [-77.05889659, 39.57169507], [-77.03930430, 39.57306147], [-77.01966413, 39.57388197], [-77.00000000, 39.57415559], [-76.77141150, 39.57415559], [-76.69059213, 39.65497496], [-76.68162793, 39.66371165], [-76.66872514, 39.67554375], [-76.65531219, 39.68700969], [-76.64140543, 39.69809549], [-76.62702181, 39.70878765], [-76.61217884, 39.71907314], [-76.59689461, 39.72893943], [-76.58118775, 39.73837450], [-76.56507738, 39.74736686], [-76.54858314, 39.75590554], [-76.53172513, 39.76398015], [-76.51452387, 39.77158084], [-76.49700033, 39.77869837], [-76.47917586, 39.78532405], [-76.46107218, 39.79144981], [-76.44271134, 39.79706819], [-76.42411570, 39.80217235], [-76.40530794, 39.80675606], [-76.38631095, 39.81081375], [-76.36714789, 39.81434046], [-76.34784211, 39.81733190], [-76.32841712, 39.81978444], [-76.30889659, 39.82169507], [-76.28930430, 39.82306147], [-76.26966413, 39.82388197], [-76.25000000, 39.82415559], [-75.18845025, 39.82415559], [-75.18845025, 40.09288316], [-75.31559213, 40.22002504], [-75.33084083, 40.23599297], [-75.34212143, 40.24883538], [-75.35283291, 40.26198380], [-75.36296223, 40.27542221], [-75.37249704, 40.28913422], [-75.38142573, 40.30310315], [-75.38973742, 40.31731196], [-75.39742198, 40.33174336], [-75.40447004, 40.34637974], [-75.41087303, 40.36120329], [-75.41662314, 40.37619594], [-75.42171337, 40.39133943], [-75.42613751, 40.40661530], [-75.42989018, 40.42200495], [-75.43296679, 40.43748962], [-75.43536361, 40.45305046], [-75.43707771, 40.46866849], [-75.43810701, 40.48432470], [-75.43845025, 40.50000000], [-75.43845025, 40.75000000], [-75.43788785, 40.77006317], [-75.43666658, 40.78571061], [-75.43476101, 40.80131454], [-75.43217346, 40.81685594], [-75.42890707, 40.83231590], [-75.42496584, 40.84767557], [-75.42035456, 40.86291623], [-75.41507885, 40.87801932], [-75.40914513, 40.89296644], [-75.40256064, 40.90773938], [-75.39533340, 40.92232014], [-75.38747222, 40.93669095], [-75.37898666, 40.95083431], [-75.36988708, 40.96473298], [-75.36018455, 40.97837003], [-75.34989090, 40.99172885], [-75.33901866, 41.00479316], [-75.32758109, 41.01754704], [-75.31559213, 41.02997496], [-75.19059213, 41.15497496], [-75.18162793, 41.16371165], [-75.16872514, 41.17554375], [-75.15531219, 41.18700969], [-75.14140543, 41.19809549], [-75.12702181, 41.20878765], [-75.11217884, 41.21907314], [-75.09689461, 41.22893943], [-75.08118775, 41.23837450], [-75.06507738, 41.24736686], [-75.04858314, 41.25590554], [-75.03172513, 41.26398015], [-75.01452387, 41.27158084], [-74.99700033, 41.27869837], [-74.97917586, 41.28532405], [-74.96107218, 41.29144981], [-74.94271134, 41.29706819], [-74.92411570, 41.30217235], [-74.90530794, 41.30675606], [-74.88631095, 41.31081375], [-74.86714789, 41.31434046], [-74.84784211, 41.31733190], [-74.82841712, 41.31978444], [-74.80889659, 41.32169507], [-74.78930430, 41.32306147], [-74.77177322, 41.32379386], [-74.44059213, 41.65497496], [-74.43162793, 41.66371165], [-74.41872514, 41.67554375], [-74.40531219, 41.68700969], [-74.39140543, 41.69809549], [-74.37702181, 41.70878765], [-74.36217884, 41.71907314], [-74.34689461, 41.72893943], [-74.33118775, 41.73837450], [-74.31507738, 41.74736686], [-74.29858314, 41.75590554], [-74.28172513, 41.76398015], [-74.26452387, 41.77158084], [-74.24700033, 41.77869837], [-74.22917586, 41.78532405], [-74.21107218, 41.79144981], [-74.19271134, 41.79706819], [-74.17411570, 41.80217235], [-74.15530794, 41.80675606], [-74.13631095, 41.81081375], [-74.11714789, 41.81434046], [-74.09784211, 41.81733190], [-74.07841712, 41.81978444], [-74.05889659, 41.82169507], [-74.03930430, 41.82306147], [-74.01966413, 41.82388197], [-74.00000000, 41.82415559], [-73.77141150, 41.82415559], [-73.69059213, 41.90497496], [-73.68162793, 41.91371165], [-73.66872514, 41.92554375], [-73.65531219, 41.93700969], [-73.64140543, 41.94809549], [-73.62702181, 41.95878765], [-73.61217884, 41.96907314], [-73.59689461, 41.97893943], [-73.58118775, 41.98837450], [-73.56507738, 41.99736686], [-73.54858314, 42.00590554], [-73.53172513, 42.01398015], [-73.51452387, 42.02158084], [-73.49700033, 42.02869837], [-73.47917586, 42.03532405], [-73.46107218, 42.04144981], [-73.44271134, 42.04706819], [-73.43845025, 42.04823778], [-73.43845025, 42.25000000], [-73.43788785, 42.27006317], [-73.43666658, 42.28571061], [-73.43476101, 42.30131454], [-73.43217346, 42.31685594], [-73.42890707, 42.33231590], [-73.42496584, 42.34767557], [-73.42035456, 42.36291623], [-73.41507885, 42.37801932], [-73.40914513, 42.39296644], [-73.40256064, 42.40773938], [-73.39533340, 42.42232014], [-73.38747222, 42.43669095], [-73.37898666, 42.45083431], [-73.36988708, 42.46473298], [-73.36018455, 42.47837003], [-73.34989090, 42.49172885], [-73.33901866, 42.50479316], [-73.32758109, 42.51754704], [-73.31559213, 42.52997496], [-73.19059213, 42.65497496], [-73.18162793, 42.66371165], [-73.16872514, 42.67554375], [-73.15531219, 42.68700969], [-73.14140543, 42.69809549], [-73.12702181, 42.70878765], [-73.11217884, 42.71907314], [-73.09689461, 42.72893943], [-73.08118775, 42.73837450], [-73.06507738, 42.74736686], [-73.04858314, 42.75590554], [-73.03172513, 42.76398015], [-73.01452387, 42.77158084], [-72.99700033, 42.77869837], [-72.97917586, 42.78532405], [-72.96107218, 42.79144981], [-72.94271134, 42.79706819], [-72.92411570, 42.80217235], [-72.90530794, 42.80675606], [-72.88631095, 42.81081375], [-72.86714789, 42.81434046], [-72.84784211, 42.81733190], [-72.82841712, 42.81978444], [-72.80889659, 42.82169507], [-72.78930430, 42.82306147], [-72.76966413, 42.82388197], [-72.75000000, 42.82415559], [-72.50000000, 42.82415559], [-72.48584218, 42.82401377], [-72.46619288, 42.82334637], [-72.44658477, 42.82213273], [-72.42704174, 42.82037433], [-72.40758760, 42.81807330], [-72.38824605, 42.81523246], [-72.36904065, 42.81185527], [-72.34999481, 42.80794583], [-72.33113173, 42.80350892], [-72.31247438, 42.79854993], [-72.29404551, 42.79307491], [-72.27586756, 42.78709054], [-72.25796268, 42.78060409], [-72.24035269, 42.77362348], [-72.22305904, 42.76615720], [-72.20610279, 42.75821437], [-72.18950462, 42.74980464], [-72.17328473, 42.74093827], [-72.15746290, 42.73162607], [-72.14205840, 42.72187937], [-72.12708999, 42.71171005], [-72.12355379, 42.70913245], [-72.11988708, 42.71473298], [-72.11018455, 42.72837003], [-72.09989090, 42.74172885], [-72.08901866, 42.75479316], [-72.07758109, 42.76754704], [-72.06559213, 42.77997496], [-71.93845025, 42.90711684], [-71.93845025, 43.00000000], [-71.93788785, 43.02006317], [-71.93666658, 43.03571061], [-71.93476101, 43.05131454], [-71.93217346, 43.06685594], [-71.92890707, 43.08231590], [-71.92496584, 43.09767557], [-71.92035456, 43.11291623], [-71.91507885, 43.12801932], [-71.90914513, 43.14296644], [-71.90256064, 43.15773938], [-71.89533340, 43.17232014], [-71.88747222, 43.18669095], [-71.87898666, 43.20083431], [-71.86988708, 43.21473298], [-71.86018455, 43.22837003], [-71.84989090, 43.24172885], [-71.83901866, 43.25479316], [-71.82758109, 43.26754704], [-71.81559213, 43.27997496], [-70.69059213, 44.40497496], [-70.68162793, 44.41371165], [-70.66872514, 44.42554375], [-70.65531219, 44.43700969], [-70.64140543, 44.44809549], [-70.62702181, 44.45878765], [-70.61217884, 44.46907314], [-70.59689461, 44.47893943], [-70.58118775, 44.48837450], [-70.56507738, 44.49736686], [-70.54858314, 44.50590554], [-70.53172513, 44.51398015], [-70.51452387, 44.52158084], [-70.49700033, 44.52869837], [-70.47917586, 44.53532405], [-70.46107218, 44.54144981], [-70.44271134, 44.54706819], [-70.42411570, 44.55217235], [-70.40530794, 44.55675606], [-70.38631095, 44.56081375], [-70.36714789, 44.56434046], [-70.34784211, 44.56733190], [-70.32841712, 44.56978444], [-70.30889659, 44.57169507], [-70.28930430, 44.57306147], [-70.26966413, 44.57388197], [-70.25000000, 44.57415559], [-70.00000000, 44.57415559], [-69.98584218, 44.57401377], [-69.96619288, 44.57334637], [-69.94658477, 44.57213273], [-69.92704174, 44.57037433], [-69.90758760, 44.56807330], [-69.88824605, 44.56523246], [-69.86904065, 44.56185527], [-69.84999481, 44.55794583], [-69.83113173, 44.55350892], [-69.81247438, 44.54854993], [-69.79404551, 44.54307491], [-69.77586756, 44.53709054], [-69.75796268, 44.53060409], [-69.74035269, 44.52362348], [-69.72305904, 44.51615720], [-69.70610279, 44.50821437], [-69.68950462, 44.49980464], [-69.67328473, 44.49093827], [-69.65746290, 44.48162607], [-69.64205840, 44.47187937], [-69.62708999, 44.46171005], [-69.61257592, 44.45113050], [-69.59853386, 44.44015361], [-69.58498093, 44.42879275], [-69.57193364, 44.41706177], [-69.55940787, 44.40497496], [-69.43440787, 44.27997496], [-69.41915917, 44.26400703], [-69.40787857, 44.25116462], [-69.39716709, 44.23801620], [-69.38703777, 44.22457779], [-69.37750296, 44.21086578], [-69.36857427, 44.19689685], [-69.36026258, 44.18268804], [-69.35257802, 44.16825664], [-69.34552996, 44.15362026], [-69.33912697, 44.13879671], [-69.33337686, 44.12380406], [-69.32828663, 44.10866057], [-69.32386249, 44.09338470], [-69.32010982, 44.07799505], [-69.31703321, 44.06251038], [-69.31463639, 44.04694954], [-69.31292229, 44.03133151], [-69.31189299, 44.01567530], [-69.31154975, 44.00000000], [-69.31154975, 43.50000000], [-69.31211215, 43.47993683], [-69.31333342, 43.46428939], [-69.31523899, 43.44868546], [-69.31782654, 43.43314406], [-69.32109293, 43.41768410], [-69.32503416, 43.40232443], [-69.32964544, 43.38708377], [-69.33492115, 43.37198068], [-69.34085487, 43.35703356], [-69.34743936, 43.34226062], [-69.35466660, 43.32767986], [-69.36252778, 43.31330905], [-69.37101334, 43.29916569], [-69.38011292, 43.28526702], [-69.38981545, 43.27162997], [-69.40010910, 43.25827115], [-69.41098134, 43.24520684], [-69.42241891, 43.23245296], [-69.43440787, 43.22002504], [-69.81154975, 42.84288316], [-69.81154975, 42.79827523], [-69.79404551, 42.79307491], [-69.77586756, 42.78709054], [-69.75796268, 42.78060409], [-69.74035269, 42.77362348], [-69.72305904, 42.76615720], [-69.70610279, 42.75821437], [-69.68950462, 42.74980464], [-69.67328473, 42.74093827], [-69.65746290, 42.73162607], [-69.64205840, 42.72187937], [-69.62708999, 42.71171005], [-69.61257592, 42.70113050], [-69.59853386, 42.69015361], [-69.58498093, 42.67879275], [-69.57193364, 42.66706177], [-69.55940787, 42.65497496], [-69.43440787, 42.52997496], [-69.41915917, 42.51400703], [-69.40787857, 42.50116462], [-69.39716709, 42.48801620], [-69.38703777, 42.47457779], [-69.37750296, 42.46086578], [-69.36857427, 42.44689685], [-69.36026258, 42.43268804], [-69.35257802, 42.41825664], [-69.34552996, 42.40362026], [-69.33912697, 42.38879671], [-69.33337686, 42.37380406], [-69.32828663, 42.35866057], [-69.32386249, 42.34338470], [-69.32010982, 42.32799505], [-69.31703321, 42.31251038], [-69.31463639, 42.29694954], [-69.31292229, 42.28133151], [-69.31189299, 42.26567530], [-69.31154975, 42.25000000], [-69.31154975, 41.75000000], [-69.31211215, 41.72993683], [-69.31333342, 41.71428939], [-69.31523899, 41.69868546], [-69.31782654, 41.68314406], [-69.32109293, 41.66768410], [-69.32503416, 41.65232443], [-69.32964544, 41.63708377], [-69.33492115, 41.62198068], [-69.34085487, 41.60703356], [-69.34743936, 41.59226062], [-69.35466660, 41.57767986], [-69.36252778, 41.56330905], [-69.37101334, 41.54916569], [-69.38011292, 41.53526702], [-69.38981545, 41.52162997], [-69.40010910, 41.50827115], [-69.41098134, 41.49520684], [-69.42241891, 41.48245296], [-69.43440787, 41.47002504], [-69.80940787, 41.09502504], [-69.81837207, 41.08628835], [-69.83127486, 41.07445625], [-69.84468781, 41.06299031], [-69.85859457, 41.05190451], [-69.87297819, 41.04121235], [-69.88782116, 41.03092686], [-69.90310539, 41.02106057], [-69.91881225, 41.01162550], [-69.93492262, 41.00263314], [-69.95141686, 40.99409446], [-69.96827487, 40.98601985], [-69.98547613, 40.97841916], [-70.00299967, 40.97130163], [-70.02082414, 40.96467595], [-70.03892782, 40.95855019], [-70.05728866, 40.95293181], [-70.07588430, 40.94782765], [-70.09469206, 40.94324394], [-70.11368905, 40.93918625], [-70.13285211, 40.93565954], [-70.15215789, 40.93266810], [-70.17158288, 40.93021556], [-70.19110341, 40.92830493], [-70.21069570, 40.92693853], [-70.22822678, 40.92620614], [-70.30940787, 40.84502504], [-70.31837207, 40.83628835], [-70.33127486, 40.82445625], [-70.34468781, 40.81299031], [-70.35859457, 40.80190451], [-70.37297819, 40.79121235], [-70.38782116, 40.78092686], [-70.40310539, 40.77106057], [-70.41881225, 40.76162550], [-70.43492262, 40.75263314], [-70.45141686, 40.74409446], [-70.46827487, 40.73601985], [-70.48547613, 40.72841916], [-70.50299967, 40.72130163], [-70.52082414, 40.71467595], [-70.53892782, 40.70855019], [-70.55728866, 40.70293181], [-70.57588430, 40.69782765], [-70.59469206, 40.69324394], [-70.61368905, 40.68918625], [-70.63285211, 40.68565954], [-70.65215789, 40.68266810], [-70.67158288, 40.68021556], [-70.69110341, 40.67830493], [-70.71069570, 40.67693853], [-70.73033587, 40.67611803], [-70.75000000, 40.67584441], [-70.97858850, 40.67584441], [-71.05940787, 40.59502504], [-71.06837207, 40.58628835], [-71.08127486, 40.57445625], [-71.09468781, 40.56299031], [-71.10859457, 40.55190451], [-71.12297819, 40.54121235], [-71.13782116, 40.53092686], [-71.15310539, 40.52106057], [-71.16881225, 40.51162550], [-71.18492262, 40.50263314], [-71.20141686, 40.49409446], [-71.21827487, 40.48601985], [-71.23547613, 40.47841916], [-71.25299967, 40.47130163], [-71.27082414, 40.46467595], [-71.28892782, 40.45855019], [-71.30728866, 40.45293181], [-71.32588430, 40.44782765], [-71.34469206, 40.44324394], [-71.36368905, 40.43918625], [-71.38285211, 40.43565954], [-71.40215789, 40.43266810], [-71.42158288, 40.43021556], [-71.44110341, 40.42830493], [-71.46069570, 40.42693853], [-71.47822678, 40.42620614], [-71.55940787, 40.34502504], [-71.56837207, 40.33628835], [-71.58127486, 40.32445625], [-71.59468781, 40.31299031], [-71.60859457, 40.30190451], [-71.62297819, 40.29121235], [-71.63782116, 40.28092686], [-71.65310539, 40.27106057], [-71.66881225, 40.26162550], [-71.68492262, 40.25263314], [-71.70141686, 40.24409446], [-71.71827487, 40.23601985], [-71.73547613, 40.22841916], [-71.75299967, 40.22130163], [-71.77082414, 40.21467595], [-71.78892782, 40.20855019], [-71.80728866, 40.20293181], [-71.82588430, 40.19782765], [-71.84469206, 40.19324394], [-71.86368905, 40.18918625], [-71.88285211, 40.18565954], [-71.90215789, 40.18266810], [-71.92158288, 40.18021556], [-71.94110341, 40.17830493], [-71.96069570, 40.17693853], [-71.98033587, 40.17611803], [-72.00000000, 40.17584441], [-72.22858850, 40.17584441], [-72.30940787, 40.09502504], [-72.31837207, 40.08628835], [-72.33127486, 40.07445625], [-72.34468781, 40.06299031], [-72.35859457, 40.05190451], [-72.37297819, 40.04121235], [-72.38782116, 40.03092686], [-72.40310539, 40.02106057], [-72.41881225, 40.01162550], [-72.43492262, 40.00263314], [-72.45141686, 39.99409446], [-72.46827487, 39.98601985], [-72.48547613, 39.97841916], [-72.50299967, 39.97130163], [-72.52082414, 39.96467595], [-72.53892782, 39.95855019], [-72.55728866, 39.95293181], [-72.57588430, 39.94782765], [-72.59469206, 39.94324394], [-72.61368905, 39.93918625], [-72.63285211, 39.93565954], [-72.65215789, 39.93266810], [-72.67158288, 39.93021556], [-72.69110341, 39.92830493], [-72.71069570, 39.92693853], [-72.73033587, 39.92611803], [-72.75000000, 39.92584441], [-73.06936881, 39.92584441], [-73.07109293, 39.91768410], [-73.07503416, 39.90232443], [-73.07964544, 39.88708377], [-73.08492115, 39.87198068], [-73.09085487, 39.85703356], [-73.09743936, 39.84226062], [-73.10466660, 39.82767986], [-73.11252778, 39.81330905], [-73.12101334, 39.79916569], [-73.13011292, 39.78526702], [-73.13981545, 39.77162997], [-73.15010910, 39.75827115], [-73.16098134, 39.74520684], [-73.17241891, 39.73245296], [-73.18440787, 39.72002504], [-73.55940787, 39.34502504], [-73.56837207, 39.33628835], [-73.58127486, 39.32445625], [-73.59468781, 39.31299031], [-73.60859457, 39.30190451], [-73.62297819, 39.29121235], [-73.63782116, 39.28092686], [-73.65310539, 39.27106057], [-73.66881225, 39.26162550], [-73.68492262, 39.25263314], [-73.70141686, 39.24409446], [-73.71827487, 39.23601985], [-73.73547613, 39.22841916], [-73.75299967, 39.22130163], [-73.77082414, 39.21467595], [-73.78892782, 39.20855019], [-73.80728866, 39.20293181], [-73.82588430, 39.19782765], [-73.84469206, 39.19324394], [-73.86368905, 39.18918625], [-73.88285211, 39.18565954], [-73.90215789, 39.18266810], [-73.92158288, 39.18021556], [-73.94110341, 39.17830493], [-73.96069570, 39.17693853], [-73.98033587, 39.17611803], [-74.00000000, 39.17584441], [-74.10661843, 39.17584441], [-74.10257802, 39.16825664], [-74.09552996, 39.15362026], [-74.08912697, 39.13879671], [-74.08337686, 39.12380406], [-74.07828663, 39.10866057], [-74.07386249, 39.09338470], [-74.07010982, 39.07799505], [-74.06703321, 39.06251038], [-74.06463639, 39.04694954], [-74.06292229, 39.03133151], [-74.06189299, 39.01567530], [-74.06154975, 39.00000000], [-74.06154975, 38.75000000], [-74.06211215, 38.72993683], [-74.06333342, 38.71428939], [-74.06523899, 38.69868546], [-74.06782654, 38.68314406], [-74.07109293, 38.66768410], [-74.07503416, 38.65232443], [-74.07964544, 38.63708377], [-74.08492115, 38.62198068], [-74.09085487, 38.60703356], [-74.09743936, 38.59226062], [-74.10466660, 38.57767986], [-74.11252778, 38.56330905], [-74.12101334, 38.54916569], [-74.13011292, 38.53526702], [-74.13981545, 38.52162997], [-74.15010910, 38.50827115], [-74.16098134, 38.49520684], [-74.17241891, 38.48245296], [-74.18440787, 38.47002504], [-74.31154975, 38.34288316], [-74.31154975, 38.00000000], [-74.31211215, 37.97993683], [-74.31333342, 37.96428939], [-74.31523899, 37.94868546], [-74.31782654, 37.93314406], [-74.32109293, 37.91768410], [-74.32503416, 37.90232443], [-74.32964544, 37.88708377], [-74.33492115, 37.87198068], [-74.34085487, 37.85703356], [-74.34743936, 37.84226062], [-74.35466660, 37.82767986], [-74.36252778, 37.81330905], [-74.37101334, 37.79916569], [-74.38011292, 37.78526702], [-74.38981545, 37.77162997], [-74.40010910, 37.75827115], [-74.41098134, 37.74520684], [-74.42241891, 37.73245296], [-74.43440787, 37.72002504], [-74.81154975, 37.34288316], [-74.81154975, 37.25000000], [-74.81211215, 37.22993683], [-74.81333342, 37.21428939], [-74.81523899, 37.19868546], [-74.81782654, 37.18314406], [-74.82109293, 37.16768410], [-74.82503416, 37.15232443], [-74.82964544, 37.13708377], [-74.83492115, 37.12198068], [-74.84085487, 37.10703356], [-74.84743936, 37.09226062], [-74.85466660, 37.07767986], [-74.86252778, 37.06330905], [-74.87101334, 37.04916569], [-74.88011292, 37.03526702], [-74.88981545, 37.02162997], [-74.90010910, 37.00827115], [-74.91098134, 36.99520684], [-74.92241891, 36.98245296], [-74.93440787, 36.97002504], [-75.06154975, 36.84288316], [-75.06154975, 36.65711684], [-74.93440787, 36.52997496], [-74.91915917, 36.51400703], [-74.90787857, 36.50116462], [-74.89716709, 36.48801620], [-74.88703777, 36.47457779], [-74.87750296, 36.46086578], [-74.86857427, 36.44689685], [-74.86026258, 36.43268804], [-74.85257802, 36.41825664], [-74.84552996, 36.40362026], [-74.83912697, 36.38879671], [-74.83337686, 36.37380406], [-74.82828663, 36.35866057], [-74.82386249, 36.34338470], [-74.82010982, 36.32799505], [-74.81703321, 36.31251038], [-74.81463639, 36.29694954], [-74.81292229, 36.28133151], [-74.81189299, 36.26567530], [-74.81154975, 36.25000000], [-74.81154975, 36.15711684], [-74.68440787, 36.02997496], [-74.66915917, 36.01400703], [-74.65787857, 36.00116462], [-74.64716709, 35.98801620], [-74.63703777, 35.97457779], [-74.62750296, 35.96086578], [-74.61857427, 35.94689685], [-74.61026258, 35.93268804], [-74.60257802, 35.91825664], [-74.59552996, 35.90362026], [-74.58912697, 35.88879671], [-74.58337686, 35.87380406], [-74.57828663, 35.85866057], [-74.57386249, 35.84338470], [-74.57010982, 35.82799505], [-74.56703321, 35.81251038], [-74.56463639, 35.79694954], [-74.56292229, 35.78133151], [-74.56189299, 35.76567530], [-74.56154975, 35.75000000], [-74.56154975, 35.25000000], [-74.56211215, 35.22993683], [-74.56333342, 35.21428939], [-74.56523899, 35.19868546], [-74.56782654, 35.18314406], [-74.57109293, 35.16768410], [-74.57503416, 35.15232443], [-74.57964544, 35.13708377], [-74.58492115, 35.12198068], [-74.59085487, 35.10703356], [-74.59743936, 35.09226062], [-74.60466660, 35.07767986], [-74.61252778, 35.06330905], [-74.62101334, 35.04916569], [-74.63011292, 35.03526702], [-74.63981545, 35.02162997], [-74.65010910, 35.00827115], [-74.66098134, 34.99520684], [-74.67241891, 34.98245296], [-74.68440787, 34.97002504], [-75.05940787, 34.59502504], [-75.06837207, 34.58628835], [-75.08127486, 34.57445625], [-75.09468781, 34.56299031], [-75.10859457, 34.55190451], [-75.12297819, 34.54121235], [-75.13782116, 34.53092686], [-75.15310539, 34.52106057], [-75.16881225, 34.51162550], [-75.18492262, 34.50263314], [-75.20141686, 34.49409446], [-75.21827487, 34.48601985], [-75.23547613, 34.47841916], [-75.25299967, 34.47130163], [-75.27082414, 34.46467595], [-75.28892782, 34.45855019], [-75.30728866, 34.45293181], [-75.32588430, 34.44782765], [-75.34469206, 34.44324394], [-75.36368905, 34.43918625], [-75.38285211, 34.43565954], [-75.40215789, 34.43266810], [-75.42158288, 34.43021556], [-75.44110341, 34.42830493], [-75.46069570, 34.42693853], [-75.47822678, 34.42620614], [-75.80940787, 34.09502504], [-75.81837207, 34.08628835], [-75.83127486, 34.07445625], [-75.84468781, 34.06299031], [-75.85859457, 34.05190451], [-75.87297819, 34.04121235], [-75.88782116, 34.03092686], [-75.90310539, 34.02106057], [-75.91881225, 34.01162550], [-75.93492262, 34.00263314], [-75.95141686, 33.99409446], [-75.96827487, 33.98601985], [-75.98547613, 33.97841916], [-76.00299967, 33.97130163], [-76.02082414, 33.96467595], [-76.03892782, 33.95855019], [-76.05728866, 33.95293181], [-76.07588430, 33.94782765], [-76.09469206, 33.94324394], [-76.11368905, 33.93918625], [-76.13285211, 33.93565954], [-76.15215789, 33.93266810], [-76.17158288, 33.93021556], [-76.19110341, 33.92830493], [-76.21069570, 33.92693853], [-76.23033587, 33.92611803], [-76.25000000, 33.92584441], [-76.72858850, 33.92584441], [-76.80940787, 33.84502504], [-76.81837207, 33.83628835], [-76.83127486, 33.82445625], [-76.84468781, 33.81299031], [-76.85859457, 33.80190451], [-76.87297819, 33.79121235], [-76.88782116, 33.78092686], [-76.90310539, 33.77106057], [-76.91881225, 33.76162550], [-76.93492262, 33.75263314], [-76.95141686, 33.74409446], [-76.96827487, 33.73601985], [-76.98547613, 33.72841916], [-77.00299967, 33.72130163], [-77.02082414, 33.71467595], [-77.03892782, 33.70855019], [-77.05728866, 33.70293181], [-77.07588430, 33.69782765], [-77.09469206, 33.69324394], [-77.11368905, 33.68918625], [-77.13285211, 33.68565954], [-77.15215789, 33.68266810], [-77.17158288, 33.68021556], [-77.19110341, 33.67830493], [-77.21069570, 33.67693853], [-77.23033587, 33.67611803], [-77.25000000, 33.67584441]]]}
    },
    {
      "type": "Feature",
      "properties": {"block_id": "ADC_NA_15", "basin_id": "BASIN_NA", "basin_label": "North American East and West Coasts", "domain_count": 3, "grid_cell_count": 214, "outer_area_km2": 2165388.697941, "shelf_width_km": 250.000000, "outer_buffer_km": 430.000000, "shelf_add_area_km2": 0.000000, "shelf_add_cell_count": 0, "shelf_add_component_count": 0, "bay_add_area_km2": 795716.098596, "bay_add_cell_count": 740, "bay_add_core_cell_count": 740, "bay_add_component_count": 3, "open_ocean_area_risk": 0},
      "geometry": {"type": "Polygon", "coordinates": [[[-65.25000000, 42.67584441], [-66.25000000, 42.67584441], [-66.28341185, 42.67645470], [-66.30573706, 42.67754482], [-66.32799437, 42.67918009], [-66.35015665, 42.68135852], [-66.37219691, 42.68407746], [-66.39408829, 42.68733359], [-66.41580412, 42.69112296], [-66.43731795, 42.69544094], [-66.45860355, 42.70028227], [-66.47963501, 42.70564105], [-66.50038669, 42.71151075], [-66.52083331, 42.71788423], [-66.54094997, 42.72475372], [-66.56071214, 42.73211085], [-66.58009576, 42.73994665], [-66.59907721, 42.74825158], [-66.61763337, 42.75701552], [-66.63574162, 42.76622779], [-66.65337990, 42.77587717], [-66.67052672, 42.78595190], [-66.68716120, 42.79643971], [-66.70326307, 42.80732782], [-66.71881270, 42.81860297], [-66.73379116, 42.83025141], [-66.74818019, 42.84225896], [-66.76196227, 42.85461098], [-66.77512060, 42.86729243], [-66.90012060, 42.99229243], [-66.90654124, 42.99883538], [-66.91872992, 43.01198380], [-66.93025615, 43.02542221], [-66.94110589, 43.03913422], [-66.95126592, 43.05310315], [-66.96072385, 43.06731196], [-66.96946817, 43.08174336], [-66.97748823, 43.09637974], [-66.98477424, 43.11120329], [-66.99131734, 43.12619594], [-66.99710955, 43.14133943], [-67.00214381, 43.15661530], [-67.00641400, 43.17200495], [-67.00991491, 43.18748962], [-67.01264227, 43.20305046], [-67.01459276, 43.21866849], [-67.01576401, 43.23432470], [-67.01615458, 43.25000000], [-67.01615458, 43.60832641], [-67.15012060, 43.74229243], [-67.15446639, 43.74672101], [-67.16023984, 43.74409446], [-67.17942271, 43.73601985], [-67.19899616, 43.72841916], [-67.21893633, 43.72130163], [-67.23921894, 43.71467595], [-67.25981927, 43.70855019], [-67.28071222, 43.70293181], [-67.30187234, 43.69782765], [-67.32327385, 43.69324394], [-67.34489067, 43.68918625], [-67.36669647, 43.68565954], [-67.38866468, 43.68266810], [-67.41076853, 43.68021556], [-67.41206805, 43.68010378], [-67.47487940, 43.61729243], [-67.49476330, 43.59847221], [-67.50884710, 43.58628835], [-67.52352929, 43.57445625], [-67.53879199, 43.56299031], [-67.55461660, 43.55190451], [-67.57098385, 43.54121235], [-67.58787378, 43.53092686], [-67.60526583, 43.52106057], [-67.62313879, 43.51162550], [-67.64147091, 43.50263314], [-67.66023984, 43.49409446], [-67.67942271, 43.48601985], [-67.69899616, 43.47841916], [-67.71893633, 43.47130163], [-67.73921894, 43.46467595], [-67.75981927, 43.45855019], [-67.78071222, 43.45293181], [-67.80187234, 43.44782765], [-67.82327385, 43.44324394], [-67.84489067, 43.43918625], [-67.86669647, 43.43565954], [-67.88866468, 43.43266810], [-67.91076853, 43.43021556], [-67.93298110, 43.42830493], [-67.95527532, 43.42693853], [-67.97762403, 43.42611803], [-68.00000000, 43.42584441], [-68.50000000, 43.42584441], [-68.53341185, 43.42645470], [-68.55573706, 43.42754482], [-68.57799437, 43.42918009], [-68.60015665, 43.43135852], [-68.62219691, 43.43407746], [-68.64408829, 43.43733359], [-68.66580412, 43.44112296], [-68.68731795, 43.44544094], [-68.70860355, 43.45028227], [-68.72963501, 43.45564105], [-68.75038669, 43.46151075], [-68.77083331, 43.46788423], [-68.79094997, 43.47475372], [-68.81071214, 43.48211085], [-68.83009576, 43.48994665], [-68.84907721, 43.49825158], [-68.86763337, 43.50701552], [-68.88574162, 43.51622779], [-68.90337990, 43.52587717], [-68.92052672, 43.53595190], [-68.93716120, 43.54643971], [-68.95326307, 43.55732782], [-68.96881270, 43.56860297], [-68.98379116, 43.58025141], [-68.99818019, 43.59225896], [-69.01196227, 43.60461098], [-69.02512060, 43.61729243], [-69.15012060, 43.74229243], [-69.15654124, 43.74883538], [-69.16872992, 43.76198380], [-69.18025615, 43.77542221], [-69.19110589, 43.78913422], [-69.20126592, 43.80310315], [-69.21072385, 43.81731196], [-69.21946817, 43.83174336], [-69.22748823, 43.84637974], [-69.23477424, 43.86120329], [-69.24131734, 43.87619594], [-69.24710955, 43.89133943], [-69.25214381, 43.90661530], [-69.25641400, 43.92200495], [-69.25991491, 43.93748962], [-69.26264227, 43.95305046], [-69.26459276, 43.96866849], [-69.26576401, 43.98432470], [-69.26615458, 44.00000000], [-69.26615458, 44.50000000], [-69.26605440, 44.50793956], [-69.26526836, 44.52360758], [-69.26370224, 44.53924683], [-69.26135797, 44.55483827], [-69.25823839, 44.57036290], [-69.25434731, 44.58580180], [-69.24968947, 44.60113617], [-69.24427054, 44.61634731], [-69.23809712, 44.63141671], [-69.23117674, 44.64632599], [-69.22351782, 44.66105700], [-69.21512971, 44.67559179], [-69.20602261, 44.68991264], [-69.19620762, 44.70400211], [-69.18569671, 44.71784304], [-69.17450267, 44.73141856], [-69.16263915, 44.74471214], [-69.15012060, 44.75770757], [-68.77512060, 45.13270757], [-68.75523670, 45.15152779], [-68.74115290, 45.16371165], [-68.72647071, 45.17554375], [-68.71120801, 45.18700969], [-68.69538340, 45.19809549], [-68.67901615, 45.20878765], [-68.66212622, 45.21907314], [-68.64473417, 45.22893943], [-68.62686121, 45.23837450], [-68.60852909, 45.24736686], [-68.58976016, 45.25590554], [-68.57057729, 45.26398015], [-68.55100384, 45.27158084], [-68.53106367, 45.27869837], [-68.51078106, 45.28532405], [-68.49018073, 45.29144981], [-68.46928778, 45.29706819], [-68.44812766, 45.30217235], [-68.42672615, 45.30675606], [-68.40510933, 45.31081375], [-68.38330353, 45.31434046], [-68.36133532, 45.31733190], [-68.33923147, 45.31978444], [-68.31701890, 45.32169507], [-68.29472468, 45.32306147], [-68.27237597, 45.32388197], [-68.25730503, 45.32406626], [-68.25434731, 45.33580180], [-68.24968947, 45.35113617], [-68.24427054, 45.36634731], [-68.23809712, 45.38141671], [-68.23117674, 45.39632599], [-68.22351782, 45.41105700], [-68.21512971, 45.42559179], [-68.20602261, 45.43991264], [-68.19620762, 45.45400211], [-68.18569671, 45.46784304], [-68.17450267, 45.48141856], [-68.16263915, 45.49471214], [-68.15012060, 45.50770757], [-68.02512060, 45.63270757], [-68.00523670, 45.65152779], [-67.99115290, 45.66371165], [-67.97647071, 45.67554375], [-67.96120801, 45.68700969], [-67.94538340, 45.69809549], [-67.92901615, 45.70878765], [-67.91212622, 45.71907314], [-67.89473417, 45.72893943], [-67.87686121, 45.73837450], [-67.85852909, 45.74736686], [-67.83976016, 45.75590554], [-67.82057729, 45.76398015], [-67.80100384, 45.77158084], [-67.78106367, 45.77869837], [-67.76615458, 45.78356869], [-67.76615458, 46.00000000], [-67.76605440, 46.00793956], [-67.76526836, 46.02360758], [-67.76370224, 46.03924683], [-67.76135797, 46.05483827], [-67.75823839, 46.07036290], [-67.75434731, 46.08580180], [-67.74968947, 46.10113617], [-67.74427054, 46.11634731], [-67.73809712, 46.13141671], [-67.73117674, 46.14632599], [-67.72351782, 46.16105700], [-67.71512971, 46.17559179], [-67.70602261, 46.18991264], [-67.69620762, 46.20400211], [-67.68569671, 46.21784304], [-67.67450267, 46.23141856], [-67.66263915, 46.24471214], [-67.65012060, 46.25770757], [-67.52512060, 46.38270757], [-67.50523670, 46.40152779], [-67.49115290, 46.41371165], [-67.47647071, 46.42554375], [-67.46120801, 46.43700969], [-67.44538340, 46.44809549], [-67.42901615, 46.45878765], [-67.41212622, 46.46907314], [-67.39473417, 46.47893943], [-67.37686121, 46.48837450], [-67.35852909, 46.49736686], [-67.33976016, 46.50590554], [-67.32057729, 46.51398015], [-67.30100384, 46.52158084], [-67.28106367, 46.52869837], [-67.26078106, 46.53532405], [-67.24018073, 46.54144981], [-67.21928778, 46.54706819], [-67.19812766, 46.55217235], [-67.17672615, 46.55675606], [-67.15510933, 46.56081375], [-67.13330353, 46.56434046], [-67.11133532, 46.56733190], [-67.08923147, 46.56978444], [-67.06701890, 46.57169507], [-67.04472468, 46.57306147], [-67.02237597, 46.57388197], [-67.00000000, 46.57415559], [-66.58367258, 46.57415559], [-66.52512060, 46.63270757], [-66.50523670, 46.65152779], [-66.49115290, 46.66371165], [-66.47647071, 46.67554375], [-66.46120801, 46.68700969], [-66.44538340, 46.69809549], [-66.42901615, 46.70878765], [-66.41212622, 46.71907314], [-66.39473417, 46.72893943], [-66.37686121, 46.73837450], [-66.35852909, 46.74736686], [-66.33976016, 46.75590554], [-66.32057729, 46.76398015], [-66.30100384, 46.77158084], [-66.28106367, 46.77869837], [-66.26078106, 46.78532405], [-66.24018073, 46.79144981], [-66.21928778, 46.79706819], [-66.19812766, 46.80217235], [-66.17672615, 46.80675606], [-66.15510933, 46.81081375], [-66.13330353, 46.81434046], [-66.11133532, 46.81733190], [-66.08923147, 46.81978444], [-66.06701890, 46.82169507], [-66.04472468, 46.82306147], [-66.02237597, 46.82388197], [-66.00730503, 46.82406626], [-66.00434731, 46.83580180], [-65.99968947, 46.85113617], [-65.99427054, 46.86634731], [-65.98809712, 46.88141671], [-65.98117674, 46.89632599], [-65.97351782, 46.91105700], [-65.96512971, 46.92559179], [-65.95602261, 46.93991264], [-65.94620762, 46.95400211], [-65.93569671, 46.96784304], [-65.92450267, 46.98141856], [-65.91263915, 46.99471214], [-65.90012060, 47.00770757], [-65.52512060, 47.38270757], [-65.50523670, 47.40152779], [-65.49115290, 47.41371165], [-65.47647071, 47.42554375], [-65.46120801, 47.43700969], [-65.44538340, 47.44809549], [-65.42901615, 47.45878765], [-65.41212622, 47.46907314], [-65.39473417, 47.47893943], [-65.37686121, 47.48837450], [-65.35852909, 47.49736686], [-65.33976016, 47.50590554], [-65.32057729, 47.51398015], [-65.30100384, 47.52158084], [-65.28106367, 47.52869837], [-65.26078106, 47.53532405], [-65.24018073, 47.54144981], [-65.21928778, 47.54706819], [-65.19812766, 47.55217235], [-65.17672615, 47.55675606], [-65.15510933, 47.56081375], [-65.13330353, 47.56434046], [-65.11133532, 47.56733190], [-65.08923147, 47.56978444], [-65.06701890, 47.57169507], [-65.04472468, 47.57306147], [-65.02237597, 47.57388197], [-65.00000000, 47.57415559], [-64.83367258, 47.57415559], [-64.77512060, 47.63270757], [-64.75523670, 47.65152779], [-64.74115290, 47.66371165], [-64.72647071, 47.67554375], [-64.71120801, 47.68700969], [-64.69538340, 47.69809549], [-64.67901615, 47.70878765], [-64.66212622, 47.71907314], [-64.64473417, 47.72893943], [-64.62686121, 47.73837450], [-64.60852909, 47.74736686], [-64.58976016, 47.75590554], [-64.57057729, 47.76398015], [-64.55100384, 47.77158084], [-64.53106367, 47.77869837], [-64.51078106, 47.78532405], [-64.49018073, 47.79144981], [-64.46928778, 47.79706819], [-64.44812766, 47.80217235], [-64.42672615, 47.80675606], [-64.40510933, 47.81081375], [-64.38330353, 47.81434046], [-64.36133532, 47.81733190], [-64.33923147, 47.81978444], [-64.31701890, 47.82169507], [-64.29472468, 47.82306147], [-64.27237597, 47.82388197], [-64.25000000, 47.82415559], [-63.75000000, 47.82415559], [-63.71658815, 47.82354530], [-63.69426294, 47.82245518], [-63.67200563, 47.82081991], [-63.64984335, 47.81864148], [-63.62780309, 47.81592254], [-63.60591171, 47.81266641], [-63.58419588, 47.80887704], [-63.56268205, 47.80455906], [-63.54139645, 47.79971773], [-63.52036499, 47.79435895], [-63.49961331, 47.78848925], [-63.47916669, 47.78211577], [-63.45905003, 47.77524628], [-63.43928786, 47.76788915], [-63.41990424, 47.76005335], [-63.40092279, 47.75174842], [-63.38236663, 47.74298448], [-63.36425838, 47.73377221], [-63.34662010, 47.72412283], [-63.32947328, 47.71404810], [-63.31283880, 47.70356029], [-63.29673693, 47.69267218], [-63.28118730, 47.68139703], [-63.26620884, 47.66974859], [-63.25181981, 47.65774104], [-63.23803773, 47.64538902], [-63.22487940, 47.63270757], [-63.09987940, 47.50770757], [-63.09345876, 47.50116462], [-63.08127008, 47.48801620], [-63.06974385, 47.47457779], [-63.05889411, 47.46086578], [-63.04873408, 47.44689685], [-63.03927615, 47.43268804], [-63.03053183, 47.41825664], [-63.02251177, 47.40362026], [-63.01522576, 47.38879671], [-63.00868266, 47.37380406], [-63.00289045, 47.35866057], [-62.99785619, 47.34338470], [-62.99358600, 47.32799505], [-62.99008509, 47.31251038], [-62.98735773, 47.29694954], [-62.98576193, 47.28417159], [-62.97916669, 47.28211577], [-62.95905003, 47.27524628], [-62.93928786, 47.26788915], [-62.91990424, 47.26005335], [-62.90092279, 47.25174842], [-62.88236663, 47.24298448], [-62.86425838, 47.23377221], [-62.84662010, 47.22412283], [-62.82947328, 47.21404810], [-62.81283880, 47.20356029], [-62.79673693, 47.19267218], [-62.78118730, 47.18139703], [-62.76620884, 47.16974859], [-62.75181981, 47.15774104], [-62.73803773, 47.14538902], [-62.72487940, 47.13270757], [-62.66632742, 47.07415559], [-61.83367258, 47.07415559], [-61.77512060, 47.13270757], [-61.75523670, 47.15152779], [-61.74115290, 47.16371165], [-61.72647071, 47.17554375], [-61.71120801, 47.18700969], [-61.69538340, 47.19809549], [-61.67901615, 47.20878765], [-61.66212622, 47.21907314], [-61.64473417, 47.22893943], [-61.62686121, 47.23837450], [-61.60852909, 47.24736686], [-61.58976016, 47.25590554], [-61.57057729, 47.26398015], [-61.55100384, 47.27158084], [-61.53106367, 47.27869837], [-61.51420715, 47.28420485], [-61.51370224, 47.28924683], [-61.51135797, 47.30483827], [-61.50823839, 47.32036290], [-61.50434731, 47.33580180], [-61.49968947, 47.35113617], [-61.49427054, 47.36634731], [-61.48809712, 47.38141671], [-61.48117674, 47.39632599], [-61.47351782, 47.41105700], [-61.46512971, 47.42559179], [-61.45602261, 47.43991264], [-61.44620762, 47.45400211], [-61.43569671, 47.46784304], [-61.42450267, 47.48141856], [-61.41263915, 47.49471214], [-61.40012060, 47.50770757], [-61.27512060, 47.63270757], [-61.25523670, 47.65152779], [-61.24115290, 47.66371165], [-61.22647071, 47.67554375], [-61.21120801, 47.68700969], [-61.19538340, 47.69809549], [-61.17901615, 47.70878765], [-61.16212622, 47.71907314], [-61.14473417, 47.72893943], [-61.12686121, 47.73837450], [-61.10852909, 47.74736686], [-61.08976016, 47.75590554], [-61.07057729, 47.76398015], [-61.05100384, 47.77158084], [-61.03106367, 47.77869837], [-61.01078106, 47.78532405], [-60.99018073, 47.79144981], [-60.96928778, 47.79706819], [-60.94812766, 47.80217235], [-60.92672615, 47.80675606], [-60.90510933, 47.81081375], [-60.88330353, 47.81434046], [-60.86133532, 47.81733190], [-60.83923147, 47.81978444], [-60.81701890, 47.82169507], [-60.79472468, 47.82306147], [-60.77237597, 47.82388197], [-60.75000000, 47.82415559], [-60.50000000, 47.82415559], [-60.46658815, 47.82354530], [-60.44426294, 47.82245518], [-60.42200563, 47.82081991], [-60.39984335, 47.81864148], [-60.37780309, 47.81592254], [-60.35591171, 47.81266641], [-60.33419588, 47.80887704], [-60.31268205, 47.80455906], [-60.29139645, 47.79971773], [-60.27036499, 47.79435895], [-60.24961331, 47.78848925], [-60.22916669, 47.78211577], [-60.20905003, 47.77524628], [-60.18928786, 47.76788915], [-60.16990424, 47.76005335], [-60.15092279, 47.75174842], [-60.13236663, 47.74298448], [-60.11425838, 47.73377221], [-60.09662010, 47.72412283], [-60.07947328, 47.71404810], [-60.06283880, 47.70356029], [-60.04673693, 47.69267218], [-60.03118730, 47.68139703], [-60.01620884, 47.66974859], [-60.00181981, 47.65774104], [-59.98803773, 47.64538902], [-59.97487940, 47.63270757], [-59.59987940, 47.25770757], [-59.59345876, 47.25116462], [-59.58127008, 47.23801620], [-59.56974385, 47.22457779], [-59.55889411, 47.21086578], [-59.54873408, 47.19689685], [-59.53927615, 47.18268804], [-59.53053183, 47.16825664], [-59.52251177, 47.15362026], [-59.51522576, 47.13879671], [-59.50868266, 47.12380406], [-59.50289045, 47.10866057], [-59.49785619, 47.09338470], [-59.49358600, 47.07799505], [-59.49008509, 47.06251038], [-59.48735773, 47.04694954], [-59.48540724, 47.03133151], [-59.48423599, 47.01567530], [-59.48384542, 47.00000000], [-59.48384542, 46.89167359], [-59.41200915, 46.81983732], [-59.39984335, 46.81864148], [-59.37780309, 46.81592254], [-59.35591171, 46.81266641], [-59.33419588, 46.80887704], [-59.31268205, 46.80455906], [-59.29139645, 46.79971773], [-59.27036499, 46.79435895], [-59.24961331, 46.78848925], [-59.22916669, 46.78211577], [-59.20905003, 46.77524628], [-59.18928786, 46.76788915], [-59.16990424, 46.76005335], [-59.15092279, 46.75174842], [-59.13236663, 46.74298448], [-59.11425839, 46.73377221], [-59.09662010, 46.72412283], [-59.07947328, 46.71404810], [-59.06283880, 46.70356029], [-59.04673693, 46.69267218], [-59.03118730, 46.68139703], [-59.01620884, 46.66974859], [-59.00181981, 46.65774104], [-58.98803773, 46.64538902], [-58.97487940, 46.63270757], [-58.84987940, 46.50770757], [-58.84345876, 46.50116462], [-58.83127008, 46.48801620], [-58.81974385, 46.47457779], [-58.80889411, 46.46086578], [-58.79873408, 46.44689685], [-58.78927615, 46.43268804], [-58.78053183, 46.41825664], [-58.77251177, 46.40362026], [-58.76522576, 46.38879671], [-58.75868266, 46.37380406], [-58.75289045, 46.35866057], [-58.74785619, 46.34338470], [-58.74358600, 46.32799505], [-58.74008509, 46.31251038], [-58.73735773, 46.29694954], [-58.73540724, 46.28133151], [-58.73423599, 46.26567530], [-58.73384542, 46.25000000], [-58.73384542, 45.75000000], [-58.73394560, 45.74206044], [-58.73473164, 45.72639242], [-58.73629776, 45.71075317], [-58.73864203, 45.69516173], [-58.74176161, 45.67963710], [-58.74565269, 45.66419820], [-58.75031053, 45.64886383], [-58.75572946, 45.63365269], [-58.76190288, 45.61858329], [-58.76882326, 45.60367401], [-58.77648218, 45.58894300], [-58.78487029, 45.57440821], [-58.79397739, 45.56008736], [-58.80379238, 45.54599789], [-58.81430329, 45.53215696], [-58.82549733, 45.51858144], [-58.83736085, 45.50528786], [-58.84987940, 45.49229243], [-58.97487940, 45.36729243], [-58.99476330, 45.34847221], [-59.00884710, 45.33628835], [-59.02352929, 45.32445625], [-59.03879199, 45.31299031], [-59.05461660, 45.30190451], [-59.07098385, 45.29121235], [-59.08787378, 45.28092686], [-59.10526583, 45.27106057], [-59.12313879, 45.26162550], [-59.14147091, 45.25263314], [-59.16023984, 45.24409446], [-59.17942271, 45.23601985], [-59.19899616, 45.22841916], [-59.21893633, 45.22130163], [-59.23921894, 45.21467595], [-59.25981927, 45.20855019], [-59.28071222, 45.20293181], [-59.30187234, 45.19782765], [-59.32327385, 45.19324394], [-59.34489067, 45.18918625], [-59.36669647, 45.18565954], [-59.38866468, 45.18266810], [-59.41076853, 45.18021556], [-59.41206805, 45.18010378], [-59.47487940, 45.11729243], [-59.49476330, 45.09847221], [-59.50884710, 45.08628835], [-59.52352929, 45.07445625], [-59.53879199, 45.06299031], [-59.55461660, 45.05190451], [-59.57098385, 45.04121235], [-59.58787378, 45.03092686], [-59.60526583, 45.02106057], [-59.62313879, 45.01162550], [-59.64147091, 45.00263314], [-59.66023984, 44.99409446], [-59.67942271, 44.98601985], [-59.69899616, 44.97841916], [-59.71893633, 44.97130163], [-59.73921894, 44.96467595], [-59.75981927, 44.95855019], [-59.78071222, 44.95293181], [-59.80187234, 44.94782765], [-59.82327385, 44.94324394], [-59.84489067, 44.93918625], [-59.86669647, 44.93565954], [-59.88866468, 44.93266810], [-59.91076853, 44.93021556], [-59.93298110, 44.92830493], [-59.95527532, 44.92693853], [-59.97762403, 44.92611803], [-60.00000000, 44.92584441], [-60.16632742, 44.92584441], [-60.47487940, 44.61729243], [-60.49476330, 44.59847221], [-60.50884710, 44.58628835], [-60.52352929, 44.57445625], [-60.53879199, 44.56299031], [-60.55461660, 44.55190451], [-60.57098385, 44.54121235], [-60.58787378, 44.53092686], [-60.60526583, 44.52106057], [-60.62313879, 44.51162550], [-60.64147091, 44.50263314], [-60.66023984, 44.49409446], [-60.67942271, 44.48601985], [-60.69899616, 44.47841916], [-60.71893633, 44.47130163], [-60.73921894, 44.46467595], [-60.75981927, 44.45855019], [-60.78071222, 44.45293181], [-60.80187234, 44.44782765], [-60.82327385, 44.44324394], [-60.84489067, 44.43918625], [-60.86669647, 44.43565954], [-60.88866468, 44.43266810], [-60.91076853, 44.43021556], [-60.93298110, 44.42830493], [-60.95527532, 44.42693853], [-60.97762403, 44.42611803], [-61.00000000, 44.42584441], [-61.41632742, 44.42584441], [-61.47487940, 44.36729243], [-61.49476330, 44.34847221], [-61.50884710, 44.33628835], [-61.52352929, 44.32445625], [-61.53879199, 44.31299031], [-61.55461660, 44.30190451], [-61.57098385, 44.29121235], [-61.58787378, 44.28092686], [-61.60526583, 44.27106057], [-61.62313879, 44.26162550], [-61.64147091, 44.25263314], [-61.66023984, 44.24409446], [-61.67942271, 44.23601985], [-61.69899616, 44.22841916], [-61.71893633, 44.22130163], [-61.73921894, 44.21467595], [-61.75981927, 44.20855019], [-61.78071222, 44.20293181], [-61.80187234, 44.19782765], [-61.82327385, 44.19324394], [-61.84489067, 44.18918625], [-61.86669647, 44.18565954], [-61.88866468, 44.18266810], [-61.91076853, 44.18021556], [-61.91206805, 44.18010378], [-61.97487940, 44.11729243], [-61.99476330, 44.09847221], [-62.00884710, 44.08628835], [-62.02352929, 44.07445625], [-62.03879199, 44.06299031], [-62.05461660, 44.05190451], [-62.07098385, 44.04121235], [-62.08787378, 44.03092686], [-62.10526583, 44.02106057], [-62.12313879, 44.01162550], [-62.14147091, 44.00263314], [-62.16023984, 43.99409446], [-62.17942271, 43.98601985], [-62.19899616, 43.97841916], [-62.21893633, 43.97130163], [-62.23921894, 43.96467595], [-62.25981927, 43.95855019], [-62.28071222, 43.95293181], [-62.30187234, 43.94782765], [-62.32327385, 43.94324394], [-62.34489067, 43.93918625], [-62.36669647, 43.93565954], [-62.38866468, 43.93266810], [-62.41076853, 43.93021556], [-62.43298110, 43.92830493], [-62.45527532, 43.92693853], [-62.47762403, 43.92611803], [-62.50000000, 43.92584441], [-62.91632742, 43.92584441], [-62.97487940, 43.86729243], [-62.99476330, 43.84847221], [-63.00884710, 43.83628835], [-63.02352929, 43.82445625], [-63.03879199, 43.81299031], [-63.05461660, 43.80190451], [-63.07098385, 43.79121235], [-63.08787378, 43.78092686], [-63.10526583, 43.77106057], [-63.12313879, 43.76162550], [-63.14147091, 43.75263314], [-63.16023984, 43.74409446], [-63.17942271, 43.73601985], [-63.19899616, 43.72841916], [-63.21893633, 43.72130163], [-63.23921894, 43.71467595], [-63.25981927, 43.70855019], [-63.28071222, 43.70293181], [-63.30187234, 43.69782765], [-63.32327385, 43.69324394], [-63.34489067, 43.68918625], [-63.36669647, 43.68565954], [-63.38866468, 43.68266810], [-63.41076853, 43.68021556], [-63.43298110, 43.67830493], [-63.45527532, 43.67693853], [-63.47762403, 43.67611803], [-63.50000000, 43.67584441], [-63.66632742, 43.67584441], [-64.22487940, 43.11729243], [-64.24476330, 43.09847221], [-64.25884710, 43.08628835], [-64.27352929, 43.07445625], [-64.28879199, 43.06299031], [-64.30461660, 43.05190451], [-64.32098385, 43.04121235], [-64.33787378, 43.03092686], [-64.35526583, 43.02106057], [-64.37313879, 43.01162550], [-64.39147091, 43.00263314], [-64.41023984, 42.99409446], [-64.42942271, 42.98601985], [-64.44899616, 42.97841916], [-64.46893633, 42.97130163], [-64.48921894, 42.96467595], [-64.50981927, 42.95855019], [-64.53071222, 42.95293181], [-64.55187234, 42.94782765], [-64.57327385, 42.94324394], [-64.59489067, 42.93918625], [-64.61669647, 42.93565954], [-64.63866468, 42.93266810], [-64.66076853, 42.93021556], [-64.66206805, 42.93010378], [-64.72487940, 42.86729243], [-64.74476330, 42.84847221], [-64.75884710, 42.83628835], [-64.77352929, 42.82445625], [-64.78879199, 42.81299031], [-64.80461660, 42.80190451], [-64.82098385, 42.79121235], [-64.83787378, 42.78092686], [-64.85526583, 42.77106057], [-64.87313879, 42.76162550], [-64.89147091, 42.75263314], [-64.91023984, 42.74409446], [-64.92942271, 42.73601985], [-64.94899616, 42.72841916], [-64.96893633, 42.72130163], [-64.98921894, 42.71467595], [-65.00981927, 42.70855019], [-65.03071222, 42.70293181], [-65.05187234, 42.69782765], [-65.07327385, 42.69324394], [-65.09489067, 42.68918625], [-65.11669647, 42.68565954], [-65.13866468, 42.68266810], [-65.16076853, 42.68021556], [-65.18298110, 42.67830493], [-65.20527532, 42.67693853], [-65.22762403, 42.67611803], [-65.25000000, 42.67584441]]]}
    },
    {
      "type": "Feature",
      "properties": {"block_id": "ADC_NA_16", "basin_id": "BASIN_NA", "basin_label": "North American East and West Coasts", "domain_count": 1, "grid_cell_count": 136, "outer_area_km2": 1972248.915446, "shelf_width_km": 250.000000, "outer_buffer_km": 430.000000, "shelf_add_area_km2": 0.000000, "shelf_add_cell_count": 0, "shelf_add_component_count": 0, "bay_add_area_km2": 193579.195138, "bay_add_cell_count": 256, "bay_add_core_cell_count": 256, "bay_add_component_count": 1, "open_ocean_area_risk": 0},
      "geometry": {"type": "Polygon", "coordinates": [[[-53.00000000, 45.92584441], [-53.75000000, 45.92584441], [-53.77814868, 45.92623431], [-53.80169313, 45.92716068], [-53.82517460, 45.92863268], [-53.84856448, 45.93064850], [-53.87183428, 45.93320570], [-53.89495563, 45.93630116], [-53.91790039, 45.93993111], [-53.94064058, 45.94409112], [-53.96314850, 45.94877612], [-53.98539674, 45.95398042], [-54.00735818, 45.95969766], [-54.02900607, 45.96592088], [-54.05031404, 45.97264250], [-54.07125612, 45.97985434], [-54.09180679, 45.98754760], [-54.11194103, 45.99571290], [-54.13163430, 46.00434032], [-54.15086261, 46.01341932], [-54.16960252, 46.02293885], [-54.18783122, 46.03288732], [-54.20552649, 46.04325260], [-54.22266676, 46.05402206], [-54.23923117, 46.06518258], [-54.25519952, 46.07672057], [-54.27055237, 46.08862197], [-54.28527100, 46.10087227], [-54.29933749, 46.11345656], [-54.31273469, 46.12635949], [-54.36930270, 46.18292750], [-54.37183428, 46.18320570], [-54.39495563, 46.18630116], [-54.41790039, 46.18993111], [-54.44064058, 46.19409112], [-54.46314850, 46.19877612], [-54.48539674, 46.20398042], [-54.50735818, 46.20969766], [-54.52900607, 46.21592088], [-54.55031404, 46.22264250], [-54.57125612, 46.22985434], [-54.59180679, 46.23754760], [-54.61194103, 46.24571290], [-54.62496221, 46.25141734], [-54.64192631, 46.24409446], [-54.66214316, 46.23601985], [-54.68277164, 46.22841916], [-54.70378662, 46.22130163], [-54.72516249, 46.21467595], [-54.74687320, 46.20855019], [-54.76889231, 46.20293181], [-54.79119299, 46.19782765], [-54.81374807, 46.19324394], [-54.83653007, 46.18918625], [-54.85951123, 46.18565954], [-54.88266355, 46.18266810], [-54.90595883, 46.18021556], [-54.92936869, 46.17830493], [-54.95286460, 46.17693853], [-54.97641793, 46.17611803], [-55.00000000, 46.17584441], [-56.50000000, 46.17584441], [-56.52814868, 46.17623431], [-56.55169313, 46.17716068], [-56.57517460, 46.17863268], [-56.59856448, 46.18064850], [-56.62183428, 46.18320570], [-56.64495563, 46.18630116], [-56.66790039, 46.18993111], [-56.69064058, 46.19409112], [-56.71314850, 46.19877612], [-56.73539674, 46.20398042], [-56.75735818, 46.20969766], [-56.77900607, 46.21592088], [-56.80031404, 46.22264250], [-56.82125612, 46.22985434], [-56.84180679, 46.23754760], [-56.86194103, 46.24571290], [-56.88163430, 46.25434032], [-56.90086261, 46.26341932], [-56.91960253, 46.27293885], [-56.93783122, 46.28288732], [-56.95552649, 46.29325260], [-56.97266676, 46.30402206], [-56.98923117, 46.31518258], [-57.00519952, 46.32672057], [-57.02055237, 46.33862197], [-57.03527100, 46.35087227], [-57.04933749, 46.36345656], [-57.06273469, 46.37635949], [-57.18773469, 46.50135949], [-57.19803770, 46.51198380], [-57.21018521, 46.52542221], [-57.22161976, 46.53913422], [-57.23232743, 46.55310315], [-57.24229516, 46.56731196], [-57.25151081, 46.58174336], [-57.25996316, 46.59637974], [-57.26764189, 46.61120329], [-57.27453767, 46.62619594], [-57.28064209, 46.64133943], [-57.28594771, 46.65661530], [-57.29044807, 46.67200495], [-57.29413768, 46.68748962], [-57.29701205, 46.70305046], [-57.29906767, 46.71866849], [-57.30030205, 46.73432470], [-57.30071368, 46.75000000], [-57.30071368, 46.92584441], [-59.50000000, 46.92584441], [-59.52814868, 46.92623431], [-59.55169313, 46.92716068], [-59.57517460, 46.92863268], [-59.59856448, 46.93064850], [-59.62183428, 46.93320570], [-59.64495563, 46.93630116], [-59.66790039, 46.93993111], [-59.69064058, 46.94409112], [-59.71314850, 46.94877612], [-59.73539674, 46.95398042], [-59.75735818, 46.95969766], [-59.77900607, 46.96592088], [-59.80031404, 46.97264250], [-59.82125612, 46.97985434], [-59.84180679, 46.98754760], [-59.86194103, 46.99571290], [-59.88163430, 47.00434032], [-59.90086261, 47.01341932], [-59.91960252, 47.02293885], [-59.93783122, 47.03288732], [-59.95552649, 47.04325260], [-59.97266676, 47.05402206], [-59.98923117, 47.06518258], [-60.00519952, 47.07672057], [-60.02055237, 47.08862197], [-60.03527100, 47.10087227], [-60.04933749, 47.11345656], [-60.06273469, 47.12635949], [-60.18773469, 47.25135949], [-60.19803770, 47.26198380], [-60.21018521, 47.27542221], [-60.22161976, 47.28913422], [-60.23232743, 47.30310315], [-60.24229516, 47.31731196], [-60.25151081, 47.33174336], [-60.25996316, 47.34637974], [-60.26764189, 47.36120329], [-60.27453767, 47.37619594], [-60.28064209, 47.39133943], [-60.28594771, 47.40661530], [-60.29044807, 47.42200495], [-60.29413768, 47.43748962], [-60.29701205, 47.45305046], [-60.29906767, 47.46866849], [-60.30030205, 47.48432470], [-60.30071368, 47.50000000], [-60.30071368, 47.75000000], [-60.30044609, 47.76263910], [-60.29937104, 47.77830050], [-60.29747437, 47.79392741], [-60.29475839, 47.80950081], [-60.29122641, 47.82500172], [-60.28688274, 47.84041125], [-60.28173267, 47.85571062], [-60.27578246, 47.87088121], [-60.26903939, 47.88590451], [-60.26151164, 47.90076224], [-60.25320841, 47.91543629], [-60.24413980, 47.92990878], [-60.23431687, 47.94416208], [-60.22375157, 47.95817883], [-60.21245680, 47.97194193], [-60.20044629, 47.98543464], [-60.18773469, 47.99864051], [-59.81273469, 48.37364051], [-59.79666385, 48.38900703], [-59.78246964, 48.40152779], [-59.76762671, 48.41371165], [-59.75215312, 48.42554375], [-59.73606774, 48.43700969], [-59.71939016, 48.44809549], [-59.70214070, 48.45878765], [-59.68434038, 48.46907314], [-59.66601088, 48.47893943], [-59.64717453, 48.48837450], [-59.62785429, 48.49736686], [-59.60807369, 48.50590554], [-59.58785684, 48.51398015], [-59.56722836, 48.52158084], [-59.54621338, 48.52869837], [-59.52483751, 48.53532405], [-59.50312680, 48.54144981], [-59.48110769, 48.54706819], [-59.45880701, 48.55217235], [-59.43625193, 48.55675606], [-59.41346993, 48.56081375], [-59.39048877, 48.56434046], [-59.36733645, 48.56733190], [-59.34404117, 48.56978444], [-59.32063131, 48.57169507], [-59.29713540, 48.57306147], [-59.27358207, 48.57388197], [-59.25000000, 48.57415559], [-59.00000000, 48.57415559], [-58.97185132, 48.57376569], [-58.94830687, 48.57283932], [-58.92482540, 48.57136732], [-58.90143552, 48.56935150], [-58.87816572, 48.56679430], [-58.85504437, 48.56369884], [-58.83209961, 48.56006889], [-58.80935942, 48.55590888], [-58.78685150, 48.55122388], [-58.76460326, 48.54601958], [-58.75005768, 48.54223292], [-58.73110769, 48.54706819], [-58.70880701, 48.55217235], [-58.68625193, 48.55675606], [-58.66346993, 48.56081375], [-58.64048877, 48.56434046], [-58.61733645, 48.56733190], [-58.59404117, 48.56978444], [-58.57063131, 48.57169507], [-58.54713540, 48.57306147], [-58.52358207, 48.57388197], [-58.50000000, 48.57415559], [-58.00000000, 48.57415559], [-57.97185132, 48.57376569], [-57.94830687, 48.57283932], [-57.92482540, 48.57136732], [-57.90143552, 48.56935150], [-57.87816572, 48.56679430], [-57.85504437, 48.56369884], [-57.83209961, 48.56006889], [-57.80935942, 48.55590888], [-57.78685150, 48.55122388], [-57.76460326, 48.54601958], [-57.75005768, 48.54223292], [-57.73110769, 48.54706819], [-57.70880701, 48.55217235], [-57.68625193, 48.55675606], [-57.66346993, 48.56081375], [-57.64048877, 48.56434046], [-57.61733645, 48.56733190], [-57.59404117, 48.56978444], [-57.57063131, 48.57169507], [-57.54713540, 48.57306147], [-57.52358207, 48.57388197], [-57.50000000, 48.57415559], [-57.25000000, 48.57415559], [-57.22185132, 48.57376569], [-57.19830687, 48.57283932], [-57.17482540, 48.57136732], [-57.15143552, 48.56935150], [-57.12816572, 48.56679430], [-57.10504437, 48.56369884], [-57.08209961, 48.56006889], [-57.05935942, 48.55590888], [-57.03685150, 48.55122388], [-57.01460326, 48.54601958], [-56.99264182, 48.54030234], [-56.97099393, 48.53407912], [-56.94968596, 48.52735750], [-56.92874388, 48.52014566], [-56.90819321, 48.51245240], [-56.88805897, 48.50428710], [-56.87503779, 48.49858266], [-56.85807369, 48.50590554], [-56.83785684, 48.51398015], [-56.81722836, 48.52158084], [-56.79621338, 48.52869837], [-56.77483751, 48.53532405], [-56.75312680, 48.54144981], [-56.73110769, 48.54706819], [-56.70880701, 48.55217235], [-56.68625193, 48.55675606], [-56.66346993, 48.56081375], [-56.64048877, 48.56434046], [-56.61733645, 48.56733190], [-56.59404117, 48.56978444], [-56.57063131, 48.57169507], [-56.54713540, 48.57306147], [-56.52358207, 48.57388197], [-56.50000000, 48.57415559], [-56.00164963, 48.57415559], [-56.00519952, 48.57672057], [-56.02055237, 48.58862197], [-56.03527100, 48.60087227], [-56.04933749, 48.61345656], [-56.06273469, 48.62635949], [-56.11221961, 48.67584441], [-56.25000000, 48.67584441], [-56.27814868, 48.67623431], [-56.30169313, 48.67716068], [-56.32517460, 48.67863268], [-56.34856448, 48.68064850], [-56.37183428, 48.68320570], [-56.39495563, 48.68630116], [-56.41790039, 48.68993111], [-56.44064058, 48.69409112], [-56.46314850, 48.69877612], [-56.48539674, 48.70398042], [-56.50735818, 48.70969766], [-56.52900607, 48.71592088], [-56.55031404, 48.72264250], [-56.57125612, 48.72985434], [-56.59180679, 48.73754760], [-56.61194103, 48.74571290], [-56.63163430, 48.75434032], [-56.65086261, 48.76341932], [-56.66960253, 48.77293885], [-56.68783122, 48.78288732], [-56.70552649, 48.79325260], [-56.72266676, 48.80402206], [-56.73923117, 48.81518258], [-56.75519952, 48.82672057], [-56.77055237, 48.83862197], [-56.78527100, 48.85087227], [-56.79933749, 48.86345656], [-56.81273469, 48.87635949], [-56.93773469, 49.00135949], [-56.94803770, 49.01198380], [-56.96018521, 49.02542221], [-56.97161976, 49.03913422], [-56.98232743, 49.05310315], [-56.99229516, 49.06731196], [-57.00151081, 49.08174336], [-57.00996316, 49.09637974], [-57.01764189, 49.11120329], [-57.02453767, 49.12619594], [-57.03064209, 49.14133943], [-57.03594771, 49.15661530], [-57.04044807, 49.17200495], [-57.04413768, 49.18748962], [-57.04701205, 49.20305046], [-57.04906767, 49.21866849], [-57.05030205, 49.23432470], [-57.05071368, 49.25000000], [-57.05071368, 50.00000000], [-57.05044609, 50.01263910], [-57.04937104, 50.02830050], [-57.04747437, 50.04392741], [-57.04475839, 50.05950081], [-57.04122641, 50.07500172], [-57.03688274, 50.09041125], [-57.03173267, 50.10571062], [-57.02578246, 50.12088121], [-57.01903939, 50.13590451], [-57.01151164, 50.15076224], [-57.00320841, 50.16543629], [-56.99413980, 50.17990878], [-56.98431687, 50.19416208], [-56.97375157, 50.20817883], [-56.96245679, 50.22194194], [-56.95044629, 50.23543464], [-56.93773469, 50.24864051], [-56.81273469, 50.37364051], [-56.79666385, 50.38900703], [-56.78246964, 50.40152779], [-56.76762671, 50.41371165], [-56.75215312, 50.42554375], [-56.73606774, 50.43700969], [-56.71939016, 50.44809549], [-56.70214070, 50.45878765], [-56.68434038, 50.46907314], [-56.66601088, 50.47893943], [-56.64717453, 50.48837450], [-56.62785429, 50.49736686], [-56.60807369, 50.50590554], [-56.58785684, 50.51398015], [-56.56722836, 50.52158084], [-56.54621338, 50.52869837], [-56.52483751, 50.53532405], [-56.50312680, 50.54144981], [-56.48110769, 50.54706819], [-56.45880701, 50.55217235], [-56.43625193, 50.55675606], [-56.41346993, 50.56081375], [-56.39048877, 50.56434046], [-56.36929655, 50.56707865], [-56.31273469, 50.62364051], [-56.29666385, 50.63900703], [-56.28246964, 50.65152779], [-56.26762671, 50.66371165], [-56.25215312, 50.67554375], [-56.23606774, 50.68700969], [-56.21939016, 50.69809549], [-56.20214070, 50.70878765], [-56.18434038, 50.71907314], [-56.16601088, 50.72893943], [-56.14717453, 50.73837450], [-56.12785429, 50.74736686], [-56.10807369, 50.75590554], [-56.08785684, 50.76398015], [-56.06722836, 50.77158084], [-56.04621338, 50.77869837], [-56.02483751, 50.78532405], [-56.00312680, 50.79144981], [-55.98110769, 50.79706819], [-55.95880701, 50.80217235], [-55.93625193, 50.80675606], [-55.91346993, 50.81081375], [-55.89048877, 50.81434046], [-55.86733645, 50.81733190], [-55.84404117, 50.81978444], [-55.82063131, 50.82169507], [-55.79713540, 50.82306147], [-55.77358207, 50.82388197], [-55.75000000, 50.82415559], [-55.50000000, 50.82415559], [-55.47185132, 50.82376569], [-55.44830687, 50.82283932], [-55.42482540, 50.82136732], [-55.40143552, 50.81935150], [-55.37816572, 50.81679430], [-55.35504437, 50.81369884], [-55.33209961, 50.81006889], [-55.30935942, 50.80590888], [-55.28685150, 50.80122388], [-55.26460326, 50.79601958], [-55.24264182, 50.79030234], [-55.22099393, 50.78407912], [-55.19968596, 50.77735750], [-55.17874388, 50.77014566], [-55.15819321, 50.76245240], [-55.13805897, 50.75428710], [-55.11836570, 50.74565968], [-55.09913739, 50.73658068], [-55.08039747, 50.72706115], [-55.06216878, 50.71711268], [-55.04447351, 50.70674740], [-55.02733324, 50.69597794], [-55.01076883, 50.68481742], [-54.99480048, 50.67327943], [-54.97944763, 50.66137803], [-54.96472900, 50.64912773], [-54.95066251, 50.63654344], [-54.93726531, 50.62364051], [-54.81226531, 50.49864051], [-54.80196230, 50.48801620], [-54.78981479, 50.47457779], [-54.77838024, 50.46086578], [-54.76767257, 50.44689685], [-54.75770484, 50.43268804], [-54.74848919, 50.41825664], [-54.74003684, 50.40362026], [-54.73235811, 50.38879671], [-54.72546233, 50.37380406], [-54.71935791, 50.35866057], [-54.71405229, 50.34338470], [-54.70955193, 50.32799505], [-54.70863709, 50.32415559], [-53.75000000, 50.32415559], [-53.72185132, 50.32376569], [-53.69830687, 50.32283932], [-53.67482540, 50.32136732], [-53.65143552, 50.31935150], [-53.62816572, 50.31679430], [-53.60504437, 50.31369884], [-53.58209961, 50.31006889], [-53.55935942, 50.30590888], [-53.53685150, 50.30122388], [-53.51460326, 50.29601958], [-53.49264182, 50.29030234], [-53.47099393, 50.28407912], [-53.44968596, 50.27735750], [-53.42874388, 50.27014566], [-53.40819321, 50.26245240], [-53.38805897, 50.25428710], [-53.36836570, 50.24565968], [-53.34913739, 50.23658068], [-53.33039747, 50.22706115], [-53.31216878, 50.21711268], [-53.29447351, 50.20674740], [-53.27733324, 50.19597794], [-53.26076883, 50.18481742], [-53.24480048, 50.17327943], [-53.22944763, 50.16137803], [-53.21472900, 50.14912773], [-53.20066251, 50.13654344], [-53.18726531, 50.12364051], [-53.13069730, 50.06707250], [-53.12816572, 50.06679430], [-53.10504437, 50.06369884], [-53.08209961, 50.06006889], [-53.05935942, 50.05590888], [-53.03685150, 50.05122388], [-53.01460326, 50.04601958], [-52.99264182, 50.04030234], [-52.97099393, 50.03407912], [-52.94968596, 50.02735750], [-52.92874388, 50.02014566], [-52.90819321, 50.01245240], [-52.88805897, 50.00428710], [-52.86836570, 49.99565968], [-52.84913739, 49.98658068], [-52.83039747, 49.97706115], [-52.81216878, 49.96711268], [-52.79447351, 49.95674740], [-52.77733324, 49.94597794], [-52.76076883, 49.93481742], [-52.74480048, 49.92327943], [-52.72944763, 49.91137803], [-52.71472900, 49.89912773], [-52.70066251, 49.88654344], [-52.68726531, 49.87364051], [-52.56226531, 49.74864051], [-52.55196230, 49.73801620], [-52.53981479, 49.72457779], [-52.52838024, 49.71086578], [-52.51767257, 49.69689685], [-52.50770484, 49.68268804], [-52.49848919, 49.66825664], [-52.49003684, 49.65362026], [-52.48235811, 49.63879671], [-52.47546233, 49.62380406], [-52.46935791, 49.60866057], [-52.46405229, 49.59338470], [-52.45955193, 49.57799505], [-52.45586232, 49.56251038], [-52.45298795, 49.54694954], [-52.45093233, 49.53133151], [-52.44969795, 49.51567530], [-52.44928632, 49.50000000], [-52.44928632, 49.13566152], [-52.31226531, 48.99864051], [-52.30196230, 48.98801620], [-52.28981479, 48.97457779], [-52.27838024, 48.96086578], [-52.26767257, 48.94689685], [-52.25770484, 48.93268804], [-52.24848919, 48.91825664], [-52.24003684, 48.90362026], [-52.23235811, 48.88879671], [-52.22546233, 48.87380406], [-52.21935791, 48.85866057], [-52.21405229, 48.84338470], [-52.20955193, 48.82799505], [-52.20586232, 48.81251038], [-52.20298795, 48.79694954], [-52.20093233, 48.78133151], [-52.19969795, 48.76567530], [-52.19928632, 48.75000000], [-52.19928632, 48.63566152], [-52.06226531, 48.49864051], [-52.05196230, 48.48801620], [-52.03981479, 48.47457779], [-52.02838024, 48.46086578], [-52.01767257, 48.44689685], [-52.00770484, 48.43268804], [-51.99848919, 48.41825664], [-51.99003684, 48.40362026], [-51.98235811, 48.38879671], [-51.97546233, 48.37380406], [-51.96935791, 48.35866057], [-51.96405229, 48.34338470], [-51.95955193, 48.32799505], [-51.95586232, 48.31251038], [-51.95298795, 48.29694954], [-51.95093233, 48.28133151], [-51.94969795, 48.26567530], [-51.94928632, 48.25000000], [-51.94928632, 48.13566152], [-51.81226531, 47.99864051], [-51.80196230, 47.98801620], [-51.78981479, 47.97457779], [-51.77838024, 47.96086578], [-51.76767257, 47.94689685], [-51.75770484, 47.93268804], [-51.74848919, 47.91825664], [-51.74003684, 47.90362026], [-51.73235811, 47.88879671], [-51.72546233, 47.87380406], [-51.71935791, 47.85866057], [-51.71405229, 47.84338470], [-51.70955193, 47.82799505], [-51.70586232, 47.81251038], [-51.70298795, 47.79694954], [-51.70093233, 47.78133151], [-51.69969795, 47.76567530], [-51.69928632, 47.75000000], [-51.69928632, 47.50000000], [-51.69955391, 47.48736090], [-51.70062896, 47.47169950], [-51.70252563, 47.45607259], [-51.70524161, 47.44049919], [-51.70877359, 47.42499828], [-51.71311726, 47.40958875], [-51.71826733, 47.39428938], [-51.72421754, 47.37911879], [-51.73096061, 47.36409549], [-51.73848836, 47.34923776], [-51.74679159, 47.33456371], [-51.75586020, 47.32009122], [-51.76568313, 47.30583792], [-51.77624843, 47.29182117], [-51.78754321, 47.27805806], [-51.79955371, 47.26456536], [-51.81226531, 47.25135949], [-51.94928632, 47.11433848], [-51.94928632, 46.75000000], [-51.94955391, 46.73736090], [-51.95062896, 46.72169950], [-51.95252563, 46.70607259], [-51.95524161, 46.69049919], [-51.95877359, 46.67499828], [-51.96311726, 46.65958875], [-51.96826733, 46.64428938], [-51.97421754, 46.62911879], [-51.98096061, 46.61409549], [-51.98848836, 46.59923776], [-51.99679159, 46.58456371], [-52.00586020, 46.57009122], [-52.01568313, 46.55583792], [-52.02624843, 46.54182117], [-52.03754320, 46.52805807], [-52.04955371, 46.51456536], [-52.06226531, 46.50135949], [-52.43726531, 46.12635949], [-52.45333615, 46.11099297], [-52.46753036, 46.09847221], [-52.48237329, 46.08628835], [-52.49784688, 46.07445625], [-52.51393226, 46.06299031], [-52.53060984, 46.05190451], [-52.54785930, 46.04121235], [-52.56565962, 46.03092686], [-52.58398912, 46.02106057], [-52.60282547, 46.01162550], [-52.62214571, 46.00263314], [-52.64192631, 45.99409446], [-52.66214316, 45.98601985], [-52.68277164, 45.97841916], [-52.70378662, 45.97130163], [-52.72516249, 45.96467595], [-52.74687320, 45.95855019], [-52.76889231, 45.95293181], [-52.79119299, 45.94782765], [-52.81374807, 45.94324394], [-52.83653007, 45.93918625], [-52.85951123, 45.93565954], [-52.88266355, 45.93266810], [-52.90595883, 45.93021556], [-52.92936869, 45.92830493], [-52.95286460, 45.92693853], [-52.97641793, 45.92611803], [-53.00000000, 45.92584441]]]}
    },
    {
      "type": "Feature",
      "properties": {"block_id": "ADC_NIO_01", "basin_id": "BASIN_NIO", "basin_label": "North Indian Ocean", "domain_count": 1, "grid_cell_count": 15, "outer_area_km2": 3903185.192479, "shelf_width_km": 250.000000, "outer_buffer_km": 430.000000, "shelf_add_area_km2": 0.000000, "shelf_add_cell_count": 0, "shelf_add_component_count": 0, "bay_add_area_km2": 1493321.159886, "bay_add_cell_count": 2056, "bay_add_core_cell_count": 2056, "bay_add_component_count": 4, "open_ocean_area_risk": 0},
      "geometry": {"type": "Polygon", "coordinates": [[[58.00000000, 19.42584441], [57.75000000, 19.42584441], [57.72588021, 19.42641259], [57.70917550, 19.42747406], [57.69252053, 19.42908077], [57.67593558, 19.43123077], [57.65944088, 19.43392143], [57.64305650, 19.43714948], [57.62680242, 19.44091098], [57.61069844, 19.44520135], [57.59476417, 19.45001536], [57.57901903, 19.45534715], [57.56348221, 19.46119023], [57.54817263, 19.46753746], [57.53310895, 19.47438113], [57.51830952, 19.48171289], [57.50379236, 19.48952381], [57.48957517, 19.49780438], [57.47567527, 19.50654450], [57.46210959, 19.51573352], [57.44889466, 19.52536026], [57.43604658, 19.53541297], [57.42358101, 19.54587943], [57.41151312, 19.55674686], [57.39985763, 19.56800204], [57.27485763, 19.69300204], [57.26852847, 19.69945625], [57.25754399, 19.71128835], [57.24700719, 19.72347221], [57.23693092, 19.73599297], [57.22732746, 19.74883538], [57.21820849, 19.76198380], [57.20958514, 19.77542221], [57.20146791, 19.78913422], [57.19386669, 19.80310315], [57.18679074, 19.81731196], [57.18024867, 19.83174336], [57.17424847, 19.84637974], [57.16879744, 19.86120329], [57.16390222, 19.87619594], [57.15956878, 19.89133943], [57.15580240, 19.90661530], [57.15260766, 19.92200495], [57.14998845, 19.93748962], [57.14794798, 19.95305046], [57.14648872, 19.96866849], [57.14561245, 19.98432470], [57.14532024, 20.00000000], [57.14532024, 20.50000000], [57.14541152, 20.50876196], [57.14603024, 20.52442894], [57.14723251, 20.54006616], [57.14901687, 20.55565457], [57.15138114, 20.57117517], [57.15432244, 20.58660905], [57.15783719, 20.60193741], [57.16192111, 20.61714158], [57.16656922, 20.63220303], [57.17177585, 20.64710341], [57.17753467, 20.66182457], [57.18383865, 20.67634857], [57.19068013, 20.69065772], [57.19805075, 20.70473458], [57.20594154, 20.71856200], [57.21434290, 20.73212314], [57.22324458, 20.74540147], [57.23263573, 20.75838081], [57.24250492, 20.77104536], [57.25284012, 20.78337969], [57.26362874, 20.79536875], [57.27485763, 20.80699796], [57.64985763, 21.18199796], [57.66678644, 21.19809549], [57.67903159, 21.20878765], [57.69166779, 21.21907314], [57.70467965, 21.22893943], [57.71805131, 21.23837450], [57.73176648, 21.24736686], [57.74580846, 21.25590554], [57.76016012, 21.26398015], [57.77480399, 21.27158084], [57.78972223, 21.27869837], [57.80489667, 21.28532405], [57.82030880, 21.29144981], [57.83593986, 21.29706819], [57.85177080, 21.30217235], [57.86778234, 21.30675606], [57.88395496, 21.31081375], [57.90026897, 21.31434046], [57.91670448, 21.31733190], [57.93324148, 21.31978444], [57.94985981, 21.32169507], [57.96653923, 21.32306147], [57.98325942, 21.32388197], [58.00000000, 21.32415559], [58.04201526, 21.32415559], [58.39985763, 21.68199796], [58.41678644, 21.69809549], [58.42903159, 21.70878765], [58.44166779, 21.71907314], [58.45467965, 21.72893943], [58.46805131, 21.73837450], [58.48176648, 21.74736686], [58.49580846, 21.75590554], [58.51016012, 21.76398015], [58.52480399, 21.77158084], [58.53972223, 21.77869837], [58.55489667, 21.78532405], [58.57030880, 21.79144981], [58.58593986, 21.79706819], [58.60177080, 21.80217235], [58.61778234, 21.80675606], [58.63395496, 21.81081375], [58.65026897, 21.81434046], [58.66670448, 21.81733190], [58.68324148, 21.81978444], [58.69985981, 21.82169507], [58.71653923, 21.82306147], [58.73325942, 21.82388197], [58.75000000, 21.82415559], [59.25000000, 21.82415559], [59.27411979, 21.82358741], [59.29082450, 21.82252594], [59.30747947, 21.82091923], [59.32406442, 21.81876923], [59.34055912, 21.81607857], [59.35694350, 21.81285052], [59.37319758, 21.80908902], [59.38930156, 21.80479865], [59.40523583, 21.79998464], [59.42098097, 21.79465285], [59.43651779, 21.78880977], [59.45182737, 21.78246254], [59.46689105, 21.77561887], [59.48169048, 21.76828711], [59.49620764, 21.76047619], [59.51042483, 21.75219562], [59.52432473, 21.74345550], [59.53789041, 21.73426648], [59.55110534, 21.72463974], [59.56395342, 21.71458703], [59.57641899, 21.70412057], [59.58848688, 21.69325314], [59.60014237, 21.68199796], [59.72514237, 21.55699796], [59.73147153, 21.55054375], [59.74245601, 21.53871165], [59.75299281, 21.52652779], [59.76306908, 21.51400703], [59.77267254, 21.50116462], [59.78179151, 21.48801620], [59.79041486, 21.47457779], [59.79853209, 21.46086578], [59.80613331, 21.44689685], [59.81320926, 21.43268804], [59.81975133, 21.41825664], [59.82575153, 21.40362026], [59.83120256, 21.38879671], [59.83609778, 21.37380406], [59.84043122, 21.35866057], [59.84419760, 21.34338470], [59.84739234, 21.32799505], [59.85001155, 21.31251038], [59.85205202, 21.29694954], [59.85351128, 21.28133151], [59.85438755, 21.26567530], [59.85467976, 21.25000000], [59.85467976, 21.00000000], [59.85458848, 20.99123804], [59.85396976, 20.97557106], [59.85276749, 20.95993384], [59.85098313, 20.94434543], [59.84861886, 20.92882483], [59.84567756, 20.91339095], [59.84216281, 20.89806259], [59.83807889, 20.88285842], [59.83343078, 20.86779697], [59.82822415, 20.85289659], [59.82246533, 20.83817543], [59.81616135, 20.82365143], [59.80931987, 20.80934228], [59.80194925, 20.79526542], [59.79405846, 20.78143800], [59.78565710, 20.76787686], [59.77675542, 20.75459853], [59.76736427, 20.74161919], [59.75749508, 20.72895464], [59.74715988, 20.71662031], [59.73637126, 20.70463125], [59.72514237, 20.69300204], [59.60467976, 20.57253943], [59.60467976, 20.25000000], [59.60458848, 20.24123804], [59.60396976, 20.22557106], [59.60276749, 20.20993384], [59.60098313, 20.19434543], [59.59861886, 20.17882483], [59.59567756, 20.16339095], [59.59216281, 20.14806259], [59.58807889, 20.13285842], [59.58343078, 20.11779697], [59.57822415, 20.10289659], [59.57246533, 20.08817543], [59.56616135, 20.07365143], [59.55931987, 20.05934228], [59.55194925, 20.04526542], [59.54405846, 20.03143800], [59.53565710, 20.01787686], [59.52675542, 20.00459853], [59.51736427, 19.99161919], [59.50749508, 19.97895464], [59.49715988, 19.96662031], [59.48637126, 19.95463125], [59.47514237, 19.94300204], [59.10014237, 19.56800204], [59.08321356, 19.55190451], [59.07096841, 19.54121235], [59.05833221, 19.53092686], [59.04532035, 19.52106057], [59.03194869, 19.51162550], [59.01823352, 19.50263314], [59.00419154, 19.49409446], [58.98983988, 19.48601985], [58.97519601, 19.47841916], [58.96027777, 19.47130163], [58.94510333, 19.46467595], [58.92969120, 19.45855019], [58.91406014, 19.45293181], [58.89822920, 19.44782765], [58.88221766, 19.44324394], [58.86604504, 19.43918625], [58.84973103, 19.43565954], [58.83329552, 19.43266810], [58.81675852, 19.43021556], [58.80014019, 19.42830493], [58.78346077, 19.42693853], [58.76674058, 19.42611803], [58.75000000, 19.42584441], [58.50000000, 19.42584441], [58.47588021, 19.42641259], [58.45917550, 19.42747406], [58.44252053, 19.42908077], [58.42593558, 19.43123077], [58.40944088, 19.43392143], [58.39305650, 19.43714948], [58.37680242, 19.44091098], [58.36069844, 19.44520135], [58.34476417, 19.45001536], [58.32901903, 19.45534715], [58.31348221, 19.46119023], [58.29817263, 19.46753746], [58.28310895, 19.47438113], [58.26830952, 19.48171289], [58.25379236, 19.48952381], [58.24999687, 19.49173443], [58.23983988, 19.48601985], [58.22519601, 19.47841916], [58.21027777, 19.47130163], [58.19510333, 19.46467595], [58.17969120, 19.45855019], [58.16406014, 19.45293181], [58.14822920, 19.44782765], [58.13221766, 19.44324394], [58.11604504, 19.43918625], [58.09973103, 19.43565954], [58.08329552, 19.43266810], [58.06675852, 19.43021556], [58.05014019, 19.42830493], [58.03346077, 19.42693853], [58.01674058, 19.42611803], [58.00000000, 19.42584441]]]}
    },
    {
      "type": "Feature",
      "properties": {"block_id": "ADC_NIO_02", "basin_id": "BASIN_NIO", "basin_label": "North Indian Ocean", "domain_count": 2, "grid_cell_count": 113, "outer_area_km2": 3089586.622233, "shelf_width_km": 250.000000, "outer_buffer_km": 430.000000, "shelf_add_area_km2": 0.000000, "shelf_add_cell_count": 0, "shelf_add_component_count": 0, "bay_add_area_km2": 943535.463072, "bay_add_cell_count": 1043, "bay_add_core_cell_count": 1043, "bay_add_component_count": 3, "open_ocean_area_risk": 0},
      "geometry": {"type": "Polygon", "coordinates": [[[70.75000000, 19.92584441], [70.50000000, 19.92584441], [70.48700479, 19.92600209], [70.46990120, 19.92669092], [70.45283428, 19.92792595], [70.43582482, 19.92970567], [70.41889355, 19.93202791], [70.40206109, 19.93488984], [70.38534796, 19.93828798], [70.36877452, 19.94221819], [70.35236095, 19.94667568], [70.33612726, 19.95165501], [70.32009322, 19.95715012], [70.30427837, 19.96315432], [70.28870198, 19.96966029], [70.27338302, 19.97666011], [70.25834016, 19.98414523], [70.24359172, 19.99210656], [70.22915568, 20.00053438], [70.21504962, 20.00941843], [70.20129073, 20.01874789], [70.18789577, 20.02851138], [70.17488106, 20.03869702], [70.16226246, 20.04929239], [70.15005534, 20.06028459], [70.13827457, 20.07166021], [70.03409037, 20.17584441], [70.00000000, 20.17584441], [69.98700479, 20.17600209], [69.96990120, 20.17669092], [69.95283428, 20.17792595], [69.93582482, 20.17970567], [69.91889355, 20.18202791], [69.90206109, 20.18488984], [69.88534796, 20.18828798], [69.86877452, 20.19221819], [69.85236095, 20.19667568], [69.83612726, 20.20165501], [69.82009322, 20.20715012], [69.80427837, 20.21315432], [69.78870198, 20.21966029], [69.77338302, 20.22666011], [69.75834016, 20.23414523], [69.74359172, 20.24210656], [69.72915568, 20.25053438], [69.71504962, 20.25941843], [69.70129073, 20.26874789], [69.68789577, 20.27851138], [69.67488106, 20.28869702], [69.66226246, 20.29929239], [69.65005534, 20.31028459], [69.63827457, 20.32166021], [68.76327457, 21.19666021], [68.74927023, 21.21128835], [68.73849619, 21.22347221], [68.72819304, 21.23599297], [68.71837334, 21.24883538], [68.70904905, 21.26198380], [68.70023153, 21.27542221], [68.69193153, 21.28913422], [68.68415916, 21.30310315], [68.67692388, 21.31731196], [68.67023451, 21.33174336], [68.66409921, 21.34637974], [68.65852544, 21.36120329], [68.65352000, 21.37619594], [68.64908898, 21.39133943], [68.64523779, 21.40661530], [68.64197112, 21.42200495], [68.63929361, 21.43748575], [68.63534796, 21.43828799], [68.61877452, 21.44221819], [68.60236095, 21.44667568], [68.58612726, 21.45165501], [68.57009322, 21.45715012], [68.55427837, 21.46315432], [68.53870198, 21.46966029], [68.52338302, 21.47666011], [68.50834016, 21.48414523], [68.49359172, 21.49210656], [68.47915568, 21.50053438], [68.46504962, 21.50941843], [68.45129073, 21.51874789], [68.43789577, 21.52851138], [68.42488106, 21.53869702], [68.41226246, 21.54929239], [68.40005534, 21.56028459], [68.38827457, 21.57166021], [68.26327457, 21.69666021], [68.24927023, 21.71128835], [68.23849619, 21.72347221], [68.22819304, 21.73599297], [68.21837334, 21.74883538], [68.20904905, 21.76198380], [68.20023153, 21.77542221], [68.19193153, 21.78913422], [68.18415916, 21.80310315], [68.17692388, 21.81731196], [68.17023451, 21.83174336], [68.16409921, 21.84637974], [68.15852544, 21.86120329], [68.15352000, 21.87619594], [68.14908898, 21.89133943], [68.14523779, 21.90661530], [68.14197112, 21.92200495], [68.13929294, 21.93748962], [68.13720652, 21.95305046], [68.13571441, 21.96866849], [68.13481841, 21.98432470], [68.13451962, 22.00000000], [68.13451962, 22.50000000], [68.13497967, 22.51944918], [68.13601939, 22.53509794], [68.13765487, 22.55070393], [68.13988409, 22.56624815], [68.14047063, 22.56946415], [67.76327457, 22.94666021], [67.74927023, 22.96128835], [67.73849619, 22.97347221], [67.72819304, 22.98599297], [67.71837334, 22.99883538], [67.70904905, 23.01198380], [67.70023153, 23.02542221], [67.69193153, 23.03913422], [67.68415916, 23.05310315], [67.67692388, 23.06731196], [67.67023451, 23.08174336], [67.66409921, 23.09637974], [67.65852544, 23.11120329], [67.65352000, 23.12619594], [67.64908898, 23.14133943], [67.64523779, 23.15661530], [67.64197112, 23.17200495], [67.63929294, 23.18748962], [67.63720652, 23.20305046], [67.63571441, 23.21866849], [67.63481841, 23.23432470], [67.63451962, 23.25000000], [67.63451962, 23.75000000], [67.63497967, 23.76944918], [67.63601939, 23.78509794], [67.63765487, 23.80070393], [67.63988409, 23.81624815], [67.64270436, 23.83171165], [67.64611223, 23.84707560], [67.65010355, 23.86232128], [67.65467345, 23.87743011], [67.65981638, 23.89238369], [67.66552607, 23.90716380], [67.67179555, 23.92175242], [67.67861719, 23.93613180], [67.68598268, 23.95028440], [67.69388304, 23.96419298], [67.70230866, 23.97784060], [67.71124925, 23.99121064], [67.72069394, 24.00428679], [67.73063122, 24.01705314], [67.74104897, 24.02949412], [67.75193451, 24.04159459], [67.76327457, 24.05333979], [67.88451962, 24.17458484], [67.88451962, 24.25000000], [67.88497967, 24.26944918], [67.88601939, 24.28509794], [67.88765487, 24.30070393], [67.88988409, 24.31624815], [67.89270436, 24.33171165], [67.89611223, 24.34707560], [67.90010355, 24.36232128], [67.90467345, 24.37743011], [67.90981638, 24.39238369], [67.91552607, 24.40716380], [67.92179555, 24.42175242], [67.92861719, 24.43613180], [67.93598268, 24.45028440], [67.94388304, 24.46419298], [67.95230866, 24.47784060], [67.96124925, 24.49121064], [67.97069394, 24.50428679], [67.98063122, 24.51705314], [67.99104897, 24.52949412], [68.00193451, 24.54159459], [68.01327457, 24.55333979], [68.88827457, 25.42833979], [68.89717794, 25.43700969], [68.90928370, 25.44809549], [68.92180457, 25.45878765], [68.93472529, 25.46907314], [68.94803013, 25.47893943], [68.96170287, 25.48837450], [68.97572685, 25.49736686], [68.99008500, 25.50590554], [69.00475981, 25.51398015], [69.01973341, 25.52158084], [69.03498755, 25.52869837], [69.05050366, 25.53532405], [69.06626282, 25.54144981], [69.08224583, 25.54706819], [69.09843323, 25.55217235], [69.11480529, 25.55675606], [69.13134206, 25.56081375], [69.14802340, 25.56434046], [69.16482898, 25.56733190], [69.18173832, 25.56978444], [69.19873084, 25.57169507], [69.21578582, 25.57306147], [69.23288248, 25.57388197], [69.25000000, 25.57415559], [69.75000000, 25.57415559], [69.76299521, 25.57399791], [69.78009880, 25.57330908], [69.79716572, 25.57207405], [69.81417518, 25.57029433], [69.83110645, 25.56797209], [69.84793891, 25.56511016], [69.86465204, 25.56171201], [69.88122548, 25.55778181], [69.89763905, 25.55332432], [69.91387274, 25.54834499], [69.92990678, 25.54284988], [69.94572163, 25.53684568], [69.96129802, 25.53033971], [69.97661698, 25.52333989], [69.99165984, 25.51585477], [70.00640828, 25.50789344], [70.02084432, 25.49946562], [70.03495038, 25.49058157], [70.04870927, 25.48125211], [70.06210423, 25.47148862], [70.07511894, 25.46130298], [70.08773754, 25.45070761], [70.09994466, 25.43971541], [70.11172543, 25.42833979], [70.23672543, 25.30333979], [70.25072977, 25.28871165], [70.26150381, 25.27652779], [70.26679991, 25.27009178], [70.26973341, 25.27158084], [70.28498755, 25.27869837], [70.30050366, 25.28532405], [70.31626282, 25.29144981], [70.33224583, 25.29706819], [70.34843323, 25.30217235], [70.36480529, 25.30675606], [70.38134206, 25.31081375], [70.39802339, 25.31434046], [70.41482898, 25.31733190], [70.43173832, 25.31978444], [70.44873084, 25.32169507], [70.46578582, 25.32306147], [70.48288248, 25.32388197], [70.50000000, 25.32415559], [71.25000000, 25.32415559], [71.26299521, 25.32399791], [71.28009880, 25.32330908], [71.29716572, 25.32207405], [71.31417518, 25.32029433], [71.33110645, 25.31797209], [71.34793891, 25.31511016], [71.36465204, 25.31171202], [71.38122548, 25.30778181], [71.39763905, 25.30332432], [71.41387274, 25.29834499], [71.42990678, 25.29284988], [71.44572163, 25.28684568], [71.46129802, 25.28033971], [71.47661698, 25.27333989], [71.49165984, 25.26585477], [71.50640828, 25.25789344], [71.52084432, 25.24946562], [71.53495038, 25.24058157], [71.54870927, 25.23125211], [71.56210423, 25.22148862], [71.57511894, 25.21130298], [71.58773754, 25.20070761], [71.59994466, 25.18971541], [71.61172543, 25.17833979], [71.98672543, 24.80333979], [72.00072977, 24.78871165], [72.01150381, 24.77652779], [72.02180696, 24.76400703], [72.03162666, 24.75116462], [72.04095095, 24.73801620], [72.04976847, 24.72457779], [72.05806847, 24.71086578], [72.06584084, 24.69689685], [72.07307612, 24.68268804], [72.07976549, 24.66825664], [72.08590079, 24.65362026], [72.09147456, 24.63879671], [72.09648000, 24.62380406], [72.10091102, 24.60866057], [72.10476221, 24.59338470], [72.10802888, 24.57799505], [72.11070706, 24.56251038], [72.11279348, 24.54694954], [72.11428559, 24.53133151], [72.11518159, 24.51567530], [72.11548038, 24.50000000], [72.11548038, 24.17458484], [72.23672543, 24.05333979], [72.25072977, 24.03871165], [72.26150381, 24.02652779], [72.27180696, 24.01400703], [72.28162666, 24.00116462], [72.29095095, 23.98801620], [72.29976847, 23.97457779], [72.30806847, 23.96086578], [72.31584084, 23.94689685], [72.32307612, 23.93268804], [72.32976549, 23.91825664], [72.33590079, 23.90362026], [72.34147456, 23.88879671], [72.34648000, 23.87380406], [72.35091102, 23.85866057], [72.35476221, 23.84338470], [72.35802888, 23.82799505], [72.36070706, 23.81251038], [72.36279348, 23.79694954], [72.36428559, 23.78133151], [72.36518159, 23.76567530], [72.36548038, 23.75000000], [72.36548038, 23.67458484], [72.73672543, 23.30333979], [72.75072977, 23.28871165], [72.76150381, 23.27652779], [72.77180696, 23.26400703], [72.78162666, 23.25116462], [72.79095095, 23.23801620], [72.79976847, 23.22457779], [72.80806847, 23.21086578], [72.81584084, 23.19689685], [72.82307612, 23.18268804], [72.82976549, 23.16825664], [72.83590079, 23.15362026], [72.84147456, 23.13879671], [72.84648000, 23.12380406], [72.85091102, 23.10866057], [72.85476221, 23.09338470], [72.85802888, 23.07799505], [72.86070706, 23.06251038], [72.86279348, 23.04694954], [72.86428559, 23.03133151], [72.86518159, 23.01567530], [72.86548038, 23.00000000], [72.86548038, 22.50000000], [72.86502033, 22.48055082], [72.86398061, 22.46490206], [72.86234513, 22.44929607], [72.86011591, 22.43375185], [72.85729564, 22.41828835], [72.85388777, 22.40292440], [72.84989645, 22.38767872], [72.84532655, 22.37256989], [72.84018362, 22.35761631], [72.83447393, 22.34283620], [72.82820445, 22.32824758], [72.82138281, 22.31386820], [72.81401732, 22.29971560], [72.80611696, 22.28580702], [72.79769134, 22.27215940], [72.78875075, 22.25878936], [72.77930606, 22.24571321], [72.76936878, 22.23294686], [72.75895103, 22.22050588], [72.74806549, 22.20840541], [72.73672543, 22.19666021], [72.61172543, 22.07166021], [72.60282206, 22.06299031], [72.59071630, 22.05190451], [72.57819543, 22.04121235], [72.56527471, 22.03092686], [72.55196987, 22.02106057], [72.53829713, 22.01162550], [72.52427315, 22.00263314], [72.50991500, 21.99409446], [72.49524019, 21.98601985], [72.48026659, 21.97841916], [72.46501245, 21.97130163], [72.44949634, 21.96467595], [72.43373718, 21.95855019], [72.41775417, 21.95293181], [72.40156677, 21.94782765], [72.38519471, 21.94324394], [72.36865794, 21.93918625], [72.35197660, 21.93565954], [72.33517102, 21.93266810], [72.31826168, 21.93021556], [72.30126916, 21.92830493], [72.28421418, 21.92693853], [72.26711752, 21.92611803], [72.25000000, 21.92584441], [72.00000000, 21.92584441], [71.98700479, 21.92600209], [71.96990120, 21.92669092], [71.95283428, 21.92792595], [71.93582482, 21.92970567], [71.91889355, 21.93202791], [71.90206109, 21.93488984], [71.88534796, 21.93828799], [71.86877452, 21.94221819], [71.85236095, 21.94667568], [71.83612726, 21.95165501], [71.82009322, 21.95715012], [71.80427837, 21.96315432], [71.78870198, 21.96966029], [71.77338302, 21.97666011], [71.75834016, 21.98414523], [71.74359172, 21.99210656], [71.72915568, 22.00053438], [71.71504962, 22.00941843], [71.70129073, 22.01874789], [71.68789577, 22.02851138], [71.67488106, 22.03869702], [71.66226246, 22.04929239], [71.65005534, 22.06028459], [71.63827457, 22.07166021], [71.28409037, 22.42584441], [71.21590963, 22.42584441], [70.78561117, 21.99554596], [70.79095095, 21.98801620], [70.79976847, 21.97457779], [70.80806847, 21.96086578], [70.81584084, 21.94689685], [70.82307612, 21.93268804], [70.82976549, 21.91825664], [70.83590079, 21.90362026], [70.84147456, 21.88879671], [70.84648000, 21.87380406], [70.85091102, 21.85866057], [70.85476221, 21.84338470], [70.85802888, 21.82799505], [70.86070706, 21.81251038], [70.86279348, 21.79694954], [70.86428559, 21.78133151], [70.86518159, 21.76567530], [70.86548038, 21.75000000], [70.86548038, 21.67458484], [71.23672543, 21.30333979], [71.25072977, 21.28871165], [71.26150381, 21.27652779], [71.27180696, 21.26400703], [71.28162666, 21.25116462], [71.29095095, 21.23801620], [71.29976847, 21.22457779], [71.30806847, 21.21086578], [71.31584084, 21.19689685], [71.32307612, 21.18268804], [71.32976549, 21.16825664], [71.33590079, 21.15362026], [71.34147456, 21.13879671], [71.34648000, 21.12380406], [71.35091102, 21.10866057], [71.35476221, 21.09338470], [71.35802888, 21.07799505], [71.36070706, 21.06251038], [71.36279348, 21.04694954], [71.36428559, 21.03133151], [71.36518159, 21.01567530], [71.36548038, 21.00000000], [71.36548038, 20.50000000], [71.36502033, 20.48055082], [71.36398061, 20.46490206], [71.36234513, 20.44929607], [71.36011591, 20.43375185], [71.35729564, 20.41828835], [71.35388777, 20.40292440], [71.34989645, 20.38767872], [71.34532655, 20.37256989], [71.34018362, 20.35761631], [71.33447393, 20.34283620], [71.32820445, 20.32824758], [71.32138281, 20.31386820], [71.31401732, 20.29971560], [71.30611696, 20.28580702], [71.29769134, 20.27215940], [71.28875075, 20.25878936], [71.27930606, 20.24571321], [71.26936878, 20.23294686], [71.25895103, 20.22050588], [71.24806549, 20.20840541], [71.23672543, 20.19666021], [71.11172543, 20.07166021], [71.10282206, 20.06299031], [71.09071630, 20.05190451], [71.07819543, 20.04121235], [71.06527471, 20.03092686], [71.05196987, 20.02106057], [71.03829713, 20.01162550], [71.02427315, 20.00263314], [71.00991500, 19.99409446], [70.99524019, 19.98601985], [70.98026659, 19.97841916], [70.96501245, 19.97130163], [70.94949634, 19.96467595], [70.93373718, 19.95855019], [70.91775417, 19.95293181], [70.90156677, 19.94782765], [70.88519471, 19.94324394], [70.86865794, 19.93918625], [70.85197660, 19.93565954], [70.83517102, 19.93266810], [70.81826168, 19.93021556], [70.80126916, 19.92830493], [70.78421418, 19.92693853], [70.76711752, 19.92611803], [70.75000000, 19.92584441]]]}
    },
    {
      "type": "Feature",
      "properties": {"block_id": "ADC_NIO_03", "basin_id": "BASIN_NIO", "basin_label": "North Indian Ocean", "domain_count": 3, "grid_cell_count": 128, "outer_area_km2": 4328113.751673, "shelf_width_km": 250.000000, "outer_buffer_km": 430.000000, "shelf_add_area_km2": 43392.212373, "shelf_add_cell_count": 44, "shelf_add_component_count": 1, "bay_add_area_km2": 749261.390249, "bay_add_cell_count": 1012, "bay_add_core_cell_count": 1012, "bay_add_component_count": 2, "open_ocean_area_risk": 0},
      "geometry": {"type": "Polygon", "coordinates": [[[80.25000000, 8.17584441], [79.75000000, 8.17584441], [79.73479782, 8.17608640], [79.71865094, 8.17687435], [79.70254226, 8.17820827], [79.68649140, 8.18008653], [79.67051791, 8.18250686], [79.65464126, 8.18546629], [79.63888079, 8.18896123], [79.62325571, 8.19298742], [79.60778504, 8.19753994], [79.59248764, 8.20261326], [79.57738214, 8.20820119], [79.56248695, 8.21429693], [79.54782022, 8.22089305], [79.53339981, 8.22798151], [79.51924329, 8.23555367], [79.50536792, 8.24360032], [79.49179059, 8.25211164], [79.47852786, 8.26107727], [79.46559587, 8.27048628], [79.45301038, 8.28032721], [79.44078672, 8.29058808], [79.42893980, 8.30125637], [79.41748404, 8.31231909], [79.30395872, 8.42584441], [79.00000000, 8.42584441], [78.98479782, 8.42608640], [78.96865094, 8.42687435], [78.95254226, 8.42820827], [78.93649140, 8.43008653], [78.92051791, 8.43250686], [78.90464126, 8.43546629], [78.88888079, 8.43896123], [78.87325571, 8.44298742], [78.85778504, 8.44753994], [78.84248764, 8.45261326], [78.82738214, 8.45820119], [78.81248695, 8.46429693], [78.79782022, 8.47089305], [78.78339981, 8.47798151], [78.76924329, 8.48555367], [78.75536792, 8.49360032], [78.74179059, 8.50211164], [78.72852786, 8.51107727], [78.71559587, 8.52048628], [78.70301038, 8.53032721], [78.69078672, 8.54058808], [78.67893980, 8.55125637], [78.66748404, 8.56231909], [78.54248404, 8.68731909], [78.53078814, 8.69945625], [78.52018143, 8.71128835], [78.51000702, 8.72347221], [78.50027729, 8.73599297], [78.49100410, 8.74883538], [78.48219875, 8.76198380], [78.47387198, 8.77542221], [78.46603391, 8.78913422], [78.45869411, 8.80310315], [78.45186151, 8.81731196], [78.44554444, 8.83174336], [78.43975059, 8.84637974], [78.43448703, 8.86120329], [78.42976017, 8.87619594], [78.42557576, 8.89133943], [78.42193891, 8.90661530], [78.41885404, 8.92200495], [78.41632492, 8.93748962], [78.41435462, 8.95305046], [78.41294554, 8.96866849], [78.41209941, 8.98432470], [78.41181725, 9.00000000], [78.41181725, 9.06798588], [78.29248404, 9.18731909], [78.28078814, 9.19945625], [78.27018143, 9.21128835], [78.26000702, 9.22347221], [78.25027729, 9.23599297], [78.24100410, 9.24883538], [78.23219875, 9.26198380], [78.22387198, 9.27542221], [78.21603391, 9.28913422], [78.20869411, 9.30310315], [78.20186151, 9.31731196], [78.19554444, 9.33174336], [78.18975059, 9.34637974], [78.18448703, 9.36120329], [78.17976017, 9.37619594], [78.17557576, 9.39133943], [78.17193891, 9.40661530], [78.16885404, 9.42200495], [78.16632492, 9.43748962], [78.16435462, 9.45305046], [78.16294554, 9.46866849], [78.16209941, 9.48432470], [78.16181725, 9.50000000], [78.16181725, 10.00000000], [78.16213403, 10.01660874], [78.16301373, 10.03226321], [78.16445630, 10.04787837], [78.16645996, 10.06343519], [78.16902229, 10.07891473], [78.17214015, 10.09429813], [78.17580975, 10.10956663], [78.18002663, 10.12470165], [78.18478563, 10.13968474], [78.19008097, 10.15449764], [78.19590619, 10.16912231], [78.20225419, 10.18354093], [78.20911725, 10.19773594], [78.21648699, 10.21169003], [78.22435445, 10.22538621], [78.23271003, 10.23880780], [78.24154355, 10.25193843], [78.25084426, 10.26476211], [78.26060082, 10.27726323], [78.27080134, 10.28942654], [78.28143340, 10.30123723], [78.29248404, 10.31268091], [78.66181725, 10.68201412], [78.66181725, 10.75000000], [78.66213403, 10.76660874], [78.66301373, 10.78226321], [78.66445630, 10.79787837], [78.66645996, 10.81343519], [78.66902229, 10.82891473], [78.67214015, 10.84429813], [78.67580976, 10.85956663], [78.68002663, 10.87470165], [78.68478563, 10.88968474], [78.69008097, 10.90449764], [78.69590619, 10.91912231], [78.70225419, 10.93354093], [78.70911725, 10.94773594], [78.71648699, 10.96169003], [78.72435445, 10.97538621], [78.73271003, 10.98880780], [78.74154355, 11.00193843], [78.75084426, 11.01476212], [78.76060082, 11.02726323], [78.77080134, 11.03942654], [78.78143340, 11.05123723], [78.79248404, 11.06268091], [78.85480313, 11.12500000], [78.79248404, 11.18731909], [78.78078814, 11.19945625], [78.77018143, 11.21128835], [78.76000702, 11.22347221], [78.75027729, 11.23599297], [78.74100410, 11.24883538], [78.73219875, 11.26198380], [78.72387198, 11.27542221], [78.71603391, 11.28913422], [78.70869411, 11.30310315], [78.70186151, 11.31731196], [78.69554444, 11.33174336], [78.68975059, 11.34637974], [78.68448703, 11.36120329], [78.67976017, 11.37619594], [78.67557576, 11.39133943], [78.67193891, 11.40661530], [78.66885404, 11.42200495], [78.66632492, 11.43748962], [78.66435462, 11.45305046], [78.66294554, 11.46866849], [78.66209941, 11.48432470], [78.66181725, 11.50000000], [78.66181725, 11.75000000], [78.66213403, 11.76660874], [78.66301373, 11.78226321], [78.66445630, 11.79787837], [78.66645996, 11.81343519], [78.66902229, 11.82891473], [78.67214015, 11.84429813], [78.67580976, 11.85956663], [78.68002663, 11.87470165], [78.68478563, 11.88968474], [78.69008097, 11.90449764], [78.69590619, 11.91912231], [78.70225419, 11.93354093], [78.70911725, 11.94773594], [78.71648699, 11.96169003], [78.72435445, 11.97538621], [78.73271003, 11.98880780], [78.74154355, 12.00193843], [78.75084426, 12.01476211], [78.76060082, 12.02726323], [78.77080134, 12.03942654], [78.78143340, 12.05123723], [78.79248404, 12.06268091], [79.16181725, 12.43201412], [79.16181725, 12.50000000], [79.16213403, 12.51660874], [79.16301373, 12.53226321], [79.16445630, 12.54787837], [79.16645996, 12.56343519], [79.16902229, 12.57891473], [79.17214015, 12.59429813], [79.17580975, 12.60956663], [79.18002663, 12.62470165], [79.18478563, 12.63968474], [79.19008097, 12.65449764], [79.19590619, 12.66912231], [79.20225419, 12.68354093], [79.20911725, 12.69773594], [79.21648699, 12.71169003], [79.22435445, 12.72538621], [79.23271003, 12.73880780], [79.24154355, 12.75193843], [79.25084426, 12.76476211], [79.26060082, 12.77726323], [79.27080134, 12.78942654], [79.28143340, 12.80123723], [79.29248404, 12.81268091], [79.41181725, 12.93201412], [79.41181725, 13.06798588], [79.29248404, 13.18731909], [79.28078814, 13.19945625], [79.27018143, 13.21128835], [79.26000702, 13.22347221], [79.25027729, 13.23599297], [79.24100410, 13.24883538], [79.23219875, 13.26198380], [79.22387198, 13.27542221], [79.21603391, 13.28913422], [79.20869411, 13.30310315], [79.20186151, 13.31731196], [79.19554444, 13.33174336], [79.18975059, 13.34637974], [79.18448703, 13.36120329], [79.17976017, 13.37619594], [79.17557576, 13.39133943], [79.17193891, 13.40661530], [79.16885404, 13.42200495], [79.16632492, 13.43748962], [79.16435462, 13.45305046], [79.16294554, 13.46866849], [79.16209941, 13.48432470], [79.16181725, 13.50000000], [79.16181725, 15.50000000], [79.16213403, 15.51660874], [79.16301373, 15.53226321], [79.16445630, 15.54787837], [79.16645996, 15.56343519], [79.16902229, 15.57891473], [79.17214015, 15.59429813], [79.17580975, 15.60956663], [79.18002663, 15.62470165], [79.18478563, 15.63968474], [79.19008097, 15.65449764], [79.19590619, 15.66912231], [79.20225419, 15.68354093], [79.20911725, 15.69773593], [79.21648699, 15.71169003], [79.22435445, 15.72538621], [79.23271003, 15.73880780], [79.24154355, 15.75193843], [79.25084426, 15.76476211], [79.26060082, 15.77726323], [79.27080134, 15.78942654], [79.28143340, 15.80123723], [79.29248404, 15.81268091], [79.41181725, 15.93201412], [79.41181725, 16.00000000], [79.41213403, 16.01660874], [79.41301373, 16.03226321], [79.41445630, 16.04787837], [79.41645996, 16.06343519], [79.41902229, 16.07891473], [79.42214015, 16.09429813], [79.42580975, 16.10956663], [79.43002663, 16.12470165], [79.43478563, 16.13968474], [79.44008097, 16.15449764], [79.44590619, 16.16912231], [79.45225419, 16.18354093], [79.45911725, 16.19773594], [79.46648699, 16.21169003], [79.47435445, 16.22538621], [79.48271003, 16.23880780], [79.49154355, 16.25193843], [79.50084426, 16.26476211], [79.51060082, 16.27726323], [79.52080134, 16.28942654], [79.53143340, 16.30123723], [79.54248404, 16.31268091], [79.91181725, 16.68201412], [79.91181725, 16.75000000], [79.91213403, 16.76660874], [79.91301373, 16.78226321], [79.91445630, 16.79787837], [79.91645996, 16.81343519], [79.91902229, 16.82891473], [79.92214015, 16.84429813], [79.92580975, 16.85956663], [79.93002663, 16.87470165], [79.93478563, 16.88968474], [79.94008097, 16.90449764], [79.94590619, 16.91912231], [79.95225419, 16.93354093], [79.95911725, 16.94773593], [79.96648699, 16.96169003], [79.97435445, 16.97538621], [79.98271003, 16.98880780], [79.99154355, 17.00193843], [80.00084426, 17.01476211], [80.01060082, 17.02726323], [80.02080134, 17.03942654], [80.03143340, 17.05123723], [80.04248404, 17.06268091], [80.16748404, 17.18768091], [80.17824623, 17.19809549], [80.19007025, 17.20878765], [80.20227187, 17.21907314], [80.21483623, 17.22893943], [80.22774801, 17.23837450], [80.24099150, 17.24736686], [80.25455054, 17.25590554], [80.26840863, 17.26398015], [80.28254887, 17.27158084], [80.29695405, 17.27869837], [80.31160660, 17.28532405], [80.32648869, 17.29144981], [80.34158217, 17.29706819], [80.35686866, 17.30217235], [80.37232953, 17.30675606], [80.38794595, 17.31081375], [80.40369889, 17.31434046], [80.41956916, 17.31733190], [80.43553742, 17.31978444], [80.45158422, 17.32169507], [80.46769000, 17.32306147], [80.48383516, 17.32388197], [80.50000000, 17.32415559], [80.55395872, 17.32415559], [80.66748404, 17.43768091], [80.67824623, 17.44809549], [80.69007025, 17.45878765], [80.70227187, 17.46907314], [80.71483623, 17.47893943], [80.72774801, 17.48837450], [80.74099150, 17.49736686], [80.75455054, 17.50590554], [80.76840863, 17.51398015], [80.78254887, 17.52158084], [80.79695405, 17.52869837], [80.81160660, 17.53532405], [80.82648869, 17.54144981], [80.84158217, 17.54706819], [80.85686866, 17.55217235], [80.87232953, 17.55675606], [80.88794595, 17.56081375], [80.90369889, 17.56434046], [80.91956916, 17.56733190], [80.93553742, 17.56978444], [80.95158422, 17.57169507], [80.96769000, 17.57306147], [80.98383516, 17.57388197], [81.00000000, 17.57415559], [81.55395872, 17.57415559], [81.91748404, 17.93768091], [81.92824623, 17.94809549], [81.94007025, 17.95878765], [81.95227187, 17.96907314], [81.96483623, 17.97893943], [81.97774801, 17.98837450], [81.99099150, 17.99736686], [82.00455054, 18.00590554], [82.01840863, 18.01398015], [82.03254887, 18.02158084], [82.04695405, 18.02869837], [82.06160660, 18.03532405], [82.07648869, 18.04144981], [82.09158217, 18.04706819], [82.10686866, 18.05217235], [82.12232953, 18.05675606], [82.13794595, 18.06081375], [82.15369889, 18.06434046], [82.16956916, 18.06733190], [82.18553742, 18.06978444], [82.20158422, 18.07169507], [82.21769000, 18.07306147], [82.23383516, 18.07388197], [82.25000000, 18.07415559], [82.30395872, 18.07415559], [82.41748404, 18.18768091], [82.42824623, 18.19809549], [82.44007025, 18.20878765], [82.45227187, 18.21907314], [82.46483623, 18.22893943], [82.47774801, 18.23837450], [82.49099150, 18.24736686], [82.50455054, 18.25590554], [82.51840863, 18.26398015], [82.53254887, 18.27158084], [82.54695405, 18.27869837], [82.56160660, 18.28532405], [82.57648869, 18.29144981], [82.59158217, 18.29706819], [82.60686866, 18.30217235], [82.62232953, 18.30675606], [82.63794595, 18.31081375], [82.65369889, 18.31434046], [82.66956916, 18.31733190], [82.68553742, 18.31978444], [82.70158422, 18.32169507], [82.71769000, 18.32306147], [82.73383516, 18.32388197], [82.75000000, 18.32415559], [82.80395872, 18.32415559], [83.66748404, 19.18768091], [83.67824623, 19.19809549], [83.69007025, 19.20878765], [83.70227187, 19.21907314], [83.71483623, 19.22893943], [83.72774801, 19.23837450], [83.74099150, 19.24736686], [83.75455054, 19.25590554], [83.76840863, 19.26398015], [83.78254887, 19.27158084], [83.79695405, 19.27869837], [83.81160660, 19.28532405], [83.82648869, 19.29144981], [83.84158217, 19.29706819], [83.85686866, 19.30217235], [83.87232953, 19.30675606], [83.88794595, 19.31081375], [83.90369889, 19.31434046], [83.91956916, 19.31733190], [83.93553742, 19.31978444], [83.95158422, 19.32169507], [83.96769000, 19.32306147], [83.98383516, 19.32388197], [84.00000000, 19.32415559], [84.50000000, 19.32415559], [84.51520218, 19.32391360], [84.53134906, 19.32312565], [84.54745774, 19.32179173], [84.56350860, 19.31991347], [84.57948209, 19.31749314], [84.59535874, 19.31453371], [84.61111921, 19.31103877], [84.62674429, 19.30701258], [84.64221496, 19.30246006], [84.65751236, 19.29738674], [84.67261786, 19.29179881], [84.68751305, 19.28570307], [84.70217978, 19.27910695], [84.71660019, 19.27201849], [84.73075671, 19.26444633], [84.74463208, 19.25639968], [84.75820941, 19.24788836], [84.77147214, 19.23892273], [84.78440413, 19.22951372], [84.79698962, 19.21967279], [84.80921328, 19.20941192], [84.82106020, 19.19874363], [84.83251596, 19.18768091], [84.95751596, 19.06268091], [84.96921186, 19.05054375], [84.97981857, 19.03871165], [84.98999298, 19.02652779], [84.99972271, 19.01400703], [85.00899590, 19.00116462], [85.01780125, 18.98801620], [85.02612802, 18.97457779], [85.03396609, 18.96086578], [85.04130589, 18.94689685], [85.04813849, 18.93268804], [85.05445556, 18.91825664], [85.06024941, 18.90362026], [85.06551297, 18.88879671], [85.07023983, 18.87380406], [85.07442424, 18.85866057], [85.07806109, 18.84338470], [85.08114596, 18.82799505], [85.08367508, 18.81251038], [85.08564538, 18.79694954], [85.08705446, 18.78133151], [85.08790059, 18.76567530], [85.08818275, 18.75000000], [85.08818275, 18.25000000], [85.08786597, 18.23339126], [85.08698627, 18.21773679], [85.08554370, 18.20212163], [85.08354004, 18.18656481], [85.08097771, 18.17108527], [85.07785985, 18.15570187], [85.07419025, 18.14043337], [85.06997337, 18.12529835], [85.06521437, 18.11031526], [85.05991903, 18.09550236], [85.05409381, 18.08087769], [85.04774581, 18.06645907], [85.04088275, 18.05226406], [85.03351301, 18.03830997], [85.02564555, 18.02461379], [85.01728997, 18.01119220], [85.00845645, 17.99806157], [84.99915574, 17.98523788], [84.98939918, 17.97273677], [84.97919866, 17.96057346], [84.96856660, 17.94876277], [84.95751596, 17.93731909], [84.58251596, 17.56231909], [84.57175377, 17.55190451], [84.55992975, 17.54121235], [84.54772813, 17.53092686], [84.53516377, 17.52106057], [84.52225199, 17.51162550], [84.50900850, 17.50263314], [84.49544946, 17.49409446], [84.48159137, 17.48601985], [84.46745113, 17.47841916], [84.45304595, 17.47130163], [84.43839340, 17.46467595], [84.42351131, 17.45855019], [84.40841783, 17.45293181], [84.39313134, 17.44782765], [84.37767047, 17.44324394], [84.36205405, 17.43918625], [84.34630111, 17.43565954], [84.33043084, 17.43266810], [84.31446258, 17.43021556], [84.29841578, 17.42830493], [84.28231000, 17.42693853], [84.26616484, 17.42611803], [84.25000000, 17.42584441], [84.19604128, 17.42584441], [83.58251596, 16.81231909], [83.57175377, 16.80190451], [83.55992975, 16.79121235], [83.54772813, 16.78092686], [83.53516377, 16.77106057], [83.52225199, 16.76162550], [83.50900850, 16.75263314], [83.49544946, 16.74409446], [83.48159137, 16.73601985], [83.46745113, 16.72841916], [83.45304595, 16.72130163], [83.43839340, 16.71467595], [83.42351131, 16.70855019], [83.40841783, 16.70293181], [83.39313134, 16.69782765], [83.37767047, 16.69324394], [83.36205405, 16.68918625], [83.34630111, 16.68565954], [83.33043084, 16.68266810], [83.31446258, 16.68021556], [83.29841578, 16.67830493], [83.28231000, 16.67693853], [83.26616484, 16.67611803], [83.25000000, 16.67584441], [83.19604128, 16.67584441], [83.08818275, 16.56798588], [83.08818275, 16.50000000], [83.08786597, 16.48339126], [83.08698627, 16.46773679], [83.08554370, 16.45212163], [83.08354004, 16.43656481], [83.08097771, 16.42108527], [83.07785985, 16.40570187], [83.07419025, 16.39043337], [83.06997337, 16.37529835], [83.06521437, 16.36031526], [83.05991903, 16.34550236], [83.05409381, 16.33087769], [83.04774581, 16.31645907], [83.04088275, 16.30226406], [83.03351301, 16.28830997], [83.02564555, 16.27461379], [83.01728997, 16.26119220], [83.00845645, 16.24806157], [82.99915574, 16.23523789], [82.98939918, 16.22273677], [82.97919866, 16.21057346], [82.96856660, 16.19876277], [82.95751596, 16.18731909], [82.58251596, 15.81231909], [82.57175377, 15.80190451], [82.55992975, 15.79121235], [82.54772813, 15.78092686], [82.53516377, 15.77106057], [82.52225199, 15.76162550], [82.50900850, 15.75263314], [82.49544946, 15.74409446], [82.48159137, 15.73601985], [82.46745113, 15.72841916], [82.45304595, 15.72130163], [82.43839340, 15.71467595], [82.42351131, 15.70855019], [82.40841783, 15.70293181], [82.39313134, 15.69782765], [82.37767047, 15.69324394], [82.36205405, 15.68918625], [82.34630111, 15.68565954], [82.33043084, 15.68266810], [82.31446258, 15.68021556], [82.29841578, 15.67830493], [82.28231000, 15.67693853], [82.26616484, 15.67611803], [82.25000000, 15.67584441], [81.83176549, 15.67584441], [81.83097771, 15.67108527], [81.82785985, 15.65570187], [81.82419025, 15.64043337], [81.81997337, 15.62529835], [81.81521437, 15.61031526], [81.80991903, 15.59550236], [81.80409381, 15.58087769], [81.79774581, 15.56645907], [81.79088275, 15.55226406], [81.78351301, 15.53830997], [81.77564555, 15.52461379], [81.76728997, 15.51119220], [81.75845645, 15.49806157], [81.74915574, 15.48523789], [81.73939918, 15.47273677], [81.72919866, 15.46057346], [81.71856660, 15.44876277], [81.70751596, 15.43731909], [81.33251596, 15.06231909], [81.32175377, 15.05190451], [81.30992975, 15.04121235], [81.29772813, 15.03092686], [81.28516377, 15.02106057], [81.27225199, 15.01162550], [81.25900850, 15.00263314], [81.24544946, 14.99409446], [81.23159137, 14.98601985], [81.21745113, 14.97841916], [81.20304595, 14.97130163], [81.18839340, 14.96467595], [81.17351131, 14.95855019], [81.15841783, 14.95293181], [81.14313134, 14.94782765], [81.12767047, 14.94324394], [81.11205405, 14.93918625], [81.09630111, 14.93565954], [81.08043084, 14.93266810], [81.06446258, 14.93021556], [81.04841578, 14.92830493], [81.03231000, 14.92693853], [81.01616484, 14.92611803], [81.00000000, 14.92584441], [80.83818275, 14.92584441], [80.83818275, 14.43201412], [80.95751596, 14.31268091], [80.96921186, 14.30054375], [80.97981857, 14.28871165], [80.98999298, 14.27652779], [80.99972271, 14.26400703], [81.00899590, 14.25116462], [81.01780125, 14.23801620], [81.02612802, 14.22457779], [81.03396609, 14.21086578], [81.04130589, 14.19689685], [81.04813849, 14.18268804], [81.05445556, 14.16825664], [81.06024941, 14.15362026], [81.06551297, 14.13879671], [81.07023983, 14.12380406], [81.07442424, 14.10866057], [81.07806109, 14.09338470], [81.08114596, 14.07799505], [81.08367508, 14.06251038], [81.08564538, 14.04694954], [81.08705446, 14.03133151], [81.08790059, 14.01567530], [81.08818275, 14.00000000], [81.08818275, 12.75000000], [81.08786597, 12.73339126], [81.08698627, 12.71773679], [81.08554370, 12.70212163], [81.08354004, 12.68656481], [81.08097771, 12.67108527], [81.07785985, 12.65570187], [81.07419025, 12.64043337], [81.06997337, 12.62529835], [81.06521437, 12.61031526], [81.05991903, 12.59550236], [81.05409381, 12.58087769], [81.04774581, 12.56645907], [81.04088275, 12.55226406], [81.03351301, 12.53830997], [81.02564555, 12.52461379], [81.01728997, 12.51119220], [81.00845645, 12.49806157], [80.99915574, 12.48523789], [80.98939918, 12.47273677], [80.97919866, 12.46057346], [80.96856660, 12.44876277], [80.95751596, 12.43731909], [80.83818275, 12.31798588], [80.83818275, 12.00000000], [80.83786597, 11.98339126], [80.83698627, 11.96773679], [80.83554370, 11.95212163], [80.83354004, 11.93656481], [80.83097771, 11.92108527], [80.82785985, 11.90570187], [80.82419025, 11.89043337], [80.81997337, 11.87529835], [80.81521437, 11.86031526], [80.80991903, 11.84550236], [80.80409381, 11.83087769], [80.79774581, 11.81645907], [80.79088275, 11.80226406], [80.78351301, 11.78830997], [80.77564555, 11.77461379], [80.76728997, 11.76119220], [80.75845645, 11.74806157], [80.74915574, 11.73523789], [80.73939918, 11.72273677], [80.72919866, 11.71057346], [80.71856660, 11.69876277], [80.70751596, 11.68731909], [80.58818275, 11.56798588], [80.58818275, 10.56587133], [80.59535874, 10.56453371], [80.61111921, 10.56103877], [80.62674429, 10.55701258], [80.64221496, 10.55246006], [80.65751236, 10.54738674], [80.67261786, 10.54179881], [80.68751305, 10.53570307], [80.70217978, 10.52910695], [80.71660019, 10.52201849], [80.73075671, 10.51444633], [80.74463208, 10.50639968], [80.75820941, 10.49788836], [80.77147214, 10.48892273], [80.78440413, 10.47951372], [80.79698962, 10.46967279], [80.80921328, 10.45941192], [80.82106020, 10.44874363], [80.83251596, 10.43768091], [81.45751596, 9.81268091], [81.46921186, 9.80054375], [81.47981857, 9.78871165], [81.48999298, 9.77652779], [81.49972271, 9.76400703], [81.50899590, 9.75116462], [81.51780125, 9.73801620], [81.52612802, 9.72457779], [81.53396609, 9.71086578], [81.54130589, 9.69689685], [81.54813849, 9.68268804], [81.55445556, 9.66825664], [81.56024941, 9.65362026], [81.56551297, 9.63879671], [81.57023983, 9.62380406], [81.57442424, 9.60866057], [81.57806109, 9.59338470], [81.58114596, 9.57799505], [81.58367508, 9.56251038], [81.58564538, 9.54694954], [81.58705446, 9.53133151], [81.58790059, 9.51567530], [81.58818275, 9.50000000], [81.58818275, 9.00000000], [81.58786597, 8.98339126], [81.58698627, 8.96773679], [81.58554370, 8.95212163], [81.58354004, 8.93656481], [81.58097771, 8.92108527], [81.57785985, 8.90570187], [81.57419025, 8.89043337], [81.56997337, 8.87529835], [81.56521437, 8.86031526], [81.55991903, 8.84550236], [81.55409381, 8.83087769], [81.54774581, 8.81645907], [81.54088275, 8.80226406], [81.53351301, 8.78830997], [81.52564555, 8.77461379], [81.51728997, 8.76119220], [81.50845645, 8.74806157], [81.49915574, 8.73523789], [81.48939918, 8.72273677], [81.47919866, 8.71057346], [81.46856660, 8.69876277], [81.45751596, 8.68731909], [81.33251596, 8.56231909], [81.32175377, 8.55190451], [81.30992975, 8.54121235], [81.29772813, 8.53092686], [81.28516377, 8.52106057], [81.27225199, 8.51162550], [81.25900850, 8.50263314], [81.24544946, 8.49409446], [81.23159137, 8.48601985], [81.21745113, 8.47841916], [81.20304595, 8.47130163], [81.18839340, 8.46467595], [81.17351131, 8.45855019], [81.15841783, 8.45293181], [81.14313134, 8.44782765], [81.12767047, 8.44324394], [81.11205405, 8.43918625], [81.09630111, 8.43565954], [81.08043084, 8.43266810], [81.06446258, 8.43021556], [81.04841578, 8.42830493], [81.03231000, 8.42693853], [81.01616484, 8.42611803], [81.00000000, 8.42584441], [80.75000000, 8.42584441], [80.73479782, 8.42608640], [80.71865094, 8.42687435], [80.70254226, 8.42820827], [80.69883854, 8.42864167], [80.58251596, 8.31231909], [80.57175377, 8.30190451], [80.55992975, 8.29121235], [80.54772813, 8.28092686], [80.53516377, 8.27106057], [80.52225199, 8.26162550], [80.50900850, 8.25263314], [80.49544946, 8.24409446], [80.48159137, 8.23601985], [80.46745113, 8.22841916], [80.45304595, 8.22130163], [80.43839340, 8.21467595], [80.42351131, 8.20855019], [80.40841783, 8.20293181], [80.39313134, 8.19782765], [80.37767047, 8.19324394], [80.36205405, 8.18918625], [80.34630111, 8.18565954], [80.33043084, 8.18266810], [80.31446258, 8.18021556], [80.29841578, 8.17830493], [80.28231000, 8.17693853], [80.26616484, 8.17611803], [80.25000000, 8.17584441]]]}
    },
    {
      "type": "Feature",
      "properties": {"block_id": "ADC_NIO_04", "basin_id": "BASIN_NIO", "basin_label": "North Indian Ocean", "domain_count": 3, "grid_cell_count": 280, "outer_area_km2": 3813873.719838, "shelf_width_km": 250.000000, "outer_buffer_km": 430.000000, "shelf_add_area_km2": 43171.336254, "shelf_add_cell_count": 58, "shelf_add_component_count": 1, "bay_add_area_km2": 1119854.957277, "bay_add_cell_count": 1601, "bay_add_core_cell_count": 1601, "bay_add_component_count": 3, "open_ocean_area_risk": 0},
      "geometry": {"type": "Polygon", "coordinates": [[[94.50000000, 15.92584441], [94.25000000, 15.92584441], [94.24018806, 15.92593657], [94.22329299, 15.92652766], [94.20643045, 15.92766515], [94.18962100, 15.92934764], [94.17288511, 15.93157309], [94.15624317, 15.93433879], [94.13971546, 15.93764136], [94.12332211, 15.94147679], [94.10708311, 15.94584041], [94.09101822, 15.95072688], [94.07514703, 15.95613027], [94.05948887, 15.96204399], [94.04406282, 15.96846082], [94.02888767, 15.97537297], [94.01398191, 15.98277200], [93.99936371, 15.99064890], [93.98505087, 15.99899407], [93.97106082, 16.00779734], [93.95741062, 16.01704800], [93.94411690, 16.02673476], [93.93119585, 16.03684584], [93.91866321, 16.04736890], [93.90653425, 16.05829113], [93.89482375, 16.06959922], [93.76982375, 16.19459922], [93.75394554, 16.21128835], [93.74330556, 16.22347221], [93.73313062, 16.23599297], [93.72343310, 16.24883538], [93.71422484, 16.26198380], [93.70551704, 16.27542221], [93.69732032, 16.28913422], [93.68964466, 16.30310315], [93.68249941, 16.31731196], [93.67589328, 16.33174336], [93.66983432, 16.34637974], [93.66432991, 16.36120329], [93.65938675, 16.37619594], [93.65501088, 16.39133943], [93.65120761, 16.40661530], [93.64798158, 16.42200495], [93.64533673, 16.43748962], [93.64327627, 16.45305046], [93.64180272, 16.46866849], [93.64091787, 16.48432470], [93.64062280, 16.50000000], [93.64062280, 17.25000000], [93.64121742, 17.27224878], [93.64234949, 17.28789129], [93.64406959, 17.30348764], [93.64637563, 17.31901881], [93.64926481, 17.33446590], [93.65273359, 17.34981008], [93.65677776, 17.36503265], [93.66139238, 17.38011508], [93.66657184, 17.39503898], [93.67230982, 17.40978617], [93.67859933, 17.42433869], [93.68543272, 17.43867881], [93.69280165, 17.45278904], [93.70069715, 17.46665222], [93.70910959, 17.48025143], [93.71802874, 17.49357012], [93.72264706, 17.49995776], [93.71422484, 17.51198380], [93.70551704, 17.52542221], [93.69732032, 17.53913422], [93.68964466, 17.55310315], [93.68249941, 17.56731196], [93.67589328, 17.58174336], [93.66983432, 17.59637974], [93.66432991, 17.61120329], [93.65938675, 17.62619594], [93.65501088, 17.64133943], [93.65120761, 17.65661530], [93.64798158, 17.67200495], [93.64533673, 17.68748962], [93.64327627, 17.70305046], [93.64180272, 17.71866849], [93.64091787, 17.73432470], [93.64062280, 17.75000000], [93.64062280, 17.92584441], [93.50000000, 17.92584441], [93.49018806, 17.92593657], [93.47329299, 17.92652766], [93.45643045, 17.92766515], [93.43962100, 17.92934764], [93.42288511, 17.93157309], [93.40624317, 17.93433879], [93.38971546, 17.93764136], [93.37332211, 17.94147679], [93.35708311, 17.94584041], [93.34101822, 17.95072688], [93.32514703, 17.95613027], [93.30948887, 17.96204399], [93.29406282, 17.96846082], [93.27888767, 17.97537297], [93.26398191, 17.98277200], [93.24936371, 17.99064890], [93.23505087, 17.99899407], [93.22106082, 18.00779734], [93.20741062, 18.01704800], [93.19411690, 18.02673476], [93.18119585, 18.03684584], [93.16866321, 18.04736890], [93.15653425, 18.05829113], [93.14482375, 18.06959922], [92.76982375, 18.44459922], [92.75394554, 18.46128835], [92.74330556, 18.47347221], [92.73313062, 18.48599297], [92.72343310, 18.49883538], [92.71422484, 18.51198380], [92.70551704, 18.52542221], [92.69732032, 18.53913422], [92.68964466, 18.55310315], [92.68249941, 18.56731196], [92.67589328, 18.58174336], [92.66983432, 18.59637974], [92.66432991, 18.61120329], [92.65938675, 18.62619594], [92.65501088, 18.64133943], [92.65120761, 18.65661530], [92.64798158, 18.67200495], [92.64533673, 18.68748962], [92.64327627, 18.70305046], [92.64180272, 18.71866849], [92.64091787, 18.73432470], [92.64062280, 18.75000000], [92.64062280, 19.18746006], [92.63971546, 19.18764136], [92.62332211, 19.19147679], [92.60708311, 19.19584041], [92.59101822, 19.20072688], [92.57514703, 19.20613027], [92.55948887, 19.21204399], [92.54406282, 19.21846082], [92.52888767, 19.22537297], [92.51398191, 19.23277200], [92.49936371, 19.24064890], [92.48505087, 19.24899407], [92.47106082, 19.25779734], [92.45741062, 19.26704800], [92.44411690, 19.27673476], [92.43119585, 19.28684584], [92.41866321, 19.29736890], [92.40653425, 19.30829113], [92.39482375, 19.31959922], [92.26982375, 19.44459922], [92.25394554, 19.46128835], [92.24330556, 19.47347221], [92.23313062, 19.48599297], [92.22343310, 19.49883538], [92.21422484, 19.51198380], [92.20551704, 19.52542221], [92.19732032, 19.53913422], [92.18964466, 19.55310315], [92.18249941, 19.56731196], [92.17589328, 19.58174336], [92.16983432, 19.59637974], [92.16432991, 19.61120329], [92.15938675, 19.62619594], [92.15501088, 19.64133943], [92.15120761, 19.65661530], [92.14798158, 19.67200495], [92.14533673, 19.68748962], [92.14327627, 19.70305046], [92.14180272, 19.71866849], [92.14091787, 19.73432470], [92.14062280, 19.75000000], [92.14062280, 19.82380017], [91.51982375, 20.44459922], [91.50394554, 20.46128835], [91.49330556, 20.47347221], [91.48313062, 20.48599297], [91.47343310, 20.49883538], [91.46422484, 20.51198380], [91.45551704, 20.52542221], [91.44732032, 20.53913422], [91.43964466, 20.55310315], [91.43249941, 20.56731196], [91.42589328, 20.58174336], [91.41983432, 20.59637974], [91.41432991, 20.61120329], [91.40938675, 20.62619594], [91.40501088, 20.64133943], [91.40120761, 20.65661530], [91.39798158, 20.67200495], [91.39533673, 20.68748962], [91.39327627, 20.70305046], [91.39180272, 20.71866849], [91.39091787, 20.73432470], [91.39062280, 20.75000000], [91.39062280, 20.82380017], [91.26982375, 20.94459922], [91.25394554, 20.96128835], [91.24330556, 20.97347221], [91.23313062, 20.98599297], [91.22343310, 20.99883538], [91.21422484, 21.01198380], [91.20551704, 21.02542221], [91.19732032, 21.03913422], [91.18964466, 21.05310315], [91.18249941, 21.06731196], [91.17589328, 21.08174336], [91.16983432, 21.09637974], [91.16432991, 21.11120329], [91.15938675, 21.12619594], [91.15501088, 21.14133943], [91.15120761, 21.15661530], [91.14798158, 21.17200495], [91.14533673, 21.18748962], [91.14417454, 21.19626663], [91.13351245, 21.19324394], [91.11718145, 21.18918625], [91.10070768, 21.18565954], [91.08411122, 21.18266810], [91.06741228, 21.18021556], [91.05063120, 21.17830493], [91.03378845, 21.17693853], [91.01690452, 21.17611803], [91.00000000, 21.17584441], [90.21142144, 21.17584441], [90.10517625, 21.06959922], [90.09843180, 21.06299031], [90.08647667, 21.05190451], [90.07411161, 21.04121235], [90.06135166, 21.03092686], [90.04821238, 21.02106057], [90.03470977, 21.01162550], [90.02086029, 21.00263314], [90.00668081, 20.99409446], [89.99218860, 20.98601985], [89.97740132, 20.97841916], [89.96233699, 20.97130163], [89.94701396, 20.96467595], [89.93145089, 20.95855019], [89.91566676, 20.95293181], [89.89968079, 20.94782765], [89.88351245, 20.94324394], [89.86718145, 20.93918625], [89.85070768, 20.93565954], [89.83411122, 20.93266810], [89.81741228, 20.93021556], [89.80063120, 20.92830493], [89.78378845, 20.92693853], [89.76690452, 20.92611803], [89.75000000, 20.92584441], [87.82063333, 20.92584441], [87.82410672, 20.91825664], [87.83016568, 20.90362026], [87.83567009, 20.88879671], [87.84061325, 20.87380406], [87.84498912, 20.85866057], [87.84879239, 20.84338470], [87.85201842, 20.82799505], [87.85466327, 20.81251038], [87.85672373, 20.79694954], [87.85819728, 20.78133151], [87.85908213, 20.76567530], [87.85937720, 20.75000000], [87.85937720, 20.50000000], [87.85878258, 20.47775122], [87.85765051, 20.46210871], [87.85593041, 20.44651236], [87.85362437, 20.43098119], [87.85073519, 20.41553410], [87.84726641, 20.40018992], [87.84322224, 20.38496735], [87.83860762, 20.36988492], [87.83342816, 20.35496102], [87.82769018, 20.34021383], [87.82140067, 20.32566131], [87.81456728, 20.31132119], [87.80719835, 20.29721096], [87.79930285, 20.28334778], [87.79089041, 20.26974857], [87.78197126, 20.25642988], [87.77255629, 20.24340795], [87.76265695, 20.23069863], [87.75228532, 20.21831742], [87.74145401, 20.20627939], [87.73017625, 20.19459922], [86.85517625, 19.31959922], [86.84843180, 19.31299031], [86.83647667, 19.30190451], [86.82411161, 19.29121235], [86.81135166, 19.28092686], [86.79821238, 19.27106057], [86.78470977, 19.26162550], [86.77086029, 19.25263314], [86.75668081, 19.24409446], [86.74218860, 19.23601985], [86.72740132, 19.22841916], [86.71233699, 19.22130163], [86.69701396, 19.21467595], [86.68145089, 19.20855019], [86.66566676, 19.20293181], [86.64968079, 19.19782765], [86.63351245, 19.19324394], [86.61718145, 19.18918625], [86.60070768, 19.18565954], [86.58411122, 19.18266810], [86.56741228, 19.18021556], [86.55063120, 19.17830493], [86.53378845, 19.17693853], [86.51690452, 19.17611803], [86.50000000, 19.17584441], [86.21142144, 19.17584441], [86.10517625, 19.06959922], [86.09843180, 19.06299031], [86.08647667, 19.05190451], [86.07411161, 19.04121235], [86.06135166, 19.03092686], [86.04821238, 19.02106057], [86.03470977, 19.01162550], [86.02086029, 19.00263314], [86.00668081, 18.99409446], [85.99218860, 18.98601985], [85.97740132, 18.97841916], [85.96233699, 18.97130163], [85.94701396, 18.96467595], [85.93145089, 18.95855019], [85.91566676, 18.95293181], [85.89968079, 18.94782765], [85.88351245, 18.94324394], [85.86718145, 18.93918625], [85.85070768, 18.93565954], [85.83411122, 18.93266810], [85.81741228, 18.93021556], [85.80063120, 18.92830493], [85.78378845, 18.92693853], [85.76690452, 18.92611803], [85.75000000, 18.92584441], [85.71142144, 18.92584441], [85.10517625, 18.31959922], [85.09843180, 18.31299031], [85.08647667, 18.30190451], [85.07411161, 18.29121235], [85.06135166, 18.28092686], [85.04821238, 18.27106057], [85.03470977, 18.26162550], [85.02086029, 18.25263314], [85.00668081, 18.24409446], [84.99218860, 18.23601985], [84.97740132, 18.22841916], [84.96233699, 18.22130163], [84.94701396, 18.21467595], [84.93145089, 18.20855019], [84.91566676, 18.20293181], [84.89968079, 18.19782765], [84.88351245, 18.19324394], [84.86718145, 18.18918625], [84.85070768, 18.18565954], [84.83411122, 18.18266810], [84.81741228, 18.18021556], [84.80063120, 18.17830493], [84.78378845, 18.17693853], [84.76690452, 18.17611803], [84.75000000, 18.17584441], [84.50000000, 18.17584441], [84.49018806, 18.17593657], [84.47329299, 18.17652766], [84.45643045, 18.17766515], [84.43962100, 18.17934764], [84.42288511, 18.18157309], [84.40624317, 18.18433879], [84.38971546, 18.18764136], [84.37332211, 18.19147679], [84.35708311, 18.19584041], [84.34101822, 18.20072688], [84.32514703, 18.20613027], [84.30948887, 18.21204399], [84.29406282, 18.21846082], [84.27888767, 18.22537297], [84.26398191, 18.23277200], [84.24936371, 18.24064890], [84.23505087, 18.24899407], [84.22106082, 18.25779734], [84.20741062, 18.26704800], [84.19411690, 18.27673476], [84.18119585, 18.28684584], [84.16866321, 18.29736890], [84.15653425, 18.30829113], [84.14482375, 18.31959922], [84.01982375, 18.44459922], [84.00394554, 18.46128835], [83.99330556, 18.47347221], [83.98313062, 18.48599297], [83.97343310, 18.49883538], [83.96422484, 18.51198380], [83.95551704, 18.52542221], [83.94732032, 18.53913422], [83.93964466, 18.55310315], [83.93249941, 18.56731196], [83.92589328, 18.58174336], [83.91983432, 18.59637974], [83.91432991, 18.61120329], [83.90938675, 18.62619594], [83.90501088, 18.64133943], [83.90120761, 18.65661530], [83.89798158, 18.67200495], [83.89533673, 18.68748962], [83.89327627, 18.70305046], [83.89180272, 18.71866849], [83.89091787, 18.73432470], [83.89062280, 18.75000000], [83.89062280, 19.25000000], [83.89121742, 19.27224878], [83.89234949, 19.28789129], [83.89406959, 19.30348764], [83.89637564, 19.31901881], [83.89926481, 19.33446590], [83.90273359, 19.34981008], [83.90677776, 19.36503265], [83.91139238, 19.38011508], [83.91657184, 19.39503898], [83.92230982, 19.40978617], [83.92859933, 19.42433869], [83.93543272, 19.43867881], [83.94280165, 19.45278904], [83.95069715, 19.46665222], [83.95910959, 19.48025143], [83.96802874, 19.49357012], [83.97744371, 19.50659205], [83.98734305, 19.51930137], [83.99771468, 19.53168258], [84.00854599, 19.54372061], [84.01982375, 19.55540078], [84.14062280, 19.67619983], [84.14062280, 19.75000000], [84.14121742, 19.77224878], [84.14234949, 19.78789129], [84.14406959, 19.80348764], [84.14637564, 19.81901881], [84.14926481, 19.83446590], [84.15273359, 19.84981008], [84.15677776, 19.86503265], [84.16139238, 19.88011508], [84.16657184, 19.89503898], [84.17230982, 19.90978617], [84.17859933, 19.92433869], [84.18543272, 19.93867881], [84.19280165, 19.95278904], [84.20069715, 19.96665222], [84.20910959, 19.98025143], [84.21802874, 19.99357012], [84.22744371, 20.00659205], [84.23734305, 20.01930137], [84.24771468, 20.03168258], [84.25854599, 20.04372061], [84.26982375, 20.05540078], [84.64482375, 20.43040078], [84.65156820, 20.43700969], [84.66352333, 20.44809549], [84.67588839, 20.45878765], [84.68864834, 20.46907314], [84.70178762, 20.47893943], [84.71529023, 20.48837450], [84.72913971, 20.49736686], [84.74331919, 20.50590554], [84.75781140, 20.51398015], [84.77259868, 20.52158084], [84.78766301, 20.52869837], [84.80298604, 20.53532405], [84.81854911, 20.54144981], [84.83433324, 20.54706819], [84.85031921, 20.55217235], [84.86648755, 20.55675606], [84.88281855, 20.56081375], [84.89929232, 20.56434046], [84.91588878, 20.56733190], [84.93258772, 20.56978444], [84.94936880, 20.57169507], [84.96621155, 20.57306147], [84.98309548, 20.57388197], [85.00000000, 20.57415559], [85.03857856, 20.57415559], [85.39062280, 20.92619983], [85.39062280, 21.00000000], [85.39121742, 21.02224878], [85.39234949, 21.03789129], [85.39406959, 21.05348764], [85.39637564, 21.06901881], [85.39926481, 21.08446590], [85.40273359, 21.09981008], [85.40677776, 21.11503265], [85.41139238, 21.13011508], [85.41657184, 21.14503898], [85.42230982, 21.15978617], [85.42859933, 21.17433869], [85.43543272, 21.18867881], [85.44280165, 21.20278904], [85.45069715, 21.21665222], [85.45910959, 21.23025143], [85.46802874, 21.24357012], [85.47744371, 21.25659205], [85.48734305, 21.26930137], [85.49771468, 21.28168258], [85.50854599, 21.29372061], [85.51982375, 21.30540078], [85.64482375, 21.43040078], [85.65156820, 21.43700969], [85.66352333, 21.44809549], [85.67588839, 21.45878765], [85.68864834, 21.46907314], [85.70178762, 21.47893943], [85.71529023, 21.48837450], [85.72913971, 21.49736686], [85.74331919, 21.50590554], [85.75781140, 21.51398015], [85.77259868, 21.52158084], [85.78766301, 21.52869837], [85.80298604, 21.53532405], [85.81854911, 21.54144981], [85.83433324, 21.54706819], [85.85031921, 21.55217235], [85.86648755, 21.55675606], [85.88281855, 21.56081375], [85.89556244, 21.56354197], [85.89637564, 21.56901881], [85.89926481, 21.58446590], [85.90273359, 21.59981008], [85.90677776, 21.61503265], [85.91139238, 21.63011508], [85.91657184, 21.64503898], [85.92230982, 21.65978617], [85.92859933, 21.67433869], [85.93543272, 21.68867881], [85.94280165, 21.70278904], [85.95069715, 21.71665222], [85.95910959, 21.73025143], [85.96802874, 21.74357012], [85.97744371, 21.75659205], [85.98734305, 21.76930137], [85.99771468, 21.78168258], [86.00854599, 21.79372061], [86.01982375, 21.80540078], [86.64482375, 22.43040078], [86.65156820, 22.43700969], [86.66352333, 22.44809549], [86.67588839, 22.45878765], [86.68864834, 22.46907314], [86.70178762, 22.47893943], [86.71389782, 22.48740155], [86.71802874, 22.49357012], [86.72744371, 22.50659205], [86.73734305, 22.51930137], [86.74771468, 22.53168258], [86.75854599, 22.54372061], [86.76982375, 22.55540078], [86.89062280, 22.67619983], [86.89062280, 23.00000000], [86.89121742, 23.02224878], [86.89234949, 23.03789129], [86.89406959, 23.05348764], [86.89637564, 23.06901881], [86.89926481, 23.08446590], [86.90273359, 23.09981008], [86.90677776, 23.11503265], [86.91139238, 23.13011508], [86.91657184, 23.14503898], [86.92230982, 23.15978617], [86.92859933, 23.17433869], [86.93543272, 23.18867881], [86.94280165, 23.20278904], [86.95069715, 23.21665222], [86.95910959, 23.23025143], [86.96802874, 23.24357012], [86.97744371, 23.25659205], [86.98734305, 23.26930137], [86.99771468, 23.28168258], [87.00854599, 23.29372061], [87.01982375, 23.30540078], [87.14482375, 23.43040078], [87.15156820, 23.43700969], [87.16352333, 23.44809549], [87.17588839, 23.45878765], [87.18864834, 23.46907314], [87.20178762, 23.47893943], [87.21529023, 23.48837450], [87.22913971, 23.49736686], [87.24331919, 23.50590554], [87.25781140, 23.51398015], [87.27259868, 23.52158084], [87.28766301, 23.52869837], [87.30298604, 23.53532405], [87.31854911, 23.54144981], [87.33433324, 23.54706819], [87.35031921, 23.55217235], [87.36648755, 23.55675606], [87.38281855, 23.56081375], [87.39062280, 23.56248449], [87.39062280, 24.00000000], [87.39121742, 24.02224878], [87.39234949, 24.03789129], [87.39406959, 24.05348764], [87.39637564, 24.06901881], [87.39926481, 24.08446590], [87.40273359, 24.09981008], [87.40677776, 24.11503265], [87.41139238, 24.13011508], [87.41657184, 24.14503898], [87.42230982, 24.15978617], [87.42859933, 24.17433869], [87.43543272, 24.18867881], [87.44280165, 24.20278904], [87.45069715, 24.21665222], [87.45910959, 24.23025143], [87.46802874, 24.24357012], [87.47744371, 24.25659205], [87.48734305, 24.26930137], [87.49771468, 24.28168258], [87.50854599, 24.29372061], [87.51982375, 24.30540078], [87.64482375, 24.43040078], [87.65156820, 24.43700969], [87.66352333, 24.44809549], [87.67588839, 24.45878765], [87.68864834, 24.46907314], [87.70178762, 24.47893943], [87.71529023, 24.48837450], [87.72913971, 24.49736686], [87.74331919, 24.50590554], [87.75781140, 24.51398015], [87.77259868, 24.52158084], [87.78766301, 24.52869837], [87.80298604, 24.53532405], [87.81854911, 24.54144981], [87.83433324, 24.54706819], [87.85031921, 24.55217235], [87.86648755, 24.55675606], [87.88281855, 24.56081375], [87.89929232, 24.56434046], [87.91588878, 24.56733190], [87.93258772, 24.56978444], [87.94936880, 24.57169507], [87.96621155, 24.57306147], [87.98309548, 24.57388197], [88.00000000, 24.57415559], [91.50000000, 24.57415559], [91.50981194, 24.57406343], [91.52670701, 24.57347234], [91.54356955, 24.57233485], [91.56037900, 24.57065236], [91.57711489, 24.56842691], [91.59375683, 24.56566121], [91.61028454, 24.56235864], [91.62667789, 24.55852321], [91.64291689, 24.55415959], [91.65898178, 24.54927312], [91.67485297, 24.54386973], [91.69051113, 24.53795601], [91.70593718, 24.53153918], [91.72111233, 24.52462703], [91.73601809, 24.51722800], [91.75063629, 24.50935110], [91.76494913, 24.50100593], [91.77893918, 24.49220266], [91.79258938, 24.48295200], [91.80588310, 24.47326524], [91.81880415, 24.46315416], [91.83133679, 24.45263110], [91.84346575, 24.44170887], [91.85517625, 24.43040078], [91.98017625, 24.30540078], [91.99605446, 24.28871165], [92.00669444, 24.27652779], [92.01686938, 24.26400703], [92.02656690, 24.25116462], [92.03577516, 24.23801620], [92.04448296, 24.22457779], [92.05267968, 24.21086578], [92.06035534, 24.19689685], [92.06750059, 24.18268804], [92.07410672, 24.16825664], [92.08016568, 24.15362026], [92.08567009, 24.13879671], [92.09061325, 24.12380406], [92.09498912, 24.10866057], [92.09879239, 24.09338470], [92.10201842, 24.07799505], [92.10466327, 24.06251038], [92.10672373, 24.04694954], [92.10819728, 24.03133151], [92.10908213, 24.01567530], [92.10937720, 24.00000000], [92.10937720, 23.67619983], [92.23017625, 23.55540078], [92.24605446, 23.53871165], [92.25669444, 23.52652779], [92.26686938, 23.51400703], [92.27656690, 23.50116462], [92.28577516, 23.48801620], [92.29448296, 23.47457779], [92.30267968, 23.46086578], [92.31035534, 23.44689685], [92.31750059, 23.43268804], [92.32410672, 23.41825664], [92.33016568, 23.40362026], [92.33567009, 23.38879671], [92.34061325, 23.37380406], [92.34498912, 23.35866057], [92.34879239, 23.34338470], [92.35201842, 23.32799505], [92.35449147, 23.31351621], [92.36028454, 23.31235864], [92.37667789, 23.30852321], [92.39291689, 23.30415959], [92.40898178, 23.29927312], [92.42485297, 23.29386973], [92.44051113, 23.28795601], [92.45593718, 23.28153918], [92.47111233, 23.27462703], [92.48601809, 23.26722800], [92.50063629, 23.25935110], [92.51494913, 23.25100593], [92.52893918, 23.24220266], [92.54258938, 23.23295200], [92.55588310, 23.22326524], [92.56880415, 23.21315416], [92.58133679, 23.20263110], [92.59346575, 23.19170887], [92.60517625, 23.18040078], [92.73017625, 23.05540078], [92.74605446, 23.03871165], [92.75669444, 23.02652779], [92.76686938, 23.01400703], [92.77656690, 23.00116462], [92.78577516, 22.98801620], [92.79448296, 22.97457779], [92.80267968, 22.96086578], [92.81035534, 22.94689685], [92.81750059, 22.93268804], [92.82410672, 22.91825664], [92.83016568, 22.90362026], [92.83567009, 22.88879671], [92.84061325, 22.87380406], [92.84498912, 22.85866057], [92.84879239, 22.84338470], [92.85201842, 22.82799505], [92.85466327, 22.81251038], [92.85672373, 22.79694954], [92.85819728, 22.78133151], [92.85908213, 22.76567530], [92.85937720, 22.75000000], [92.85937720, 22.67619983], [92.98017625, 22.55540078], [92.99605446, 22.53871165], [93.00669444, 22.52652779], [93.01686938, 22.51400703], [93.02656690, 22.50116462], [93.03577516, 22.48801620], [93.04448296, 22.47457779], [93.05267968, 22.46086578], [93.06035534, 22.44689685], [93.06750059, 22.43268804], [93.07410672, 22.41825664], [93.08016568, 22.40362026], [93.08567009, 22.38879671], [93.09061325, 22.37380406], [93.09498912, 22.35866057], [93.09879239, 22.34338470], [93.10201842, 22.32799505], [93.10449147, 22.31351621], [93.11028454, 22.31235864], [93.12667789, 22.30852321], [93.14291689, 22.30415959], [93.15898178, 22.29927312], [93.17485297, 22.29386973], [93.19051113, 22.28795601], [93.20593718, 22.28153918], [93.22111233, 22.27462703], [93.23601809, 22.26722800], [93.25063629, 22.25935110], [93.26494913, 22.25100593], [93.27893918, 22.24220266], [93.29258938, 22.23295200], [93.30588310, 22.22326524], [93.31880415, 22.21315416], [93.33133679, 22.20263110], [93.34346575, 22.19170887], [93.35517625, 22.18040078], [93.48017625, 22.05540078], [93.49605446, 22.03871165], [93.50669444, 22.02652779], [93.51686938, 22.01400703], [93.52656690, 22.00116462], [93.53577516, 21.98801620], [93.54448296, 21.97457779], [93.55267968, 21.96086578], [93.56035534, 21.94689685], [93.56750059, 21.93268804], [93.57410672, 21.91825664], [93.58016568, 21.90362026], [93.58567009, 21.88879671], [93.59061325, 21.87380406], [93.59498912, 21.85866057], [93.59879239, 21.84338470], [93.60201842, 21.82799505], [93.60466327, 21.81251038], [93.60672373, 21.79694954], [93.60819728, 21.78133151], [93.60908213, 21.76567530], [93.60937720, 21.75000000], [93.60937720, 21.67619983], [93.73017625, 21.55540078], [93.74605446, 21.53871165], [93.75669444, 21.52652779], [93.76686938, 21.51400703], [93.77656690, 21.50116462], [93.78577516, 21.48801620], [93.79448296, 21.47457779], [93.80267968, 21.46086578], [93.81035534, 21.44689685], [93.81750059, 21.43268804], [93.82410672, 21.41825664], [93.83016568, 21.40362026], [93.83567009, 21.38879671], [93.84061325, 21.37380406], [93.84498912, 21.35866057], [93.84879239, 21.34338470], [93.85201842, 21.32799505], [93.85466327, 21.31251038], [93.85672373, 21.29694954], [93.85819728, 21.28133151], [93.85908213, 21.26567530], [93.85937720, 21.25000000], [93.85937720, 21.17619983], [93.98017625, 21.05540078], [93.99605446, 21.03871165], [94.00669444, 21.02652779], [94.01686938, 21.01400703], [94.02656690, 21.00116462], [94.03577516, 20.98801620], [94.04448296, 20.97457779], [94.05267968, 20.96086578], [94.06035534, 20.94689685], [94.06750059, 20.93268804], [94.07410672, 20.91825664], [94.08016568, 20.90362026], [94.08567009, 20.88879671], [94.09061325, 20.87380406], [94.09498912, 20.85866057], [94.09879239, 20.84338470], [94.10201842, 20.82799505], [94.10449147, 20.81351621], [94.11028454, 20.81235864], [94.12667789, 20.80852321], [94.14291689, 20.80415959], [94.15898178, 20.79927312], [94.17485297, 20.79386973], [94.19051113, 20.78795601], [94.20593718, 20.78153918], [94.22111233, 20.77462703], [94.23601809, 20.76722800], [94.25063629, 20.75935110], [94.26494913, 20.75100593], [94.27893918, 20.74220266], [94.29258938, 20.73295200], [94.30588310, 20.72326524], [94.31880415, 20.71315416], [94.33133679, 20.70263110], [94.34346575, 20.69170887], [94.35517625, 20.68040078], [94.48017625, 20.55540078], [94.49605446, 20.53871165], [94.50669444, 20.52652779], [94.51686938, 20.51400703], [94.52656690, 20.50116462], [94.53577516, 20.48801620], [94.54448296, 20.47457779], [94.55267968, 20.46086578], [94.56035534, 20.44689685], [94.56750059, 20.43268804], [94.57410672, 20.41825664], [94.58016568, 20.40362026], [94.58567009, 20.38879671], [94.59061325, 20.37380406], [94.59498912, 20.35866057], [94.59879239, 20.34338470], [94.60201842, 20.32799505], [94.60466327, 20.31251038], [94.60672373, 20.29694954], [94.60819728, 20.28133151], [94.60908213, 20.26567530], [94.60937720, 20.25000000], [94.60937720, 20.17619983], [94.73017625, 20.05540078], [94.74605446, 20.03871165], [94.75669444, 20.02652779], [94.76686938, 20.01400703], [94.77656690, 20.00116462], [94.78577516, 19.98801620], [94.79448296, 19.97457779], [94.80267968, 19.96086578], [94.81035534, 19.94689685], [94.81750059, 19.93268804], [94.82410672, 19.91825664], [94.83016568, 19.90362026], [94.83567009, 19.88879671], [94.84061325, 19.87380406], [94.84498912, 19.85866057], [94.84879239, 19.84338470], [94.85201842, 19.82799505], [94.85466327, 19.81251038], [94.85672373, 19.79694954], [94.85819728, 19.78133151], [94.85908213, 19.76567530], [94.85937720, 19.75000000], [94.85937720, 19.42619983], [94.98017625, 19.30540078], [94.99605446, 19.28871165], [95.00669444, 19.27652779], [95.01686938, 19.26400703], [95.02656690, 19.25116462], [95.03577516, 19.23801620], [95.04448296, 19.22457779], [95.05267968, 19.21086578], [95.06035534, 19.19689685], [95.06750059, 19.18268804], [95.07410672, 19.16825664], [95.08016568, 19.15362026], [95.08567009, 19.13879671], [95.09061325, 19.12380406], [95.09498912, 19.10866057], [95.09879239, 19.09338470], [95.10201842, 19.07799505], [95.10466327, 19.06251038], [95.10672373, 19.04694954], [95.10819728, 19.03133151], [95.10908213, 19.01567530], [95.10937720, 19.00000000], [95.10937720, 18.92619983], [95.21279291, 18.82278412], [95.21621155, 18.82306147], [95.23309548, 18.82388197], [95.25000000, 18.82415559], [95.50000000, 18.82415559], [95.50981194, 18.82406343], [95.52670701, 18.82347234], [95.54356955, 18.82233485], [95.56037900, 18.82065236], [95.57711489, 18.81842691], [95.59375683, 18.81566121], [95.61028454, 18.81235864], [95.62667789, 18.80852321], [95.64291689, 18.80415959], [95.65898178, 18.79927312], [95.67485297, 18.79386973], [95.69051113, 18.78795601], [95.70593718, 18.78153918], [95.72111233, 18.77462703], [95.73601809, 18.76722800], [95.75063629, 18.75935110], [95.76494913, 18.75100593], [95.77893918, 18.74220266], [95.79258938, 18.73295200], [95.80588310, 18.72326524], [95.81880415, 18.71315416], [95.83133679, 18.70263110], [95.84346575, 18.69170887], [95.85517625, 18.68040078], [96.23017625, 18.30540078], [96.24605446, 18.28871165], [96.25669444, 18.27652779], [96.26686938, 18.26400703], [96.27656690, 18.25116462], [96.28577516, 18.23801620], [96.29448296, 18.22457779], [96.30267968, 18.21086578], [96.31035534, 18.19689685], [96.31750059, 18.18268804], [96.32410672, 18.16825664], [96.33016568, 18.15362026], [96.33567009, 18.13879671], [96.34061325, 18.12380406], [96.34498912, 18.10866057], [96.34879239, 18.09338470], [96.35201842, 18.07799505], [96.35466327, 18.06251038], [96.35672373, 18.04694954], [96.35819728, 18.03133151], [96.35908213, 18.01567530], [96.35937720, 18.00000000], [96.35937720, 17.50000000], [96.35878258, 17.47775122], [96.35765051, 17.46210871], [96.35593041, 17.44651236], [96.35362436, 17.43098119], [96.35073519, 17.41553410], [96.34726641, 17.40018992], [96.34322224, 17.38496735], [96.33860762, 17.36988492], [96.33342816, 17.35496102], [96.32769018, 17.34021383], [96.32140067, 17.32566131], [96.31456728, 17.31132119], [96.30719835, 17.29721096], [96.29930285, 17.28334778], [96.29089041, 17.26974857], [96.28197126, 17.25642988], [96.27255629, 17.24340795], [96.26265695, 17.23069863], [96.25228532, 17.21831742], [96.24145401, 17.20627939], [96.23017625, 17.19459922], [95.60517625, 16.56959922], [95.59843180, 16.56299031], [95.58647667, 16.55190451], [95.57411161, 16.54121235], [95.56135166, 16.53092686], [95.54821238, 16.52106057], [95.53470977, 16.51162550], [95.52086029, 16.50263314], [95.50668081, 16.49409446], [95.49218860, 16.48601985], [95.47740132, 16.47841916], [95.46233699, 16.47130163], [95.44701396, 16.46467595], [95.43145089, 16.45855019], [95.41566676, 16.45293181], [95.39968079, 16.44782765], [95.38351245, 16.44324394], [95.36718145, 16.43918625], [95.35070768, 16.43565954], [95.33411122, 16.43266810], [95.31741228, 16.43021556], [95.30063120, 16.42830493], [95.28378845, 16.42693853], [95.26690452, 16.42611803], [95.25000000, 16.42584441], [95.21142144, 16.42584441], [94.85517625, 16.06959922], [94.84843180, 16.06299031], [94.83647667, 16.05190451], [94.82411161, 16.04121235], [94.81135166, 16.03092686], [94.79821238, 16.02106057], [94.78470977, 16.01162550], [94.77086029, 16.00263314], [94.75668081, 15.99409446], [94.74218860, 15.98601985], [94.72740132, 15.97841916], [94.71233699, 15.97130163], [94.69701396, 15.96467595], [94.68145089, 15.95855019], [94.66566676, 15.95293181], [94.64968079, 15.94782765], [94.63351245, 15.94324394], [94.61718145, 15.93918625], [94.60070768, 15.93565954], [94.58411122, 15.93266810], [94.56741228, 15.93021556], [94.55063120, 15.92830493], [94.53378845, 15.92693853], [94.51690452, 15.92611803], [94.50000000, 15.92584441]]]}
    },
    {
      "type": "Feature",
      "properties": {"block_id": "ADC_NIO_05", "basin_id": "BASIN_NIO", "basin_label": "North Indian Ocean", "domain_count": 1, "grid_cell_count": 83, "outer_area_km2": 2397151.529757, "shelf_width_km": 250.000000, "outer_buffer_km": 430.000000, "shelf_add_area_km2": 0.000000, "shelf_add_cell_count": 0, "shelf_add_component_count": 0, "bay_add_area_km2": 1085262.014835, "bay_add_cell_count": 1676, "bay_add_core_cell_count": 1676, "bay_add_component_count": 3, "open_ocean_area_risk": 0},
      "geometry": {"type": "Polygon", "coordinates": [[[95.25000000, 14.92584441], [94.75000000, 14.92584441], [94.73172441, 14.92618566], [94.71538273, 14.92706998], [94.69908323, 14.92850004], [94.68284577, 14.93047409], [94.66669012, 14.93298973], [94.65063597, 14.93604389], [94.63470288, 14.93963285], [94.61891026, 14.94375223], [94.60327736, 14.94839703], [94.58782322, 14.95356157], [94.57256666, 14.95923958], [94.55752627, 14.96542412], [94.54272039, 14.97210767], [94.52816705, 14.97928208], [94.51388397, 14.98693861], [94.49988857, 14.99506794], [94.48619788, 15.00366015], [94.47282860, 15.01270478], [94.45979701, 15.02219082], [94.44711899, 15.03210670], [94.43480998, 15.04244034], [94.42288499, 15.05317915], [94.41135853, 15.06431006], [94.29982417, 15.17584441], [94.00000000, 15.17584441], [93.98172441, 15.17618566], [93.96538273, 15.17706998], [93.94908323, 15.17850004], [93.93284577, 15.18047409], [93.91669012, 15.18298973], [93.90063597, 15.18604389], [93.88470288, 15.18963285], [93.86891027, 15.19375223], [93.85327736, 15.19839703], [93.83782322, 15.20356157], [93.82256666, 15.20923958], [93.80752627, 15.21542412], [93.79272039, 15.22210767], [93.77816705, 15.22928208], [93.76388397, 15.23693861], [93.74988857, 15.24506794], [93.73619788, 15.25366015], [93.72282860, 15.26270478], [93.70979701, 15.27219082], [93.69711899, 15.28210670], [93.68480998, 15.29244034], [93.67288499, 15.30317915], [93.66135853, 15.31431006], [93.53635853, 15.43931006], [93.52652090, 15.44945625], [93.51578270, 15.46128835], [93.50548215, 15.47347221], [93.49563180, 15.48599297], [93.48624365, 15.49883538], [93.47732915, 15.51198380], [93.46889914, 15.52542221], [93.46096390, 15.53913422], [93.45353311, 15.55310315], [93.44661580, 15.56731196], [93.44022042, 15.58174336], [93.43435475, 15.59637974], [93.42902593, 15.61120329], [93.42424047, 15.62619594], [93.42000419, 15.64133943], [93.41632225, 15.65661530], [93.41319914, 15.67200495], [93.41063866, 15.68748962], [93.40864394, 15.70305046], [93.40721739, 15.71866849], [93.40636077, 15.73432470], [93.40607512, 15.75000000], [93.40607512, 16.50000000], [93.40629795, 16.51384523], [93.40708793, 16.52950465], [93.40844799, 16.54512813], [93.41037647, 16.56069662], [93.41287102, 16.57619116], [93.41592861, 16.59159288], [93.41954550, 16.60688300], [93.42371730, 16.62204291], [93.42843891, 16.63705412], [93.43370459, 16.65189835], [93.43950792, 16.66655752], [93.44584183, 16.68101377], [93.45269860, 16.69524947], [93.46006988, 16.70924730], [93.46794669, 16.72299019], [93.47631943, 16.73646140], [93.48517790, 16.74964452], [93.49451131, 16.76252348], [93.50430829, 16.77508260], [93.51455690, 16.78730658], [93.52524465, 16.79918051], [93.53635853, 16.81068994], [93.66135853, 16.93568994], [93.67425740, 16.94809549], [93.68622801, 16.95878765], [93.69858090, 16.96907314], [93.71130101, 16.97893943], [93.72437287, 16.98837450], [93.73778053, 16.99736686], [93.75150767, 17.00590554], [93.76553756, 17.01398015], [93.77985310, 17.02158084], [93.79443686, 17.02869837], [93.80927107, 17.03532405], [93.82433765, 17.04144981], [93.83961824, 17.04706819], [93.85509424, 17.05217235], [93.87074679, 17.05675606], [93.88655680, 17.06081375], [93.90250503, 17.06434046], [93.91857205, 17.06733190], [93.93473827, 17.06978444], [93.95098400, 17.07169507], [93.96728945, 17.07306147], [93.98363476, 17.07388197], [94.00000000, 17.07415559], [94.04982417, 17.07415559], [94.41135853, 17.43568994], [94.42425740, 17.44809549], [94.43622801, 17.45878765], [94.44858090, 17.46907314], [94.46130101, 17.47893943], [94.47437287, 17.48837450], [94.48778053, 17.49736686], [94.50150767, 17.50590554], [94.51553756, 17.51398015], [94.52985310, 17.52158084], [94.54443686, 17.52869837], [94.55927107, 17.53532405], [94.57433765, 17.54144981], [94.58961824, 17.54706819], [94.60509424, 17.55217235], [94.62074679, 17.55675606], [94.63655680, 17.56081375], [94.65250503, 17.56434046], [94.66857205, 17.56733190], [94.68473827, 17.56978444], [94.70098400, 17.57169507], [94.71728945, 17.57306147], [94.73363476, 17.57388197], [94.75000000, 17.57415559], [94.79982417, 17.57415559], [95.41135853, 18.18568994], [95.42425740, 18.19809549], [95.43622801, 18.20878765], [95.44858090, 18.21907314], [95.46130101, 18.22893943], [95.47437287, 18.23837450], [95.48778053, 18.24736686], [95.50150767, 18.25590554], [95.51553756, 18.26398015], [95.52985310, 18.27158084], [95.54443686, 18.27869837], [95.55927107, 18.28532405], [95.57433765, 18.29144981], [95.58961824, 18.29706819], [95.60509424, 18.30217235], [95.62074679, 18.30675606], [95.63655680, 18.31081375], [95.65250503, 18.31434046], [95.66857205, 18.31733190], [95.68473827, 18.31978444], [95.70098400, 18.32169507], [95.71728945, 18.32306147], [95.73363476, 18.32388197], [95.75000000, 18.32415559], [96.00000000, 18.32415559], [96.01827559, 18.32381434], [96.03461727, 18.32293002], [96.04747087, 18.32180229], [96.41135853, 18.68568994], [96.42425740, 18.69809549], [96.43622801, 18.70878765], [96.44858090, 18.71907314], [96.46130101, 18.72893943], [96.47437287, 18.73837450], [96.48778053, 18.74736686], [96.50150767, 18.75590554], [96.51553756, 18.76398015], [96.52985310, 18.77158084], [96.54443686, 18.77869837], [96.55927107, 18.78532405], [96.57433765, 18.79144981], [96.58961824, 18.79706819], [96.60509424, 18.80217235], [96.62074679, 18.80675606], [96.63655680, 18.81081375], [96.65250503, 18.81434046], [96.66857205, 18.81733190], [96.68473827, 18.81978444], [96.70098400, 18.82169507], [96.71728945, 18.82306147], [96.73363476, 18.82388197], [96.75000000, 18.82415559], [97.00000000, 18.82415559], [97.01827559, 18.82381434], [97.03461727, 18.82293002], [97.05091677, 18.82149996], [97.06715423, 18.81952591], [97.08330988, 18.81701027], [97.09936403, 18.81395611], [97.11529712, 18.81036715], [97.13108973, 18.80624777], [97.14672264, 18.80160297], [97.16217678, 18.79643843], [97.17743334, 18.79076042], [97.19247373, 18.78457588], [97.20727961, 18.77789233], [97.22183295, 18.77071792], [97.23611603, 18.76306139], [97.25011143, 18.75493206], [97.26380212, 18.74633985], [97.27717140, 18.73729522], [97.29020299, 18.72780918], [97.30288101, 18.71789330], [97.31519002, 18.70755966], [97.32711501, 18.69682085], [97.33864147, 18.68568994], [97.46364147, 18.56068994], [97.47347910, 18.55054375], [97.48421730, 18.53871165], [97.49451785, 18.52652779], [97.50436820, 18.51400703], [97.51375635, 18.50116462], [97.52267085, 18.48801620], [97.53110086, 18.47457779], [97.53903610, 18.46086578], [97.54646689, 18.44689685], [97.55338420, 18.43268804], [97.55977958, 18.41825664], [97.56564525, 18.40362026], [97.57097407, 18.38879671], [97.57575953, 18.37380406], [97.57999581, 18.35866057], [97.58367775, 18.34338470], [97.58680086, 18.32799505], [97.58936134, 18.31251038], [97.59135606, 18.29694954], [97.59278261, 18.28133151], [97.59363923, 18.26567530], [97.59392488, 18.25000000], [97.59392488, 18.06499086], [97.59936403, 18.06395611], [97.61529712, 18.06036715], [97.63108973, 18.05624777], [97.64672264, 18.05160297], [97.66217678, 18.04643843], [97.67743334, 18.04076042], [97.69247373, 18.03457588], [97.70727961, 18.02789233], [97.72183295, 18.02071792], [97.73611603, 18.01306139], [97.75011143, 18.00493206], [97.76380212, 17.99633985], [97.77717140, 17.98729522], [97.79020299, 17.97780918], [97.80288101, 17.96789330], [97.81519002, 17.95755966], [97.82711501, 17.94682085], [97.83864147, 17.93568994], [97.95017583, 17.82415559], [98.25000000, 17.82415559], [98.26827559, 17.82381434], [98.28461727, 17.82293002], [98.30091677, 17.82149996], [98.31715423, 17.81952591], [98.33330988, 17.81701027], [98.34936403, 17.81395611], [98.36529712, 17.81036715], [98.38108974, 17.80624777], [98.39672264, 17.80160297], [98.41217678, 17.79643843], [98.42743334, 17.79076042], [98.44247373, 17.78457588], [98.45727961, 17.77789233], [98.47183295, 17.77071792], [98.48611603, 17.76306139], [98.50011143, 17.75493206], [98.51380212, 17.74633985], [98.52717140, 17.73729522], [98.54020299, 17.72780918], [98.55288101, 17.71789330], [98.56519002, 17.70755966], [98.57711501, 17.69682085], [98.58864147, 17.68568994], [98.71364147, 17.56068994], [98.72347910, 17.55054375], [98.73421730, 17.53871165], [98.74451785, 17.52652779], [98.75436820, 17.51400703], [98.76375635, 17.50116462], [98.77267085, 17.48801620], [98.78110086, 17.47457779], [98.78903610, 17.46086578], [98.79646689, 17.44689685], [98.80338420, 17.43268804], [98.80977958, 17.41825664], [98.81564525, 17.40362026], [98.82097407, 17.38879671], [98.82575953, 17.37380406], [98.82999581, 17.35866057], [98.83367775, 17.34338470], [98.83680086, 17.32799505], [98.83936134, 17.31251038], [98.84135606, 17.29694954], [98.84278261, 17.28133151], [98.84363923, 17.26567530], [98.84392488, 17.25000000], [98.84392488, 16.75000000], [98.84370205, 16.73615477], [98.84291207, 16.72049535], [98.84155201, 16.70487187], [98.83962353, 16.68930338], [98.83712898, 16.67380884], [98.83407139, 16.65840712], [98.83045450, 16.64311700], [98.82628270, 16.62795709], [98.82156109, 16.61294588], [98.81629541, 16.59810165], [98.81049208, 16.58344248], [98.80415817, 16.56898623], [98.79730140, 16.55475053], [98.78993012, 16.54075270], [98.78205331, 16.52700981], [98.77368057, 16.51353860], [98.76482210, 16.50035548], [98.75548869, 16.48747652], [98.74569171, 16.47491740], [98.73544310, 16.46269342], [98.72475535, 16.45081949], [98.71364147, 16.43931006], [98.08864147, 15.81431006], [98.07574260, 15.80190451], [98.06377199, 15.79121235], [98.05141910, 15.78092686], [98.03869899, 15.77106057], [98.02562713, 15.76162550], [98.01221947, 15.75263314], [97.99849233, 15.74409446], [97.98446244, 15.73601985], [97.97014690, 15.72841916], [97.95556314, 15.72130163], [97.94072893, 15.71467595], [97.92566235, 15.70855019], [97.91038176, 15.70293181], [97.89490576, 15.69782765], [97.87925321, 15.69324394], [97.86344320, 15.68918625], [97.84749497, 15.68565954], [97.83142795, 15.68266810], [97.81526173, 15.68021556], [97.79901600, 15.67830493], [97.78271055, 15.67693853], [97.76636524, 15.67611803], [97.75000000, 15.67584441], [97.25000000, 15.67584441], [97.23172441, 15.67618566], [97.21538273, 15.67706998], [97.19908323, 15.67850004], [97.18284577, 15.68047409], [97.16669012, 15.68298973], [97.15063597, 15.68604389], [97.13470288, 15.68963285], [97.11891026, 15.69375223], [97.10327736, 15.69839703], [97.08782322, 15.70356157], [97.07256666, 15.70923958], [97.05752627, 15.71542412], [97.04272039, 15.72210767], [97.02816705, 15.72928208], [97.01388397, 15.73693861], [96.99997584, 15.74501724], [96.99849233, 15.74409446], [96.98446244, 15.73601985], [96.97014690, 15.72841916], [96.95556314, 15.72130163], [96.94072893, 15.71467595], [96.92566235, 15.70855019], [96.91038176, 15.70293181], [96.89490576, 15.69782765], [96.87925321, 15.69324394], [96.86344320, 15.68918625], [96.84749497, 15.68565954], [96.83142795, 15.68266810], [96.81526173, 15.68021556], [96.79901600, 15.67830493], [96.78271055, 15.67693853], [96.76636524, 15.67611803], [96.75000000, 15.67584441], [96.70017583, 15.67584441], [96.58864147, 15.56431006], [96.57574260, 15.55190451], [96.56377199, 15.54121235], [96.55141910, 15.53092686], [96.53869899, 15.52106057], [96.52562713, 15.51162550], [96.51221947, 15.50263314], [96.49849233, 15.49409446], [96.48446244, 15.48601985], [96.47014690, 15.47841916], [96.45556314, 15.47130163], [96.44072893, 15.46467595], [96.42566235, 15.45855019], [96.41038176, 15.45293181], [96.39490576, 15.44782765], [96.37925321, 15.44324394], [96.36344320, 15.43918625], [96.34749497, 15.43565954], [96.33142795, 15.43266810], [96.31526173, 15.43021556], [96.29901600, 15.42830493], [96.28271055, 15.42693853], [96.26636524, 15.42611803], [96.25000000, 15.42584441], [96.20017583, 15.42584441], [96.08864147, 15.31431006], [96.07574260, 15.30190451], [96.06377199, 15.29121235], [96.05141910, 15.28092686], [96.03869899, 15.27106057], [96.02562713, 15.26162550], [96.01221947, 15.25263314], [95.99849233, 15.24409446], [95.98446244, 15.23601985], [95.97014690, 15.22841916], [95.95556314, 15.22130163], [95.94072893, 15.21467595], [95.92566235, 15.20855019], [95.91038176, 15.20293181], [95.89490576, 15.19782765], [95.87925321, 15.19324394], [95.86344320, 15.18918625], [95.84749497, 15.18565954], [95.83142795, 15.18266810], [95.81526173, 15.18021556], [95.79901600, 15.17830493], [95.78271055, 15.17693853], [95.76636524, 15.17611803], [95.75000000, 15.17584441], [95.70017583, 15.17584441], [95.58864147, 15.06431006], [95.57574260, 15.05190451], [95.56377199, 15.04121235], [95.55141910, 15.03092686], [95.53869899, 15.02106057], [95.52562713, 15.01162550], [95.51221947, 15.00263314], [95.49849233, 14.99409446], [95.48446244, 14.98601985], [95.47014690, 14.97841916], [95.45556314, 14.97130163], [95.44072893, 14.96467595], [95.42566235, 14.95855019], [95.41038176, 14.95293181], [95.39490576, 14.94782765], [95.37925321, 14.94324394], [95.36344320, 14.93918625], [95.34749497, 14.93565954], [95.33142795, 14.93266810], [95.31526173, 14.93021556], [95.29901600, 14.92830493], [95.28271055, 14.92693853], [95.26636524, 14.92611803], [95.25000000, 14.92584441]]]}
    },
    {
      "type": "Feature",
      "properties": {"block_id": "ADC_SIO_01", "basin_id": "BASIN_SIO", "basin_label": "South Indian Ocean", "domain_count": 3, "grid_cell_count": 128, "outer_area_km2": 3376514.859450, "shelf_width_km": 250.000000, "outer_buffer_km": 430.000000, "shelf_add_area_km2": 0.000000, "shelf_add_cell_count": 0, "shelf_add_component_count": 0, "bay_add_area_km2": 639765.939668, "bay_add_cell_count": 533, "bay_add_core_cell_count": 533, "bay_add_component_count": 2, "open_ocean_area_risk": 0},
      "geometry": {"type": "Polygon", "coordinates": [[[35.50000000, -24.32415559], [35.25000000, -24.32415559], [35.22932606, -24.32372701], [35.21283426, -24.32276904], [35.19638775, -24.32126554], [35.18000656, -24.31921833], [35.16371064, -24.31662992], [35.14751985, -24.31350344], [35.13145392, -24.30984271], [35.11553242, -24.30565220], [35.09977475, -24.30093700], [35.08420010, -24.29570286], [35.06882745, -24.28995616], [35.05367554, -24.28370390], [35.03876282, -24.27695370], [35.02410745, -24.26971378], [35.00972730, -24.26199296], [34.99563989, -24.25380065], [34.98186238, -24.24514683], [34.96841155, -24.23604205], [34.95530379, -24.22649739], [34.94255507, -24.21652448], [34.93018093, -24.20613548], [34.91819644, -24.19534304], [34.90661620, -24.18416031], [34.78161620, -24.05916031], [34.77322231, -24.05054375], [34.76238246, -24.03871165], [34.75198441, -24.02652779], [34.74204082, -24.01400703], [34.73256381, -24.00116462], [34.72356492, -23.98801620], [34.71505512, -23.97457779], [34.70704477, -23.96086578], [34.69954364, -23.94689685], [34.69256086, -23.93268804], [34.68610493, -23.91825664], [34.68018374, -23.90362026], [34.67480449, -23.88879671], [34.66997373, -23.87380406], [34.66569735, -23.85866057], [34.66198055, -23.84338470], [34.65882788, -23.82799505], [34.65624317, -23.81251038], [34.65422956, -23.79694954], [34.65278951, -23.78133151], [34.65192478, -23.76567530], [34.65163642, -23.75000000], [34.65163642, -22.17918054], [34.28161620, -21.80916031], [34.27322231, -21.80054375], [34.26238246, -21.78871165], [34.25198441, -21.77652779], [34.24204082, -21.76400703], [34.23256381, -21.75116462], [34.22356492, -21.73801620], [34.21505512, -21.72457779], [34.20704477, -21.71086578], [34.19954364, -21.69689685], [34.19256086, -21.68268804], [34.18610493, -21.66825664], [34.18018374, -21.65362026], [34.17480449, -21.63879671], [34.16997373, -21.62380406], [34.16569735, -21.60866057], [34.16198055, -21.59338470], [34.15882788, -21.57799505], [34.15624317, -21.56251038], [34.15422956, -21.54694954], [34.15278951, -21.53133151], [34.15192478, -21.51567530], [34.15163642, -21.50000000], [34.15163642, -21.17918053], [33.78161620, -20.80916031], [33.77322231, -20.80054375], [33.76238246, -20.78871165], [33.75198441, -20.77652779], [33.74204082, -20.76400703], [33.73256381, -20.75116462], [33.72356492, -20.73801620], [33.71505512, -20.72457779], [33.70704477, -20.71086578], [33.69954364, -20.69689685], [33.69256086, -20.68268804], [33.68610493, -20.66825664], [33.68018374, -20.65362026], [33.67480449, -20.63879671], [33.66997373, -20.62380406], [33.66569735, -20.60866057], [33.66198055, -20.59338470], [33.65882788, -20.57799505], [33.65624317, -20.56251038], [33.65422956, -20.54694954], [33.65278951, -20.53133151], [33.65192478, -20.51567530], [33.65163642, -20.50000000], [33.65163642, -19.25000000], [33.65179795, -19.23826727], [33.65251775, -19.22260446], [33.65381319, -19.20697503], [33.65568270, -19.19139802], [33.65812401, -19.17589241], [33.66113413, -19.16047708], [33.66470940, -19.14517083], [33.66884546, -19.12999229], [33.67353727, -19.11495996], [33.67877913, -19.10009216], [33.68456463, -19.08540700], [33.69088674, -19.07092237], [33.69773775, -19.05665592], [33.70510931, -19.04262503], [33.71299244, -19.02884679], [33.72137755, -19.01533800], [33.73025440, -19.00211510], [33.73961219, -18.98919421], [33.74943951, -18.97659108], [33.75972440, -18.96432105], [33.77045432, -18.95239908], [33.78161620, -18.94083969], [33.90661620, -18.81583969], [33.92117403, -18.80190451], [33.93325794, -18.79121235], [33.94572776, -18.78092686], [33.95856828, -18.77106057], [33.97176387, -18.76162550], [33.98529845, -18.75263314], [33.99915552, -18.74409446], [34.01331821, -18.73601985], [34.02776926, -18.72841916], [34.04249107, -18.72130163], [34.05746569, -18.71467595], [34.07267488, -18.70855019], [34.08810012, -18.70293181], [34.10372261, -18.69782765], [34.11952332, -18.69324394], [34.13548299, -18.68918625], [34.15158218, -18.68565954], [34.16780128, -18.68266810], [34.18412052, -18.68021556], [34.20052003, -18.67830493], [34.21697983, -18.67693853], [34.23347985, -18.67611803], [34.25000000, -18.67584441], [34.90163642, -18.67584441], [34.90163642, -18.25000000], [34.90179795, -18.23826727], [34.90251775, -18.22260446], [34.90381319, -18.20697503], [34.90568270, -18.19139802], [34.90812401, -18.17589241], [34.91113413, -18.16047708], [34.91470940, -18.14517083], [34.91884546, -18.12999229], [34.92353727, -18.11495996], [34.92877913, -18.10009216], [34.93456463, -18.08540700], [34.94088674, -18.07092237], [34.94773775, -18.05665592], [34.95510931, -18.04262503], [34.96299244, -18.02884679], [34.97137755, -18.01533800], [34.98025440, -18.00211510], [34.98961219, -17.98919421], [34.99943951, -17.97659108], [35.00972440, -17.96432105], [35.02045432, -17.95239908], [35.03161620, -17.94083969], [35.65661620, -17.31583969], [35.67117403, -17.30190451], [35.68325794, -17.29121235], [35.69572776, -17.28092686], [35.70856828, -17.27106057], [35.72176387, -17.26162550], [35.73529845, -17.25263314], [35.74915552, -17.24409446], [35.76331821, -17.23601985], [35.77776926, -17.22841916], [35.79249107, -17.22130163], [35.80746569, -17.21467595], [35.82267488, -17.20855019], [35.83810012, -17.20293181], [35.85372261, -17.19782765], [35.86952332, -17.19324394], [35.88548299, -17.18918625], [35.90158218, -17.18565954], [35.91780128, -17.18266810], [35.93412052, -17.18021556], [35.95052003, -17.17830493], [35.96697983, -17.17693853], [35.98347985, -17.17611803], [36.00000000, -17.17584441], [36.04661148, -17.17584441], [36.40661620, -16.81583969], [36.42117403, -16.80190451], [36.43325794, -16.79121235], [36.44572776, -16.78092686], [36.45856828, -16.77106057], [36.47176387, -16.76162550], [36.48529845, -16.75263314], [36.49915552, -16.74409446], [36.51331821, -16.73601985], [36.52776926, -16.72841916], [36.54249107, -16.72130163], [36.55746569, -16.71467595], [36.57267488, -16.70855019], [36.58810012, -16.70293181], [36.60372261, -16.69782765], [36.61952332, -16.69324394], [36.63548299, -16.68918625], [36.65158218, -16.68565954], [36.66780128, -16.68266810], [36.68412052, -16.68021556], [36.70052003, -16.67830493], [36.71697983, -16.67693853], [36.73347985, -16.67611803], [36.75000000, -16.67584441], [37.04661148, -16.67584441], [37.15661620, -16.56583969], [37.17117403, -16.55190451], [37.18325794, -16.54121235], [37.19572776, -16.53092686], [37.20856828, -16.52106057], [37.22176387, -16.51162550], [37.23529845, -16.50263314], [37.24915552, -16.49409446], [37.26331821, -16.48601985], [37.27776926, -16.47841916], [37.29249107, -16.47130163], [37.30746569, -16.46467595], [37.32267488, -16.45855019], [37.33810012, -16.45293181], [37.35372261, -16.44782765], [37.36952332, -16.44324394], [37.38548299, -16.43918625], [37.40158218, -16.43565954], [37.41780128, -16.43266810], [37.43412052, -16.43021556], [37.45052003, -16.42830493], [37.46697983, -16.42693853], [37.48347985, -16.42611803], [37.50000000, -16.42584441], [37.79661148, -16.42584441], [37.90661620, -16.31583969], [37.92117403, -16.30190451], [37.93325794, -16.29121235], [37.94572776, -16.28092686], [37.95856828, -16.27106057], [37.97176387, -16.26162550], [37.98529845, -16.25263314], [37.99915552, -16.24409446], [38.01331821, -16.23601985], [38.02776926, -16.22841916], [38.04249107, -16.22130163], [38.05746569, -16.21467595], [38.07267488, -16.20855019], [38.08810012, -16.20293181], [38.10372261, -16.19782765], [38.11952332, -16.19324394], [38.13548299, -16.18918625], [38.15158218, -16.18565954], [38.16780128, -16.18266810], [38.18412052, -16.18021556], [38.20052003, -16.17830493], [38.21697983, -16.17693853], [38.23347985, -16.17611803], [38.25000000, -16.17584441], [38.54661148, -16.17584441], [38.65661620, -16.06583969], [38.67117403, -16.05190451], [38.68325794, -16.04121235], [38.69572776, -16.03092686], [38.70856828, -16.02106057], [38.72176387, -16.01162550], [38.73529845, -16.00263314], [38.74915552, -15.99409446], [38.76331821, -15.98601985], [38.77776926, -15.97841916], [38.79249107, -15.97130163], [38.80746569, -15.96467595], [38.82267488, -15.95855019], [38.83810012, -15.95293181], [38.85372261, -15.94782765], [38.86952332, -15.94324394], [38.88548299, -15.93918625], [38.90158218, -15.93565954], [38.90673587, -15.93470900], [38.90812401, -15.92589241], [38.91113413, -15.91047708], [38.91470940, -15.89517083], [38.91884546, -15.87999229], [38.92353727, -15.86495996], [38.92877913, -15.85009216], [38.93456463, -15.83540700], [38.94088674, -15.82092237], [38.94773775, -15.80665592], [38.95510931, -15.79262503], [38.96299244, -15.77884679], [38.97137755, -15.76533800], [38.98025440, -15.75211510], [38.98961219, -15.73919421], [38.99943951, -15.72659108], [39.00972440, -15.71432105], [39.02045432, -15.70239908], [39.03161620, -15.69083969], [39.40661620, -15.31583969], [39.42117403, -15.30190451], [39.43325794, -15.29121235], [39.44572776, -15.28092686], [39.45856828, -15.27106057], [39.47176387, -15.26162550], [39.48529845, -15.25263314], [39.49915552, -15.24409446], [39.51331821, -15.23601985], [39.52776926, -15.22841916], [39.54249107, -15.22130163], [39.55746569, -15.21467595], [39.57267488, -15.20855019], [39.58810012, -15.20293181], [39.60372261, -15.19782765], [39.61952332, -15.19324394], [39.63548299, -15.18918625], [39.65158218, -15.18565954], [39.65163642, -15.18564953], [39.65163642, -15.00000000], [39.65179795, -14.98826727], [39.65251775, -14.97260446], [39.65381319, -14.95697503], [39.65568270, -14.94139802], [39.65812401, -14.92589241], [39.66113413, -14.91047708], [39.66470940, -14.89517083], [39.66884546, -14.87999229], [39.67353727, -14.86495996], [39.67877913, -14.85009216], [39.68456463, -14.83540700], [39.69088674, -14.82092237], [39.69773775, -14.80665592], [39.70510931, -14.79262503], [39.71299244, -14.77884679], [39.72137755, -14.76533800], [39.73025440, -14.75211510], [39.73961219, -14.73919421], [39.74943951, -14.72659108], [39.75972440, -14.71432105], [39.77045432, -14.70239908], [39.78161620, -14.69083969], [39.90163642, -14.57081946], [39.90163642, -14.17918054], [39.78161620, -14.05916031], [39.77322231, -14.05054375], [39.76238246, -14.03871165], [39.75198441, -14.02652779], [39.74204082, -14.01400703], [39.73256381, -14.00116462], [39.72356492, -13.98801620], [39.71505512, -13.97457779], [39.70704477, -13.96086578], [39.69954364, -13.94689685], [39.69256086, -13.93268804], [39.68610493, -13.91825664], [39.68018374, -13.90362026], [39.67480449, -13.88879671], [39.66997373, -13.87380406], [39.66569735, -13.85866057], [39.66198055, -13.84338470], [39.65882788, -13.82799505], [39.65624317, -13.81251038], [39.65422956, -13.79694954], [39.65278951, -13.78133151], [39.65192478, -13.76567530], [39.65163642, -13.75000000], [39.65163642, -12.75000000], [39.65179795, -12.73826727], [39.65251775, -12.72260446], [39.65381319, -12.70697503], [39.65568270, -12.69139802], [39.65812401, -12.67589241], [39.66113413, -12.66047708], [39.66470940, -12.64517083], [39.66884546, -12.62999229], [39.67353727, -12.61495996], [39.67877913, -12.60009216], [39.68456463, -12.58540700], [39.69088674, -12.57092237], [39.69773775, -12.55665592], [39.70510931, -12.54262503], [39.71299244, -12.52884679], [39.72137755, -12.51533800], [39.73025440, -12.50211510], [39.73961219, -12.48919421], [39.74943951, -12.47659108], [39.75972440, -12.46432105], [39.77045432, -12.45239908], [39.78161620, -12.44083969], [39.90661620, -12.31583969], [39.92117403, -12.30190451], [39.93325794, -12.29121235], [39.94572776, -12.28092686], [39.95856828, -12.27106057], [39.97176387, -12.26162550], [39.98529845, -12.25263314], [39.99915552, -12.24409446], [40.01331821, -12.23601985], [40.02776926, -12.22841916], [40.04249107, -12.22130163], [40.05746569, -12.21467595], [40.07267488, -12.20855019], [40.08810012, -12.20293181], [40.10372261, -12.19782765], [40.11952332, -12.19324394], [40.13548299, -12.18918625], [40.15158218, -12.18565954], [40.16780128, -12.18266810], [40.18412052, -12.18021556], [40.20052003, -12.17830493], [40.21697983, -12.17693853], [40.23347985, -12.17611803], [40.25000000, -12.17584441], [40.75000000, -12.17584441], [40.77067394, -12.17627299], [40.78716574, -12.17723096], [40.80361225, -12.17873446], [40.81999344, -12.18078167], [40.83628936, -12.18337008], [40.85248015, -12.18649656], [40.86854608, -12.19015729], [40.88446758, -12.19434780], [40.90022525, -12.19906300], [40.91579990, -12.20429714], [40.93117255, -12.21004384], [40.94632446, -12.21629610], [40.96123718, -12.22304630], [40.97589255, -12.23028622], [40.99027270, -12.23800704], [41.00436011, -12.24619935], [41.01813762, -12.25485317], [41.03158845, -12.26395795], [41.04469621, -12.27350261], [41.05744493, -12.28347552], [41.06981907, -12.29386452], [41.08180356, -12.30465696], [41.09338380, -12.31583969], [41.21838380, -12.44083969], [41.22677769, -12.44945625], [41.23761754, -12.46128835], [41.24801559, -12.47347221], [41.25795918, -12.48599297], [41.26743619, -12.49883538], [41.27643508, -12.51198380], [41.28494488, -12.52542221], [41.29295523, -12.53913422], [41.30045636, -12.55310315], [41.30743914, -12.56731196], [41.31389507, -12.58174336], [41.31981626, -12.59637974], [41.32519551, -12.61120329], [41.33002627, -12.62619594], [41.33430265, -12.64133943], [41.33801945, -12.65661530], [41.34117212, -12.67200495], [41.34375683, -12.68748962], [41.34577044, -12.70305046], [41.34721049, -12.71866849], [41.34807522, -12.73432470], [41.34836358, -12.75000000], [41.34836358, -13.82081947], [41.46838380, -13.94083969], [41.47677769, -13.94945625], [41.48761754, -13.96128835], [41.49801559, -13.97347221], [41.50795918, -13.98599297], [41.51743619, -13.99883538], [41.52643508, -14.01198380], [41.53494488, -14.02542221], [41.54295523, -14.03913422], [41.55045636, -14.05310315], [41.55743914, -14.06731196], [41.56389507, -14.08174336], [41.56981626, -14.09637974], [41.57519551, -14.11120329], [41.58002627, -14.12619594], [41.58430265, -14.14133943], [41.58801945, -14.15661530], [41.59117212, -14.17200495], [41.59375683, -14.18748962], [41.59577044, -14.20305046], [41.59721049, -14.21866849], [41.59807522, -14.23432470], [41.59836358, -14.25000000], [41.59836358, -15.25000000], [41.59820205, -15.26173273], [41.59748225, -15.27739554], [41.59618681, -15.29302497], [41.59431730, -15.30860198], [41.59187599, -15.32410759], [41.58886587, -15.33952292], [41.58529060, -15.35482917], [41.58115454, -15.37000771], [41.57646273, -15.38504004], [41.57122087, -15.39990784], [41.56543537, -15.41459300], [41.55911326, -15.42907763], [41.55226225, -15.44334408], [41.54489069, -15.45737497], [41.53700756, -15.47115321], [41.52862245, -15.48466200], [41.51974560, -15.49788490], [41.51038781, -15.51080579], [41.50056049, -15.52340892], [41.49027560, -15.53567895], [41.47954568, -15.54760092], [41.46838380, -15.55916031], [41.34836358, -15.67918054], [41.34836358, -15.75000000], [41.34820205, -15.76173273], [41.34748225, -15.77739554], [41.34618681, -15.79302497], [41.34431730, -15.80860198], [41.34187599, -15.82410759], [41.33886587, -15.83952292], [41.33529060, -15.85482917], [41.33115454, -15.87000771], [41.32646273, -15.88504004], [41.32122087, -15.89990784], [41.31543537, -15.91459300], [41.30911326, -15.92907763], [41.30226225, -15.94334408], [41.29489069, -15.95737497], [41.28700756, -15.97115321], [41.27862245, -15.98466200], [41.26974560, -15.99788490], [41.26038781, -16.01080579], [41.25056049, -16.02340892], [41.24027560, -16.03567895], [41.22954568, -16.04760092], [41.21838380, -16.05916031], [40.59836358, -16.67918053], [40.59836358, -16.75000000], [40.59820205, -16.76173273], [40.59748225, -16.77739554], [40.59618681, -16.79302497], [40.59431730, -16.80860198], [40.59187599, -16.82410759], [40.58886587, -16.83952292], [40.58529060, -16.85482917], [40.58115454, -16.87000771], [40.57646273, -16.88504004], [40.57122087, -16.89990784], [40.56543537, -16.91459300], [40.55911326, -16.92907763], [40.55226225, -16.94334408], [40.54489069, -16.95737497], [40.53700756, -16.97115321], [40.52862245, -16.98466200], [40.51974560, -16.99788490], [40.51038781, -17.01080579], [40.50056049, -17.02340892], [40.49027560, -17.03567895], [40.47954568, -17.04760092], [40.46838380, -17.05916031], [40.34338380, -17.18416031], [40.32882597, -17.19809549], [40.31674206, -17.20878765], [40.30427224, -17.21907314], [40.29143172, -17.22893943], [40.27823613, -17.23837450], [40.26470155, -17.24736686], [40.25084448, -17.25590554], [40.23668179, -17.26398015], [40.22223074, -17.27158084], [40.20750893, -17.27869837], [40.19253431, -17.28532405], [40.17732512, -17.29144981], [40.16189988, -17.29706819], [40.14627739, -17.30217235], [40.13047668, -17.30675606], [40.11451701, -17.31081375], [40.09841782, -17.31434046], [40.08219872, -17.31733190], [40.06587948, -17.31978444], [40.04947997, -17.32169507], [40.03302017, -17.32306147], [40.01652015, -17.32388197], [40.00000000, -17.32415559], [39.95338852, -17.32415559], [39.59338380, -17.68416031], [39.57882597, -17.69809549], [39.56674206, -17.70878765], [39.55427224, -17.71907314], [39.54143172, -17.72893943], [39.52823613, -17.73837450], [39.51470155, -17.74736686], [39.50084448, -17.75590554], [39.48668179, -17.76398015], [39.47223074, -17.77158084], [39.45750893, -17.77869837], [39.44253431, -17.78532405], [39.42732512, -17.79144981], [39.41189988, -17.79706819], [39.39627739, -17.80217235], [39.38047668, -17.80675606], [39.36451701, -17.81081375], [39.34841782, -17.81434046], [39.33219872, -17.81733190], [39.31587948, -17.81978444], [39.29947997, -17.82169507], [39.28302017, -17.82306147], [39.26652015, -17.82388197], [39.25000000, -17.82415559], [38.70338852, -17.82415559], [38.59338380, -17.93416031], [38.57882597, -17.94809549], [38.56674206, -17.95878765], [38.55427224, -17.96907314], [38.54143172, -17.97893943], [38.52823613, -17.98837450], [38.51470155, -17.99736686], [38.50084448, -18.00590554], [38.48668179, -18.01398015], [38.47223074, -18.02158084], [38.45750893, -18.02869837], [38.44253431, -18.03532405], [38.42732512, -18.04144981], [38.41189988, -18.04706819], [38.39627739, -18.05217235], [38.38047668, -18.05675606], [38.36451701, -18.06081375], [38.34841782, -18.06434046], [38.33219872, -18.06733190], [38.31587948, -18.06978444], [38.29947997, -18.07169507], [38.28302017, -18.07306147], [38.26652015, -18.07388197], [38.25000000, -18.07415559], [38.20338852, -18.07415559], [38.09338380, -18.18416031], [38.07882597, -18.19809549], [38.06674206, -18.20878765], [38.05427224, -18.21907314], [38.04143172, -18.22893943], [38.02823613, -18.23837450], [38.01470155, -18.24736686], [38.00084448, -18.25590554], [37.98668179, -18.26398015], [37.97223074, -18.27158084], [37.95750893, -18.27869837], [37.94253431, -18.28532405], [37.92732512, -18.29144981], [37.91189988, -18.29706819], [37.89627739, -18.30217235], [37.88047668, -18.30675606], [37.86451701, -18.31081375], [37.84841782, -18.31434046], [37.83219872, -18.31733190], [37.81587948, -18.31978444], [37.79947997, -18.32169507], [37.78302017, -18.32306147], [37.76652015, -18.32388197], [37.75000000, -18.32415559], [37.70338852, -18.32415559], [37.59836358, -18.42918053], [37.59836358, -18.50000000], [37.59820205, -18.51173273], [37.59748225, -18.52739554], [37.59618681, -18.54302497], [37.59431730, -18.55860198], [37.59187599, -18.57410759], [37.58886587, -18.58952292], [37.58529060, -18.60482917], [37.58115454, -18.62000771], [37.57646273, -18.63504004], [37.57122087, -18.64990784], [37.56543537, -18.66459300], [37.55911326, -18.67907763], [37.55226225, -18.69334408], [37.54489069, -18.70737497], [37.53700756, -18.72115321], [37.52862245, -18.73466200], [37.51974560, -18.74788490], [37.51038781, -18.76080579], [37.50056049, -18.77340892], [37.49027560, -18.78567895], [37.47954568, -18.79760092], [37.46838380, -18.80916031], [36.84338380, -19.43416031], [36.82882597, -19.44809549], [36.81674206, -19.45878765], [36.80427224, -19.46907314], [36.79143172, -19.47893943], [36.77823613, -19.48837450], [36.76470155, -19.49736686], [36.75084448, -19.50590554], [36.73668179, -19.51398015], [36.72223074, -19.52158084], [36.70750893, -19.52869837], [36.69253431, -19.53532405], [36.67732512, -19.54144981], [36.66189988, -19.54706819], [36.64627739, -19.55217235], [36.63047668, -19.55675606], [36.61451701, -19.56081375], [36.59841782, -19.56434046], [36.58219872, -19.56733190], [36.56587948, -19.56978444], [36.54947997, -19.57169507], [36.53302017, -19.57306147], [36.51652015, -19.57388197], [36.50000000, -19.57415559], [36.45338852, -19.57415559], [36.34338380, -19.68416031], [36.32882597, -19.69809549], [36.31674206, -19.70878765], [36.30427224, -19.71907314], [36.29143172, -19.72893943], [36.27823613, -19.73837450], [36.27443456, -19.74090026], [36.26974560, -19.74788490], [36.26038781, -19.76080579], [36.25056049, -19.77340892], [36.24027560, -19.78567895], [36.22954568, -19.79760092], [36.21838380, -19.80916031], [35.77201645, -20.25552767], [35.77643508, -20.26198380], [35.78494488, -20.27542221], [35.79295523, -20.28913422], [35.80045636, -20.30310315], [35.80743914, -20.31731196], [35.81389507, -20.33174336], [35.81981626, -20.34637974], [35.82519551, -20.36120329], [35.83002627, -20.37619594], [35.83430265, -20.39133943], [35.83801945, -20.40661530], [35.84117212, -20.42200495], [35.84375683, -20.43748962], [35.84577044, -20.45305046], [35.84721049, -20.46866849], [35.84807522, -20.48432470], [35.84836358, -20.50000000], [35.84836358, -21.07081946], [35.96838380, -21.19083969], [35.97677769, -21.19945625], [35.98761754, -21.21128835], [35.99801559, -21.22347221], [36.00795918, -21.23599297], [36.01743619, -21.24883538], [36.02643508, -21.26198380], [36.03494488, -21.27542221], [36.04295523, -21.28913422], [36.05045636, -21.30310315], [36.05743914, -21.31731196], [36.06389507, -21.33174336], [36.06981626, -21.34637974], [36.07519551, -21.36120329], [36.08002627, -21.37619594], [36.08430265, -21.39133943], [36.08801945, -21.40661530], [36.09117212, -21.42200495], [36.09375683, -21.43748962], [36.09577044, -21.45305046], [36.09721049, -21.46866849], [36.09807522, -21.48432470], [36.09836358, -21.50000000], [36.09836358, -21.57081946], [36.21838380, -21.69083969], [36.22677769, -21.69945625], [36.23761754, -21.71128835], [36.24801559, -21.72347221], [36.25795918, -21.73599297], [36.26743619, -21.74883538], [36.27643508, -21.76198380], [36.28494488, -21.77542221], [36.29295523, -21.78913422], [36.30045636, -21.80310315], [36.30743914, -21.81731196], [36.31389507, -21.83174336], [36.31981626, -21.84637974], [36.32519551, -21.86120329], [36.33002627, -21.87619594], [36.33430265, -21.89133943], [36.33801945, -21.90661530], [36.34117212, -21.92200495], [36.34375683, -21.93748962], [36.34577044, -21.95305046], [36.34721049, -21.96866849], [36.34807522, -21.98432470], [36.34836358, -22.00000000], [36.34836358, -23.25000000], [36.34820205, -23.26173273], [36.34748225, -23.27739554], [36.34618681, -23.29302497], [36.34431730, -23.30860198], [36.34187599, -23.32410759], [36.33886587, -23.33952292], [36.33529060, -23.35482917], [36.33115454, -23.37000771], [36.32646273, -23.38504004], [36.32122087, -23.39990784], [36.31543537, -23.41459300], [36.30911326, -23.42907763], [36.30226225, -23.44334408], [36.29489069, -23.45737497], [36.28700756, -23.47115321], [36.27862245, -23.48466200], [36.26974560, -23.49788490], [36.26038781, -23.51080579], [36.25056049, -23.52340892], [36.24027560, -23.53567895], [36.22954568, -23.54760092], [36.21838380, -23.55916031], [36.09836358, -23.67918054], [36.09836358, -23.75000000], [36.09820205, -23.76173273], [36.09748225, -23.77739554], [36.09618681, -23.79302497], [36.09431730, -23.80860198], [36.09187599, -23.82410759], [36.08886587, -23.83952292], [36.08529060, -23.85482917], [36.08115454, -23.87000771], [36.07646273, -23.88504004], [36.07122087, -23.89990784], [36.06543537, -23.91459300], [36.05911326, -23.92907763], [36.05226225, -23.94334408], [36.04489069, -23.95737497], [36.03700756, -23.97115321], [36.02862245, -23.98466200], [36.01974560, -23.99788490], [36.01038781, -24.01080579], [36.00056049, -24.02340892], [35.99027560, -24.03567895], [35.97954568, -24.04760092], [35.96838380, -24.05916031], [35.84338380, -24.18416031], [35.82882597, -24.19809549], [35.81674206, -24.20878765], [35.80427224, -24.21907314], [35.79143172, -24.22893943], [35.77823613, -24.23837450], [35.76470155, -24.24736686], [35.75084448, -24.25590554], [35.73668179, -24.26398015], [35.72223074, -24.27158084], [35.70750893, -24.27869837], [35.69253431, -24.28532405], [35.67732512, -24.29144981], [35.66189988, -24.29706819], [35.64627739, -24.30217235], [35.63047668, -24.30675606], [35.61451701, -24.31081375], [35.59841782, -24.31434046], [35.58219872, -24.31733190], [35.56587948, -24.31978444], [35.54947997, -24.32169507], [35.53302017, -24.32306147], [35.51652015, -24.32388197], [35.50000000, -24.32415559]]]}
    },
    {
      "type": "Feature",
      "properties": {"block_id": "ADC_SIO_02", "basin_id": "BASIN_SIO", "basin_label": "South Indian Ocean", "domain_count": 3, "grid_cell_count": 80, "outer_area_km2": 3868315.724901, "shelf_width_km": 250.000000, "outer_buffer_km": 430.000000, "shelf_add_area_km2": 0.000000, "shelf_add_cell_count": 0, "shelf_add_component_count": 0, "bay_add_area_km2": 601715.172571, "bay_add_cell_count": 599, "bay_add_core_cell_count": 599, "bay_add_component_count": 3, "open_ocean_area_risk": 0},
      "geometry": {"type": "Polygon", "coordinates": [[[45.00000000, -26.07415559], [44.25000000, -26.07415559], [44.22744563, -26.07365282], [44.21083725, -26.07263805], [44.19427658, -26.07107789], [44.17778381, -26.06897426], [44.16137902, -26.06632972], [44.14508220, -26.06314748], [44.12891320, -26.05943142], [44.11289173, -26.05518608], [44.09703731, -26.05041663], [44.08136925, -26.04512886], [44.06590664, -26.03932924], [44.05066832, -26.03302482], [44.03567285, -26.02622329], [44.02093851, -26.01893292], [44.00648325, -26.01116261], [43.99232467, -26.00292182], [43.97848003, -25.99422059], [43.96496619, -25.98506952], [43.95179963, -25.97547977], [43.93899637, -25.96546300], [43.92657203, -25.95503144], [43.91454173, -25.94419778], [43.90292014, -25.93297523], [43.27792014, -25.30797523], [43.27065437, -25.30054375], [43.25973540, -25.28871165], [43.24926144, -25.27652779], [43.23924527, -25.26400703], [43.22969907, -25.25116462], [43.22063449, -25.23801620], [43.21206257, -25.22457779], [43.20399375, -25.21086578], [43.19643786, -25.19689685], [43.18940410, -25.18268804], [43.18290105, -25.16825664], [43.17693664, -25.15362026], [43.17151811, -25.13879671], [43.16665209, -25.12380406], [43.16234449, -25.10866057], [43.15860057, -25.09338470], [43.15542488, -25.07799505], [43.15282130, -25.06251038], [43.15079299, -25.04694954], [43.14934243, -25.03133151], [43.14847139, -25.01567530], [43.14818093, -25.00000000], [43.14818093, -24.92823602], [43.02792014, -24.80797523], [43.02065437, -24.80054375], [43.00973540, -24.78871165], [42.99926144, -24.77652779], [42.98924527, -24.76400703], [42.97969907, -24.75116462], [42.97063449, -24.73801620], [42.96206257, -24.72457779], [42.95399375, -24.71086578], [42.94643786, -24.69689685], [42.93940410, -24.68268804], [42.93290105, -24.66825664], [42.92693664, -24.65362026], [42.92151811, -24.63879671], [42.91665209, -24.62380406], [42.91234449, -24.60866057], [42.90860057, -24.59338470], [42.90542488, -24.57799505], [42.90282130, -24.56251038], [42.90079299, -24.54694954], [42.89934243, -24.53133151], [42.89847139, -24.51567530], [42.89818093, -24.50000000], [42.89818093, -23.67823602], [42.77792014, -23.55797523], [42.77065437, -23.55054375], [42.75973540, -23.53871165], [42.74926144, -23.52652779], [42.73924527, -23.51400703], [42.72969907, -23.50116462], [42.72063449, -23.48801620], [42.71206257, -23.47457779], [42.70399375, -23.46086578], [42.69643786, -23.44689685], [42.68940410, -23.43268804], [42.68290105, -23.41825664], [42.67693664, -23.40362026], [42.67151811, -23.38879671], [42.66665209, -23.37380406], [42.66234449, -23.35866057], [42.65860057, -23.34338470], [42.65542488, -23.32799505], [42.65282130, -23.31251038], [42.65079299, -23.29694954], [42.64934243, -23.28133151], [42.64847139, -23.26567530], [42.64818093, -23.25000000], [42.64818093, -22.92823602], [42.52792014, -22.80797523], [42.52065437, -22.80054375], [42.50973540, -22.78871165], [42.49926144, -22.77652779], [42.48924527, -22.76400703], [42.47969907, -22.75116462], [42.47063449, -22.73801620], [42.46206257, -22.72457779], [42.45399375, -22.71086578], [42.44643786, -22.69689685], [42.43940410, -22.68268804], [42.43290105, -22.66825664], [42.42693664, -22.65362026], [42.42151811, -22.63879671], [42.41665209, -22.62380406], [42.41234449, -22.60866057], [42.40860057, -22.59338470], [42.40542488, -22.57799505], [42.40282130, -22.56251038], [42.40079299, -22.54694954], [42.39934243, -22.53133151], [42.39847139, -22.51567530], [42.39818093, -22.50000000], [42.39818093, -22.00000000], [42.39830155, -21.98989765], [42.39896622, -21.97423247], [42.40021087, -21.95859867], [42.40203398, -21.94301533], [42.40443332, -21.92750140], [42.40740597, -21.91207581], [42.41094831, -21.89675734], [42.41505604, -21.88156465], [42.41972413, -21.86651626], [42.42494690, -21.85163050], [42.43071800, -21.83692550], [42.43703038, -21.82241918], [42.44387637, -21.80812922], [42.45124761, -21.79407303], [42.45913512, -21.78026772], [42.46752931, -21.76673013], [42.47641993, -21.75347673], [42.48579617, -21.74052369], [42.49564659, -21.72788678], [42.50595919, -21.71558140], [42.51672141, -21.70362254], [42.52792014, -21.69202477], [42.64818093, -21.57176398], [42.64818093, -21.25000000], [42.64830155, -21.23989765], [42.64896622, -21.22423247], [42.65021087, -21.20859867], [42.65203398, -21.19301533], [42.65443332, -21.17750140], [42.65740597, -21.16207581], [42.66094831, -21.14675734], [42.66505604, -21.13156465], [42.66972413, -21.11651626], [42.67494690, -21.10163050], [42.68071800, -21.08692550], [42.68703038, -21.07241918], [42.69387637, -21.05812922], [42.70124761, -21.04407303], [42.70913512, -21.03026772], [42.71752931, -21.01673013], [42.72641993, -21.00347673], [42.73579617, -20.99052369], [42.74564659, -20.97788678], [42.75595919, -20.96558140], [42.76672141, -20.95362254], [42.77792014, -20.94202477], [42.90292014, -20.81702477], [42.91877364, -20.80190451], [42.93094576, -20.79121235], [42.94350661, -20.78092686], [42.95644087, -20.77106057], [42.96973278, -20.76162550], [42.98336616, -20.75263314], [42.99732439, -20.74409446], [43.01159046, -20.73601985], [43.02614700, -20.72841916], [43.04097628, -20.72130163], [43.05606021, -20.71467595], [43.07138043, -20.70855019], [43.08691827, -20.70293181], [43.10265480, -20.69782765], [43.11857085, -20.69324394], [43.13464703, -20.68918625], [43.15086374, -20.68565954], [43.15323886, -20.68522465], [43.15443332, -20.67750140], [43.15740597, -20.66207581], [43.16094831, -20.64675734], [43.16505604, -20.63156465], [43.16972413, -20.61651626], [43.17494690, -20.60163050], [43.18071800, -20.58692550], [43.18703038, -20.57241918], [43.19387637, -20.55812922], [43.20124761, -20.54407303], [43.20913512, -20.53026772], [43.21752931, -20.51673013], [43.22641993, -20.50347673], [43.23579617, -20.49052369], [43.24564659, -20.47788678], [43.25595919, -20.46558140], [43.26672141, -20.45362254], [43.27792014, -20.44202477], [43.39818093, -20.32176398], [43.39818093, -20.25000000], [43.39830155, -20.23989765], [43.39896622, -20.22423247], [43.40021087, -20.20859867], [43.40203398, -20.19301533], [43.40443332, -20.17750140], [43.40740597, -20.16207581], [43.41094831, -20.14675734], [43.41505604, -20.13156465], [43.41972413, -20.11651626], [43.42494690, -20.10163050], [43.43071800, -20.08692550], [43.43703038, -20.07241918], [43.44387637, -20.05812922], [43.45124761, -20.04407303], [43.45913512, -20.03026772], [43.46752931, -20.01673013], [43.47641993, -20.00347673], [43.48579617, -19.99052369], [43.49564659, -19.97788678], [43.50595919, -19.96558140], [43.51672141, -19.95362254], [43.52792014, -19.94202477], [43.64818093, -19.82176398], [43.64818093, -19.67823602], [43.52792014, -19.55797523], [43.52065437, -19.55054375], [43.50973540, -19.53871165], [43.49926144, -19.52652779], [43.48924527, -19.51400703], [43.47969907, -19.50116462], [43.47063449, -19.48801620], [43.46206257, -19.47457779], [43.45399375, -19.46086578], [43.44643786, -19.44689685], [43.43940410, -19.43268804], [43.43290105, -19.41825664], [43.42693664, -19.40362026], [43.42151811, -19.38879671], [43.41665209, -19.37380406], [43.41234449, -19.35866057], [43.40860057, -19.34338470], [43.40542488, -19.32799505], [43.40282130, -19.31251038], [43.40079299, -19.29694954], [43.39934243, -19.28133151], [43.39847139, -19.26567530], [43.39818093, -19.25000000], [43.39818093, -18.92823602], [43.27792014, -18.80797523], [43.27065437, -18.80054375], [43.25973540, -18.78871165], [43.24926144, -18.77652779], [43.23924527, -18.76400703], [43.22969907, -18.75116462], [43.22063449, -18.73801620], [43.21206257, -18.72457779], [43.20399375, -18.71086578], [43.19643786, -18.69689685], [43.18940410, -18.68268804], [43.18290105, -18.66825664], [43.17693664, -18.65362026], [43.17151811, -18.63879671], [43.16665209, -18.62380406], [43.16234449, -18.60866057], [43.15860057, -18.59338470], [43.15542488, -18.57799505], [43.15282130, -18.56251038], [43.15079299, -18.54694954], [43.14934243, -18.53133151], [43.14847139, -18.51567530], [43.14818093, -18.50000000], [43.14818093, -18.25000000], [43.14830155, -18.23989765], [43.14896622, -18.22423247], [43.15021087, -18.20859867], [43.15203398, -18.19301533], [43.15443332, -18.17750140], [43.15740597, -18.16207581], [43.16094831, -18.14675734], [43.16505604, -18.13156465], [43.16972413, -18.11651626], [43.17494690, -18.10163050], [43.18071800, -18.08692550], [43.18703038, -18.07241918], [43.19387637, -18.05812922], [43.20124761, -18.04407303], [43.20913512, -18.03026772], [43.21752931, -18.01673013], [43.22641993, -18.00347673], [43.22891591, -18.00002861], [43.22063449, -17.98801620], [43.21206257, -17.97457779], [43.20399375, -17.96086578], [43.19643786, -17.94689685], [43.18940410, -17.93268804], [43.18290105, -17.91825664], [43.17693664, -17.90362026], [43.17151811, -17.88879671], [43.16665209, -17.87380406], [43.16234449, -17.85866057], [43.15860057, -17.84338470], [43.15542488, -17.82799505], [43.15282130, -17.81251038], [43.15079299, -17.79694954], [43.14934243, -17.78133151], [43.14847139, -17.76567530], [43.14818093, -17.75000000], [43.14818093, -17.25000000], [43.14830155, -17.23989765], [43.14896622, -17.22423247], [43.15021087, -17.20859868], [43.15203398, -17.19301533], [43.15443332, -17.17750140], [43.15740597, -17.16207581], [43.16094831, -17.14675734], [43.16505604, -17.13156465], [43.16972413, -17.11651626], [43.17494690, -17.10163050], [43.18071800, -17.08692550], [43.18703038, -17.07241918], [43.19387637, -17.05812922], [43.20124761, -17.04407303], [43.20913512, -17.03026772], [43.21752931, -17.01673013], [43.22641993, -17.00347673], [43.23579617, -16.99052369], [43.24564659, -16.97788678], [43.25595919, -16.96558140], [43.26672141, -16.95362254], [43.27792014, -16.94202477], [43.39818093, -16.82176398], [43.39818093, -16.75000000], [43.39830155, -16.73989765], [43.39896622, -16.72423247], [43.40021087, -16.70859867], [43.40203398, -16.69301533], [43.40443332, -16.67750140], [43.40740597, -16.66207581], [43.41094831, -16.64675734], [43.41505604, -16.63156465], [43.41972413, -16.61651626], [43.42494690, -16.60163050], [43.43071800, -16.58692550], [43.43703038, -16.57241918], [43.44387637, -16.55812922], [43.45124761, -16.54407303], [43.45913512, -16.53026772], [43.46752931, -16.51673013], [43.47641993, -16.50347673], [43.48579617, -16.49052369], [43.49564659, -16.47788678], [43.50595919, -16.46558140], [43.51672141, -16.45362254], [43.52792014, -16.44202477], [43.64818093, -16.32176398], [43.64818093, -16.00000000], [43.64830155, -15.98989765], [43.64896622, -15.97423247], [43.65021087, -15.95859867], [43.65203398, -15.94301533], [43.65443332, -15.92750140], [43.65740597, -15.91207581], [43.66094831, -15.89675734], [43.66505604, -15.88156465], [43.66972413, -15.86651626], [43.67494690, -15.85163050], [43.68071800, -15.83692550], [43.68703038, -15.82241918], [43.69387637, -15.80812922], [43.70124761, -15.79407303], [43.70913512, -15.78026772], [43.71752931, -15.76673013], [43.72641993, -15.75347673], [43.73579617, -15.74052369], [43.74564659, -15.72788678], [43.75595919, -15.71558140], [43.76672141, -15.70362254], [43.77792014, -15.69202477], [43.90292014, -15.56702477], [43.91877364, -15.55190451], [43.93094576, -15.54121235], [43.94350661, -15.53092686], [43.95644087, -15.52106057], [43.96973278, -15.51162550], [43.98336616, -15.50263314], [43.99732439, -15.49409446], [44.01159046, -15.48601985], [44.02614700, -15.47841916], [44.04097628, -15.47130163], [44.05606021, -15.46467595], [44.07138043, -15.45855019], [44.08691827, -15.45293181], [44.10265480, -15.44782765], [44.11857085, -15.44324394], [44.13464703, -15.43918625], [44.15086374, -15.43565954], [44.16720124, -15.43266810], [44.18363961, -15.43021556], [44.20015884, -15.42830493], [44.21673878, -15.42693853], [44.23335925, -15.42611803], [44.25000000, -15.42584441], [44.54410050, -15.42584441], [44.65292014, -15.31702477], [44.66877364, -15.30190451], [44.68094576, -15.29121235], [44.69350661, -15.28092686], [44.70644087, -15.27106057], [44.71973278, -15.26162550], [44.73336616, -15.25263314], [44.74732439, -15.24409446], [44.76159046, -15.23601985], [44.77614700, -15.22841916], [44.79097628, -15.22130163], [44.80606021, -15.21467595], [44.82138043, -15.20855019], [44.83691827, -15.20293181], [44.85265480, -15.19782765], [44.86857085, -15.19324394], [44.88464703, -15.18918625], [44.90086374, -15.18565954], [44.91720124, -15.18266810], [44.93363961, -15.18021556], [44.95015884, -15.17830493], [44.96673878, -15.17693853], [44.98335925, -15.17611803], [45.00000000, -15.17584441], [45.25000000, -15.17584441], [45.27255437, -15.17634718], [45.28916275, -15.17736195], [45.30572342, -15.17892211], [45.32221619, -15.18102574], [45.33862098, -15.18367028], [45.35491780, -15.18685252], [45.37108680, -15.19056858], [45.38710827, -15.19481392], [45.40296269, -15.19958337], [45.41863075, -15.20487114], [45.43409336, -15.21067076], [45.44933168, -15.21697518], [45.46432715, -15.22377671], [45.47906149, -15.23106708], [45.49351675, -15.23883739], [45.50767533, -15.24707818], [45.52151997, -15.25577941], [45.53503381, -15.26493048], [45.54820037, -15.27452023], [45.56100363, -15.28453700], [45.57342797, -15.29496856], [45.58545827, -15.30580222], [45.59707986, -15.31702477], [45.72207986, -15.44202477], [45.72934563, -15.44945625], [45.74026460, -15.46128835], [45.75073856, -15.47347221], [45.76075473, -15.48599297], [45.77030093, -15.49883538], [45.77936551, -15.51198380], [45.78793743, -15.52542221], [45.79600625, -15.53913422], [45.80356214, -15.55310315], [45.81059590, -15.56731196], [45.81709895, -15.58174336], [45.82306336, -15.59637974], [45.82848189, -15.61120329], [45.83334791, -15.62619594], [45.83765551, -15.64133943], [45.84139943, -15.65661530], [45.84457512, -15.67200495], [45.84717870, -15.68748962], [45.84920701, -15.70305046], [45.85065757, -15.71866849], [45.85152861, -15.73432470], [45.85181907, -15.75000000], [45.85181907, -16.50000000], [45.85169845, -16.51010235], [45.85103378, -16.52576753], [45.84978913, -16.54140133], [45.84796602, -16.55698467], [45.84556668, -16.57249860], [45.84259403, -16.58792419], [45.83905169, -16.60324266], [45.83494396, -16.61843535], [45.83027587, -16.63348374], [45.82505310, -16.64836950], [45.81928200, -16.66307450], [45.81296962, -16.67758082], [45.80612363, -16.69187078], [45.79875239, -16.70592697], [45.79086488, -16.71973228], [45.78247069, -16.73326987], [45.77358007, -16.74652327], [45.76420383, -16.75947631], [45.75435341, -16.77211322], [45.74404081, -16.78441860], [45.73327859, -16.79637746], [45.72207986, -16.80797523], [45.59707986, -16.93297523], [45.58122636, -16.94809549], [45.56905424, -16.95878765], [45.55649339, -16.96907314], [45.54355913, -16.97893943], [45.53026722, -16.98837450], [45.51663384, -16.99736686], [45.50267561, -17.00590554], [45.48840954, -17.01398015], [45.47385300, -17.02158084], [45.45902372, -17.02869837], [45.44393979, -17.03532405], [45.42861957, -17.04144981], [45.41308173, -17.04706819], [45.39734520, -17.05217235], [45.38142915, -17.05675606], [45.36535297, -17.06081375], [45.34913626, -17.06434046], [45.34676114, -17.06477535], [45.34556668, -17.07249860], [45.34259403, -17.08792419], [45.33905169, -17.10324266], [45.33494396, -17.11843535], [45.33027587, -17.13348374], [45.32505310, -17.14836950], [45.31928200, -17.16307450], [45.31296962, -17.17758082], [45.30612363, -17.19187078], [45.29875239, -17.20592697], [45.29086488, -17.21973228], [45.28247069, -17.23326987], [45.27358007, -17.24652327], [45.26420383, -17.25947631], [45.25435341, -17.27211322], [45.24404081, -17.28441860], [45.23327859, -17.29637746], [45.22207986, -17.30797523], [44.85181907, -17.67823602], [44.85181907, -18.07176398], [44.97207986, -18.19202477], [44.97934563, -18.19945625], [44.99026460, -18.21128835], [45.00073856, -18.22347221], [45.01075473, -18.23599297], [45.02030093, -18.24883538], [45.02821251, -18.26031135], [45.03503381, -18.26493048], [45.04820037, -18.27452023], [45.06100363, -18.28453700], [45.07342797, -18.29496856], [45.08545827, -18.30580222], [45.09707986, -18.31702477], [45.22207986, -18.44202477], [45.22934563, -18.44945625], [45.24026460, -18.46128835], [45.25073856, -18.47347221], [45.26075473, -18.48599297], [45.27030093, -18.49883538], [45.27936551, -18.51198380], [45.28793743, -18.52542221], [45.29600625, -18.53913422], [45.30356214, -18.55310315], [45.31059590, -18.56731196], [45.31709895, -18.58174336], [45.32306336, -18.59637974], [45.32848189, -18.61120329], [45.33334791, -18.62619594], [45.33765551, -18.64133943], [45.34139943, -18.65661530], [45.34457512, -18.67200495], [45.34717870, -18.68748962], [45.34920701, -18.70305046], [45.35065757, -18.71866849], [45.35152861, -18.73432470], [45.35181907, -18.75000000], [45.35181907, -19.00000000], [45.35169845, -19.01010235], [45.35103378, -19.02576753], [45.34978913, -19.04140133], [45.34796602, -19.05698467], [45.34649987, -19.06646470], [45.34707986, -19.06702477], [45.47207986, -19.19202477], [45.47934563, -19.19945625], [45.49026460, -19.21128835], [45.50073856, -19.22347221], [45.51075473, -19.23599297], [45.52030093, -19.24883538], [45.52936551, -19.26198380], [45.53793743, -19.27542221], [45.54600625, -19.28913422], [45.55356214, -19.30310315], [45.56059590, -19.31731196], [45.56709895, -19.33174336], [45.57306336, -19.34637974], [45.57848189, -19.36120329], [45.58334791, -19.37619594], [45.58765551, -19.39133943], [45.59139943, -19.40661530], [45.59457512, -19.42200495], [45.59717870, -19.43748962], [45.59920701, -19.45305046], [45.60065757, -19.46866849], [45.60152861, -19.48432470], [45.60181907, -19.50000000], [45.60181907, -20.00000000], [45.60169845, -20.01010235], [45.60103378, -20.02576753], [45.59978913, -20.04140133], [45.59796602, -20.05698467], [45.59556668, -20.07249860], [45.59259403, -20.08792419], [45.58905169, -20.10324266], [45.58494396, -20.11843535], [45.58027587, -20.13348374], [45.57505310, -20.14836950], [45.56928200, -20.16307450], [45.56296962, -20.17758082], [45.55612363, -20.19187078], [45.54875239, -20.20592697], [45.54086488, -20.21973228], [45.53247069, -20.23326987], [45.52358007, -20.24652327], [45.51420383, -20.25947631], [45.50435341, -20.27211322], [45.49404081, -20.28441860], [45.48327859, -20.29637746], [45.47207986, -20.30797523], [45.09707986, -20.68297523], [45.08122636, -20.69809549], [45.06905424, -20.70878765], [45.05649339, -20.71907314], [45.04355913, -20.72893943], [45.03026722, -20.73837450], [45.02807758, -20.73981876], [45.02358007, -20.74652327], [45.01420383, -20.75947631], [45.00435341, -20.77211322], [44.99404081, -20.78441860], [44.98327859, -20.79637746], [44.97207986, -20.80797523], [44.85181907, -20.92823602], [44.85181907, -21.00000000], [44.85169845, -21.01010235], [44.85103378, -21.02576753], [44.84978913, -21.04140133], [44.84796602, -21.05698467], [44.84556668, -21.07249860], [44.84259403, -21.08792419], [44.83905169, -21.10324266], [44.83494396, -21.11843535], [44.83027587, -21.13348374], [44.82505310, -21.14836950], [44.81928200, -21.16307450], [44.81296962, -21.17758082], [44.80612363, -21.19187078], [44.79875239, -21.20592697], [44.79086488, -21.21973228], [44.78247069, -21.23326987], [44.77358007, -21.24652327], [44.76420383, -21.25947631], [44.75435341, -21.27211322], [44.74404081, -21.28441860], [44.73327859, -21.29637746], [44.72207986, -21.30797523], [44.60181907, -21.42823602], [44.60181907, -21.50000000], [44.60169845, -21.51010235], [44.60103378, -21.52576753], [44.59978913, -21.54140133], [44.59796602, -21.55698467], [44.59556668, -21.57249860], [44.59259403, -21.58792419], [44.58905169, -21.60324266], [44.58494396, -21.61843535], [44.58027587, -21.63348374], [44.57505310, -21.64836950], [44.56928200, -21.66307450], [44.56296962, -21.67758082], [44.55612363, -21.69187078], [44.54875239, -21.70592697], [44.54086488, -21.71973228], [44.53247069, -21.73326987], [44.52358007, -21.74652327], [44.51420383, -21.75947631], [44.50435341, -21.77211322], [44.49404081, -21.78441860], [44.48327859, -21.79637746], [44.47207986, -21.80797523], [44.35181907, -21.92823602], [44.35181907, -22.00000000], [44.35169845, -22.01010235], [44.35103378, -22.02576753], [44.34978913, -22.04140132], [44.34796603, -22.05698467], [44.34556668, -22.07249860], [44.34259403, -22.08792419], [44.33905169, -22.10324266], [44.33494396, -22.11843535], [44.33027587, -22.13348374], [44.32505310, -22.14836950], [44.31928200, -22.16307450], [44.31296962, -22.17758082], [44.30612363, -22.19187078], [44.29875239, -22.20592697], [44.29086488, -22.21973228], [44.28247069, -22.23326987], [44.27358007, -22.24652327], [44.26420383, -22.25947631], [44.25435341, -22.27211322], [44.24404081, -22.28441860], [44.23327859, -22.29637746], [44.22207986, -22.30797523], [44.15505509, -22.37500000], [44.22207986, -22.44202477], [44.22934563, -22.44945625], [44.24026460, -22.46128835], [44.25073856, -22.47347221], [44.26075473, -22.48599297], [44.27030093, -22.49883538], [44.27936551, -22.51198380], [44.28793743, -22.52542221], [44.29600625, -22.53913422], [44.30356214, -22.55310315], [44.31059590, -22.56731196], [44.31709895, -22.58174336], [44.32306336, -22.59637974], [44.32848189, -22.61120329], [44.33334791, -22.62619594], [44.33765551, -22.64133943], [44.34139943, -22.65661530], [44.34457512, -22.67200495], [44.34717870, -22.68748962], [44.34920701, -22.70305046], [44.35065757, -22.71866849], [44.35152861, -22.73432470], [44.35181907, -22.75000000], [44.35181907, -22.82176398], [44.47207986, -22.94202477], [44.47934563, -22.94945625], [44.49026460, -22.96128835], [44.50073856, -22.97347221], [44.51075473, -22.98599297], [44.52030093, -22.99883538], [44.52936551, -23.01198380], [44.53793743, -23.02542221], [44.54600625, -23.03913422], [44.55356214, -23.05310315], [44.56059590, -23.06731196], [44.56709895, -23.08174336], [44.57306336, -23.09637974], [44.57848189, -23.11120329], [44.58334791, -23.12619594], [44.58765551, -23.14133943], [44.59139943, -23.15661530], [44.59457512, -23.17200495], [44.59717870, -23.18748962], [44.59920701, -23.20305046], [44.60065757, -23.21866849], [44.60152861, -23.23432470], [44.60181907, -23.25000000], [44.60181907, -24.32176398], [44.70589950, -24.42584441], [44.75000000, -24.42584441], [44.77255437, -24.42634718], [44.78916275, -24.42736195], [44.80572342, -24.42892211], [44.82221619, -24.43102574], [44.83862098, -24.43367028], [44.85491780, -24.43685252], [44.87108680, -24.44056858], [44.88710827, -24.44481392], [44.90296269, -24.44958337], [44.91863075, -24.45487114], [44.93409336, -24.46067076], [44.94933168, -24.46697518], [44.96432715, -24.47377671], [44.97906149, -24.48106708], [44.99351675, -24.48883739], [45.00767533, -24.49707818], [45.02151997, -24.50577941], [45.03503381, -24.51493048], [45.04820037, -24.52452023], [45.06100363, -24.53453700], [45.07342797, -24.54496856], [45.08545827, -24.55580222], [45.09707986, -24.56702477], [45.47207986, -24.94202477], [45.47934563, -24.94945625], [45.49026460, -24.96128835], [45.50073856, -24.97347221], [45.51075473, -24.98599297], [45.52030093, -24.99883538], [45.52936551, -25.01198380], [45.53793743, -25.02542221], [45.54600625, -25.03913422], [45.55356214, -25.05310315], [45.56059590, -25.06731196], [45.56709895, -25.08174336], [45.57306336, -25.09637974], [45.57848189, -25.11120329], [45.58334791, -25.12619594], [45.58765551, -25.14133943], [45.59139943, -25.15661530], [45.59457512, -25.17200495], [45.59717870, -25.18748962], [45.59920701, -25.20305046], [45.60065757, -25.21866849], [45.60152861, -25.23432470], [45.60181907, -25.25000000], [45.60181907, -25.50000000], [45.60169845, -25.51010235], [45.60103378, -25.52576753], [45.59978913, -25.54140132], [45.59796602, -25.55698467], [45.59556668, -25.57249860], [45.59259403, -25.58792419], [45.58905169, -25.60324266], [45.58494396, -25.61843535], [45.58027587, -25.63348374], [45.57505310, -25.64836950], [45.56928200, -25.66307450], [45.56296962, -25.67758082], [45.55612363, -25.69187078], [45.54875239, -25.70592697], [45.54086488, -25.71973228], [45.53247069, -25.73326987], [45.52358007, -25.74652326], [45.51420383, -25.75947631], [45.50435341, -25.77211322], [45.49404081, -25.78441860], [45.48327859, -25.79637746], [45.47207986, -25.80797523], [45.34707986, -25.93297523], [45.33122636, -25.94809549], [45.31905424, -25.95878765], [45.30649339, -25.96907314], [45.29355913, -25.97893943], [45.28026722, -25.98837450], [45.26663384, -25.99736686], [45.25267561, -26.00590554], [45.23840954, -26.01398015], [45.22385300, -26.02158084], [45.20902372, -26.02869837], [45.19393979, -26.03532405], [45.17861957, -26.04144981], [45.16308173, -26.04706819], [45.14734520, -26.05217235], [45.13142915, -26.05675606], [45.11535297, -26.06081375], [45.09913626, -26.06434046], [45.08279876, -26.06733190], [45.06636039, -26.06978444], [45.04984116, -26.07169507], [45.03326122, -26.07306147], [45.01664075, -26.07388197], [45.00000000, -26.07415559]]]}
    },
    {
      "type": "Feature",
      "properties": {"block_id": "ADC_SIO_03", "basin_id": "BASIN_SIO", "basin_label": "South Indian Ocean", "domain_count": 5, "grid_cell_count": 172, "outer_area_km2": 5561390.063753, "shelf_width_km": 250.000000, "outer_buffer_km": 430.000000, "shelf_add_area_km2": 0.000000, "shelf_add_cell_count": 0, "shelf_add_component_count": 0, "bay_add_area_km2": 1032719.319758, "bay_add_cell_count": 1103, "bay_add_core_cell_count": 1103, "bay_add_component_count": 3, "open_ocean_area_risk": 0},
      "geometry": {"type": "Polygon", "coordinates": [[[47.50000000, -25.32415559], [47.00000000, -25.32415559], [46.98155611, -25.32380849], [46.96520385, -25.32291895], [46.94889398, -25.32148369], [46.93264637, -25.31950447], [46.91648083, -25.31698368], [46.90041704, -25.31392440], [46.88447458, -25.31033036], [46.86867286, -25.30620594], [46.85303115, -25.30155616], [46.83756850, -25.29638668], [46.82230375, -25.29070381], [46.80725549, -25.28451447], [46.79244206, -25.27782620], [46.77788150, -25.27064715], [46.76359157, -25.26298607], [46.74958966, -25.25485228], [46.73589284, -25.24625570], [46.72251779, -25.23720680], [46.70948082, -25.22771661], [46.69679779, -25.21779669], [46.68448417, -25.20745912], [46.67255496, -25.19671651], [46.66102469, -25.18558193], [46.53602469, -25.06058193], [46.52628855, -25.05054375], [46.51554319, -25.03871165], [46.50523577, -25.02652779], [46.49537886, -25.01400703], [46.48598445, -25.00116462], [46.47706400, -24.98801620], [46.46862837, -24.97457779], [46.46068784, -24.96086578], [46.45325209, -24.94689685], [46.44633018, -24.93268804], [46.43993053, -24.91825664], [46.43406095, -24.90362026], [46.42872858, -24.88879671], [46.42393993, -24.87380406], [46.41970082, -24.85866057], [46.41601643, -24.84338470], [46.41289123, -24.82799505], [46.41032905, -24.81251038], [46.40833299, -24.79694954], [46.40690550, -24.78133151], [46.40604831, -24.76567530], [46.40576246, -24.75000000], [46.40576246, -24.25000000], [46.40598065, -24.23630424], [46.40676571, -24.22064457], [46.40812124, -24.20502066], [46.41004559, -24.18945156], [46.41253642, -24.17395622], [46.41559069, -24.15855353], [46.41920467, -24.14326225], [46.42337397, -24.12810102], [46.42809351, -24.11308830], [46.43335754, -24.09824239], [46.43915964, -24.08358137], [46.44549274, -24.06912311], [46.45234913, -24.05488522], [46.45972046, -24.04088504], [46.46759774, -24.02713964], [46.47597138, -24.01366576], [46.48483117, -24.00047982], [46.49416633, -23.98759788], [46.50396547, -23.97503563], [46.51421666, -23.96280839], [46.52490741, -23.95093105], [46.53602469, -23.93941807], [46.65576246, -23.81968030], [46.65576246, -23.25000000], [46.65598065, -23.23630424], [46.65676571, -23.22064457], [46.65812124, -23.20502066], [46.66004559, -23.18945156], [46.66253642, -23.17395622], [46.66559069, -23.15855353], [46.66920467, -23.14326225], [46.67337397, -23.12810102], [46.67809351, -23.11308830], [46.68335754, -23.09824239], [46.68915964, -23.08358137], [46.69549274, -23.06912311], [46.70234913, -23.05488522], [46.70972046, -23.04088504], [46.71759774, -23.02713964], [46.72597138, -23.01366576], [46.73483117, -23.00047982], [46.74416633, -22.98759788], [46.75396547, -22.97503563], [46.76421666, -22.96280839], [46.77490741, -22.95093105], [46.78602469, -22.93941807], [46.91069865, -22.81474410], [46.91032905, -22.81251038], [46.90833299, -22.79694954], [46.90690550, -22.78133151], [46.90604831, -22.76567530], [46.90576246, -22.75000000], [46.90576246, -22.00000000], [46.90598065, -21.98630424], [46.90676571, -21.97064457], [46.90812124, -21.95502066], [46.91004559, -21.93945156], [46.91253642, -21.92395622], [46.91559069, -21.90855353], [46.91920467, -21.89326225], [46.92337397, -21.87810102], [46.92809351, -21.86308830], [46.93335754, -21.84824239], [46.93915964, -21.83358137], [46.94549274, -21.81912311], [46.95234913, -21.80488522], [46.95972046, -21.79088504], [46.96759774, -21.77713964], [46.97597138, -21.76366576], [46.98483117, -21.75047982], [46.99416633, -21.73759788], [47.00396547, -21.72503563], [47.01421666, -21.71280839], [47.02490741, -21.70093104], [47.03602469, -21.68941807], [47.15576246, -21.56968030], [47.15576246, -21.50000000], [47.15598065, -21.48630424], [47.15676571, -21.47064457], [47.15812124, -21.45502066], [47.16004559, -21.43945156], [47.16253642, -21.42395622], [47.16559069, -21.40855353], [47.16920467, -21.39326225], [47.17337397, -21.37810102], [47.17809351, -21.36308830], [47.18335754, -21.34824239], [47.18915964, -21.33358137], [47.19549274, -21.31912311], [47.20234913, -21.30488522], [47.20972046, -21.29088504], [47.21759774, -21.27713964], [47.22597138, -21.26366576], [47.23483117, -21.25047982], [47.24416633, -21.23759788], [47.25396547, -21.22503563], [47.26421666, -21.21280839], [47.27490741, -21.20093105], [47.28602469, -21.18941807], [47.40576246, -21.06968030], [47.40576246, -21.00000000], [47.40598065, -20.98630424], [47.40676571, -20.97064457], [47.40812124, -20.95502066], [47.41004559, -20.93945156], [47.41253642, -20.92395622], [47.41559069, -20.90855353], [47.41920467, -20.89326225], [47.42337397, -20.87810102], [47.42809351, -20.86308830], [47.43335754, -20.84824239], [47.43915964, -20.83358137], [47.44549274, -20.81912311], [47.45234913, -20.80488522], [47.45972046, -20.79088504], [47.46759774, -20.77713964], [47.47597138, -20.76366576], [47.48483117, -20.75047982], [47.49416633, -20.73759788], [47.50396547, -20.72503563], [47.51421666, -20.71280839], [47.52490741, -20.70093105], [47.53602469, -20.68941807], [47.65576246, -20.56968030], [47.65576246, -20.00000000], [47.65598065, -19.98630424], [47.65676571, -19.97064457], [47.65812124, -19.95502066], [47.66004559, -19.93945156], [47.66253642, -19.92395622], [47.66559069, -19.90855353], [47.66920467, -19.89326225], [47.67337397, -19.87810102], [47.67809351, -19.86308830], [47.68335754, -19.84824239], [47.68915964, -19.83358137], [47.69549274, -19.81912311], [47.70234913, -19.80488522], [47.70972046, -19.79088504], [47.71759774, -19.77713964], [47.72597138, -19.76366576], [47.73483117, -19.75047982], [47.74416633, -19.73759788], [47.75396547, -19.72503563], [47.76421666, -19.71280839], [47.77490741, -19.70093105], [47.78602469, -19.68941807], [47.90576246, -19.56968030], [47.90576246, -19.50000000], [47.90598065, -19.48630424], [47.90676571, -19.47064457], [47.90812124, -19.45502066], [47.91004559, -19.43945156], [47.91253642, -19.42395622], [47.91559069, -19.40855353], [47.91920467, -19.39326225], [47.92337397, -19.37810102], [47.92809351, -19.36308830], [47.93335754, -19.34824239], [47.93915964, -19.33358137], [47.94549274, -19.31912311], [47.95234913, -19.30488522], [47.95972046, -19.29088504], [47.96759774, -19.27713964], [47.97597138, -19.26366576], [47.98483117, -19.25047982], [47.99416633, -19.23759788], [48.00396547, -19.22503563], [48.01421666, -19.21280839], [48.02490741, -19.20093104], [48.03602469, -19.18941807], [48.15576246, -19.06968030], [48.15576246, -18.50000000], [48.15598065, -18.48630424], [48.15676571, -18.47064457], [48.15812124, -18.45502066], [48.16004559, -18.43945156], [48.16253642, -18.42395622], [48.16559069, -18.40855353], [48.16920467, -18.39326225], [48.17337397, -18.37810102], [48.17809351, -18.36308830], [48.18335754, -18.34824239], [48.18915964, -18.33358137], [48.19549274, -18.31912311], [48.20234913, -18.30488522], [48.20972046, -18.29088504], [48.21759774, -18.27713964], [48.22597138, -18.26366576], [48.23483117, -18.25047982], [48.24416633, -18.23759788], [48.25396547, -18.22503563], [48.26421666, -18.21280839], [48.27490741, -18.20093105], [48.28602469, -18.18941807], [48.40576246, -18.06968030], [48.40576246, -18.00000000], [48.40598065, -17.98630424], [48.40676571, -17.97064457], [48.40812124, -17.95502066], [48.41004559, -17.93945156], [48.41253642, -17.92395622], [48.41559069, -17.90855353], [48.41920467, -17.89326225], [48.42337397, -17.87810102], [48.42809351, -17.86308830], [48.43335754, -17.84824239], [48.43915964, -17.83358137], [48.44549274, -17.81912311], [48.45234913, -17.80488522], [48.45972046, -17.79088504], [48.46759774, -17.77713964], [48.47597138, -17.76366576], [48.48483117, -17.75047982], [48.49416633, -17.73759788], [48.50396547, -17.72503563], [48.51421666, -17.71280839], [48.52490741, -17.70093105], [48.53602469, -17.68941807], [48.65576246, -17.56968030], [48.65576246, -16.75000000], [48.65598065, -16.73630424], [48.65676571, -16.72064457], [48.65812124, -16.70502066], [48.66004559, -16.68945156], [48.66253642, -16.67395622], [48.66559069, -16.65855353], [48.66920467, -16.64326225], [48.67337397, -16.62810102], [48.67809351, -16.61308830], [48.68335754, -16.59824239], [48.68915964, -16.58358137], [48.69549274, -16.56912311], [48.70234913, -16.55488522], [48.70972046, -16.54088504], [48.71759774, -16.52713964], [48.72597138, -16.51366576], [48.73483117, -16.50047982], [48.74416633, -16.48759788], [48.75396547, -16.47503563], [48.76421666, -16.46280839], [48.77490741, -16.45093105], [48.78602469, -16.43941807], [48.90576246, -16.31968030], [48.90576246, -15.25000000], [48.90598065, -15.23630424], [48.90676571, -15.22064457], [48.90812124, -15.20502067], [48.91004559, -15.18945156], [48.91253642, -15.17395622], [48.91559069, -15.15855353], [48.91920467, -15.14326225], [48.92337397, -15.12810102], [48.92809351, -15.11308830], [48.93335754, -15.09824239], [48.93915964, -15.08358137], [48.94549274, -15.06912311], [48.95234913, -15.05488522], [48.95972046, -15.04088504], [48.96759774, -15.02713964], [48.97597138, -15.01366576], [48.98483117, -15.00047982], [48.99416633, -14.98759788], [49.00396547, -14.97503563], [49.01421666, -14.96280839], [49.02490740, -14.95093105], [49.03602469, -14.93941807], [49.16102469, -14.81441807], [49.17404021, -14.80190451], [49.18601880, -14.79121235], [49.19837992, -14.78092686], [49.21110852, -14.77106057], [49.22418909, -14.76162550], [49.23760570, -14.75263314], [49.25134199, -14.74409446], [49.26538123, -14.73601985], [49.27970632, -14.72841916], [49.29429980, -14.72130163], [49.30914390, -14.71467595], [49.32422052, -14.70855019], [49.33951131, -14.70293181], [49.35499763, -14.69782765], [49.37066060, -14.69324394], [49.38648116, -14.68918625], [49.40244003, -14.68565954], [49.40576246, -14.68504136], [49.40576246, -14.18031970], [49.28602469, -14.06058193], [49.27628855, -14.05054375], [49.26554319, -14.03871165], [49.25523577, -14.02652779], [49.25206153, -14.02249571], [49.08897531, -14.18558193], [49.07595979, -14.19809549], [49.06398120, -14.20878765], [49.05162008, -14.21907314], [49.03889148, -14.22893943], [49.02581091, -14.23837450], [49.02007430, -14.24221941], [49.01516883, -14.24952018], [49.00583367, -14.26240212], [48.99603453, -14.27496437], [48.98578334, -14.28719161], [48.97509259, -14.29906896], [48.96397531, -14.31058193], [48.84423754, -14.43031970], [48.84423754, -15.00000000], [48.84401935, -15.01369576], [48.84323429, -15.02935543], [48.84187876, -15.04497934], [48.83995441, -15.06054844], [48.83746358, -15.07604378], [48.83440931, -15.09144647], [48.83079533, -15.10673775], [48.82662603, -15.12189898], [48.82190649, -15.13691170], [48.81664246, -15.15175761], [48.81084036, -15.16641863], [48.80450726, -15.18087689], [48.79765087, -15.19511478], [48.79027954, -15.20911496], [48.78240226, -15.22286036], [48.77402862, -15.23633424], [48.76516883, -15.24952018], [48.75583367, -15.26240212], [48.74603453, -15.27496437], [48.73578334, -15.28719161], [48.72509259, -15.29906895], [48.71397531, -15.31058193], [48.59423754, -15.43031970], [48.59423754, -15.50000000], [48.59401935, -15.51369576], [48.59323429, -15.52935543], [48.59187876, -15.54497934], [48.58995441, -15.56054844], [48.58746358, -15.57604378], [48.58440931, -15.59144647], [48.58079533, -15.60673775], [48.57662603, -15.62189898], [48.57190649, -15.63691170], [48.56664246, -15.65175761], [48.56084036, -15.66641863], [48.55450726, -15.68087689], [48.54765087, -15.69511478], [48.54027954, -15.70911496], [48.53240226, -15.72286036], [48.52402862, -15.73633424], [48.51516883, -15.74952018], [48.50583367, -15.76240212], [48.49603453, -15.77496437], [48.48578334, -15.78719161], [48.47509259, -15.79906895], [48.46397531, -15.81058193], [48.08897531, -16.18558193], [48.07595979, -16.19809549], [48.06398120, -16.20878765], [48.05162008, -16.21907314], [48.03889148, -16.22893943], [48.02581091, -16.23837450], [48.01239430, -16.24736686], [47.99865801, -16.25590554], [47.98461877, -16.26398015], [47.97029368, -16.27158084], [47.95570020, -16.27869837], [47.94085610, -16.28532405], [47.92577948, -16.29144981], [47.91048869, -16.29706819], [47.89500237, -16.30217235], [47.87933940, -16.30675606], [47.86351884, -16.31081375], [47.84755997, -16.31434046], [47.83148224, -16.31733190], [47.81530524, -16.31978444], [47.79904868, -16.32169507], [47.78273236, -16.32306147], [47.76637615, -16.32388197], [47.75000000, -16.32415559], [47.70040166, -16.32415559], [47.59423754, -16.43031970], [47.59423754, -16.75000000], [47.59401935, -16.76369576], [47.59323429, -16.77935543], [47.59187876, -16.79497934], [47.58995441, -16.81054844], [47.58746358, -16.82604378], [47.58440931, -16.84144647], [47.58079533, -16.85673775], [47.57662603, -16.87189898], [47.57190649, -16.88691170], [47.56664246, -16.90175761], [47.56084036, -16.91641863], [47.55450726, -16.93087689], [47.54765087, -16.94511478], [47.54027954, -16.95911496], [47.53240226, -16.97286036], [47.52402862, -16.98633424], [47.51516883, -16.99952018], [47.50583367, -17.01240212], [47.49603453, -17.02496437], [47.48578334, -17.03719161], [47.47509259, -17.04906896], [47.46397531, -17.06058193], [47.33897531, -17.18558193], [47.32595979, -17.19809549], [47.31398120, -17.20878765], [47.30162008, -17.21907314], [47.28889148, -17.22893943], [47.27581091, -17.23837450], [47.26239430, -17.24736686], [47.24865801, -17.25590554], [47.23461877, -17.26398015], [47.22029368, -17.27158084], [47.20570020, -17.27869837], [47.19085610, -17.28532405], [47.17577948, -17.29144981], [47.16048869, -17.29706819], [47.14500237, -17.30217235], [47.12933939, -17.30675606], [47.11351884, -17.31081375], [47.09755997, -17.31434046], [47.08148224, -17.31733190], [47.06530524, -17.31978444], [47.04904868, -17.32169507], [47.03273236, -17.32306147], [47.01637615, -17.32388197], [47.00000000, -17.32415559], [46.50000000, -17.32415559], [46.48155611, -17.32380849], [46.46520385, -17.32291895], [46.44889398, -17.32148369], [46.43264637, -17.31950447], [46.41648083, -17.31698368], [46.40041704, -17.31392440], [46.38447458, -17.31033036], [46.36867286, -17.30620594], [46.35303115, -17.30155616], [46.33756850, -17.29638668], [46.32230375, -17.29070381], [46.30725549, -17.28451447], [46.29244206, -17.27782620], [46.27788150, -17.27064715], [46.26359157, -17.26298607], [46.24958966, -17.25485228], [46.23589284, -17.24625570], [46.22251779, -17.23720680], [46.20948082, -17.22771661], [46.19679779, -17.21779669], [46.18448417, -17.20745912], [46.17255496, -17.19671651], [46.16102469, -17.18558193], [45.79959835, -16.82415559], [45.25000000, -16.82415559], [45.23155611, -16.82380849], [45.21520385, -16.82291895], [45.19889398, -16.82148369], [45.18264637, -16.81950447], [45.16648083, -16.81698368], [45.15041704, -16.81392440], [45.13447458, -16.81033036], [45.11867286, -16.80620594], [45.10303115, -16.80155616], [45.08756850, -16.79638668], [45.07230375, -16.79070381], [45.05725549, -16.78451447], [45.04244206, -16.77782620], [45.02788150, -16.77064715], [45.01359157, -16.76298607], [44.99958966, -16.75485228], [44.98589284, -16.74625570], [44.97251779, -16.73720680], [44.95948082, -16.72771661], [44.94679779, -16.71779669], [44.93448417, -16.70745912], [44.92255496, -16.69671651], [44.91102469, -16.68558193], [44.78602469, -16.56058193], [44.77628855, -16.55054375], [44.76554319, -16.53871165], [44.75523577, -16.52652779], [44.74537886, -16.51400703], [44.73598445, -16.50116462], [44.72706400, -16.48801620], [44.71862837, -16.47457779], [44.71068784, -16.46086578], [44.70325209, -16.44689685], [44.69633018, -16.43268804], [44.68993053, -16.41825664], [44.68406095, -16.40362026], [44.67872858, -16.38879671], [44.67393993, -16.37380406], [44.66970082, -16.35866057], [44.66601643, -16.34338470], [44.66289123, -16.32799505], [44.66032905, -16.31251038], [44.65833299, -16.29694954], [44.65690550, -16.28133151], [44.65604831, -16.26567530], [44.65576246, -16.25000000], [44.65576246, -15.75000000], [44.65598065, -15.73630424], [44.65676571, -15.72064457], [44.65812124, -15.70502066], [44.66004559, -15.68945156], [44.66253642, -15.67395622], [44.66559069, -15.65855353], [44.66920467, -15.64326225], [44.67337397, -15.62810102], [44.67809351, -15.61308830], [44.68335754, -15.59824239], [44.68915964, -15.58358137], [44.69549274, -15.56912311], [44.70234913, -15.55488522], [44.70972046, -15.54088504], [44.71759774, -15.52713964], [44.72597138, -15.51366576], [44.73483117, -15.50047982], [44.74416633, -15.48759788], [44.75396547, -15.47503563], [44.76421666, -15.46280839], [44.77490741, -15.45093105], [44.78602469, -15.43941807], [44.91102469, -15.31441807], [44.92404021, -15.30190451], [44.93601880, -15.29121235], [44.94837992, -15.28092686], [44.96110852, -15.27106057], [44.97418909, -15.26162550], [44.98760570, -15.25263314], [45.00134199, -15.24409446], [45.01538123, -15.23601985], [45.02970632, -15.22841916], [45.04429980, -15.22130163], [45.05914390, -15.21467595], [45.07422052, -15.20855019], [45.08951131, -15.20293181], [45.10499763, -15.19782765], [45.12066061, -15.19324394], [45.13648116, -15.18918625], [45.15244003, -15.18565954], [45.16851776, -15.18266810], [45.18469476, -15.18021556], [45.20095132, -15.17830493], [45.21726764, -15.17693853], [45.23362385, -15.17611803], [45.25000000, -15.17584441], [45.54959834, -15.17584441], [45.66102469, -15.06441807], [45.67404021, -15.05190451], [45.68601880, -15.04121235], [45.69837992, -15.03092686], [45.71110852, -15.02106057], [45.72418909, -15.01162550], [45.73760570, -15.00263314], [45.75134199, -14.99409446], [45.76538123, -14.98601985], [45.77970632, -14.97841916], [45.79429980, -14.97130163], [45.80914390, -14.96467595], [45.82422052, -14.95855019], [45.83951131, -14.95293181], [45.85499763, -14.94782765], [45.87066061, -14.94324394], [45.88648116, -14.93918625], [45.90244003, -14.93565954], [45.91851776, -14.93266810], [45.93469476, -14.93021556], [45.95095132, -14.92830493], [45.96726764, -14.92693853], [45.98362385, -14.92611803], [46.00000000, -14.92584441], [46.04959835, -14.92584441], [47.15576246, -13.81968030], [47.15576246, -13.50000000], [47.15598065, -13.48630424], [47.15676571, -13.47064457], [47.15812124, -13.45502066], [47.16004559, -13.43945156], [47.16253642, -13.42395622], [47.16559069, -13.40855353], [47.16920467, -13.39326225], [47.17337397, -13.37810102], [47.17809351, -13.36308830], [47.18335754, -13.34824239], [47.18915964, -13.33358137], [47.19549274, -13.31912311], [47.20234913, -13.30488522], [47.20972046, -13.29088504], [47.21759774, -13.27713964], [47.22597138, -13.26366576], [47.23483117, -13.25047982], [47.24416633, -13.23759788], [47.25396547, -13.22503563], [47.26421666, -13.21280839], [47.27490741, -13.20093104], [47.28602469, -13.18941807], [47.41102469, -13.06441807], [47.42404021, -13.05190451], [47.43601880, -13.04121235], [47.44837992, -13.03092686], [47.46110852, -13.02106057], [47.47418909, -13.01162550], [47.47992570, -13.00778059], [47.48483117, -13.00047982], [47.49416633, -12.98759788], [47.50396547, -12.97503563], [47.51421666, -12.96280839], [47.52490741, -12.95093105], [47.53602469, -12.93941807], [47.90576246, -12.56968030], [47.90576246, -12.25000000], [47.90598065, -12.23630424], [47.90676571, -12.22064457], [47.90812124, -12.20502066], [47.91004559, -12.18945156], [47.91253642, -12.17395622], [47.91559069, -12.15855353], [47.91920467, -12.14326225], [47.92337397, -12.12810102], [47.92809351, -12.11308830], [47.93335754, -12.09824239], [47.93915964, -12.08358137], [47.94549274, -12.06912311], [47.95234913, -12.05488522], [47.95972046, -12.04088504], [47.96759774, -12.02713964], [47.97597138, -12.01366576], [47.98483117, -12.00047982], [47.99416633, -11.98759788], [48.00396547, -11.97503563], [48.01421666, -11.96280839], [48.02490741, -11.95093105], [48.03602469, -11.93941807], [48.16102469, -11.81441807], [48.17404021, -11.80190451], [48.18601880, -11.79121235], [48.19837992, -11.78092686], [48.21110852, -11.77106057], [48.22418909, -11.76162550], [48.23760570, -11.75263314], [48.25134199, -11.74409446], [48.26538123, -11.73601985], [48.27970632, -11.72841916], [48.29429980, -11.72130163], [48.30914390, -11.71467595], [48.32422052, -11.70855019], [48.33951131, -11.70293181], [48.35499763, -11.69782765], [48.37066060, -11.69324394], [48.38648116, -11.68918625], [48.40244003, -11.68565954], [48.41090843, -11.68408390], [48.41253642, -11.67395622], [48.41559069, -11.65855353], [48.41920467, -11.64326225], [48.42337397, -11.62810102], [48.42809351, -11.61308830], [48.43335754, -11.59824239], [48.43915964, -11.58358137], [48.44549274, -11.56912311], [48.45234913, -11.55488522], [48.45972046, -11.54088504], [48.46759774, -11.52713964], [48.47597138, -11.51366576], [48.48483117, -11.50047982], [48.49416633, -11.48759788], [48.50396547, -11.47503563], [48.51421666, -11.46280839], [48.52490741, -11.45093105], [48.53602469, -11.43941807], [48.66102469, -11.31441807], [48.67404021, -11.30190451], [48.68601880, -11.29121235], [48.69837992, -11.28092686], [48.71110852, -11.27106057], [48.72418909, -11.26162550], [48.73760570, -11.25263314], [48.75134199, -11.24409446], [48.76538123, -11.23601985], [48.77970632, -11.22841916], [48.79429980, -11.22130163], [48.80914390, -11.21467595], [48.82422052, -11.20855019], [48.83951131, -11.20293181], [48.85499763, -11.19782765], [48.87066061, -11.19324394], [48.88648116, -11.18918625], [48.90244003, -11.18565954], [48.91851776, -11.18266810], [48.93469476, -11.18021556], [48.95095132, -11.17830493], [48.96726764, -11.17693853], [48.98362385, -11.17611803], [49.00000000, -11.17584441], [49.50000000, -11.17584441], [49.51844389, -11.17619151], [49.53479615, -11.17708105], [49.55110602, -11.17851631], [49.56735363, -11.18049553], [49.58351917, -11.18301632], [49.59958296, -11.18607560], [49.61552542, -11.18966964], [49.63132714, -11.19379406], [49.64696885, -11.19844384], [49.66243150, -11.20361332], [49.67769625, -11.20929619], [49.69274451, -11.21548553], [49.70755794, -11.22217380], [49.72211850, -11.22935285], [49.73640843, -11.23701393], [49.75041034, -11.24514772], [49.76410716, -11.25374430], [49.77748221, -11.26279320], [49.79051918, -11.27228339], [49.80320221, -11.28220331], [49.81551583, -11.29254088], [49.82744504, -11.30328349], [49.83897531, -11.31441807], [49.96397531, -11.43941807], [49.97371145, -11.44945625], [49.98445681, -11.46128835], [49.99476423, -11.47347221], [50.00462114, -11.48599297], [50.01401555, -11.49883538], [50.02293600, -11.51198380], [50.03137163, -11.52542221], [50.03931216, -11.53913422], [50.04674791, -11.55310315], [50.05366982, -11.56731196], [50.06006947, -11.58174336], [50.06593905, -11.59637974], [50.07127142, -11.61120329], [50.07606007, -11.62619594], [50.08029918, -11.64133943], [50.08398357, -11.65661530], [50.08710877, -11.67200495], [50.08967095, -11.68748962], [50.09166701, -11.70305046], [50.09309450, -11.71866849], [50.09395169, -11.73432470], [50.09423754, -11.75000000], [50.09423754, -11.81968030], [50.21397531, -11.93941807], [50.22371145, -11.94945625], [50.23445681, -11.96128835], [50.24476423, -11.97347221], [50.25462114, -11.98599297], [50.26401555, -11.99883538], [50.27293600, -12.01198380], [50.28137163, -12.02542221], [50.28931216, -12.03913422], [50.29674791, -12.05310315], [50.30366982, -12.06731196], [50.31006947, -12.08174336], [50.31593905, -12.09637974], [50.32127142, -12.11120329], [50.32606007, -12.12619594], [50.33029918, -12.14133943], [50.33398357, -12.15661530], [50.33710877, -12.17200495], [50.33967095, -12.18748962], [50.34166701, -12.20305046], [50.34309450, -12.21866849], [50.34395169, -12.23432470], [50.34423754, -12.25000000], [50.34423754, -12.31968030], [50.46397531, -12.43941807], [50.47371145, -12.44945625], [50.48445681, -12.46128835], [50.49476423, -12.47347221], [50.50462114, -12.48599297], [50.51401555, -12.49883538], [50.52293600, -12.51198380], [50.53137163, -12.52542221], [50.53931216, -12.53913422], [50.54674791, -12.55310315], [50.55366982, -12.56731196], [50.56006947, -12.58174336], [50.56593905, -12.59637974], [50.57127142, -12.61120329], [50.57606007, -12.62619594], [50.58029918, -12.64133943], [50.58398357, -12.65661530], [50.58710877, -12.67200495], [50.58967095, -12.68748962], [50.59166701, -12.70305046], [50.59309450, -12.71866849], [50.59395169, -12.73432470], [50.59423754, -12.75000000], [50.59423754, -12.81968030], [50.71397531, -12.93941807], [50.72371145, -12.94945625], [50.73445681, -12.96128835], [50.74476423, -12.97347221], [50.75462114, -12.98599297], [50.76401555, -12.99883538], [50.77293600, -13.01198380], [50.78137163, -13.02542221], [50.78931216, -13.03913422], [50.79674791, -13.05310315], [50.80366982, -13.06731196], [50.81006947, -13.08174336], [50.81593905, -13.09637974], [50.82127142, -13.11120329], [50.82606007, -13.12619594], [50.83029918, -13.14133943], [50.83398357, -13.15661530], [50.83710877, -13.17200495], [50.83967095, -13.18748962], [50.84166701, -13.20305046], [50.84309450, -13.21866849], [50.84395169, -13.23432470], [50.84423754, -13.25000000], [50.84423754, -14.31968030], [50.96397531, -14.43941807], [50.97371145, -14.44945625], [50.98445681, -14.46128835], [50.99476423, -14.47347221], [51.00462114, -14.48599297], [51.01401555, -14.49883538], [51.02293600, -14.51198380], [51.03137163, -14.52542221], [51.03931216, -14.53913422], [51.04674791, -14.55310315], [51.05366982, -14.56731196], [51.06006947, -14.58174336], [51.06593905, -14.59637974], [51.07127142, -14.61120329], [51.07606007, -14.62619594], [51.08029918, -14.64133943], [51.08398357, -14.65661530], [51.08710877, -14.67200495], [51.08967095, -14.68748962], [51.09166701, -14.70305046], [51.09309450, -14.71866849], [51.09395169, -14.73432470], [51.09423754, -14.75000000], [51.09423754, -16.00000000], [51.09401935, -16.01369576], [51.09323429, -16.02935543], [51.09187876, -16.04497934], [51.08995441, -16.06054844], [51.08746358, -16.07604378], [51.08440931, -16.09144647], [51.08079533, -16.10673775], [51.07662603, -16.12189898], [51.07190649, -16.13691170], [51.06664246, -16.15175761], [51.06084036, -16.16641863], [51.05450726, -16.18087689], [51.04765087, -16.19511478], [51.04027954, -16.20911496], [51.03240226, -16.22286036], [51.02402862, -16.23633424], [51.01516883, -16.24952018], [51.00583367, -16.26240212], [50.99603453, -16.27496437], [50.98578334, -16.28719161], [50.97509259, -16.29906895], [50.96397531, -16.31058193], [50.83897531, -16.43558193], [50.82595979, -16.44809549], [50.81398120, -16.45878765], [50.80162008, -16.46907314], [50.78889148, -16.47893943], [50.77581091, -16.48837450], [50.76276135, -16.49712085], [50.76401555, -16.49883538], [50.77293600, -16.51198380], [50.78137163, -16.52542221], [50.78931216, -16.53913422], [50.79674791, -16.55310315], [50.80366982, -16.56731196], [50.81006947, -16.58174336], [50.81593905, -16.59637974], [50.82127142, -16.61120329], [50.82606007, -16.62619594], [50.83029918, -16.64133943], [50.83398357, -16.65661530], [50.83710877, -16.67200495], [50.83967095, -16.68748962], [50.84166701, -16.70305046], [50.84309450, -16.71866849], [50.84395169, -16.73432470], [50.84423754, -16.75000000], [50.84423754, -17.00000000], [50.84401935, -17.01369576], [50.84323429, -17.02935543], [50.84187876, -17.04497934], [50.83995441, -17.06054844], [50.83746358, -17.07604378], [50.83440931, -17.09144647], [50.83079533, -17.10673775], [50.82662603, -17.12189898], [50.82190649, -17.13691170], [50.81664246, -17.15175761], [50.81084036, -17.16641863], [50.80450726, -17.18087689], [50.79765087, -17.19511478], [50.79027954, -17.20911496], [50.78240226, -17.22286036], [50.77402862, -17.23633424], [50.76516883, -17.24952018], [50.75583367, -17.26240212], [50.74603453, -17.27496437], [50.73578334, -17.28719161], [50.72509259, -17.29906895], [50.71397531, -17.31058193], [50.34423754, -17.68031970], [50.34423754, -18.00000000], [50.34401935, -18.01369576], [50.34323429, -18.02935543], [50.34187876, -18.04497934], [50.33995441, -18.06054844], [50.33746358, -18.07604378], [50.33440931, -18.09144647], [50.33079533, -18.10673775], [50.32662603, -18.12189898], [50.32190649, -18.13691170], [50.31664246, -18.15175761], [50.31084036, -18.16641863], [50.30450726, -18.18087689], [50.29765087, -18.19511478], [50.29027954, -18.20911496], [50.28240226, -18.22286036], [50.27402862, -18.23633424], [50.26516883, -18.24952018], [50.25583367, -18.26240212], [50.24603453, -18.27496437], [50.23578334, -18.28719161], [50.22509259, -18.29906896], [50.21397531, -18.31058193], [50.09423754, -18.43031970], [50.09423754, -18.75000000], [50.09401935, -18.76369576], [50.09323429, -18.77935543], [50.09187876, -18.79497934], [50.08995441, -18.81054844], [50.08746358, -18.82604378], [50.08440931, -18.84144647], [50.08079533, -18.85673775], [50.07662603, -18.87189898], [50.07190649, -18.88691170], [50.06664246, -18.90175761], [50.06084036, -18.91641863], [50.05450726, -18.93087689], [50.04765087, -18.94511478], [50.04027954, -18.95911496], [50.03240226, -18.97286036], [50.02402862, -18.98633424], [50.01516883, -18.99952018], [50.00583367, -19.01240212], [49.99603453, -19.02496437], [49.98578334, -19.03719161], [49.97509259, -19.04906895], [49.96397531, -19.06058193], [49.84423754, -19.18031970], [49.84423754, -19.25000000], [49.84401935, -19.26369576], [49.84323429, -19.27935543], [49.84187876, -19.29497934], [49.83995441, -19.31054844], [49.83746358, -19.32604378], [49.83440931, -19.34144647], [49.83079533, -19.35673775], [49.82662603, -19.37189898], [49.82190649, -19.38691170], [49.81664246, -19.40175761], [49.81084036, -19.41641863], [49.80450726, -19.43087689], [49.79765087, -19.44511478], [49.79027954, -19.45911496], [49.78240226, -19.47286036], [49.77402862, -19.48633424], [49.76516883, -19.49952018], [49.75583367, -19.51240212], [49.74603453, -19.52496437], [49.73578334, -19.53719161], [49.72509259, -19.54906895], [49.71397531, -19.56058193], [49.59423754, -19.68031970], [49.59423754, -20.25000000], [49.59401935, -20.26369576], [49.59323429, -20.27935543], [49.59187876, -20.29497934], [49.58995441, -20.31054844], [49.58746358, -20.32604378], [49.58440931, -20.34144647], [49.58079533, -20.35673775], [49.57662603, -20.37189898], [49.57190649, -20.38691170], [49.56664246, -20.40175761], [49.56084036, -20.41641863], [49.55450726, -20.43087689], [49.54765087, -20.44511478], [49.54027954, -20.45911496], [49.53240226, -20.47286036], [49.52402862, -20.48633424], [49.51516883, -20.49952018], [49.50583367, -20.51240212], [49.49603453, -20.52496437], [49.48578334, -20.53719161], [49.47509259, -20.54906895], [49.46397531, -20.56058193], [49.34423754, -20.68031970], [49.34423754, -20.75000000], [49.34401935, -20.76369576], [49.34323429, -20.77935543], [49.34187876, -20.79497934], [49.33995441, -20.81054844], [49.33746358, -20.82604378], [49.33440931, -20.84144647], [49.33079533, -20.85673775], [49.32662603, -20.87189898], [49.32190649, -20.88691170], [49.31664246, -20.90175761], [49.31084036, -20.91641863], [49.30450726, -20.93087689], [49.29765087, -20.94511478], [49.29027954, -20.95911496], [49.28240226, -20.97286036], [49.27402862, -20.98633424], [49.26516883, -20.99952018], [49.25583367, -21.01240212], [49.24603453, -21.02496437], [49.23578334, -21.03719161], [49.22509259, -21.04906895], [49.21397531, -21.06058193], [49.09423754, -21.18031970], [49.09423754, -21.75000000], [49.09401935, -21.76369576], [49.09323429, -21.77935543], [49.09187876, -21.79497934], [49.08995441, -21.81054844], [49.08746358, -21.82604378], [49.08440931, -21.84144647], [49.08079533, -21.85673775], [49.07662603, -21.87189898], [49.07190649, -21.88691170], [49.06664246, -21.90175761], [49.06084036, -21.91641863], [49.05450726, -21.93087689], [49.04765087, -21.94511478], [49.04027954, -21.95911496], [49.03240226, -21.97286036], [49.02402862, -21.98633424], [49.01516883, -21.99952018], [49.00583367, -22.01240212], [48.99603453, -22.02496437], [48.98578334, -22.03719161], [48.97509259, -22.04906895], [48.96397531, -22.06058193], [48.84423754, -22.18031970], [48.84423754, -22.25000000], [48.84401935, -22.26369576], [48.84323429, -22.27935543], [48.84187876, -22.29497934], [48.83995441, -22.31054844], [48.83746358, -22.32604378], [48.83440931, -22.34144647], [48.83079533, -22.35673775], [48.82662603, -22.37189898], [48.82190649, -22.38691170], [48.81664246, -22.40175761], [48.81084036, -22.41641863], [48.80450726, -22.43087689], [48.79765087, -22.44511478], [48.79027954, -22.45911496], [48.78240226, -22.47286036], [48.77402862, -22.48633424], [48.76516883, -22.49952018], [48.75583367, -22.51240212], [48.74603453, -22.52496437], [48.73578334, -22.53719161], [48.72509259, -22.54906895], [48.71397531, -22.56058193], [48.59423754, -22.68031970], [48.59423754, -22.75000000], [48.59401935, -22.76369576], [48.59323429, -22.77935543], [48.59187876, -22.79497934], [48.58995441, -22.81054844], [48.58746358, -22.82604378], [48.58440931, -22.84144647], [48.58079533, -22.85673775], [48.57662603, -22.87189898], [48.57190649, -22.88691170], [48.56664246, -22.90175761], [48.56084036, -22.91641863], [48.55450726, -22.93087689], [48.54765087, -22.94511478], [48.54027954, -22.95911496], [48.53240226, -22.97286036], [48.52402862, -22.98633424], [48.51516883, -22.99952018], [48.50583367, -23.01240212], [48.49603453, -23.02496437], [48.48578334, -23.03719161], [48.47509259, -23.04906895], [48.46397531, -23.06058193], [48.33930135, -23.18525590], [48.33967095, -23.18748962], [48.34166701, -23.20305046], [48.34309450, -23.21866849], [48.34395169, -23.23432470], [48.34423754, -23.25000000], [48.34423754, -24.00000000], [48.34401935, -24.01369576], [48.34323429, -24.02935543], [48.34187876, -24.04497934], [48.33995441, -24.06054844], [48.33746358, -24.07604378], [48.33440931, -24.09144647], [48.33079533, -24.10673775], [48.32662603, -24.12189898], [48.32190649, -24.13691170], [48.31664246, -24.15175761], [48.31084036, -24.16641863], [48.30450726, -24.18087689], [48.29765087, -24.19511478], [48.29027954, -24.20911496], [48.28240226, -24.22286036], [48.27402862, -24.23633424], [48.26516883, -24.24952018], [48.25583367, -24.26240212], [48.24603453, -24.27496437], [48.23578334, -24.28719161], [48.22509259, -24.29906895], [48.21397531, -24.31058193], [48.09423754, -24.43031970], [48.09423754, -24.75000000], [48.09401935, -24.76369576], [48.09323429, -24.77935543], [48.09187876, -24.79497934], [48.08995441, -24.81054844], [48.08746358, -24.82604378], [48.08440931, -24.84144647], [48.08079533, -24.85673775], [48.07662603, -24.87189898], [48.07190649, -24.88691170], [48.06664246, -24.90175761], [48.06084036, -24.91641863], [48.05450726, -24.93087689], [48.04765087, -24.94511478], [48.04027954, -24.95911496], [48.03240226, -24.97286036], [48.02402862, -24.98633424], [48.01516883, -24.99952018], [48.00583367, -25.01240212], [47.99603453, -25.02496437], [47.98578334, -25.03719161], [47.97509259, -25.04906895], [47.96397531, -25.06058193], [47.83897531, -25.18558193], [47.82595979, -25.19809549], [47.81398120, -25.20878765], [47.80162008, -25.21907314], [47.78889148, -25.22893943], [47.77581091, -25.23837450], [47.76239430, -25.24736686], [47.74865801, -25.25590554], [47.73461877, -25.26398015], [47.72029368, -25.27158084], [47.70570020, -25.27869837], [47.69085610, -25.28532405], [47.67577948, -25.29144981], [47.66048869, -25.29706819], [47.64500237, -25.30217235], [47.62933940, -25.30675606], [47.61351884, -25.31081375], [47.59755997, -25.31434046], [47.58148224, -25.31733190], [47.56530524, -25.31978444], [47.54904868, -25.32169507], [47.53273236, -25.32306147], [47.51637615, -25.32388197], [47.50000000, -25.32415559]]]}
    },
    {
      "type": "Feature",
      "properties": {"block_id": "ADC_WNP_01", "basin_id": "BASIN_WNP", "basin_label": "Western North Pacific and East Asia", "domain_count": 4, "grid_cell_count": 158, "outer_area_km2": 5260019.101223, "shelf_width_km": 250.000000, "outer_buffer_km": 430.000000, "shelf_add_area_km2": 0.000000, "shelf_add_cell_count": 0, "shelf_add_component_count": 0, "bay_add_area_km2": 1673501.333656, "bay_add_cell_count": 2957, "bay_add_core_cell_count": 2957, "bay_add_component_count": 2, "open_ocean_area_risk": 0},
      "geometry": {"type": "Polygon", "coordinates": [[[108.25000000, 9.92584441], [107.75000000, 9.92584441], [107.72841211, 9.92630844], [107.71186353, 9.92729411], [107.69536142, 9.92882525], [107.67892587, 9.93089998], [107.66257692, 9.93351578], [107.64633448, 9.93666946], [107.63021834, 9.94035718], [107.61424813, 9.94457445], [107.59844332, 9.94931612], [107.58282316, 9.95457642], [107.56740667, 9.96034894], [107.55221265, 9.96662665], [107.53725960, 9.97340190], [107.52256574, 9.98066644], [107.50814898, 9.98841141], [107.49402687, 9.99662738], [107.48021663, 10.00530434], [107.46673508, 10.01443172], [107.45359864, 10.02399839], [107.44082332, 10.03399270], [107.42842468, 10.04440248], [107.41641784, 10.05521504], [107.40481741, 10.06641721], [107.27981741, 10.19141721], [107.27197224, 10.19945625], [107.26109388, 10.21128835], [107.25065887, 10.22347221], [107.24067995, 10.23599297], [107.23116926, 10.24883538], [107.22213839, 10.26198380], [107.21359835, 10.27542221], [107.20555954, 10.28913422], [107.19803175, 10.30310315], [107.19102415, 10.31731196], [107.18454529, 10.33174336], [107.17860305, 10.34637974], [107.17320469, 10.36120329], [107.16835676, 10.37619594], [107.16406518, 10.39133943], [107.16033518, 10.40661530], [107.15717131, 10.42200495], [107.15457741, 10.43748962], [107.15255664, 10.45305046], [107.15111148, 10.46866849], [107.15024368, 10.48432470], [107.14995429, 10.50000000], [107.14995429, 11.00000000], [107.15009516, 11.01093752], [107.15078818, 11.02660151], [107.15205895, 11.04223309], [107.15390592, 11.05781322], [107.15632685, 11.07332291], [107.15931879, 11.08874327], [107.16287809, 11.10405551], [107.16700041, 11.11924098], [107.17168074, 11.13428116], [107.17691336, 11.14915775], [107.18269191, 11.16385261], [107.18900934, 11.17834784], [107.19585796, 11.19262578], [107.20322943, 11.20666904], [107.21111475, 11.22046050], [107.21950433, 11.23398337], [107.22838795, 11.24722116], [107.23775478, 11.26015775], [107.24759340, 11.27277738], [107.25789184, 11.28506467], [107.26863754, 11.29700466], [107.27981741, 11.30858279], [107.40481741, 11.43358279], [107.42000552, 11.44809549], [107.43213238, 11.45878765], [107.44464651, 11.46907314], [107.45753266, 11.47893943], [107.47077514, 11.48837450], [107.48435781, 11.49736686], [107.49826413, 11.50590554], [107.51247715, 11.51398015], [107.52697955, 11.52158084], [107.54175367, 11.52869837], [107.55678150, 11.53532405], [107.57204475, 11.54144981], [107.58752480, 11.54706819], [107.60320280, 11.55217235], [107.61905966, 11.55675606], [107.63507604, 11.56081375], [107.65123244, 11.56434046], [107.66750918, 11.56733190], [107.68388642, 11.56978444], [107.70034420, 11.57169507], [107.71686249, 11.57306147], [107.73342114, 11.57388197], [107.75000000, 11.57415559], [107.79539021, 11.57415559], [108.22664991, 12.00541529], [108.22213839, 12.01198380], [108.21359835, 12.02542221], [108.20555954, 12.03913422], [108.19803175, 12.05310315], [108.19102415, 12.06731196], [108.18454529, 12.08174336], [108.17860305, 12.09637974], [108.17320469, 12.11120329], [108.16835676, 12.12619594], [108.16406518, 12.14133943], [108.16033518, 12.15661530], [108.15717131, 12.17200495], [108.15457741, 12.18748962], [108.15255664, 12.20305046], [108.15111148, 12.21866849], [108.15024368, 12.23432470], [108.14995429, 12.25000000], [108.14995429, 12.50000000], [108.15009516, 12.51093752], [108.15078818, 12.52660151], [108.15205895, 12.54223309], [108.15390592, 12.55781322], [108.15632685, 12.57332291], [108.15931879, 12.58874327], [108.16287809, 12.60405551], [108.16700041, 12.61924098], [108.17168074, 12.63428116], [108.17691336, 12.64915775], [108.18269191, 12.66385261], [108.18900934, 12.67834784], [108.19585796, 12.69262578], [108.20322943, 12.70666904], [108.21111475, 12.72046050], [108.21950433, 12.73398337], [108.22838795, 12.74722116], [108.23775478, 12.76015775], [108.24759340, 12.77277738], [108.25789184, 12.78506467], [108.26863754, 12.79700466], [108.27981741, 12.80858279], [108.39995429, 12.92871967], [108.39995429, 13.82128033], [108.27981741, 13.94141721], [108.27197224, 13.94945625], [108.26109388, 13.96128835], [108.25065887, 13.97347221], [108.24067995, 13.98599297], [108.23116926, 13.99883538], [108.22213839, 14.01198380], [108.21359835, 14.02542221], [108.20555954, 14.03913422], [108.19803175, 14.05310315], [108.19102415, 14.06731196], [108.18454529, 14.08174336], [108.17860305, 14.09637974], [108.17320469, 14.11120329], [108.16835676, 14.12619594], [108.16406518, 14.14133943], [108.16033518, 14.15661530], [108.15717131, 14.17200495], [108.15457741, 14.18748962], [108.15255664, 14.20305046], [108.15111148, 14.21866849], [108.15024368, 14.23432470], [108.14995429, 14.25000000], [108.14995429, 14.57128033], [108.02981741, 14.69141721], [108.02197224, 14.69945625], [108.01109388, 14.71128835], [108.00065887, 14.72347221], [107.99067995, 14.73599297], [107.98116926, 14.74883538], [107.97213839, 14.76198380], [107.96359835, 14.77542221], [107.95555954, 14.78913422], [107.94803175, 14.80310315], [107.94102415, 14.81731196], [107.93454529, 14.83174336], [107.92860305, 14.84637974], [107.92320469, 14.86120329], [107.91835676, 14.87619594], [107.91406518, 14.89133943], [107.91033518, 14.90661530], [107.90717131, 14.92200495], [107.90652814, 14.92584441], [107.75000000, 14.92584441], [107.72841211, 14.92630844], [107.71186353, 14.92729411], [107.69536142, 14.92882525], [107.67892587, 14.93089998], [107.66257692, 14.93351578], [107.64633448, 14.93666946], [107.63021834, 14.94035718], [107.61424813, 14.94457445], [107.59844332, 14.94931612], [107.58282316, 14.95457642], [107.56740667, 14.96034894], [107.55221265, 14.96662665], [107.53725960, 14.97340190], [107.52256574, 14.98066644], [107.50814898, 14.98841141], [107.49402687, 14.99662738], [107.48021663, 15.00530434], [107.46673508, 15.01443172], [107.45359864, 15.02399839], [107.44082332, 15.03399270], [107.42842468, 15.04440248], [107.41641784, 15.05521504], [107.40481741, 15.06641721], [107.27981741, 15.19141721], [107.27197224, 15.19945625], [107.26109388, 15.21128835], [107.25065887, 15.22347221], [107.24067995, 15.23599297], [107.23116926, 15.24883538], [107.22213839, 15.26198380], [107.21359835, 15.27542221], [107.20555954, 15.28913422], [107.19803175, 15.30310315], [107.19102415, 15.31731196], [107.18454529, 15.33174336], [107.17860305, 15.34637974], [107.17320469, 15.36120329], [107.16835676, 15.37619594], [107.16406518, 15.39133943], [107.16033518, 15.40661530], [107.15717131, 15.42200495], [107.15457741, 15.43748962], [107.15255664, 15.45305046], [107.15111148, 15.46866849], [107.15024368, 15.48432470], [107.14995429, 15.50000000], [107.14995429, 15.68596663], [107.14633448, 15.68666946], [107.13021834, 15.69035718], [107.11424813, 15.69457445], [107.09844332, 15.69931612], [107.08282316, 15.70457642], [107.06740667, 15.71034894], [107.05221265, 15.71662665], [107.03725960, 15.72340190], [107.02256574, 15.73066644], [107.00814898, 15.73841141], [106.99402687, 15.74662738], [106.98021663, 15.75530434], [106.96673508, 15.76443172], [106.95359864, 15.77399839], [106.94082332, 15.78399270], [106.92842468, 15.79440248], [106.91641784, 15.80521504], [106.90481741, 15.81641721], [105.77981741, 16.94141721], [105.77197224, 16.94945625], [105.76109388, 16.96128835], [105.75065887, 16.97347221], [105.74067995, 16.98599297], [105.73116926, 16.99883538], [105.72213839, 17.01198380], [105.71359835, 17.02542221], [105.70555954, 17.03913422], [105.69803175, 17.05310315], [105.69102415, 17.06731196], [105.68454529, 17.08174336], [105.67860306, 17.09637974], [105.67320469, 17.11120329], [105.66835676, 17.12619594], [105.66406518, 17.14133943], [105.66033518, 17.15661530], [105.65717131, 17.17200495], [105.65499653, 17.18498761], [105.64633448, 17.18666946], [105.63021834, 17.19035718], [105.61424813, 17.19457445], [105.59844332, 17.19931612], [105.58282316, 17.20457642], [105.56740667, 17.21034894], [105.55221265, 17.21662665], [105.53725960, 17.22340190], [105.52256574, 17.23066644], [105.50814898, 17.23841141], [105.49402687, 17.24662738], [105.48021663, 17.25530434], [105.46673508, 17.26443171], [105.45359864, 17.27399839], [105.44082332, 17.28399270], [105.42842468, 17.29440248], [105.41641784, 17.30521504], [105.40481741, 17.31641721], [104.77981741, 17.94141721], [104.77197224, 17.94945625], [104.76109388, 17.96128835], [104.75065887, 17.97347221], [104.74067995, 17.98599297], [104.73116926, 17.99883538], [104.72213839, 18.01198380], [104.71359835, 18.02542221], [104.70555954, 18.03913422], [104.69803175, 18.05310315], [104.69102415, 18.06731196], [104.68454529, 18.08174336], [104.67860306, 18.09637974], [104.67320469, 18.11120329], [104.66835676, 18.12619594], [104.66406518, 18.14133943], [104.66033518, 18.15661530], [104.65717131, 18.17200495], [104.65457741, 18.18748962], [104.65255664, 18.20305046], [104.65111148, 18.21866849], [104.65024368, 18.23432470], [104.64995429, 18.25000000], [104.64995429, 19.25000000], [104.65009516, 19.26093752], [104.65078818, 19.27660151], [104.65205895, 19.29223309], [104.65390592, 19.30781322], [104.65632685, 19.32332291], [104.65931879, 19.33874327], [104.66287809, 19.35405551], [104.66700041, 19.36924098], [104.67168074, 19.38428116], [104.67691336, 19.39915775], [104.68269191, 19.41385261], [104.68900934, 19.42834784], [104.69585796, 19.44262578], [104.70322943, 19.45666904], [104.71111475, 19.47046050], [104.71950433, 19.48398337], [104.72838795, 19.49722116], [104.73038427, 19.49997829], [104.72213839, 19.51198380], [104.71359835, 19.52542221], [104.70555954, 19.53913422], [104.69803175, 19.55310315], [104.69102415, 19.56731196], [104.68454529, 19.58174336], [104.67860306, 19.59637974], [104.67320469, 19.61120329], [104.66835676, 19.62619594], [104.66406518, 19.64133943], [104.66033518, 19.65661530], [104.65717131, 19.67200495], [104.65457741, 19.68748962], [104.65255664, 19.70305046], [104.65111148, 19.71866849], [104.65024368, 19.73432470], [104.64995429, 19.75000000], [104.64995429, 20.00000000], [104.65009516, 20.01093752], [104.65078818, 20.02660151], [104.65205895, 20.04223309], [104.65390592, 20.05781322], [104.65632685, 20.07332291], [104.65931879, 20.08874327], [104.66287809, 20.10405551], [104.66700041, 20.11924098], [104.67168074, 20.13428116], [104.67691336, 20.14915775], [104.68269191, 20.16385261], [104.68900934, 20.17834784], [104.69585796, 20.19262578], [104.70322943, 20.20666904], [104.71111475, 20.22046050], [104.71950433, 20.23398337], [104.72838795, 20.24722116], [104.73775478, 20.26015775], [104.74759340, 20.27277738], [104.75789184, 20.28506467], [104.76863754, 20.29700466], [104.77981741, 20.30858279], [104.89995429, 20.42871967], [104.89995429, 20.57128033], [104.77981741, 20.69141721], [104.77197224, 20.69945625], [104.76109388, 20.71128835], [104.75065887, 20.72347221], [104.74067995, 20.73599297], [104.73116926, 20.74883538], [104.72213839, 20.76198380], [104.71359835, 20.77542221], [104.70555954, 20.78913422], [104.69803175, 20.80310315], [104.69102415, 20.81731196], [104.68454529, 20.83174336], [104.67860306, 20.84637974], [104.67320469, 20.86120329], [104.66835676, 20.87619594], [104.66406518, 20.89133943], [104.66033518, 20.90661530], [104.65717131, 20.92200495], [104.65457741, 20.93748962], [104.65255664, 20.95305046], [104.65111148, 20.96866849], [104.65024368, 20.98432470], [104.64995429, 21.00000000], [104.64995429, 21.07128033], [104.52981741, 21.19141721], [104.52197224, 21.19945625], [104.51109388, 21.21128835], [104.50065887, 21.22347221], [104.49067995, 21.23599297], [104.48116926, 21.24883538], [104.47213839, 21.26198380], [104.46359835, 21.27542221], [104.45555954, 21.28913422], [104.44803175, 21.30310315], [104.44102415, 21.31731196], [104.43454529, 21.33174336], [104.42860306, 21.34637974], [104.42320469, 21.36120329], [104.41835676, 21.37619594], [104.41406518, 21.39133943], [104.41033518, 21.40661530], [104.40717131, 21.42200495], [104.40457741, 21.43748962], [104.40255664, 21.45305046], [104.40111148, 21.46866849], [104.40024368, 21.48432470], [104.39995429, 21.50000000], [104.39995429, 21.75000000], [104.40009516, 21.76093752], [104.40078818, 21.77660151], [104.40205895, 21.79223309], [104.40390592, 21.80781322], [104.40632685, 21.82332291], [104.40931879, 21.83874327], [104.41287809, 21.85405551], [104.41700041, 21.86924098], [104.42168074, 21.88428116], [104.42691336, 21.89915775], [104.43269191, 21.91385261], [104.43900934, 21.92834784], [104.44585796, 21.94262578], [104.45322943, 21.95666904], [104.46111475, 21.97046050], [104.46950433, 21.98398337], [104.47838795, 21.99722116], [104.48775478, 22.01015775], [104.49759340, 22.02277738], [104.50789184, 22.03506467], [104.51863754, 22.04700466], [104.52981741, 22.05858279], [104.65481741, 22.18358279], [104.67000552, 22.19809549], [104.68213238, 22.20878765], [104.69464651, 22.21907314], [104.70753266, 22.22893943], [104.72077514, 22.23837450], [104.73435781, 22.24736686], [104.74826413, 22.25590554], [104.76247715, 22.26398015], [104.77697955, 22.27158084], [104.79175367, 22.27869837], [104.80678150, 22.28532405], [104.82204475, 22.29144981], [104.83752480, 22.29706819], [104.85320280, 22.30217235], [104.86905966, 22.30675606], [104.88507604, 22.31081375], [104.90123244, 22.31434046], [104.91750918, 22.31733190], [104.93388642, 22.31978444], [104.95034420, 22.32169507], [104.96686249, 22.32306147], [104.98342114, 22.32388197], [105.00000000, 22.32415559], [105.75000000, 22.32415559], [105.77158789, 22.32369156], [105.78813647, 22.32270589], [105.80463858, 22.32117475], [105.82107413, 22.31910002], [105.83742308, 22.31648422], [105.85366552, 22.31333054], [105.86978166, 22.30964282], [105.88575187, 22.30542555], [105.90155668, 22.30068388], [105.91717684, 22.29542358], [105.93259333, 22.28965106], [105.94778735, 22.28337335], [105.96274040, 22.27659810], [105.97743426, 22.26933356], [105.99185102, 22.26158859], [106.00597313, 22.25337262], [106.01978337, 22.24469566], [106.03326492, 22.23556828], [106.04640136, 22.22600161], [106.05917668, 22.21600730], [106.07157532, 22.20559752], [106.08358216, 22.19478496], [106.09518259, 22.18358279], [106.20460979, 22.07415559], [106.75000000, 22.07415559], [106.77158789, 22.07369156], [106.78813647, 22.07270589], [106.80463858, 22.07117475], [106.82107413, 22.06910002], [106.83742308, 22.06648422], [106.85366552, 22.06333054], [106.86978166, 22.05964282], [106.88575187, 22.05542555], [106.90155668, 22.05068388], [106.91717684, 22.04542358], [106.93259333, 22.03965106], [106.94778735, 22.03337335], [106.96274040, 22.02659810], [106.97743426, 22.01933356], [106.99185102, 22.01158859], [106.99996170, 22.00686995], [107.01247715, 22.01398015], [107.02697955, 22.02158084], [107.04175367, 22.02869837], [107.05678150, 22.03532405], [107.07204475, 22.04144981], [107.08752480, 22.04706819], [107.10320280, 22.05217235], [107.11905966, 22.05675606], [107.13507604, 22.06081375], [107.15123244, 22.06434046], [107.16750918, 22.06733190], [107.18388642, 22.06978444], [107.20034420, 22.07169507], [107.21686249, 22.07306147], [107.23342114, 22.07388197], [107.25000000, 22.07415559], [107.29539021, 22.07415559], [107.40481741, 22.18358279], [107.42000552, 22.19809549], [107.43213238, 22.20878765], [107.44464651, 22.21907314], [107.45753266, 22.22893943], [107.47077514, 22.23837450], [107.48435781, 22.24736686], [107.49826413, 22.25590554], [107.51247715, 22.26398015], [107.52697955, 22.27158084], [107.54175367, 22.27869837], [107.55678150, 22.28532405], [107.57204475, 22.29144981], [107.58752480, 22.29706819], [107.60320280, 22.30217235], [107.61905966, 22.30675606], [107.63507604, 22.31081375], [107.65123244, 22.31434046], [107.66750918, 22.31733190], [107.68388642, 22.31978444], [107.70034420, 22.32169507], [107.71686249, 22.32306147], [107.73342114, 22.32388197], [107.75000000, 22.32415559], [107.79539021, 22.32415559], [107.90481741, 22.43358279], [107.92000552, 22.44809549], [107.93213238, 22.45878765], [107.94464651, 22.46907314], [107.95753266, 22.47893943], [107.97077514, 22.48837450], [107.98435781, 22.49736686], [107.99826413, 22.50590554], [108.01247715, 22.51398015], [108.02697955, 22.52158084], [108.04175367, 22.52869837], [108.05678150, 22.53532405], [108.07204475, 22.54144981], [108.08752480, 22.54706819], [108.10320280, 22.55217235], [108.11905966, 22.55675606], [108.13507604, 22.56081375], [108.15123244, 22.56434046], [108.16750918, 22.56733190], [108.18388642, 22.56978444], [108.20034420, 22.57169507], [108.21686249, 22.57306147], [108.23342114, 22.57388197], [108.25000000, 22.57415559], [108.75000000, 22.57415559], [108.77158789, 22.57369156], [108.78813647, 22.57270589], [108.80463858, 22.57117475], [108.82107413, 22.56910002], [108.83742308, 22.56648422], [108.85366552, 22.56333054], [108.86978166, 22.55964282], [108.88575187, 22.55542555], [108.90155668, 22.55068388], [108.91717684, 22.54542358], [108.93259333, 22.53965106], [108.94778735, 22.53337335], [108.96274040, 22.52659810], [108.97743426, 22.51933356], [108.99185102, 22.51158859], [109.00597313, 22.50337262], [109.01978337, 22.49469566], [109.03326492, 22.48556828], [109.04640136, 22.47600161], [109.05917668, 22.46600730], [109.07157532, 22.45559752], [109.08358216, 22.44478496], [109.09518259, 22.43358279], [109.22018259, 22.30858279], [109.22802776, 22.30054375], [109.23890612, 22.28871165], [109.24934113, 22.27652779], [109.25932005, 22.26400703], [109.26883074, 22.25116462], [109.27786161, 22.23801620], [109.28640165, 22.22457779], [109.29444046, 22.21086578], [109.30196825, 22.19689685], [109.30897585, 22.18268804], [109.31545471, 22.16825664], [109.32139694, 22.15362026], [109.32679531, 22.13879671], [109.33164324, 22.12380406], [109.33593482, 22.10866057], [109.33966482, 22.09338470], [109.34282869, 22.07799505], [109.34542259, 22.06251038], [109.34744336, 22.04694954], [109.34888852, 22.03133151], [109.34975632, 22.01567530], [109.35004571, 22.00000000], [109.35004571, 21.50000000], [109.34990484, 21.48906248], [109.34921182, 21.47339849], [109.34794105, 21.45776691], [109.34609408, 21.44218678], [109.34367315, 21.42667709], [109.34068121, 21.41125673], [109.33712191, 21.39594449], [109.33299959, 21.38075902], [109.32831926, 21.36571884], [109.32308664, 21.35084225], [109.31730809, 21.33614739], [109.31099066, 21.32165216], [109.30414204, 21.30737422], [109.29677057, 21.29333096], [109.28888525, 21.27953950], [109.28049567, 21.26601663], [109.27161205, 21.25277884], [109.26224522, 21.23984225], [109.25240660, 21.22722262], [109.24210816, 21.21493533], [109.23136246, 21.20299534], [109.22018259, 21.19141721], [109.09518259, 21.06641721], [109.07999448, 21.05190451], [109.06786762, 21.04121235], [109.05535349, 21.03092686], [109.04246734, 21.02106057], [109.02922486, 21.01162550], [109.01564219, 21.00263314], [109.00173587, 20.99409446], [108.98752285, 20.98601985], [108.97302045, 20.97841916], [108.95824633, 20.97130163], [108.94321850, 20.96467595], [108.92795525, 20.95855019], [108.91247520, 20.95293181], [108.89679720, 20.94782765], [108.88094034, 20.94324394], [108.86492396, 20.93918625], [108.84876756, 20.93565954], [108.83249082, 20.93266810], [108.81611358, 20.93021556], [108.79965580, 20.92830493], [108.78313751, 20.92693853], [108.76657886, 20.92611803], [108.75000000, 20.92584441], [108.70460979, 20.92584441], [108.60004571, 20.82128033], [108.60004571, 20.75000000], [108.59990484, 20.73906248], [108.59921182, 20.72339849], [108.59794105, 20.70776691], [108.59609408, 20.69218678], [108.59367315, 20.67667709], [108.59068121, 20.66125673], [108.58712191, 20.64594449], [108.58299959, 20.63075902], [108.57831926, 20.61571884], [108.57308664, 20.60084225], [108.56730809, 20.58614739], [108.56099066, 20.57165216], [108.55414204, 20.55737422], [108.54677057, 20.54333096], [108.53888525, 20.52953950], [108.53049567, 20.51601663], [108.52161205, 20.50277884], [108.51224522, 20.48984225], [108.50240660, 20.47722262], [108.49210816, 20.46493533], [108.48136246, 20.45299534], [108.47018259, 20.44141721], [108.34518259, 20.31641721], [108.32999448, 20.30190451], [108.31786762, 20.29121235], [108.30535349, 20.28092686], [108.29246734, 20.27106057], [108.27922486, 20.26162550], [108.26564219, 20.25263314], [108.25173587, 20.24409446], [108.23752285, 20.23601985], [108.22302045, 20.22841916], [108.20824633, 20.22130163], [108.19321850, 20.21467595], [108.17795525, 20.20855019], [108.16247520, 20.20293181], [108.14679720, 20.19782765], [108.13094034, 20.19324394], [108.11492396, 20.18918625], [108.09876756, 20.18565954], [108.08249082, 20.18266810], [108.06611358, 20.18021556], [108.04965580, 20.17830493], [108.03313751, 20.17693853], [108.01657886, 20.17611803], [108.00000000, 20.17584441], [107.70460979, 20.17584441], [107.59518259, 20.06641721], [107.57999448, 20.05190451], [107.56786762, 20.04121235], [107.55535349, 20.03092686], [107.54246734, 20.02106057], [107.52922486, 20.01162550], [107.51564219, 20.00263314], [107.50173587, 19.99409446], [107.48752285, 19.98601985], [107.47302045, 19.97841916], [107.45824633, 19.97130163], [107.44321850, 19.96467595], [107.42795525, 19.95855019], [107.41247520, 19.95293181], [107.39679720, 19.94782765], [107.38094034, 19.94324394], [107.36492396, 19.93918625], [107.34876756, 19.93565954], [107.34496618, 19.93496090], [107.34367315, 19.92667709], [107.34068121, 19.91125673], [107.33712191, 19.89594449], [107.33299959, 19.88075902], [107.32831926, 19.86571884], [107.32308664, 19.85084225], [107.31730809, 19.83614739], [107.31099066, 19.82165216], [107.30414204, 19.80737422], [107.29677057, 19.79333096], [107.28888525, 19.77953950], [107.28049567, 19.76601663], [107.27161205, 19.75277884], [107.26224522, 19.73984225], [107.25240660, 19.72722262], [107.24210816, 19.71493533], [107.23136246, 19.70299534], [107.22018259, 19.69141721], [107.09518259, 19.56641721], [107.07999448, 19.55190451], [107.06786762, 19.54121235], [107.05535349, 19.53092686], [107.04246734, 19.52106057], [107.02922486, 19.51162550], [107.01564219, 19.50263314], [107.00173587, 19.49409446], [106.98752285, 19.48601985], [106.97302045, 19.47841916], [106.95824633, 19.47130163], [106.94321850, 19.46467595], [106.92795525, 19.45855019], [106.91247520, 19.45293181], [106.89679720, 19.44782765], [106.88094034, 19.44324394], [106.86492396, 19.43918625], [106.84876756, 19.43565954], [106.83249082, 19.43266810], [106.81611358, 19.43021556], [106.79965580, 19.42830493], [106.78313751, 19.42693853], [106.76657886, 19.42611803], [106.75000000, 19.42584441], [106.70460979, 19.42584441], [106.60004571, 19.32128033], [106.60004571, 18.92871967], [107.22018259, 18.30858279], [107.22802776, 18.30054375], [107.23890612, 18.28871165], [107.24934113, 18.27652779], [107.25932005, 18.26400703], [107.26883074, 18.25116462], [107.27786161, 18.23801620], [107.28640165, 18.22457779], [107.29444046, 18.21086578], [107.30196825, 18.19689685], [107.30897585, 18.18268804], [107.31545471, 18.16825664], [107.32139695, 18.15362026], [107.32679531, 18.13879671], [107.33164324, 18.12380406], [107.33593482, 18.10866057], [107.33966482, 18.09338470], [107.34282869, 18.07799505], [107.34542259, 18.06251038], [107.34744336, 18.04694954], [107.34888852, 18.03133151], [107.34975632, 18.01567530], [107.35004571, 18.00000000], [107.35004571, 17.92871967], [108.20460979, 17.07415559], [108.25000000, 17.07415559], [108.27158789, 17.07369156], [108.28813647, 17.07270589], [108.30463858, 17.07117475], [108.32107413, 17.06910002], [108.33742308, 17.06648422], [108.35366552, 17.06333054], [108.36978166, 17.05964282], [108.38575187, 17.05542555], [108.40155668, 17.05068388], [108.41717684, 17.04542358], [108.43259333, 17.03965106], [108.44778735, 17.03337335], [108.46274040, 17.02659810], [108.47743426, 17.01933356], [108.49185102, 17.01158859], [108.50597313, 17.00337262], [108.51978337, 16.99469566], [108.53326492, 16.98556828], [108.54640136, 16.97600161], [108.55917668, 16.96600730], [108.57157532, 16.95559752], [108.58358216, 16.94478496], [108.59518259, 16.93358279], [109.22018259, 16.30858279], [109.22802776, 16.30054375], [109.23890612, 16.28871165], [109.24934113, 16.27652779], [109.25932005, 16.26400703], [109.26883074, 16.25116462], [109.27786161, 16.23801620], [109.28640165, 16.22457779], [109.29444046, 16.21086578], [109.30196825, 16.19689685], [109.30897585, 16.18268804], [109.31545471, 16.16825664], [109.32139694, 16.15362026], [109.32679531, 16.13879671], [109.33164324, 16.12380406], [109.33593482, 16.10866057], [109.33966482, 16.09338470], [109.34282869, 16.07799505], [109.34500347, 16.06501239], [109.35366552, 16.06333054], [109.36978166, 16.05964282], [109.38575187, 16.05542555], [109.40155668, 16.05068388], [109.41717684, 16.04542358], [109.43259333, 16.03965106], [109.44778735, 16.03337335], [109.46274040, 16.02659810], [109.47743426, 16.01933356], [109.49185102, 16.01158859], [109.50597313, 16.00337262], [109.51978337, 15.99469566], [109.53326492, 15.98556828], [109.54640136, 15.97600161], [109.55917668, 15.96600730], [109.57157532, 15.95559752], [109.58358216, 15.94478496], [109.59518259, 15.93358279], [109.72018259, 15.80858279], [109.72802776, 15.80054375], [109.73890612, 15.78871165], [109.74934113, 15.77652779], [109.75932005, 15.76400703], [109.76883074, 15.75116462], [109.77786161, 15.73801620], [109.78640165, 15.72457779], [109.79444046, 15.71086578], [109.80196825, 15.69689685], [109.80897585, 15.68268804], [109.81545471, 15.66825664], [109.82139694, 15.65362026], [109.82679531, 15.63879671], [109.83164324, 15.62380406], [109.83593482, 15.60866057], [109.83966482, 15.59338470], [109.84282869, 15.57799505], [109.84542259, 15.56251038], [109.84744336, 15.54694954], [109.84888852, 15.53133151], [109.84975632, 15.51567530], [109.85004571, 15.50000000], [109.85004571, 14.42871967], [109.97018259, 14.30858279], [109.97802776, 14.30054375], [109.98890612, 14.28871165], [109.99934113, 14.27652779], [110.00932005, 14.26400703], [110.01883074, 14.25116462], [110.02786161, 14.23801620], [110.03640165, 14.22457779], [110.04444046, 14.21086578], [110.05196825, 14.19689685], [110.05897585, 14.18268804], [110.06545471, 14.16825664], [110.07139694, 14.15362026], [110.07679531, 14.13879671], [110.08164324, 14.12380406], [110.08593482, 14.10866057], [110.08966482, 14.09338470], [110.09282869, 14.07799505], [110.09542259, 14.06251038], [110.09744336, 14.04694954], [110.09888852, 14.03133151], [110.09975632, 14.01567530], [110.10004571, 14.00000000], [110.10004571, 11.75000000], [110.09990484, 11.73906248], [110.09921182, 11.72339849], [110.09794105, 11.70776691], [110.09609408, 11.69218678], [110.09367315, 11.67667709], [110.09068121, 11.66125673], [110.08712191, 11.64594449], [110.08299959, 11.63075902], [110.07831926, 11.61571884], [110.07308664, 11.60084225], [110.06730809, 11.58614739], [110.06099066, 11.57165216], [110.05414204, 11.55737422], [110.04677057, 11.54333096], [110.03888525, 11.52953950], [110.03049567, 11.51601663], [110.02161205, 11.50277884], [110.01224522, 11.48984225], [110.00240660, 11.47722262], [109.99210816, 11.46493533], [109.98136246, 11.45299534], [109.97018259, 11.44141721], [109.85004571, 11.32128033], [109.85004571, 11.25000000], [109.84990484, 11.23906248], [109.84921182, 11.22339849], [109.84794105, 11.20776691], [109.84609408, 11.19218678], [109.84367315, 11.17667709], [109.84068121, 11.16125673], [109.83712191, 11.14594449], [109.83299959, 11.13075902], [109.82831926, 11.11571884], [109.82308664, 11.10084225], [109.81730809, 11.08614739], [109.81099066, 11.07165216], [109.80414204, 11.05737422], [109.79677057, 11.04333096], [109.78888525, 11.02953950], [109.78049567, 11.01601663], [109.77161205, 11.00277884], [109.76224522, 10.98984225], [109.75240660, 10.97722262], [109.74210816, 10.96493533], [109.73136246, 10.95299534], [109.72018259, 10.94141721], [109.59518259, 10.81641721], [109.57999448, 10.80190451], [109.56786762, 10.79121235], [109.55535349, 10.78092686], [109.54246734, 10.77106057], [109.52922486, 10.76162550], [109.51564219, 10.75263314], [109.50173587, 10.74409446], [109.48752285, 10.73601985], [109.47302045, 10.72841916], [109.45824633, 10.72130163], [109.44321850, 10.71467595], [109.42795525, 10.70855019], [109.41247520, 10.70293181], [109.39679720, 10.69782765], [109.38094034, 10.69324394], [109.36492396, 10.68918625], [109.34876756, 10.68565954], [109.33249082, 10.68266810], [109.31611358, 10.68021556], [109.29965580, 10.67830493], [109.28313751, 10.67693853], [109.26657886, 10.67611803], [109.25000000, 10.67584441], [109.20460979, 10.67584441], [108.59518259, 10.06641721], [108.57999448, 10.05190451], [108.56786762, 10.04121235], [108.55535349, 10.03092686], [108.54246734, 10.02106057], [108.52922486, 10.01162550], [108.51564219, 10.00263314], [108.50173587, 9.99409446], [108.48752285, 9.98601985], [108.47302045, 9.97841916], [108.45824633, 9.97130163], [108.44321850, 9.96467595], [108.42795525, 9.95855019], [108.41247520, 9.95293181], [108.39679720, 9.94782765], [108.38094034, 9.94324394], [108.36492396, 9.93918625], [108.34876756, 9.93565954], [108.33249082, 9.93266810], [108.31611358, 9.93021556], [108.29965580, 9.92830493], [108.28313751, 9.92693853], [108.26657886, 9.92611803], [108.25000000, 9.92584441]]]}
    },
    {
      "type": "Feature",
      "properties": {"block_id": "ADC_WNP_02", "basin_id": "BASIN_WNP", "basin_label": "Western North Pacific and East Asia", "domain_count": 1, "grid_cell_count": 38, "outer_area_km2": 4694179.798394, "shelf_width_km": 250.000000, "outer_buffer_km": 430.000000, "shelf_add_area_km2": 0.000000, "shelf_add_cell_count": 0, "shelf_add_component_count": 0, "bay_add_area_km2": 1547389.147856, "bay_add_cell_count": 2350, "bay_add_core_cell_count": 2350, "bay_add_component_count": 5, "open_ocean_area_risk": 0},
      "geometry": {"type": "Polygon", "coordinates": [[[119.00000000, 8.92584441], [118.75000000, 8.92584441], [118.73788061, 8.92600213], [118.72193202, 8.92669103], [118.70601762, 8.92792611], [118.69015682, 8.92970589], [118.67436892, 8.93202819], [118.65867317, 8.93489019], [118.64308868, 8.93828839], [118.62763445, 8.94221865], [118.61232930, 8.94667619], [118.59719189, 8.95165558], [118.58224064, 8.95715075], [118.56749379, 8.96315501], [118.55296929, 8.96966103], [118.53868484, 8.97666090], [118.52465785, 8.98414608], [118.51090540, 8.99210746], [118.49744426, 9.00053533], [118.48429081, 9.00941943], [118.47146109, 9.01874893], [118.45897072, 9.02851247], [118.44683493, 9.03869816], [118.43506850, 9.04929357], [118.42368577, 9.06028581], [118.04868577, 9.43528581], [118.03511648, 9.44945625], [118.02464315, 9.46128835], [118.01459667, 9.47347221], [118.00498929, 9.48599297], [117.99583271, 9.49883538], [117.98713809, 9.51198380], [117.97891601, 9.52542221], [117.97117651, 9.53913422], [117.96392900, 9.55310315], [117.95718232, 9.56731196], [117.95094468, 9.58174336], [117.94522370, 9.59637974], [117.94002632, 9.61120329], [117.93535890, 9.62619594], [117.93122711, 9.64133943], [117.92763599, 9.65661530], [117.92458991, 9.67200495], [117.92209259, 9.68748962], [117.92014707, 9.70305046], [117.91875571, 9.71866849], [117.91792022, 9.73432470], [117.91764161, 9.75000000], [117.91764161, 10.25000000], [117.91807052, 10.26944747], [117.91903997, 10.28509623], [117.92056494, 10.30070223], [117.92264356, 10.31624645], [117.92527332, 10.33170996], [117.92845099, 10.34707393], [117.93217272, 10.36231962], [117.93643397, 10.37742847], [117.94122954, 10.39238207], [117.94655359, 10.40716219], [117.95239964, 10.42175084], [117.95876056, 10.43613024], [117.96562860, 10.45028286], [117.97299540, 10.46419147], [117.98085199, 10.47783913], [117.98918878, 10.49120919], [117.99799562, 10.50428538], [118.00726178, 10.51705176], [118.01697598, 10.52949278], [118.02712637, 10.54159328], [118.03770060, 10.55333852], [118.04868577, 10.56471419], [118.41764161, 10.93367003], [118.41764161, 11.00000000], [118.41807052, 11.01944747], [118.41903997, 11.03509623], [118.42056494, 11.05070223], [118.42264356, 11.06624645], [118.42527332, 11.08170996], [118.42845099, 11.09707393], [118.43217272, 11.11231962], [118.43643397, 11.12742847], [118.44122954, 11.14238207], [118.44655359, 11.15716219], [118.45239964, 11.17175084], [118.45876056, 11.18613024], [118.46562860, 11.20028286], [118.47299540, 11.21419147], [118.48085199, 11.22783913], [118.48918878, 11.24120919], [118.49799562, 11.25428538], [118.50726178, 11.26705176], [118.51697598, 11.27949278], [118.52712637, 11.29159328], [118.53770060, 11.30333852], [118.54868577, 11.31471419], [118.66764161, 11.43367003], [118.66764161, 11.50000000], [118.66807052, 11.51944747], [118.66903997, 11.53509623], [118.67056494, 11.55070223], [118.67264356, 11.56624645], [118.67527332, 11.58170996], [118.67845099, 11.59707393], [118.68217272, 11.61231962], [118.68643397, 11.62742847], [118.69122954, 11.64238207], [118.69655359, 11.65716219], [118.70239964, 11.67175084], [118.70876056, 11.68613024], [118.71562860, 11.70028286], [118.72299540, 11.71419147], [118.73085199, 11.72783913], [118.73918878, 11.74120919], [118.74799562, 11.75428538], [118.75726178, 11.76705176], [118.76697598, 11.77949278], [118.77712637, 11.79159328], [118.78770060, 11.80333852], [118.79868577, 11.81471419], [118.92368577, 11.93971419], [118.93229217, 11.94809549], [118.94396750, 11.95878765], [118.95601569, 11.96907314], [118.96842206, 11.97893943], [118.98117148, 11.98837450], [118.99424843, 11.99736686], [119.00763698, 12.00590554], [119.02132080, 12.01398015], [119.03528324, 12.02158084], [119.04950728, 12.02869837], [119.06397558, 12.03532405], [119.07867053, 12.04144981], [119.09357422, 12.04706819], [119.10866848, 12.05217235], [119.12393494, 12.05675606], [119.13935499, 12.06081375], [119.15490984, 12.06434046], [119.16764161, 12.06677088], [119.16764161, 12.50000000], [119.16807052, 12.51944747], [119.16903997, 12.53509623], [119.17056494, 12.55070223], [119.17264356, 12.56624645], [119.17527332, 12.58170996], [119.17845099, 12.59707393], [119.18217272, 12.61231962], [119.18643397, 12.62742847], [119.19122954, 12.64238207], [119.19655359, 12.65716219], [119.20239964, 12.67175084], [119.20876056, 12.68613024], [119.21562860, 12.70028286], [119.22299540, 12.71419147], [119.23085199, 12.72783913], [119.23918878, 12.74120919], [119.24799562, 12.75428538], [119.25726178, 12.76705176], [119.26697598, 12.77949278], [119.27712637, 12.79159328], [119.28770060, 12.80333852], [119.29868577, 12.81471419], [119.42368577, 12.93971419], [119.43229217, 12.94809549], [119.44396750, 12.95878765], [119.45601569, 12.96907314], [119.46842206, 12.97893943], [119.48117148, 12.98837450], [119.49424843, 12.99736686], [119.50763698, 13.00590554], [119.52132080, 13.01398015], [119.53528324, 13.02158084], [119.54950728, 13.02869837], [119.56397558, 13.03532405], [119.57867053, 13.04144981], [119.59357422, 13.04706819], [119.60866848, 13.05217235], [119.62393494, 13.05675606], [119.63935499, 13.06081375], [119.65490984, 13.06434046], [119.67058055, 13.06733190], [119.68634801, 13.06978444], [119.70219303, 13.07169507], [119.71809629, 13.07306147], [119.73403842, 13.07388197], [119.75000000, 13.07415559], [120.50000000, 13.07415559], [120.51211939, 13.07399787], [120.52806798, 13.07330897], [120.54398238, 13.07207389], [120.55984318, 13.07029411], [120.57563108, 13.06797181], [120.59132683, 13.06510981], [120.60691132, 13.06171161], [120.62236555, 13.05778135], [120.63767070, 13.05332381], [120.65280811, 13.04834442], [120.66775936, 13.04284925], [120.68250621, 13.03684499], [120.69703071, 13.03033897], [120.71131516, 13.02333910], [120.72534215, 13.01585392], [120.73909460, 13.00789254], [120.75255574, 12.99946467], [120.76570919, 12.99058057], [120.77853891, 12.98125107], [120.79102928, 12.97148753], [120.80316507, 12.96130184], [120.81493150, 12.95070643], [120.82631423, 12.93971419], [120.95131423, 12.81471419], [120.96488352, 12.80054375], [120.97535685, 12.78871165], [120.98540333, 12.77652779], [120.99501071, 12.76400703], [121.00416729, 12.75116462], [121.01286191, 12.73801620], [121.02108399, 12.72457779], [121.02882349, 12.71086578], [121.03607100, 12.69689685], [121.04281768, 12.68268804], [121.04905532, 12.66825664], [121.05477630, 12.65362026], [121.05997368, 12.63879671], [121.06464110, 12.62380406], [121.06877289, 12.60866057], [121.07236401, 12.59338470], [121.07541009, 12.57799505], [121.07790741, 12.56251038], [121.07985293, 12.54694954], [121.08124429, 12.53133151], [121.08207978, 12.51567530], [121.08235839, 12.50000000], [121.08235839, 11.75000000], [121.08192948, 11.73055253], [121.08096003, 11.71490377], [121.07943506, 11.69929777], [121.07735644, 11.68375355], [121.07472668, 11.66829004], [121.07154901, 11.65292607], [121.06782728, 11.63768038], [121.06356603, 11.62257153], [121.05877046, 11.60761793], [121.05344641, 11.59283781], [121.04760036, 11.57824916], [121.04123944, 11.56386976], [121.03437140, 11.54971714], [121.02700460, 11.53580853], [121.01914801, 11.52216087], [121.01081122, 11.50879081], [121.00200438, 11.49571462], [120.99273822, 11.48294824], [120.98302402, 11.47050722], [120.97287363, 11.45840672], [120.96229940, 11.44666148], [120.95131423, 11.43528581], [120.83235839, 11.31632997], [120.83235839, 11.25000000], [120.83192948, 11.23055253], [120.83096003, 11.21490377], [120.82943506, 11.19929777], [120.82793657, 11.18809185], [120.95131423, 11.06471419], [120.96488352, 11.05054375], [120.97535685, 11.03871165], [120.98540333, 11.02652779], [120.99501071, 11.01400703], [121.00416729, 11.00116462], [121.01286191, 10.98801620], [121.02108399, 10.97457779], [121.02882349, 10.96086578], [121.03607100, 10.94689685], [121.04281768, 10.93268804], [121.04905532, 10.91825664], [121.05477630, 10.90362026], [121.05997368, 10.88879671], [121.06464110, 10.87380406], [121.06877289, 10.85866057], [121.07236401, 10.84338470], [121.07541009, 10.82799505], [121.07790741, 10.81251038], [121.07985293, 10.79694954], [121.08124429, 10.78133151], [121.08207978, 10.76567530], [121.08235839, 10.75000000], [121.08235839, 10.50000000], [121.08192948, 10.48055253], [121.08096003, 10.46490377], [121.07943506, 10.44929777], [121.07735644, 10.43375355], [121.07472668, 10.41829004], [121.07154901, 10.40292607], [121.06782728, 10.38768038], [121.06356603, 10.37257153], [121.05877046, 10.35761793], [121.05344641, 10.34283781], [121.04760036, 10.32824916], [121.04123944, 10.31386976], [121.03437140, 10.29971714], [121.02700460, 10.28580853], [121.01914801, 10.27216087], [121.01081122, 10.25879081], [121.00200438, 10.24571462], [120.99273822, 10.23294824], [120.98302402, 10.22050722], [120.97287363, 10.20840672], [120.96229940, 10.19666148], [120.95131423, 10.18528581], [120.82631423, 10.06028581], [120.81770783, 10.05190451], [120.80603250, 10.04121235], [120.79398431, 10.03092686], [120.78157794, 10.02106057], [120.76882852, 10.01162550], [120.75575157, 10.00263314], [120.74236302, 9.99409446], [120.72867920, 9.98601985], [120.71471676, 9.97841916], [120.70049272, 9.97130163], [120.68602442, 9.96467595], [120.67132947, 9.95855019], [120.65642578, 9.95293181], [120.64133152, 9.94782765], [120.62606506, 9.94324394], [120.61064501, 9.93918625], [120.59509016, 9.93565954], [120.57941945, 9.93266810], [120.56365199, 9.93021556], [120.54780697, 9.92830493], [120.53190371, 9.92693853], [120.51596158, 9.92611803], [120.50000000, 9.92584441], [120.44187284, 9.92584441], [120.32631423, 9.81028581], [120.31770783, 9.80190451], [120.30603250, 9.79121235], [120.29398431, 9.78092686], [120.28157794, 9.77106057], [120.26882852, 9.76162550], [120.25575157, 9.75263314], [120.24236302, 9.74409446], [120.22867920, 9.73601985], [120.21471676, 9.72841916], [120.20049272, 9.72130163], [120.18602442, 9.71467595], [120.17132947, 9.70855019], [120.15642578, 9.70293181], [120.14133152, 9.69782765], [120.12606506, 9.69324394], [120.11064501, 9.68918625], [120.09509016, 9.68565954], [120.07941945, 9.68266810], [120.06365199, 9.68021556], [120.04780697, 9.67830493], [120.03190371, 9.67693853], [120.01596158, 9.67611803], [120.00000000, 9.67584441], [119.94187284, 9.67584441], [119.32631423, 9.06028581], [119.31770783, 9.05190451], [119.30603250, 9.04121235], [119.29398431, 9.03092686], [119.28157794, 9.02106057], [119.26882852, 9.01162550], [119.25575157, 9.00263314], [119.24236302, 8.99409446], [119.22867920, 8.98601985], [119.21471676, 8.97841916], [119.20049272, 8.97130163], [119.18602442, 8.96467595], [119.17132947, 8.95855019], [119.15642578, 8.95293181], [119.14133152, 8.94782765], [119.12606506, 8.94324394], [119.11064501, 8.93918625], [119.09509016, 8.93565954], [119.07941945, 8.93266810], [119.06365199, 8.93021556], [119.04780697, 8.92830493], [119.03190371, 8.92693853], [119.01596158, 8.92611803], [119.00000000, 8.92584441]]]}
    },
    {
      "type": "Feature",
      "properties": {"block_id": "ADC_WNP_03", "basin_id": "BASIN_WNP", "basin_label": "Western North Pacific and East Asia", "domain_count": 4, "grid_cell_count": 234, "outer_area_km2": 5584019.805680, "shelf_width_km": 250.000000, "outer_buffer_km": 430.000000, "shelf_add_area_km2": 0.000000, "shelf_add_cell_count": 0, "shelf_add_component_count": 0, "bay_add_area_km2": 1957171.472206, "bay_add_cell_count": 2056, "bay_add_core_cell_count": 2056, "bay_add_component_count": 6, "open_ocean_area_risk": 0},
      "geometry": {"type": "Polygon", "coordinates": [[[126.50000000, 7.17584441], [126.25000000, 7.17584441], [126.23784726, 7.17600296], [126.22189651, 7.17669294], [126.20598000, 7.17792911], [126.19011712, 7.17970996], [126.17432720, 7.18203334], [126.15862947, 7.18489640], [126.14304307, 7.18829566], [126.12758697, 7.19222697], [126.11228002, 7.19668556], [126.09714086, 7.20166598], [126.08218793, 7.20716216], [126.06743946, 7.21316742], [126.05291340, 7.21967443], [126.03862747, 7.22667527], [126.02459906, 7.23416141], [126.01084527, 7.24212372], [125.99738285, 7.25055251], [125.98422821, 7.25943750], [125.97139737, 7.26876788], [125.95890596, 7.27853227], [125.94676921, 7.28871878], [125.93500190, 7.29931499], [125.92361836, 7.31030800], [125.79861836, 7.43530800], [125.78506939, 7.44945625], [125.77459460, 7.46128835], [125.76454674, 7.47347221], [125.75493802, 7.48599297], [125.74578018, 7.49883538], [125.73708435, 7.51198380], [125.72886114, 7.52542221], [125.72112056, 7.53913422], [125.71387205, 7.55310315], [125.70712443, 7.56731196], [125.70088593, 7.58174336], [125.69516415, 7.59637974], [125.68996606, 7.61120329], [125.68529799, 7.62619594], [125.68116562, 7.64133943], [125.67757401, 7.65661530], [125.67452751, 7.67200495], [125.67390820, 7.67584441], [125.50000000, 7.67584441], [125.48784726, 7.67600296], [125.47189651, 7.67669294], [125.45598000, 7.67792911], [125.44011712, 7.67970996], [125.42432720, 7.68203334], [125.40862947, 7.68489640], [125.39304307, 7.68829566], [125.37758697, 7.69222697], [125.36228002, 7.69668556], [125.34714086, 7.70166598], [125.33218793, 7.70716216], [125.31743946, 7.71316742], [125.30291340, 7.71967443], [125.28862747, 7.72667527], [125.27459906, 7.73416141], [125.26084527, 7.74212372], [125.24997704, 7.74892829], [125.24239660, 7.74409446], [125.22871088, 7.73601985], [125.21474651, 7.72841916], [125.20052050, 7.72130163], [125.18605019, 7.71467595], [125.17135321, 7.70855019], [125.15644745, 7.70293181], [125.14135110, 7.69782765], [125.12608252, 7.69324394], [125.11066034, 7.68918625], [125.09510333, 7.68565954], [125.07943045, 7.68266810], [125.06366080, 7.68021556], [125.04781359, 7.67830493], [125.03190813, 7.67693853], [125.01596379, 7.67611803], [125.00000000, 7.67584441], [124.94191805, 7.67584441], [124.82638164, 7.56030800], [124.81775185, 7.55190451], [124.80607490, 7.54121235], [124.79402504, 7.53092686], [124.78161695, 7.52106057], [124.76886576, 7.51162550], [124.75578700, 7.50263314], [124.74239660, 7.49409446], [124.72871088, 7.48601985], [124.71474651, 7.47841916], [124.70052050, 7.47130163], [124.68605019, 7.46467595], [124.67135321, 7.45855019], [124.65644745, 7.45293181], [124.64135110, 7.44782765], [124.62608252, 7.44324394], [124.61066034, 7.43918625], [124.59510333, 7.43565954], [124.57943045, 7.43266810], [124.56366080, 7.43021556], [124.54781359, 7.42830493], [124.53190813, 7.42693853], [124.51596379, 7.42611803], [124.50000000, 7.42584441], [124.25000000, 7.42584441], [124.23784726, 7.42600296], [124.22189651, 7.42669294], [124.20598000, 7.42792911], [124.19011712, 7.42970996], [124.17432720, 7.43203334], [124.15862947, 7.43489640], [124.14304307, 7.43829566], [124.12758697, 7.44222697], [124.11228002, 7.44668556], [124.09714086, 7.45166598], [124.08218793, 7.45716216], [124.06743945, 7.46316742], [124.05291340, 7.46967443], [124.03862747, 7.47667527], [124.02459906, 7.48416141], [124.01084527, 7.49212372], [123.99738285, 7.50055251], [123.98422821, 7.50943750], [123.97139737, 7.51876788], [123.95890596, 7.52853227], [123.94676921, 7.53871878], [123.93500190, 7.54931499], [123.92361836, 7.56030800], [123.80808195, 7.67584441], [123.00000000, 7.67584441], [122.98784726, 7.67600296], [122.97189651, 7.67669294], [122.95598000, 7.67792911], [122.94011712, 7.67970996], [122.92432720, 7.68203334], [122.90862947, 7.68489640], [122.89304307, 7.68829566], [122.87758697, 7.69222697], [122.86228002, 7.69668556], [122.84714086, 7.70166598], [122.83218793, 7.70716216], [122.81743946, 7.71316742], [122.80291340, 7.71967443], [122.78862747, 7.72667527], [122.77459906, 7.73416141], [122.76084527, 7.74212372], [122.74738285, 7.75055251], [122.73422821, 7.75943750], [122.72139737, 7.76876788], [122.70890596, 7.77853227], [122.69676921, 7.78871878], [122.68500190, 7.79931499], [122.67361836, 7.81030800], [122.54861836, 7.93530800], [122.53506939, 7.94945625], [122.52459460, 7.96128835], [122.51454674, 7.97347221], [122.50493802, 7.98599297], [122.49578018, 7.99883538], [122.48708435, 8.01198380], [122.47886114, 8.02542221], [122.47112056, 8.03913422], [122.46387205, 8.05310315], [122.45712443, 8.06731196], [122.45088593, 8.08174336], [122.44516415, 8.09637974], [122.43996606, 8.11120329], [122.43529799, 8.12619594], [122.43116562, 8.14133943], [122.42757401, 8.15661530], [122.42452751, 8.17200495], [122.42202984, 8.18748962], [122.42008405, 8.20305046], [122.41869250, 8.21866849], [122.41785689, 8.23432470], [122.41757824, 8.25000000], [122.41757824, 8.56634812], [121.79861836, 9.18530800], [121.78506939, 9.19945625], [121.77459460, 9.21128835], [121.76454674, 9.22347221], [121.75493802, 9.23599297], [121.74578018, 9.24883538], [121.73708435, 9.26198380], [121.72886114, 9.27542221], [121.72112056, 9.28913422], [121.71387205, 9.30310315], [121.70712443, 9.31731196], [121.70088593, 9.33174336], [121.69516415, 9.34637974], [121.68996606, 9.36120329], [121.68529799, 9.37619594], [121.68116562, 9.39133943], [121.67757401, 9.40661530], [121.67452751, 9.42200495], [121.67202984, 9.43748962], [121.67008405, 9.45305046], [121.66869250, 9.46866849], [121.66785689, 9.48432470], [121.66757824, 9.50000000], [121.66757824, 9.68326426], [121.65862947, 9.68489640], [121.64304307, 9.68829566], [121.62758697, 9.69222697], [121.61228002, 9.69668556], [121.59714086, 9.70166598], [121.58218793, 9.70716216], [121.56743946, 9.71316742], [121.55291340, 9.71967443], [121.53862747, 9.72667527], [121.52459906, 9.73416141], [121.51084527, 9.74212372], [121.49738285, 9.75055251], [121.48422821, 9.75943750], [121.47139737, 9.76876788], [121.45890596, 9.77853227], [121.44676921, 9.78871878], [121.43500190, 9.79931499], [121.42361836, 9.81030800], [121.29861836, 9.93530800], [121.28506939, 9.94945625], [121.27459460, 9.96128835], [121.26454674, 9.97347221], [121.25493802, 9.98599297], [121.24578018, 9.99883538], [121.23708435, 10.01198380], [121.22886114, 10.02542221], [121.22112056, 10.03913422], [121.21387205, 10.05310315], [121.20712443, 10.06731196], [121.20088593, 10.08174336], [121.19516415, 10.09637974], [121.18996606, 10.11120329], [121.18529799, 10.12619594], [121.18116562, 10.14133943], [121.17757401, 10.15661530], [121.17452751, 10.17200495], [121.17202984, 10.18748962], [121.17008405, 10.20305046], [121.16869250, 10.21866849], [121.16785689, 10.23432470], [121.16757824, 10.25000000], [121.16757824, 11.00000000], [121.16800584, 11.01941639], [121.16897432, 11.03506522], [121.17049840, 11.05067132], [121.17257622, 11.06621568], [121.17520525, 11.08167938], [121.17838228, 11.09704355], [121.18210345, 11.11228950], [121.18636422, 11.12739864], [121.19115940, 11.14235256], [121.19648314, 11.15713305], [121.20232897, 11.17172210], [121.20868976, 11.18610193], [121.21555776, 11.20025502], [121.22292460, 11.21416413], [121.23078131, 11.22781232], [121.23911831, 11.24118295], [121.24792545, 11.25425974], [121.25719200, 11.26702675], [121.26690666, 11.27946843], [121.27705761, 11.29156962], [121.28763247, 11.30331558], [121.29861836, 11.31469200], [121.41757824, 11.43365188], [121.41757824, 11.50000000], [121.41800584, 11.51941639], [121.41897432, 11.53506522], [121.42049840, 11.55067132], [121.42257622, 11.56621568], [121.42520525, 11.58167938], [121.42838228, 11.59704355], [121.43210345, 11.61228950], [121.43636422, 11.62739864], [121.44115940, 11.64235256], [121.44648314, 11.65713305], [121.45232897, 11.67172210], [121.45868976, 11.68610193], [121.46555776, 11.70025502], [121.47292460, 11.71416413], [121.48078131, 11.72781232], [121.48911831, 11.74118295], [121.49792545, 11.75425974], [121.50719200, 11.76702675], [121.51690666, 11.77946843], [121.52705761, 11.79156962], [121.53763247, 11.80331558], [121.54861836, 11.81469200], [121.66757824, 11.93365188], [121.66757824, 12.00000000], [121.66800584, 12.01941639], [121.66897432, 12.03506522], [121.67049840, 12.05067132], [121.67257622, 12.06621568], [121.67520525, 12.08167938], [121.67838228, 12.09704355], [121.68210345, 12.11228950], [121.68636422, 12.12739864], [121.69115940, 12.14235256], [121.69648314, 12.15713305], [121.70232897, 12.17172210], [121.70868976, 12.18610193], [121.71555776, 12.20025502], [121.72292460, 12.21416413], [121.73078131, 12.22781232], [121.73911831, 12.24118295], [121.74792545, 12.25425974], [121.75719200, 12.26702675], [121.76690666, 12.27946843], [121.77705761, 12.29156962], [121.78763247, 12.30331558], [121.79861836, 12.31469200], [121.92361836, 12.43969200], [121.93224815, 12.44809549], [121.94392510, 12.45878765], [121.95597496, 12.46907314], [121.96838305, 12.47893943], [121.98113424, 12.48837450], [121.99421300, 12.49736686], [122.00760340, 12.50590554], [122.02128912, 12.51398015], [122.03525349, 12.52158084], [122.04947950, 12.52869837], [122.06394981, 12.53532405], [122.07864679, 12.54144981], [122.09355255, 12.54706819], [122.10864890, 12.55217235], [122.12391748, 12.55675606], [122.13933966, 12.56081375], [122.15489667, 12.56434046], [122.16723157, 12.56669479], [122.04861836, 12.68530800], [122.03506939, 12.69945625], [122.02459460, 12.71128835], [122.01454674, 12.72347221], [122.00493802, 12.73599297], [121.99578018, 12.74883538], [121.98708435, 12.76198380], [121.97886114, 12.77542221], [121.97112056, 12.78913422], [121.96387205, 12.80310315], [121.95712443, 12.81731196], [121.95088593, 12.83174336], [121.94516415, 12.84637974], [121.93996606, 12.86120329], [121.93529799, 12.87619594], [121.93116562, 12.89133943], [121.92757401, 12.90661530], [121.92452751, 12.92200495], [121.92202984, 12.93748962], [121.92008405, 12.95305046], [121.91869250, 12.96866849], [121.91785689, 12.98432470], [121.91757824, 13.00000000], [121.91757824, 13.25000000], [121.91800584, 13.26941639], [121.91897432, 13.28506522], [121.92049840, 13.30067132], [121.92257622, 13.31621568], [121.92520525, 13.33167938], [121.92838228, 13.34704355], [121.93210345, 13.36228950], [121.93636422, 13.37739864], [121.94115940, 13.39235256], [121.94648314, 13.40713305], [121.95232897, 13.42172210], [121.95868976, 13.43610193], [121.96555776, 13.45025502], [121.97292460, 13.46416413], [121.98078131, 13.47781232], [121.98911831, 13.49118295], [121.99792545, 13.50425974], [122.00719200, 13.51702675], [122.01690666, 13.52946843], [122.02705761, 13.54156962], [122.03763247, 13.55331558], [122.04861836, 13.56469200], [122.17361836, 13.68969200], [122.18224815, 13.69809549], [122.19392510, 13.70878765], [122.20597496, 13.71907314], [122.21838305, 13.72893943], [122.23113424, 13.73837450], [122.24421300, 13.74736686], [122.25760340, 13.75590554], [122.27128912, 13.76398015], [122.28525349, 13.77158084], [122.29947950, 13.77869837], [122.31394981, 13.78532405], [122.32864679, 13.79144981], [122.34355255, 13.79706819], [122.35864890, 13.80217235], [122.37391748, 13.80675606], [122.38933966, 13.81081375], [122.40489667, 13.81434046], [122.42056955, 13.81733190], [122.43633920, 13.81978444], [122.45218641, 13.82169507], [122.46809187, 13.82306147], [122.48403621, 13.82388197], [122.50000000, 13.82415559], [122.55808195, 13.82415559], [122.67361836, 13.93969200], [122.68224815, 13.94809549], [122.69392510, 13.95878765], [122.70597496, 13.96907314], [122.71838305, 13.97893943], [122.73113424, 13.98837450], [122.74421300, 13.99736686], [122.75760340, 14.00590554], [122.77128912, 14.01398015], [122.78525349, 14.02158084], [122.79947950, 14.02869837], [122.81394981, 14.03532405], [122.82864679, 14.04144981], [122.84355255, 14.04706819], [122.85864890, 14.05217235], [122.87391748, 14.05675606], [122.88933966, 14.06081375], [122.90489667, 14.06434046], [122.92056955, 14.06733190], [122.93633920, 14.06978444], [122.95218641, 14.07169507], [122.96809187, 14.07306147], [122.98403621, 14.07388197], [123.00000000, 14.07415559], [123.05808195, 14.07415559], [123.17361836, 14.18969200], [123.18224815, 14.19809549], [123.19392510, 14.20878765], [123.20597496, 14.21907314], [123.21838305, 14.22893943], [123.23113424, 14.23837450], [123.24421300, 14.24736686], [123.25760340, 14.25590554], [123.27128912, 14.26398015], [123.28525349, 14.27158084], [123.29947950, 14.27869837], [123.31394981, 14.28532405], [123.32864679, 14.29144981], [123.34355255, 14.29706819], [123.35864890, 14.30217235], [123.37391748, 14.30675606], [123.38933966, 14.31081375], [123.40489667, 14.31434046], [123.42056955, 14.31733190], [123.42282564, 14.31768278], [123.42520525, 14.33167938], [123.42838228, 14.34704355], [123.43210345, 14.36228950], [123.43636422, 14.37739864], [123.44115940, 14.39235256], [123.44648314, 14.40713305], [123.45232897, 14.42172210], [123.45868976, 14.43610193], [123.46555776, 14.45025502], [123.47292460, 14.46416413], [123.48078131, 14.47781232], [123.48911831, 14.49118295], [123.49792545, 14.50425974], [123.50719200, 14.51702675], [123.51690666, 14.52946843], [123.52705761, 14.54156962], [123.53763247, 14.55331558], [123.54861836, 14.56469200], [123.67361836, 14.68969200], [123.68224815, 14.69809549], [123.69392510, 14.70878765], [123.70597496, 14.71907314], [123.71838305, 14.72893943], [123.73113424, 14.73837450], [123.74421300, 14.74736686], [123.75760340, 14.75590554], [123.77128912, 14.76398015], [123.78525349, 14.77158084], [123.79947950, 14.77869837], [123.81394981, 14.78532405], [123.82864679, 14.79144981], [123.84355255, 14.79706819], [123.85864890, 14.80217235], [123.87391748, 14.80675606], [123.88933966, 14.81081375], [123.90489667, 14.81434046], [123.92056955, 14.81733190], [123.93633920, 14.81978444], [123.95218641, 14.82169507], [123.96809187, 14.82306147], [123.98403621, 14.82388197], [124.00000000, 14.82415559], [124.50000000, 14.82415559], [124.51215274, 14.82399704], [124.52810349, 14.82330706], [124.54402000, 14.82207089], [124.55988288, 14.82029004], [124.57567280, 14.81796666], [124.59137053, 14.81510360], [124.60695693, 14.81170434], [124.62241303, 14.80777303], [124.63771998, 14.80331444], [124.65285914, 14.79833402], [124.66781207, 14.79283784], [124.68256054, 14.78683258], [124.69708660, 14.78032557], [124.71137253, 14.77332473], [124.72540094, 14.76583859], [124.73915473, 14.75787628], [124.75261715, 14.74944749], [124.76577179, 14.74056250], [124.77860263, 14.73123212], [124.79109404, 14.72146773], [124.80323079, 14.71128122], [124.81499810, 14.70068501], [124.82638164, 14.68969200], [124.95138164, 14.56469200], [124.96493061, 14.55054375], [124.97540540, 14.53871165], [124.98545326, 14.52652779], [124.99506198, 14.51400703], [125.00421982, 14.50116462], [125.01291565, 14.48801620], [125.02113886, 14.47457779], [125.02887944, 14.46086578], [125.03612795, 14.44689685], [125.04287557, 14.43268804], [125.04911407, 14.41825664], [125.05483585, 14.40362026], [125.06003394, 14.38879671], [125.06470201, 14.37380406], [125.06883438, 14.35866057], [125.07242599, 14.34338470], [125.07547249, 14.32799505], [125.07797016, 14.31251038], [125.07991595, 14.29694954], [125.08130750, 14.28133151], [125.08214311, 14.26567530], [125.08242176, 14.25000000], [125.08242176, 13.50000000], [125.08199416, 13.48058361], [125.08102568, 13.46493478], [125.07950160, 13.44932868], [125.07742378, 13.43378432], [125.07479475, 13.41832062], [125.07161772, 13.40295645], [125.06789655, 13.38771050], [125.06363578, 13.37260136], [125.05884060, 13.35764744], [125.05351686, 13.34286695], [125.04767103, 13.32827790], [125.04584756, 13.32415559], [125.25000000, 13.32415559], [125.26215274, 13.32399704], [125.27810349, 13.32330706], [125.29402000, 13.32207089], [125.30988288, 13.32029004], [125.32567280, 13.31796666], [125.34137053, 13.31510360], [125.35695693, 13.31170434], [125.37241303, 13.30777302], [125.38771998, 13.30331444], [125.40285914, 13.29833402], [125.41781207, 13.29283784], [125.43256054, 13.28683258], [125.44708660, 13.28032557], [125.46137253, 13.27332473], [125.47540094, 13.26583859], [125.48915473, 13.25787628], [125.50261715, 13.24944749], [125.51577179, 13.24056250], [125.52860263, 13.23123212], [125.54109404, 13.22146773], [125.55323079, 13.21128122], [125.56499810, 13.20068501], [125.57638164, 13.18969200], [126.20138164, 12.56469200], [126.21493061, 12.55054375], [126.22540540, 12.53871165], [126.23545326, 12.52652779], [126.24506198, 12.51400703], [126.25421982, 12.50116462], [126.26291565, 12.48801620], [126.27113886, 12.47457779], [126.27887944, 12.46086578], [126.28612795, 12.44689685], [126.29287557, 12.43268804], [126.29911407, 12.41825664], [126.30483585, 12.40362026], [126.31003394, 12.38879671], [126.31470201, 12.37380406], [126.31883438, 12.35866057], [126.32242599, 12.34338470], [126.32547249, 12.32799505], [126.32797016, 12.31251038], [126.32991595, 12.29694954], [126.33130750, 12.28133151], [126.33214311, 12.26567530], [126.33242176, 12.25000000], [126.33242176, 12.00000000], [126.33199416, 11.98058361], [126.33102568, 11.96493478], [126.32950160, 11.94932868], [126.32742378, 11.93378432], [126.32479475, 11.91832062], [126.32161772, 11.90295645], [126.31789655, 11.88771050], [126.31363578, 11.87260136], [126.30884060, 11.85764744], [126.30351686, 11.84286695], [126.29767103, 11.82827790], [126.29131024, 11.81389807], [126.28444224, 11.79974498], [126.27707540, 11.78583587], [126.26921869, 11.77218768], [126.26088169, 11.75881705], [126.25496697, 11.75003491], [126.25756620, 11.74610477], [126.26577179, 11.74056250], [126.27860263, 11.73123212], [126.29109404, 11.72146773], [126.30323079, 11.71128122], [126.31499810, 11.70068501], [126.32638164, 11.68969200], [126.45138164, 11.56469200], [126.46493061, 11.55054375], [126.47540540, 11.53871165], [126.48545326, 11.52652779], [126.49506198, 11.51400703], [126.50421982, 11.50116462], [126.51291565, 11.48801620], [126.52113886, 11.47457779], [126.52887944, 11.46086578], [126.53612795, 11.44689685], [126.54287557, 11.43268804], [126.54911407, 11.41825664], [126.55483585, 11.40362026], [126.56003394, 11.38879671], [126.56470201, 11.37380406], [126.56883438, 11.35866057], [126.57242599, 11.34338470], [126.57547249, 11.32799505], [126.57797016, 11.31251038], [126.57991595, 11.29694954], [126.58130750, 11.28133151], [126.58214311, 11.26567530], [126.58242176, 11.25000000], [126.58242176, 10.68365188], [126.70138164, 10.56469200], [126.71493061, 10.55054375], [126.72540540, 10.53871165], [126.73545326, 10.52652779], [126.74506198, 10.51400703], [126.75421982, 10.50116462], [126.76291565, 10.48801620], [126.77113886, 10.47457779], [126.77887944, 10.46086578], [126.78612795, 10.44689685], [126.79287557, 10.43268804], [126.79911407, 10.41825664], [126.80483585, 10.40362026], [126.81003394, 10.38879671], [126.81470201, 10.37380406], [126.81883438, 10.35866057], [126.82242599, 10.34338470], [126.82547249, 10.32799505], [126.82797016, 10.31251038], [126.82991595, 10.29694954], [126.83130750, 10.28133151], [126.83214311, 10.26567530], [126.83242176, 10.25000000], [126.83242176, 9.43365188], [126.95138164, 9.31469200], [126.96493061, 9.30054375], [126.97540540, 9.28871165], [126.98545326, 9.27652779], [126.99506198, 9.26400703], [127.00421982, 9.25116462], [127.01291565, 9.23801620], [127.02113886, 9.22457779], [127.02887944, 9.21086578], [127.03612795, 9.19689685], [127.04287557, 9.18268804], [127.04911407, 9.16825664], [127.05483585, 9.15362026], [127.06003394, 9.13879671], [127.06470201, 9.12380406], [127.06883438, 9.10866057], [127.07242599, 9.09338470], [127.07547249, 9.07799505], [127.07797016, 9.06251038], [127.07991595, 9.04694954], [127.08130750, 9.03133151], [127.08214311, 9.01567530], [127.08242176, 9.00000000], [127.08242176, 7.75000000], [127.08199416, 7.73058361], [127.08102568, 7.71493478], [127.07950160, 7.69932868], [127.07742378, 7.68378432], [127.07479475, 7.66832062], [127.07161772, 7.65295645], [127.06789655, 7.63771050], [127.06363578, 7.62260136], [127.05884060, 7.60764744], [127.05351686, 7.59286695], [127.04767103, 7.57827790], [127.04131024, 7.56389807], [127.03444224, 7.54974498], [127.02707540, 7.53583587], [127.01921869, 7.52218768], [127.01088169, 7.50881705], [127.00207455, 7.49574026], [126.99280800, 7.48297325], [126.98309334, 7.47053157], [126.97294239, 7.45843038], [126.96236753, 7.44668442], [126.95138164, 7.43530800], [126.82638164, 7.31030800], [126.81775185, 7.30190451], [126.80607490, 7.29121235], [126.79402504, 7.28092686], [126.78161695, 7.27106057], [126.76886576, 7.26162550], [126.75578700, 7.25263314], [126.74239660, 7.24409446], [126.72871088, 7.23601985], [126.71474651, 7.22841916], [126.70052050, 7.22130163], [126.68605019, 7.21467595], [126.67135321, 7.20855019], [126.65644745, 7.20293181], [126.64135110, 7.19782765], [126.62608252, 7.19324394], [126.61066034, 7.18918625], [126.59510333, 7.18565954], [126.57943045, 7.18266810], [126.56366080, 7.18021556], [126.54781359, 7.17830493], [126.53190813, 7.17693853], [126.51596379, 7.17611803], [126.50000000, 7.17584441]]]}
    },
    {
      "type": "Feature",
      "properties": {"block_id": "ADC_WNP_04", "basin_id": "BASIN_WNP", "basin_label": "Western North Pacific and East Asia", "domain_count": 2, "grid_cell_count": 171, "outer_area_km2": 4030047.752836, "shelf_width_km": 250.000000, "outer_buffer_km": 430.000000, "shelf_add_area_km2": 0.000000, "shelf_add_cell_count": 0, "shelf_add_component_count": 0, "bay_add_area_km2": 1739274.990310, "bay_add_cell_count": 2355, "bay_add_core_cell_count": 2355, "bay_add_component_count": 4, "open_ocean_area_risk": 0},
      "geometry": {"type": "Polygon", "coordinates": [[[109.75000000, 17.42584441], [109.25000000, 17.42584441], [109.24023550, 17.42593572], [109.22334355, 17.42652533], [109.20648409, 17.42766135], [109.18967763, 17.42934237], [109.17294468, 17.43156636], [109.15630560, 17.43433061], [109.13978068, 17.43763174], [109.12339004, 17.44146574], [109.10715365, 17.44582793], [109.09109130, 17.45071301], [109.07522256, 17.45611501], [109.05956676, 17.46202736], [109.04414297, 17.46844285], [109.02896998, 17.47535367], [109.01406629, 17.48275140], [108.99945004, 17.49062702], [108.98513906, 17.49897094], [108.97115076, 17.50777299], [108.95750220, 17.51702246], [108.94421000, 17.52670806], [108.93129036, 17.53681801], [108.91875902, 17.54733997], [108.90663125, 17.55826114], [108.89492181, 17.56956821], [108.78864561, 17.67584441], [108.50000000, 17.67584441], [108.49023550, 17.67593572], [108.47334355, 17.67652533], [108.45648408, 17.67766135], [108.43967763, 17.67934237], [108.42294468, 17.68156636], [108.40630560, 17.68433061], [108.38978068, 17.68763174], [108.37339004, 17.69146574], [108.35715365, 17.69582793], [108.34109130, 17.70071301], [108.32522256, 17.70611501], [108.30956676, 17.71202736], [108.29414297, 17.71844285], [108.27896998, 17.72535367], [108.26406629, 17.73275140], [108.24945004, 17.74062702], [108.23513906, 17.74897094], [108.22115076, 17.75777299], [108.20750220, 17.76702246], [108.19421000, 17.77670806], [108.18129036, 17.78681801], [108.16875902, 17.79733997], [108.15663125, 17.80826114], [108.14492181, 17.81956821], [108.01992181, 17.94456821], [108.00401560, 17.96128835], [107.99337762, 17.97347221], [107.98320460, 17.98599297], [107.97350892, 17.99883538], [107.96430240, 18.01198380], [107.95559624, 18.02542221], [107.94740107, 18.03913422], [107.93972685, 18.05310315], [107.93258296, 18.06731196], [107.92597808, 18.08174336], [107.91992026, 18.09637974], [107.91441689, 18.11120329], [107.90947466, 18.12619594], [107.90509961, 18.14133943], [107.90129706, 18.15661530], [107.89807164, 18.17200495], [107.89542729, 18.18748962], [107.89336722, 18.20305046], [107.89189395, 18.21866849], [107.89100927, 18.23432470], [107.89071425, 18.25000000], [107.89071425, 19.50000000], [107.89131102, 19.52229102], [107.89244446, 19.53793343], [107.89416582, 19.55352962], [107.89647301, 19.56906059], [107.89936320, 19.58450743], [107.90283289, 19.59985131], [107.90687784, 19.61507353], [107.91149312, 19.63015555], [107.91667311, 19.64507900], [107.92241151, 19.65982569], [107.92870131, 19.67437766], [107.93553486, 19.68871718], [107.94290384, 19.70282677], [107.95079925, 19.71668925], [107.95921149, 19.73028773], [107.96813030, 19.74360564], [107.97754482, 19.75662675], [107.98744358, 19.76933521], [107.99781451, 19.78171552], [108.00864499, 19.79375260], [108.01992181, 19.80543179], [108.64492181, 20.43043179], [108.65163399, 20.43700969], [108.66358685, 20.44809549], [108.67594959, 20.45878765], [108.68870712, 20.46907314], [108.70184392, 20.47893943], [108.71534398, 20.48837450], [108.72919085, 20.49736686], [108.73353252, 20.49998184], [108.72115076, 20.50777299], [108.70750220, 20.51702246], [108.69421000, 20.52670806], [108.68129036, 20.53681801], [108.66875902, 20.54733997], [108.65663125, 20.55826114], [108.64492181, 20.56956821], [108.51992181, 20.69456821], [108.50401560, 20.71128835], [108.49337762, 20.72347221], [108.48320460, 20.73599297], [108.47350892, 20.74883538], [108.46430240, 20.76198380], [108.45559624, 20.77542221], [108.44740107, 20.78913422], [108.43972685, 20.80310315], [108.43258296, 20.81731196], [108.42597808, 20.83174336], [108.41992026, 20.84637974], [108.41441689, 20.86120329], [108.40947466, 20.87619594], [108.40509961, 20.89133943], [108.40129706, 20.90661530], [108.39807164, 20.92200495], [108.39542729, 20.93748962], [108.39336722, 20.95305046], [108.39189395, 20.96866849], [108.39100927, 20.98432470], [108.39071425, 21.00000000], [108.39071425, 21.07377577], [108.26992181, 21.19456821], [108.25401560, 21.21128835], [108.24337762, 21.22347221], [108.23320460, 21.23599297], [108.22350892, 21.24883538], [108.21430240, 21.26198380], [108.20559624, 21.27542221], [108.19740107, 21.28913422], [108.18972685, 21.30310315], [108.18258296, 21.31731196], [108.17597808, 21.33174336], [108.16992026, 21.34637974], [108.16441689, 21.36120329], [108.15947466, 21.37619594], [108.15509961, 21.39133943], [108.15129706, 21.40661530], [108.14807164, 21.42200495], [108.14542729, 21.43748962], [108.14336722, 21.45305046], [108.14189395, 21.46866849], [108.14100927, 21.48432470], [108.14071425, 21.50000000], [108.14071425, 21.57377577], [108.01992181, 21.69456821], [108.00401560, 21.71128835], [107.99337762, 21.72347221], [107.98320460, 21.73599297], [107.97350892, 21.74883538], [107.96430240, 21.76198380], [107.95559624, 21.77542221], [107.94740107, 21.78913422], [107.93972685, 21.80310315], [107.93258296, 21.81731196], [107.92597808, 21.83174336], [107.91992026, 21.84637974], [107.91441689, 21.86120329], [107.90947466, 21.87619594], [107.90509961, 21.89133943], [107.90129706, 21.90661530], [107.89807164, 21.92200495], [107.89542729, 21.93748962], [107.89336722, 21.95305046], [107.89189395, 21.96866849], [107.89100927, 21.98432470], [107.89071425, 22.00000000], [107.89071425, 22.25000000], [107.89131102, 22.27229102], [107.89244446, 22.28793343], [107.89416582, 22.30352962], [107.89647301, 22.31906059], [107.89936320, 22.33450743], [107.90283289, 22.34985131], [107.90687784, 22.36507353], [107.91149312, 22.38015555], [107.91667311, 22.39507900], [107.92241151, 22.40982569], [107.92870131, 22.42437766], [107.93553486, 22.43871718], [107.94290384, 22.45282677], [107.95079925, 22.46668925], [107.95921149, 22.48028773], [107.96813030, 22.49360564], [107.97754482, 22.50662675], [107.98744358, 22.51933521], [107.99781451, 22.53171552], [108.00864499, 22.54375260], [108.01992181, 22.55543179], [108.14492181, 22.68043179], [108.15163399, 22.68700969], [108.16358685, 22.69809549], [108.17594959, 22.70878765], [108.18870712, 22.71907314], [108.20184392, 22.72893943], [108.21534398, 22.73837450], [108.22919085, 22.74736686], [108.24336765, 22.75590554], [108.25785713, 22.76398015], [108.27264161, 22.77158084], [108.28770310, 22.77869837], [108.30302324, 22.78532405], [108.31858337, 22.79144981], [108.33436452, 22.79706819], [108.35034747, 22.80217235], [108.36651276, 22.80675606], [108.38284067, 22.81081375], [108.39931133, 22.81434046], [108.41590466, 22.81733190], [108.43260045, 22.81978444], [108.44937836, 22.82169507], [108.46621793, 22.82306147], [108.48309867, 22.82388197], [108.50000000, 22.82415559], [109.00000000, 22.82415559], [109.00976450, 22.82406428], [109.02665645, 22.82347467], [109.04351591, 22.82233865], [109.06032237, 22.82065763], [109.07705532, 22.81843364], [109.09369440, 22.81566939], [109.11021932, 22.81236826], [109.12660996, 22.80853426], [109.14284635, 22.80417207], [109.15890870, 22.79928699], [109.17477744, 22.79388499], [109.19043324, 22.78797264], [109.20585703, 22.78155715], [109.22103002, 22.77464633], [109.23593371, 22.76724860], [109.25054996, 22.75937298], [109.26486094, 22.75102906], [109.27884924, 22.74222701], [109.29249780, 22.73297754], [109.30579000, 22.72329194], [109.31870964, 22.71318199], [109.33124098, 22.70266003], [109.34336875, 22.69173886], [109.35507819, 22.68043179], [109.46135439, 22.57415559], [109.75000000, 22.57415559], [109.75976450, 22.57406428], [109.77665645, 22.57347467], [109.79351592, 22.57233865], [109.81032237, 22.57065763], [109.82705532, 22.56843364], [109.84369440, 22.56566939], [109.86021932, 22.56236826], [109.87660996, 22.55853426], [109.89284635, 22.55417207], [109.90890870, 22.54928699], [109.92477744, 22.54388499], [109.94043324, 22.53797264], [109.95585703, 22.53155715], [109.97103002, 22.52464633], [109.98593371, 22.51724860], [110.00054996, 22.50937298], [110.01486094, 22.50102906], [110.02884924, 22.49222701], [110.04249780, 22.48297754], [110.05579000, 22.47329194], [110.06870964, 22.46318199], [110.08124098, 22.45266003], [110.09336875, 22.44173886], [110.10507819, 22.43043179], [110.21135439, 22.32415559], [110.89742631, 22.32415559], [110.89936320, 22.33450743], [110.90283289, 22.34985131], [110.90687784, 22.36507353], [110.91149312, 22.38015555], [110.91667311, 22.39507900], [110.92241151, 22.40982569], [110.92870131, 22.42437766], [110.93553486, 22.43871718], [110.94290384, 22.45282677], [110.95079925, 22.46668925], [110.95921149, 22.48028773], [110.96813030, 22.49360564], [110.97754482, 22.50662675], [110.98744358, 22.51933521], [110.99781451, 22.53171552], [111.00864499, 22.54375260], [111.01992181, 22.55543179], [111.08949003, 22.62500000], [110.76992181, 22.94456821], [110.75401560, 22.96128835], [110.74337762, 22.97347221], [110.73320460, 22.98599297], [110.72350892, 22.99883538], [110.71430240, 23.01198380], [110.70559624, 23.02542221], [110.69740107, 23.03913422], [110.68972685, 23.05310315], [110.68258296, 23.06731196], [110.67597808, 23.08174336], [110.66992026, 23.09637974], [110.66441689, 23.11120329], [110.65947466, 23.12619594], [110.65509961, 23.14133943], [110.65129706, 23.15661530], [110.64807164, 23.17200495], [110.64542729, 23.18748962], [110.64336722, 23.20305046], [110.64189395, 23.21866849], [110.64100927, 23.23432470], [110.64071425, 23.25000000], [110.64071425, 23.50000000], [110.64131102, 23.52229102], [110.64244446, 23.53793343], [110.64416582, 23.55352962], [110.64647301, 23.56906059], [110.64936320, 23.58450743], [110.65283289, 23.59985131], [110.65687784, 23.61507353], [110.66149312, 23.63015555], [110.66667311, 23.64507900], [110.67241151, 23.65982569], [110.67870131, 23.67437766], [110.68553486, 23.68871718], [110.69290384, 23.70282677], [110.70079925, 23.71668925], [110.70921149, 23.73028773], [110.71813030, 23.74360564], [110.72754482, 23.75662675], [110.73744358, 23.76933521], [110.74781451, 23.78171552], [110.75864499, 23.79375260], [110.76992181, 23.80543179], [110.89492181, 23.93043179], [110.90163399, 23.93700969], [110.91358685, 23.94809549], [110.92594959, 23.95878765], [110.93870712, 23.96907314], [110.95184392, 23.97893943], [110.96534398, 23.98837450], [110.97919085, 23.99736686], [110.99336765, 24.00590554], [111.00785713, 24.01398015], [111.02264161, 24.02158084], [111.03770310, 24.02869837], [111.05302324, 24.03532405], [111.06858337, 24.04144981], [111.08436452, 24.04706819], [111.10034747, 24.05217235], [111.11651276, 24.05675606], [111.13284067, 24.06081375], [111.14931133, 24.06434046], [111.16590466, 24.06733190], [111.18260045, 24.06978444], [111.19937836, 24.07169507], [111.21621793, 24.07306147], [111.23309867, 24.07388197], [111.25000000, 24.07415559], [111.75000000, 24.07415559], [111.75976450, 24.07406428], [111.77665645, 24.07347467], [111.79351592, 24.07233865], [111.81032237, 24.07065763], [111.82705532, 24.06843364], [111.84369440, 24.06566939], [111.86021932, 24.06236826], [111.87660996, 24.05853426], [111.89284635, 24.05417207], [111.90890870, 24.04928699], [111.92477744, 24.04388499], [111.94043324, 24.03797264], [111.95585703, 24.03155715], [111.97103002, 24.02464633], [111.98593371, 24.01724860], [112.00054996, 24.00937298], [112.01486094, 24.00102906], [112.02884924, 23.99222701], [112.04249780, 23.98297754], [112.05579000, 23.97329194], [112.06870964, 23.96318199], [112.08124098, 23.95266003], [112.09336875, 23.94173886], [112.10507819, 23.93043179], [112.12500000, 23.91050997], [112.39492181, 24.18043179], [112.40163399, 24.18700969], [112.41358685, 24.19809549], [112.42594959, 24.20878765], [112.43870712, 24.21907314], [112.45184392, 24.22893943], [112.46534398, 24.23837450], [112.47919085, 24.24736686], [112.49336765, 24.25590554], [112.50785713, 24.26398015], [112.52264161, 24.27158084], [112.53770310, 24.27869837], [112.55302324, 24.28532405], [112.56858337, 24.29144981], [112.58436452, 24.29706819], [112.60034747, 24.30217235], [112.61651276, 24.30675606], [112.63284067, 24.31081375], [112.64931133, 24.31434046], [112.66590466, 24.31733190], [112.68260045, 24.31978444], [112.69937836, 24.32169507], [112.71621793, 24.32306147], [112.73309867, 24.32388197], [112.75000000, 24.32415559], [113.25000000, 24.32415559], [113.25976450, 24.32406428], [113.27665645, 24.32347467], [113.29351591, 24.32233865], [113.31032237, 24.32065763], [113.32705532, 24.31843364], [113.34369440, 24.31566939], [113.36021932, 24.31236826], [113.37660996, 24.30853426], [113.39284635, 24.30417207], [113.40890870, 24.29928699], [113.42477744, 24.29388499], [113.44043324, 24.28797264], [113.45585703, 24.28155715], [113.47103002, 24.27464633], [113.48593371, 24.26724860], [113.50054996, 24.25937298], [113.51486094, 24.25102906], [113.52884924, 24.24222701], [113.54249780, 24.23297754], [113.55579000, 24.22329194], [113.56870964, 24.21318199], [113.58124098, 24.20266003], [113.59336875, 24.19173886], [113.60507819, 24.18043179], [113.71135439, 24.07415559], [114.00000000, 24.07415559], [114.00976450, 24.07406428], [114.02665645, 24.07347467], [114.04351592, 24.07233865], [114.06032237, 24.07065763], [114.07705532, 24.06843364], [114.09369440, 24.06566939], [114.11021932, 24.06236826], [114.12660996, 24.05853426], [114.14284635, 24.05417207], [114.15890870, 24.04928699], [114.17477744, 24.04388499], [114.19043324, 24.03797264], [114.20585703, 24.03155715], [114.22103002, 24.02464633], [114.23593371, 24.01724860], [114.25054996, 24.00937298], [114.26486094, 24.00102906], [114.27884924, 23.99222701], [114.29249780, 23.98297754], [114.30579000, 23.97329194], [114.31870964, 23.96318199], [114.33124098, 23.95266003], [114.34336875, 23.94173886], [114.35507819, 23.93043179], [114.46135439, 23.82415559], [114.50000000, 23.82415559], [114.50976450, 23.82406428], [114.52665645, 23.82347467], [114.54351591, 23.82233865], [114.56032237, 23.82065763], [114.57705532, 23.81843364], [114.59369440, 23.81566939], [114.61021932, 23.81236826], [114.62660996, 23.80853426], [114.64284635, 23.80417207], [114.65890870, 23.79928699], [114.67477744, 23.79388499], [114.69043324, 23.78797264], [114.70585703, 23.78155715], [114.72103002, 23.77464633], [114.73593371, 23.76724860], [114.75054996, 23.75937298], [114.76486094, 23.75102906], [114.77884924, 23.74222701], [114.79249780, 23.73297754], [114.80579000, 23.72329194], [114.81870964, 23.71318199], [114.83124098, 23.70266003], [114.84336875, 23.69173886], [114.85507819, 23.68043179], [115.23007819, 23.30543179], [115.24598440, 23.28871165], [115.25662238, 23.27652779], [115.26679540, 23.26400703], [115.27649108, 23.25116462], [115.28569760, 23.23801620], [115.29440376, 23.22457779], [115.30259893, 23.21086578], [115.31027315, 23.19689685], [115.31741704, 23.18268804], [115.32402192, 23.16825664], [115.33007974, 23.15362026], [115.33558311, 23.13879671], [115.34052534, 23.12380406], [115.34490039, 23.10866057], [115.34870294, 23.09338470], [115.35192836, 23.07799505], [115.35457271, 23.06251038], [115.35663278, 23.04694954], [115.35810605, 23.03133151], [115.35899073, 23.01567530], [115.35928575, 23.00000000], [115.35928575, 22.25000000], [115.35868898, 22.22770898], [115.35755554, 22.21206657], [115.35583418, 22.19647038], [115.35352699, 22.18093941], [115.35063680, 22.16549257], [115.34716711, 22.15014869], [115.34312216, 22.13492647], [115.33850688, 22.11984445], [115.33332689, 22.10492100], [115.32758849, 22.09017431], [115.32129869, 22.07562234], [115.31446514, 22.06128282], [115.30709616, 22.04717323], [115.29920075, 22.03331075], [115.29078851, 22.01971227], [115.28186970, 22.00639436], [115.27245518, 21.99337325], [115.26255642, 21.98066479], [115.25218549, 21.96828448], [115.24135501, 21.95624740], [115.23007819, 21.94456821], [114.85507819, 21.56956821], [114.84836601, 21.56299031], [114.83641315, 21.55190451], [114.82405041, 21.54121235], [114.81129288, 21.53092686], [114.79815608, 21.52106057], [114.78465602, 21.51162550], [114.77080915, 21.50263314], [114.75663235, 21.49409446], [114.74214287, 21.48601985], [114.72735839, 21.47841916], [114.71229690, 21.47130163], [114.69697676, 21.46467595], [114.68141663, 21.45855019], [114.66563548, 21.45293181], [114.64965253, 21.44782765], [114.63348724, 21.44324394], [114.61715933, 21.43918625], [114.60068867, 21.43565954], [114.58409534, 21.43266810], [114.56739955, 21.43021556], [114.55062164, 21.42830493], [114.53378207, 21.42693853], [114.51690133, 21.42611803], [114.50000000, 21.42584441], [114.21135439, 21.42584441], [114.10507819, 21.31956821], [114.09836601, 21.31299031], [114.08641315, 21.30190451], [114.07405041, 21.29121235], [114.06129288, 21.28092686], [114.04815608, 21.27106057], [114.03465602, 21.26162550], [114.02080915, 21.25263314], [114.00663235, 21.24409446], [113.99214287, 21.23601985], [113.97735839, 21.22841916], [113.96229690, 21.22130163], [113.94697676, 21.21467595], [113.93141663, 21.20855019], [113.91563548, 21.20293181], [113.89965253, 21.19782765], [113.88348724, 21.19324394], [113.86715933, 21.18918625], [113.85068867, 21.18565954], [113.83409534, 21.18266810], [113.81739955, 21.18021556], [113.80062164, 21.17830493], [113.78378207, 21.17693853], [113.76690133, 21.17611803], [113.75000000, 21.17584441], [113.46135439, 21.17584441], [113.35507819, 21.06956821], [113.34836601, 21.06299031], [113.33641315, 21.05190451], [113.32405041, 21.04121235], [113.31129288, 21.03092686], [113.29815608, 21.02106057], [113.28465602, 21.01162550], [113.27080915, 21.00263314], [113.25663235, 20.99409446], [113.24214287, 20.98601985], [113.22735839, 20.97841916], [113.21229690, 20.97130163], [113.19697676, 20.96467595], [113.18141663, 20.95855019], [113.16563548, 20.95293181], [113.14965253, 20.94782765], [113.13348724, 20.94324394], [113.11715933, 20.93918625], [113.10068867, 20.93565954], [113.08409534, 20.93266810], [113.06739955, 20.93021556], [113.05062164, 20.92830493], [113.03378207, 20.92693853], [113.01690133, 20.92611803], [113.00000000, 20.92584441], [111.96135439, 20.92584441], [111.85507819, 20.81956821], [111.84836601, 20.81299031], [111.83641315, 20.80190451], [111.82405041, 20.79121235], [111.81129288, 20.78092686], [111.79815608, 20.77106057], [111.78465602, 20.76162550], [111.77080915, 20.75263314], [111.75663235, 20.74409446], [111.74214287, 20.73601985], [111.72735839, 20.72841916], [111.71229690, 20.72130163], [111.69697676, 20.71467595], [111.68141663, 20.70855019], [111.66563548, 20.70293181], [111.64965253, 20.69782765], [111.63348724, 20.69324394], [111.61715933, 20.68918625], [111.60068867, 20.68565954], [111.58409534, 20.68266810], [111.56739955, 20.68021556], [111.55062164, 20.67830493], [111.53378207, 20.67693853], [111.51690133, 20.67611803], [111.50000000, 20.67584441], [111.35966556, 20.67584441], [111.48007819, 20.55543179], [111.49598440, 20.53871165], [111.50662238, 20.52652779], [111.51679540, 20.51400703], [111.52649108, 20.50116462], [111.53569760, 20.48801620], [111.54440376, 20.47457779], [111.55259893, 20.46086578], [111.56027315, 20.44689685], [111.56741704, 20.43268804], [111.57402192, 20.41825664], [111.58007974, 20.40362026], [111.58558311, 20.38879671], [111.59052534, 20.37380406], [111.59490039, 20.35866057], [111.59870294, 20.34338470], [111.60192836, 20.32799505], [111.60457271, 20.31251038], [111.60663278, 20.29694954], [111.60810605, 20.28133151], [111.60899073, 20.26567530], [111.60928575, 20.25000000], [111.60928575, 20.17622423], [111.73007819, 20.05543179], [111.74598440, 20.03871165], [111.75662238, 20.02652779], [111.76679540, 20.01400703], [111.77649108, 20.00116462], [111.78569760, 19.98801620], [111.79440376, 19.97457779], [111.80259893, 19.96086578], [111.81027315, 19.94689685], [111.81741704, 19.93268804], [111.82402192, 19.91825664], [111.83007974, 19.90362026], [111.83558311, 19.88879671], [111.84052534, 19.87380406], [111.84490039, 19.85866057], [111.84870294, 19.84338470], [111.85192836, 19.82799505], [111.85457271, 19.81251038], [111.85663278, 19.79694954], [111.85810605, 19.78133151], [111.85899073, 19.76567530], [111.85928575, 19.75000000], [111.85928575, 19.50000000], [111.85868898, 19.47770898], [111.85755554, 19.46206657], [111.85583418, 19.44647038], [111.85352699, 19.43093941], [111.85063680, 19.41549257], [111.84716711, 19.40014869], [111.84312216, 19.38492647], [111.83850688, 19.36984445], [111.83332689, 19.35492100], [111.82758849, 19.34017431], [111.82129869, 19.32562234], [111.81446514, 19.31128282], [111.80709616, 19.29717323], [111.79920075, 19.28331075], [111.79078851, 19.26971227], [111.78186970, 19.25639436], [111.77245518, 19.24337325], [111.76255642, 19.23066479], [111.75218549, 19.21828448], [111.74135501, 19.20624740], [111.73007819, 19.19456821], [111.35928575, 18.82377577], [111.35928575, 18.75000000], [111.35868898, 18.72770898], [111.35755554, 18.71206657], [111.35583418, 18.69647038], [111.35352699, 18.68093941], [111.35063680, 18.66549257], [111.34716711, 18.65014869], [111.34312216, 18.63492647], [111.33850688, 18.61984445], [111.33332689, 18.60492100], [111.32758849, 18.59017431], [111.32129869, 18.57562234], [111.31446514, 18.56128282], [111.30709616, 18.54717323], [111.29920075, 18.53331075], [111.29078851, 18.51971227], [111.28186970, 18.50639436], [111.27245518, 18.49337325], [111.26255642, 18.48066479], [111.25218549, 18.46828448], [111.24135501, 18.45624740], [111.23007819, 18.44456821], [110.60507819, 17.81956821], [110.59836601, 17.81299031], [110.58641315, 17.80190451], [110.57405041, 17.79121235], [110.56129288, 17.78092686], [110.54815608, 17.77106057], [110.53465602, 17.76162550], [110.52080915, 17.75263314], [110.50663235, 17.74409446], [110.49214287, 17.73601985], [110.47735839, 17.72841916], [110.46229690, 17.72130163], [110.44697676, 17.71467595], [110.43141663, 17.70855019], [110.41563548, 17.70293181], [110.39965253, 17.69782765], [110.38348724, 17.69324394], [110.36715933, 17.68918625], [110.35068867, 17.68565954], [110.33409534, 17.68266810], [110.31739955, 17.68021556], [110.30062164, 17.67830493], [110.28378207, 17.67693853], [110.26690133, 17.67611803], [110.25000000, 17.67584441], [110.21135439, 17.67584441], [110.10507819, 17.56956821], [110.09836601, 17.56299031], [110.08641315, 17.55190451], [110.07405041, 17.54121235], [110.06129288, 17.53092686], [110.04815608, 17.52106057], [110.03465602, 17.51162550], [110.02080915, 17.50263314], [110.00663235, 17.49409446], [109.99214287, 17.48601985], [109.97735839, 17.47841916], [109.96229690, 17.47130163], [109.94697676, 17.46467595], [109.93141663, 17.45855019], [109.91563548, 17.45293181], [109.89965253, 17.44782765], [109.88348724, 17.44324394], [109.86715933, 17.43918625], [109.85068867, 17.43565954], [109.83409534, 17.43266810], [109.81739955, 17.43021556], [109.80062164, 17.42830493], [109.78378207, 17.42693853], [109.76690133, 17.42611803], [109.75000000, 17.42584441]]]}
    },
    {
      "type": "Feature",
      "properties": {"block_id": "ADC_WNP_05", "basin_id": "BASIN_WNP", "basin_label": "Western North Pacific and East Asia", "domain_count": 3, "grid_cell_count": 177, "outer_area_km2": 6103244.966354, "shelf_width_km": 250.000000, "outer_buffer_km": 430.000000, "shelf_add_area_km2": 0.000000, "shelf_add_cell_count": 0, "shelf_add_component_count": 0, "bay_add_area_km2": 2265425.382450, "bay_add_cell_count": 3509, "bay_add_core_cell_count": 3509, "bay_add_component_count": 5, "open_ocean_area_risk": 0},
      "geometry": {"type": "Polygon", "coordinates": [[[122.25000000, 10.92584441], [121.50000000, 10.92584441], [121.48371263, 10.92611977], [121.46749666, 10.92694201], [121.45132028, 10.92831014], [121.43520321, 10.93022249], [121.41916509, 10.93267674], [121.40322545, 10.93566989], [121.38740372, 10.93919830], [121.37171916, 10.94325766], [121.35619090, 10.94784303], [121.34083785, 10.95294883], [121.32567871, 10.95856884], [121.31073196, 10.96469620], [121.29601580, 10.97132345], [121.28154816, 10.97844252], [121.26734667, 10.98604474], [121.25342864, 10.99412083], [121.23981101, 11.00266097], [121.22651039, 11.01165475], [121.21354297, 11.02109121], [121.20092455, 11.03095885], [121.18867051, 11.04124565], [121.17679578, 11.05193908], [121.16531482, 11.06302611], [120.29031482, 11.93802611], [120.27927612, 11.94945625], [120.26862282, 11.96128835], [120.25840371, 11.97347221], [120.24863124, 11.98599297], [120.23931732, 11.99883538], [120.23047329, 12.01198380], [120.22210994, 12.02542221], [120.21423744, 12.03913422], [120.20686540, 12.05310315], [120.20000278, 12.06731196], [120.19365796, 12.08174336], [120.18783867, 12.09637974], [120.18255199, 12.11120329], [120.17780436, 12.12619594], [120.17360157, 12.14133943], [120.16994874, 12.15661530], [120.16685033, 12.17200495], [120.16431009, 12.18748962], [120.16233114, 12.20305046], [120.16091587, 12.21866849], [120.16006603, 12.23432470], [120.15978263, 12.25000000], [120.15978263, 12.56855831], [119.54031482, 13.18802611], [119.52927612, 13.19945625], [119.51862282, 13.21128835], [119.50840371, 13.22347221], [119.49863124, 13.23599297], [119.48931732, 13.24883538], [119.48047329, 13.26198380], [119.47210994, 13.27542221], [119.46423744, 13.28913422], [119.45686540, 13.30310315], [119.45000278, 13.31731196], [119.44365796, 13.33174336], [119.43783867, 13.34637974], [119.43255199, 13.36120329], [119.42780436, 13.37619594], [119.42360157, 13.39133943], [119.41994874, 13.40661530], [119.41685033, 13.42200495], [119.41431009, 13.43748962], [119.41233114, 13.45305046], [119.41091587, 13.46866849], [119.41006603, 13.48432470], [119.40978263, 13.50000000], [119.40978263, 14.00000000], [119.41006423, 14.01562557], [119.41091228, 14.03128186], [119.41232575, 14.04690005], [119.41430292, 14.06246109], [119.41684138, 14.07794604], [119.41993803, 14.09333602], [119.42358910, 14.10861228], [119.42779015, 14.12375622], [119.43253606, 14.13874938], [119.43782104, 14.15357349], [119.44363866, 14.16821050], [119.44998182, 14.18264257], [119.45684280, 14.19685212], [119.46421324, 14.21082183], [119.47208417, 14.22453469], [119.48044598, 14.23797399], [119.48928850, 14.25112336], [119.49860094, 14.26396677], [119.50837198, 14.27648857], [119.51858969, 14.28867352], [119.52924163, 14.30050676], [119.54031482, 14.31197389], [119.60334094, 14.37500000], [119.54031482, 14.43802611], [119.52927612, 14.44945625], [119.51862282, 14.46128835], [119.50840371, 14.47347221], [119.49863124, 14.48599297], [119.48931732, 14.49883538], [119.48047329, 14.51198380], [119.47210994, 14.52542221], [119.46423744, 14.53913422], [119.45686540, 14.55310315], [119.45000278, 14.56731196], [119.44365796, 14.58174336], [119.43783867, 14.59637974], [119.43255199, 14.61120329], [119.42780436, 14.62619594], [119.42360157, 14.64133943], [119.41994874, 14.65661530], [119.41685033, 14.67200495], [119.41431009, 14.68748962], [119.41233114, 14.70305046], [119.41091587, 14.71866849], [119.41006603, 14.73432470], [119.40978263, 14.75000000], [119.40978263, 14.81855831], [119.29031482, 14.93802611], [119.27927612, 14.94945625], [119.26862282, 14.96128835], [119.25840371, 14.97347221], [119.24863124, 14.98599297], [119.23931732, 14.99883538], [119.23047329, 15.01198380], [119.22210994, 15.02542221], [119.21423744, 15.03913422], [119.20686540, 15.05310315], [119.20000278, 15.06731196], [119.19365796, 15.08174336], [119.18783867, 15.09637974], [119.18255199, 15.11120329], [119.17780436, 15.12619594], [119.17360157, 15.14133943], [119.16994874, 15.15661530], [119.16685033, 15.17200495], [119.16431009, 15.18748962], [119.16233114, 15.20305046], [119.16091587, 15.21866849], [119.16006603, 15.23432470], [119.15978263, 15.25000000], [119.15978263, 16.50000000], [119.16006423, 16.51562557], [119.16091228, 16.53128186], [119.16232575, 16.54690005], [119.16430292, 16.56246109], [119.16684138, 16.57794604], [119.16993803, 16.59333602], [119.17358910, 16.60861228], [119.17779015, 16.62375622], [119.18253606, 16.63874938], [119.18782104, 16.65357349], [119.19363866, 16.66821050], [119.19998182, 16.68264257], [119.20684280, 16.69685212], [119.21421324, 16.71082183], [119.22208417, 16.72453469], [119.23044598, 16.73797399], [119.23928850, 16.75112336], [119.24860094, 16.76396677], [119.25837198, 16.77648857], [119.26858969, 16.78867352], [119.27924163, 16.80050676], [119.29031482, 16.81197389], [119.41531482, 16.93697389], [119.42683286, 16.94809549], [119.43870882, 16.95878765], [119.45096404, 16.96907314], [119.46358359, 16.97893943], [119.47655209, 16.98837450], [119.48985375, 16.99736686], [119.50347235, 17.00590554], [119.51739131, 17.01398015], [119.53159367, 17.02158084], [119.54606213, 17.02869837], [119.56077905, 17.03532405], [119.57572651, 17.04144981], [119.59088629, 17.04706819], [119.60623993, 17.05217235], [119.62176871, 17.05675606], [119.63745373, 17.06081375], [119.65327587, 17.06434046], [119.65978263, 17.06556158], [119.65978263, 18.25000000], [119.66006423, 18.26562557], [119.66091228, 18.28128186], [119.66232575, 18.29690005], [119.66430292, 18.31246109], [119.66684138, 18.32794604], [119.66993803, 18.34333602], [119.67358910, 18.35861228], [119.67779015, 18.37375622], [119.68253606, 18.38874938], [119.68782104, 18.40357349], [119.69363866, 18.41821050], [119.69998182, 18.43264257], [119.70684280, 18.44685212], [119.71421324, 18.46082183], [119.72208417, 18.47453469], [119.73044598, 18.48797399], [119.73928850, 18.50112336], [119.74860094, 18.51396677], [119.75837198, 18.52648857], [119.76858969, 18.53867352], [119.77924163, 18.55050676], [119.79031482, 18.56197389], [119.90978263, 18.68144169], [119.90978263, 18.75000000], [119.91006423, 18.76562557], [119.91091228, 18.78128186], [119.91232575, 18.79690005], [119.91430292, 18.81246109], [119.91684138, 18.82794604], [119.91993803, 18.84333602], [119.92358910, 18.85861228], [119.92779015, 18.87375622], [119.93253606, 18.88874938], [119.93782104, 18.90357349], [119.94363866, 18.91821050], [119.94998182, 18.93264257], [119.95684280, 18.94685212], [119.96421324, 18.96082183], [119.97208417, 18.97453469], [119.98044598, 18.98797399], [119.98928850, 19.00112336], [119.99860094, 19.01396677], [120.00837198, 19.02648857], [120.01858969, 19.03867352], [120.02924163, 19.05050676], [120.04031482, 19.06197389], [120.16531482, 19.18697389], [120.17683286, 19.19809549], [120.18870882, 19.20878765], [120.20096404, 19.21907314], [120.21358359, 19.22893943], [120.22655209, 19.23837450], [120.23985375, 19.24736686], [120.25347235, 19.25590554], [120.26739131, 19.26398015], [120.28159367, 19.27158084], [120.29606213, 19.27869837], [120.31077905, 19.28532405], [120.32572651, 19.29144981], [120.34088629, 19.29706819], [120.35623993, 19.30217235], [120.37176871, 19.30675606], [120.38745373, 19.31081375], [120.40327587, 19.31434046], [120.41497080, 19.31653524], [120.41684138, 19.32794604], [120.41993803, 19.34333602], [120.42358910, 19.35861228], [120.42779015, 19.37375622], [120.43253606, 19.38874938], [120.43782104, 19.40357349], [120.44363866, 19.41821050], [120.44998182, 19.43264257], [120.45684280, 19.44685212], [120.46421324, 19.46082183], [120.47208417, 19.47453469], [120.48044598, 19.48797399], [120.48928850, 19.50112336], [120.49860094, 19.51396677], [120.50837198, 19.52648857], [120.51858969, 19.53867352], [120.52924163, 19.55050676], [120.54031482, 19.56197389], [120.91531482, 19.93697389], [120.92683286, 19.94809549], [120.93870882, 19.95878765], [120.95096404, 19.96907314], [120.96358359, 19.97893943], [120.97655209, 19.98837450], [120.98985375, 19.99736686], [121.00347235, 20.00590554], [121.01739131, 20.01398015], [121.03159367, 20.02158084], [121.04606213, 20.02869837], [121.06077905, 20.03532405], [121.07572651, 20.04144981], [121.09088629, 20.04706819], [121.10623993, 20.05217235], [121.12176871, 20.05675606], [121.13745373, 20.06081375], [121.15327587, 20.06434046], [121.16921585, 20.06733190], [121.18525426, 20.06978444], [121.20137154, 20.07169507], [121.21754808, 20.07306147], [121.23376415, 20.07388197], [121.25000000, 20.07415559], [122.00000000, 20.07415559], [122.01628737, 20.07388023], [122.03250334, 20.07305799], [122.04867972, 20.07168986], [122.06479679, 20.06977751], [122.08083491, 20.06732326], [122.09677455, 20.06433011], [122.11259628, 20.06080170], [122.12828084, 20.05674234], [122.14380910, 20.05215697], [122.15916215, 20.04705117], [122.17432129, 20.04143116], [122.18926804, 20.03530380], [122.20398420, 20.02867655], [122.21845184, 20.02155748], [122.23265333, 20.01395526], [122.24657136, 20.00587917], [122.26018899, 19.99733903], [122.27348961, 19.98834525], [122.28645703, 19.97890879], [122.29907545, 19.96904115], [122.31132949, 19.95875435], [122.32320422, 19.94806092], [122.33468518, 19.93697389], [122.45968518, 19.81197389], [122.47072388, 19.80054375], [122.48137718, 19.78871165], [122.49159629, 19.77652779], [122.50136876, 19.76400703], [122.51068268, 19.75116462], [122.51952671, 19.73801620], [122.52789006, 19.72457779], [122.53576256, 19.71086578], [122.54313460, 19.69689685], [122.54999722, 19.68268804], [122.55634204, 19.66825664], [122.56216133, 19.65362026], [122.56744801, 19.63879671], [122.57219564, 19.62380406], [122.57639843, 19.60866057], [122.58005126, 19.59338470], [122.58314967, 19.57799505], [122.58568991, 19.56251038], [122.58766886, 19.54694954], [122.58908413, 19.53133151], [122.58993397, 19.51567530], [122.59021737, 19.50000000], [122.59021737, 19.25000000], [122.58993577, 19.23437443], [122.58908772, 19.21871814], [122.58767425, 19.20309995], [122.58569708, 19.18753891], [122.58547498, 19.18618408], [122.95968518, 18.81197389], [122.97072388, 18.80054375], [122.98137718, 18.78871165], [122.99159629, 18.77652779], [123.00136876, 18.76400703], [123.01068268, 18.75116462], [123.01952671, 18.73801620], [123.02789006, 18.72457779], [123.03576256, 18.71086578], [123.04313460, 18.69689685], [123.04999722, 18.68268804], [123.05634204, 18.66825664], [123.06216133, 18.65362026], [123.06744801, 18.63879671], [123.07219564, 18.62380406], [123.07639843, 18.60866057], [123.08005126, 18.59338470], [123.08314967, 18.57799505], [123.08568991, 18.56251038], [123.08766886, 18.54694954], [123.08908413, 18.53133151], [123.08993397, 18.51567530], [123.09021737, 18.50000000], [123.09021737, 18.25000000], [123.08993577, 18.23437443], [123.08908772, 18.21871814], [123.08767425, 18.20309995], [123.08569708, 18.18753891], [123.08315862, 18.17205396], [123.08006197, 18.15666398], [123.07641090, 18.14138772], [123.07220985, 18.12624378], [123.06746394, 18.11125062], [123.06217896, 18.09642651], [123.05636134, 18.08178950], [123.05001818, 18.06735743], [123.04315720, 18.05314788], [123.03578676, 18.03917817], [123.02791583, 18.02546531], [123.01955402, 18.01202601], [123.01071150, 17.99887664], [123.00139906, 17.98603323], [122.99162802, 17.97351143], [122.98141031, 17.96132648], [122.97075837, 17.94949324], [122.95968518, 17.93802611], [122.89665906, 17.87500000], [123.20968518, 17.56197389], [123.22072388, 17.55054375], [123.23137718, 17.53871165], [123.24159629, 17.52652779], [123.25136876, 17.51400703], [123.26068268, 17.50116462], [123.26952671, 17.48801620], [123.27789006, 17.47457779], [123.28576256, 17.46086578], [123.29313460, 17.44689685], [123.29999722, 17.43268804], [123.30634204, 17.41825664], [123.31216133, 17.40362026], [123.31744801, 17.38879671], [123.32219564, 17.37380406], [123.32639843, 17.35866057], [123.33005126, 17.34338470], [123.33314967, 17.32799505], [123.33568991, 17.31251038], [123.33766886, 17.29694954], [123.33908413, 17.28133151], [123.33993397, 17.26567530], [123.34021737, 17.25000000], [123.34021737, 17.00000000], [123.33993577, 16.98437443], [123.33908772, 16.96871814], [123.33767425, 16.95309995], [123.33569708, 16.93753891], [123.33315862, 16.92205396], [123.33006197, 16.90666398], [123.32641090, 16.89138772], [123.32220985, 16.87624378], [123.31746394, 16.86125062], [123.31217896, 16.84642651], [123.30636134, 16.83178950], [123.30001818, 16.81735743], [123.29315720, 16.80314788], [123.28578676, 16.78917817], [123.27791583, 16.77546531], [123.26955402, 16.76202601], [123.26071150, 16.74887664], [123.25139906, 16.73603323], [123.24162802, 16.72351143], [123.23141031, 16.71132648], [123.22075837, 16.69949324], [123.20968518, 16.68802611], [123.09021737, 16.56855831], [123.09021737, 16.50000000], [123.08993577, 16.48437443], [123.08908772, 16.46871814], [123.08767425, 16.45309995], [123.08569708, 16.43753891], [123.08315862, 16.42205396], [123.08006197, 16.40666398], [123.07641090, 16.39138772], [123.07220985, 16.37624378], [123.06746394, 16.36125062], [123.06217896, 16.34642651], [123.05636134, 16.33178950], [123.05001818, 16.31735743], [123.04315720, 16.30314788], [123.03578676, 16.28917817], [123.02791583, 16.27546531], [123.01955402, 16.26202601], [123.01071150, 16.24887664], [123.00139906, 16.23603323], [122.99162802, 16.22351143], [122.98141031, 16.21132648], [122.97075837, 16.19949324], [122.95968518, 16.18802611], [122.84021737, 16.06855831], [122.84021737, 16.00000000], [122.83993577, 15.98437443], [122.83908772, 15.96871814], [122.83767425, 15.95309995], [122.83569708, 15.93753891], [122.83315862, 15.92205396], [122.83006197, 15.90666398], [122.82641090, 15.89138772], [122.82220985, 15.87624378], [122.81746394, 15.86125062], [122.81217896, 15.84642651], [122.80636134, 15.83178950], [122.80001818, 15.81735743], [122.79315720, 15.80314788], [122.78578676, 15.78917817], [122.77791583, 15.77546531], [122.76955402, 15.76202601], [122.76071150, 15.74887664], [122.75139906, 15.73603323], [122.74162802, 15.72351143], [122.73141031, 15.71132648], [122.72075837, 15.69949324], [122.70968518, 15.68802611], [122.64665906, 15.62500000], [122.95968518, 15.31197389], [122.97072388, 15.30054375], [122.98137718, 15.28871165], [122.99159629, 15.27652779], [123.00136876, 15.26400703], [123.01068268, 15.25116462], [123.01952671, 15.23801620], [123.02789006, 15.22457779], [123.03576256, 15.21086578], [123.04313460, 15.19689685], [123.04999722, 15.18268804], [123.05634204, 15.16825664], [123.06216133, 15.15362026], [123.06744801, 15.13879671], [123.07219564, 15.12380406], [123.07639843, 15.10866057], [123.08005126, 15.09338470], [123.08314967, 15.07799505], [123.08502958, 15.06653558], [123.09677455, 15.06433011], [123.11259628, 15.06080170], [123.12828084, 15.05674234], [123.14380910, 15.05215697], [123.15916215, 15.04705117], [123.17432129, 15.04143116], [123.18926804, 15.03530380], [123.20398420, 15.02867655], [123.21845184, 15.02155748], [123.23265333, 15.01395526], [123.24657136, 15.00587917], [123.26018899, 14.99733903], [123.27348961, 14.98834525], [123.28645703, 14.97890879], [123.29907545, 14.96904115], [123.31132949, 14.95875435], [123.32320422, 14.94806092], [123.33468518, 14.93697389], [123.44750348, 14.82415559], [123.50000000, 14.82415559], [123.51628737, 14.82388023], [123.53250334, 14.82305799], [123.54867972, 14.82168986], [123.56479679, 14.81977751], [123.58083491, 14.81732326], [123.59677455, 14.81433011], [123.61259628, 14.81080170], [123.62828084, 14.80674234], [123.64380910, 14.80215697], [123.65916215, 14.79705117], [123.67432129, 14.79143116], [123.68926804, 14.78530380], [123.70398420, 14.77867655], [123.71845184, 14.77155748], [123.73265333, 14.76395526], [123.74657136, 14.75587917], [123.76018899, 14.74733903], [123.77348961, 14.73834525], [123.78645703, 14.72890879], [123.79907545, 14.71904115], [123.81132949, 14.70875435], [123.82320422, 14.69806092], [123.83468518, 14.68697389], [123.94750348, 14.57415559], [124.00000000, 14.57415559], [124.01628737, 14.57388023], [124.03250334, 14.57305799], [124.04867972, 14.57168986], [124.06479679, 14.56977751], [124.08083491, 14.56732326], [124.09677455, 14.56433011], [124.11259628, 14.56080170], [124.12828084, 14.55674234], [124.14380910, 14.55215697], [124.15916215, 14.54705117], [124.17432129, 14.54143116], [124.18926804, 14.53530380], [124.20398420, 14.52867655], [124.21845184, 14.52155748], [124.23265333, 14.51395526], [124.24657136, 14.50587917], [124.26018899, 14.49733903], [124.27348961, 14.48834525], [124.28645703, 14.47890879], [124.29907545, 14.46904115], [124.31132949, 14.45875435], [124.32320422, 14.44806092], [124.33468518, 14.43697389], [124.45968518, 14.31197389], [124.47072388, 14.30054375], [124.48137718, 14.28871165], [124.49159629, 14.27652779], [124.50136876, 14.26400703], [124.51068268, 14.25116462], [124.51952671, 14.23801620], [124.52789006, 14.22457779], [124.53576256, 14.21086578], [124.54313460, 14.19689685], [124.54999722, 14.18268804], [124.55634204, 14.16825664], [124.56216133, 14.15362026], [124.56744801, 14.13879671], [124.57219564, 14.12380406], [124.57639843, 14.10866057], [124.58005126, 14.09338470], [124.58314967, 14.07799505], [124.58568991, 14.06251038], [124.58766886, 14.04694954], [124.58908413, 14.03133151], [124.58993397, 14.01567530], [124.59021737, 14.00000000], [124.59021737, 13.75000000], [124.58993577, 13.73437443], [124.58908772, 13.71871814], [124.58767425, 13.70309995], [124.58569708, 13.68753891], [124.58315862, 13.67205396], [124.58006197, 13.65666398], [124.57641090, 13.64138772], [124.57220985, 13.62624378], [124.56746394, 13.61125062], [124.56217896, 13.59642651], [124.55636134, 13.58178950], [124.55001818, 13.56735743], [124.54315720, 13.55314788], [124.53578676, 13.53917817], [124.52791583, 13.52546531], [124.51955402, 13.51202601], [124.51071150, 13.49887664], [124.50139906, 13.48603323], [124.49162802, 13.47351143], [124.48141031, 13.46132648], [124.47075837, 13.44949324], [124.45968518, 13.43802611], [124.33468518, 13.31302611], [124.32316714, 13.30190451], [124.31129118, 13.29121235], [124.29903596, 13.28092686], [124.28641641, 13.27106057], [124.27344791, 13.26162550], [124.26014625, 13.25263314], [124.24652765, 13.24409446], [124.23260869, 13.23601985], [124.21840633, 13.22841916], [124.20393787, 13.22130163], [124.18922095, 13.21467595], [124.17427349, 13.20855019], [124.15911371, 13.20293181], [124.14376007, 13.19782765], [124.12823129, 13.19324394], [124.11254627, 13.18918625], [124.09672413, 13.18565954], [124.08078415, 13.18266810], [124.06474574, 13.18021556], [124.04862846, 13.17830493], [124.03245192, 13.17693853], [124.01623585, 13.17611803], [124.00000000, 13.17584441], [123.94750348, 13.17584441], [123.83468518, 13.06302611], [123.82316714, 13.05190451], [123.81129118, 13.04121235], [123.79903596, 13.03092686], [123.78641641, 13.02106057], [123.77344791, 13.01162550], [123.76014625, 13.00263314], [123.74652765, 12.99409446], [123.73260869, 12.98601985], [123.71840633, 12.97841916], [123.70393787, 12.97130163], [123.68922095, 12.96467595], [123.67427349, 12.95855019], [123.65911371, 12.95293181], [123.64376007, 12.94782765], [123.62823129, 12.94324394], [123.61254627, 12.93918625], [123.59672413, 12.93565954], [123.58078415, 12.93266810], [123.56474574, 12.93021556], [123.54862846, 12.92830493], [123.53245192, 12.92693853], [123.51623585, 12.92611803], [123.50000000, 12.92584441], [123.19750348, 12.92584441], [123.14665906, 12.87500000], [123.20968518, 12.81197389], [123.22072388, 12.80054375], [123.23137718, 12.78871165], [123.24159629, 12.77652779], [123.25136876, 12.76400703], [123.26068268, 12.75116462], [123.26952671, 12.73801620], [123.27789006, 12.72457779], [123.28576256, 12.71086578], [123.29313460, 12.69689685], [123.29999722, 12.68268804], [123.30634204, 12.66825664], [123.31216133, 12.65362026], [123.31744801, 12.63879671], [123.32219564, 12.62380406], [123.32639843, 12.60866057], [123.33005126, 12.59338470], [123.33314967, 12.57799505], [123.33568991, 12.56251038], [123.33766886, 12.54694954], [123.33908413, 12.53133151], [123.33993397, 12.51567530], [123.34021737, 12.50000000], [123.34021737, 12.25000000], [123.33993577, 12.23437443], [123.33908772, 12.21871814], [123.33767425, 12.20309995], [123.33569708, 12.18753891], [123.33315862, 12.17205396], [123.33006197, 12.15666398], [123.32641090, 12.14138772], [123.32220985, 12.12624378], [123.31746394, 12.11125062], [123.31217896, 12.09642651], [123.30636134, 12.08178950], [123.30001818, 12.06735743], [123.29315720, 12.05314788], [123.28578676, 12.03917817], [123.27791583, 12.02546531], [123.26955402, 12.01202601], [123.26071150, 11.99887664], [123.25139906, 11.98603323], [123.24162802, 11.97351143], [123.23141031, 11.96132648], [123.22075837, 11.94949324], [123.20968518, 11.93802611], [123.08468518, 11.81302611], [123.07316714, 11.80190451], [123.06129118, 11.79121235], [123.04903596, 11.78092686], [123.03641641, 11.77106057], [123.02344791, 11.76162550], [123.01014625, 11.75263314], [122.99652765, 11.74409446], [122.98260869, 11.73601985], [122.96840633, 11.72841916], [122.95393787, 11.72130163], [122.93922095, 11.71467595], [122.92427349, 11.70855019], [122.90911371, 11.70293181], [122.89376007, 11.69782765], [122.87823129, 11.69324394], [122.86254627, 11.68918625], [122.84672413, 11.68565954], [122.84021737, 11.68443842], [122.84021737, 11.50000000], [122.83993577, 11.48437443], [122.83908772, 11.46871814], [122.83767425, 11.45309995], [122.83569708, 11.43753891], [122.83315862, 11.42205396], [122.83006197, 11.40666398], [122.82641090, 11.39138772], [122.82220985, 11.37624378], [122.81746394, 11.36125062], [122.81217896, 11.34642651], [122.80636134, 11.33178950], [122.80001818, 11.31735743], [122.79315720, 11.30314788], [122.78578676, 11.28917817], [122.77791583, 11.27546531], [122.76955402, 11.26202601], [122.76071150, 11.24887664], [122.75139906, 11.23603323], [122.74162802, 11.22351143], [122.73141031, 11.21132648], [122.72075837, 11.19949324], [122.70968518, 11.18802611], [122.58468518, 11.06302611], [122.57316714, 11.05190451], [122.56129118, 11.04121235], [122.54903596, 11.03092686], [122.53641641, 11.02106057], [122.52344791, 11.01162550], [122.51014625, 11.00263314], [122.49652765, 10.99409446], [122.48260869, 10.98601985], [122.46840633, 10.97841916], [122.45393787, 10.97130163], [122.43922095, 10.96467595], [122.42427349, 10.95855019], [122.40911371, 10.95293181], [122.39376007, 10.94782765], [122.37823129, 10.94324394], [122.36254627, 10.93918625], [122.34672413, 10.93565954], [122.33078415, 10.93266810], [122.31474574, 10.93021556], [122.29862846, 10.92830493], [122.28245192, 10.92693853], [122.26623585, 10.92611803], [122.25000000, 10.92584441]]]}
    },
    {
      "type": "Feature",
      "properties": {"block_id": "ADC_WNP_06", "basin_id": "BASIN_WNP", "basin_label": "Western North Pacific and East Asia", "domain_count": 3, "grid_cell_count": 158, "outer_area_km2": 6627909.530782, "shelf_width_km": 250.000000, "outer_buffer_km": 430.000000, "shelf_add_area_km2": 0.000000, "shelf_add_cell_count": 0, "shelf_add_component_count": 0, "bay_add_area_km2": 2288904.589454, "bay_add_cell_count": 2866, "bay_add_core_cell_count": 2866, "bay_add_component_count": 6, "open_ocean_area_risk": 0},
      "geometry": {"type": "Polygon", "coordinates": [[[121.00000000, 21.17584441], [120.50000000, 21.17584441], [120.48429050, 21.17607009], [120.46701140, 21.17684040], [120.44977249, 21.17815673], [120.43259477, 21.18001747], [120.41549918, 21.18242036], [120.39850654, 21.18536245], [120.38163755, 21.18884018], [120.36491277, 21.19284931], [120.34835257, 21.19738494], [120.33197713, 21.20244155], [120.31580641, 21.20801299], [120.29986009, 21.21409246], [120.28415761, 21.22067256], [120.26871810, 21.22774527], [120.25356038, 21.23530197], [120.23870290, 21.24333346], [120.22416378, 21.25182995], [120.20996071, 21.26078110], [120.19611102, 21.27017598], [120.18263157, 21.28000317], [120.16953878, 21.29025068], [120.15684861, 21.30090603], [120.14457651, 21.31195624], [120.13273745, 21.32338785], [120.00773745, 21.44838785], [119.99532266, 21.46128835], [119.98443542, 21.47347221], [119.97402402, 21.48599297], [119.96410115, 21.49883538], [119.95467890, 21.51198380], [119.94576874, 21.52542221], [119.93738153, 21.53913422], [119.92952750, 21.55310315], [119.92221621, 21.56731196], [119.91545656, 21.58174336], [119.90925679, 21.59637974], [119.90362447, 21.61120329], [119.89856644, 21.62619594], [119.89408887, 21.64133943], [119.89019721, 21.65661530], [119.88689622, 21.67200495], [119.88418990, 21.68748962], [119.88208156, 21.70305046], [119.88057377, 21.71866849], [119.87966836, 21.73432470], [119.87936643, 21.75000000], [119.87936643, 21.82675886], [119.75773745, 21.94838785], [119.74532266, 21.96128835], [119.73443542, 21.97347221], [119.72402402, 21.98599297], [119.71410115, 21.99883538], [119.70467890, 22.01198380], [119.69576874, 22.02542221], [119.68738153, 22.03913422], [119.67952750, 22.05310315], [119.67221621, 22.06731196], [119.66545656, 22.08174336], [119.65925679, 22.09637974], [119.65362447, 22.11120329], [119.64856644, 22.12619594], [119.64408887, 22.14133943], [119.64019721, 22.15661530], [119.63689622, 22.17200495], [119.63418990, 22.18748962], [119.63208156, 22.20305046], [119.63057377, 22.21866849], [119.62966836, 22.23432470], [119.62936643, 22.25000000], [119.62936643, 22.32675886], [119.50773745, 22.44838785], [119.49532266, 22.46128835], [119.48443542, 22.47347221], [119.47402402, 22.48599297], [119.46410115, 22.49883538], [119.45467890, 22.51198380], [119.44576874, 22.52542221], [119.43738153, 22.53913422], [119.42952750, 22.55310315], [119.42221621, 22.56731196], [119.41545656, 22.58174336], [119.40925679, 22.59637974], [119.40362447, 22.61120329], [119.39856644, 22.62619594], [119.39408887, 22.64133943], [119.39019721, 22.65661530], [119.38689622, 22.67200495], [119.38418990, 22.68748962], [119.38208156, 22.70305046], [119.38057377, 22.71866849], [119.37966836, 22.73432470], [119.37936643, 22.75000000], [119.37936643, 24.00000000], [119.37972635, 24.01711410], [119.38068714, 24.03276760], [119.38225017, 24.04838117], [119.38441354, 24.06393580], [119.38717461, 24.07941253], [119.39053002, 24.09479251], [119.39117938, 24.09730468], [119.36726255, 24.07338785], [119.35652895, 24.06299031], [119.34429601, 24.05190451], [119.33164359, 24.04121235], [119.31858712, 24.03092686], [119.30514249, 24.02106057], [119.29132610, 24.01162550], [119.27715477, 24.00263314], [119.26264578, 23.99409446], [119.24781678, 23.98601985], [119.23268587, 23.97841916], [119.21727146, 23.97130163], [119.20159233, 23.96467595], [119.18566760, 23.95855019], [119.16951666, 23.95293181], [119.15315920, 23.94782765], [119.13661513, 23.94324394], [119.11990461, 23.93918625], [119.10304801, 23.93565954], [119.08606587, 23.93266810], [119.06897886, 23.93021556], [119.05180782, 23.92830493], [119.03457365, 23.92693853], [119.01729736, 23.92611803], [119.00000000, 23.92584441], [118.96971912, 23.92584441], [118.11726255, 23.07338785], [118.10652895, 23.06299031], [118.09429601, 23.05190451], [118.08164359, 23.04121235], [118.06858712, 23.03092686], [118.05514249, 23.02106057], [118.04132610, 23.01162550], [118.02715477, 23.00263314], [118.01264578, 22.99409446], [117.99781678, 22.98601985], [117.98268587, 22.97841916], [117.96727146, 22.97130163], [117.95159233, 22.96467595], [117.93566760, 22.95855019], [117.91951666, 22.95293181], [117.90315920, 22.94782765], [117.88661513, 22.94324394], [117.86990461, 22.93918625], [117.85304801, 22.93565954], [117.83606587, 22.93266810], [117.81897886, 22.93021556], [117.80180782, 22.92830493], [117.78457365, 22.92693853], [117.76729736, 22.92611803], [117.75000000, 22.92584441], [117.71971912, 22.92584441], [117.11726255, 22.32338785], [117.10652895, 22.31299031], [117.09429601, 22.30190451], [117.08164359, 22.29121235], [117.06858712, 22.28092686], [117.05514249, 22.27106057], [117.04132610, 22.26162550], [117.02715477, 22.25263314], [117.01264578, 22.24409446], [116.99781678, 22.23601985], [116.98268587, 22.22841916], [116.96727146, 22.22130163], [116.95159233, 22.21467595], [116.93566760, 22.20855019], [116.91951666, 22.20293181], [116.90315920, 22.19782765], [116.88661513, 22.19324394], [116.86990461, 22.18918625], [116.85304801, 22.18565954], [116.83606587, 22.18266810], [116.81897886, 22.18021556], [116.80180782, 22.17830493], [116.78457365, 22.17693853], [116.76729736, 22.17611803], [116.75000000, 22.17584441], [116.21971912, 22.17584441], [116.11726255, 22.07338785], [116.10652895, 22.06299031], [116.09429601, 22.05190451], [116.08164359, 22.04121235], [116.06858712, 22.03092686], [116.05514249, 22.02106057], [116.04132610, 22.01162550], [116.02715477, 22.00263314], [116.01264578, 21.99409446], [115.99781678, 21.98601985], [115.98268587, 21.97841916], [115.96727146, 21.97130163], [115.95159233, 21.96467595], [115.93566760, 21.95855019], [115.91951666, 21.95293181], [115.90315920, 21.94782765], [115.88661513, 21.94324394], [115.86990461, 21.93918625], [115.85304801, 21.93565954], [115.83606587, 21.93266810], [115.81897886, 21.93021556], [115.80180782, 21.92830493], [115.78457365, 21.92693853], [115.76729736, 21.92611803], [115.75000000, 21.92584441], [114.75000000, 21.92584441], [114.73429050, 21.92607009], [114.71701140, 21.92684040], [114.69977249, 21.92815673], [114.68259477, 21.93001747], [114.66549918, 21.93242036], [114.64850654, 21.93536245], [114.63163755, 21.93884018], [114.61491277, 21.94284931], [114.59835257, 21.94738494], [114.58197713, 21.95244155], [114.56580641, 21.95801299], [114.54986009, 21.96409246], [114.53415761, 21.97067256], [114.51871810, 21.97774527], [114.50356038, 21.98530197], [114.48870290, 21.99333346], [114.47416378, 22.00182995], [114.45996071, 22.01078110], [114.44611102, 22.02017598], [114.43263157, 22.03000317], [114.41953878, 22.04025068], [114.40684861, 22.05090603], [114.39457651, 22.06195624], [114.38273745, 22.07338785], [114.25773745, 22.19838785], [114.24532266, 22.21128835], [114.23443542, 22.22347221], [114.22402402, 22.23599297], [114.21410115, 22.24883538], [114.20467890, 22.26198380], [114.19576874, 22.27542221], [114.18738153, 22.28913422], [114.17952750, 22.30310315], [114.17221621, 22.31731196], [114.16545656, 22.33174336], [114.15925679, 22.34637974], [114.15362447, 22.36120329], [114.14856644, 22.37619594], [114.14408887, 22.39133943], [114.14019721, 22.40661530], [114.13689622, 22.42200495], [114.13418990, 22.43748962], [114.13208156, 22.45305046], [114.13057377, 22.46866849], [114.12966836, 22.48432470], [114.12936643, 22.50000000], [114.12936643, 23.00000000], [114.12972635, 23.01711410], [114.13068714, 23.03276760], [114.13225017, 23.04838117], [114.13441354, 23.06393580], [114.13717461, 23.07941253], [114.14053002, 23.09479251], [114.14447569, 23.11005700], [114.14900680, 23.12518741], [114.15411784, 23.14016529], [114.15980257, 23.15497240], [114.16605407, 23.16959070], [114.17286473, 23.18400238], [114.18022625, 23.19818988], [114.18812965, 23.21213592], [114.19656531, 23.22582351], [114.20552296, 23.23923596], [114.21499167, 23.25235694], [114.22495992, 23.26517046], [114.23541555, 23.27766091], [114.24634583, 23.28981308], [114.25773745, 23.30161215], [114.38273745, 23.42661215], [114.39347105, 23.43700969], [114.40570399, 23.44809549], [114.41835641, 23.45878765], [114.43141288, 23.46907314], [114.44485751, 23.47893943], [114.45867390, 23.48837450], [114.47284523, 23.49736686], [114.48735422, 23.50590554], [114.50218322, 23.51398015], [114.51731413, 23.52158084], [114.53272854, 23.52869837], [114.54840767, 23.53532405], [114.56433240, 23.54144981], [114.58048334, 23.54706819], [114.59684080, 23.55217235], [114.61338487, 23.55675606], [114.63009539, 23.56081375], [114.64695199, 23.56434046], [114.66393413, 23.56733190], [114.68102114, 23.56978444], [114.69819218, 23.57169507], [114.71542635, 23.57306147], [114.73270264, 23.57388197], [114.75000000, 23.57415559], [114.78028088, 23.57415559], [114.88273745, 23.67661215], [114.89347105, 23.68700969], [114.90570399, 23.69809549], [114.91835641, 23.70878765], [114.93141288, 23.71907314], [114.94485751, 23.72893943], [114.95867390, 23.73837450], [114.97284523, 23.74736686], [114.98735422, 23.75590554], [115.00218322, 23.76398015], [115.01731413, 23.77158084], [115.03272854, 23.77869837], [115.04840767, 23.78532405], [115.06433240, 23.79144981], [115.08048334, 23.79706819], [115.09684080, 23.80217235], [115.11338487, 23.80675606], [115.13009539, 23.81081375], [115.14695199, 23.81434046], [115.16393413, 23.81733190], [115.18102114, 23.81978444], [115.19819218, 23.82169507], [115.21542635, 23.82306147], [115.23270264, 23.82388197], [115.25000000, 23.82415559], [115.38623676, 23.82415559], [115.38717461, 23.82941253], [115.39053002, 23.84479251], [115.39447569, 23.86005700], [115.39900680, 23.87518741], [115.40411784, 23.89016529], [115.40980257, 23.90497240], [115.41605407, 23.91959070], [115.42286473, 23.93400238], [115.43022625, 23.94818988], [115.43812965, 23.96213592], [115.44656531, 23.97582351], [115.45552296, 23.98923596], [115.46499167, 24.00235694], [115.47495992, 24.01517046], [115.48541555, 24.02766091], [115.49634583, 24.03981308], [115.50773745, 24.05161215], [115.63273745, 24.17661215], [115.64347105, 24.18700969], [115.65570399, 24.19809549], [115.66835641, 24.20878765], [115.68141288, 24.21907314], [115.69485751, 24.22893943], [115.70867390, 24.23837450], [115.72284523, 24.24736686], [115.73735422, 24.25590554], [115.75218322, 24.26398015], [115.76731413, 24.27158084], [115.78272854, 24.27869837], [115.79840767, 24.28532405], [115.81433240, 24.29144981], [115.83048334, 24.29706819], [115.84684080, 24.30217235], [115.86338487, 24.30675606], [115.88009539, 24.31081375], [115.89695199, 24.31434046], [115.91393413, 24.31733190], [115.93102114, 24.31978444], [115.94819218, 24.32169507], [115.96542635, 24.32306147], [115.98270264, 24.32388197], [116.00000000, 24.32415559], [116.03028088, 24.32415559], [116.13273745, 24.42661215], [116.14347105, 24.43700969], [116.15570399, 24.44809549], [116.16835641, 24.45878765], [116.18141288, 24.46907314], [116.19485751, 24.47893943], [116.20867390, 24.48837450], [116.22284523, 24.49736686], [116.23735422, 24.50590554], [116.25218322, 24.51398015], [116.26731413, 24.52158084], [116.28272854, 24.52869837], [116.29840767, 24.53532405], [116.31433240, 24.54144981], [116.33048334, 24.54706819], [116.34684080, 24.55217235], [116.36338487, 24.55675606], [116.38009539, 24.56081375], [116.39695199, 24.56434046], [116.41393413, 24.56733190], [116.43102114, 24.56978444], [116.44819218, 24.57169507], [116.46542635, 24.57306147], [116.48270264, 24.57388197], [116.50000000, 24.57415559], [116.62936643, 24.57415559], [116.62936643, 24.75000000], [116.62972635, 24.76711410], [116.63068714, 24.78276760], [116.63225017, 24.79838117], [116.63441354, 24.81393580], [116.63717461, 24.82941253], [116.64053002, 24.84479251], [116.64447569, 24.86005700], [116.64900680, 24.87518741], [116.65411784, 24.89016529], [116.65980257, 24.90497240], [116.66605407, 24.91959070], [116.67286473, 24.93400238], [116.68022625, 24.94818988], [116.68812965, 24.96213592], [116.69656531, 24.97582351], [116.70552296, 24.98923596], [116.71499167, 25.00235694], [116.72495992, 25.01517046], [116.73541555, 25.02766091], [116.74634583, 25.03981308], [116.75773745, 25.05161215], [116.88273745, 25.17661215], [116.89347105, 25.18700969], [116.90570399, 25.19809549], [116.91835641, 25.20878765], [116.93141288, 25.21907314], [116.94485751, 25.22893943], [116.95867390, 25.23837450], [116.97284523, 25.24736686], [116.98735422, 25.25590554], [117.00218322, 25.26398015], [117.01731413, 25.27158084], [117.03272854, 25.27869837], [117.04840767, 25.28532405], [117.06433240, 25.29144981], [117.08048334, 25.29706819], [117.09684080, 25.30217235], [117.11338487, 25.30675606], [117.13009539, 25.31081375], [117.14695199, 25.31434046], [117.16393413, 25.31733190], [117.18102114, 25.31978444], [117.19819218, 25.32169507], [117.21542635, 25.32306147], [117.23270264, 25.32388197], [117.25000000, 25.32415559], [117.63623676, 25.32415559], [117.63717461, 25.32941253], [117.64053002, 25.34479251], [117.64447569, 25.36005700], [117.64900680, 25.37518741], [117.65411784, 25.39016529], [117.65980257, 25.40497240], [117.66605407, 25.41959070], [117.67286473, 25.43400238], [117.68022625, 25.44818988], [117.68812965, 25.46213592], [117.69656531, 25.47582351], [117.70552296, 25.48923596], [117.71499167, 25.50235694], [117.72495992, 25.51517046], [117.73541555, 25.52766091], [117.74634583, 25.53981308], [117.75773745, 25.55161215], [117.88273745, 25.67661215], [117.89347105, 25.68700969], [117.90570399, 25.69809549], [117.91835641, 25.70878765], [117.93141288, 25.71907314], [117.94485751, 25.72893943], [117.95867390, 25.73837450], [117.97284523, 25.74736686], [117.98735422, 25.75590554], [118.00218322, 25.76398015], [118.01731413, 25.77158084], [118.03272854, 25.77869837], [118.04840767, 25.78532405], [118.06433240, 25.79144981], [118.08048334, 25.79706819], [118.09684080, 25.80217235], [118.11338487, 25.80675606], [118.13009539, 25.81081375], [118.14695199, 25.81434046], [118.16393413, 25.81733190], [118.17168572, 25.81844451], [118.16545656, 25.83174336], [118.15925679, 25.84637974], [118.15362447, 25.86120329], [118.14856644, 25.87619594], [118.14408887, 25.89133943], [118.14019721, 25.90661530], [118.13689622, 25.92200495], [118.13418990, 25.93748962], [118.13208156, 25.95305046], [118.13057377, 25.96866849], [118.12966836, 25.98432470], [118.12936643, 26.00000000], [118.12936643, 26.50000000], [118.12972635, 26.51711410], [118.13068714, 26.53276760], [118.13225017, 26.54838117], [118.13441354, 26.56393580], [118.13717461, 26.57941253], [118.14053002, 26.59479251], [118.14447569, 26.61005700], [118.14900680, 26.62518741], [118.15411784, 26.64016529], [118.15980257, 26.65497240], [118.16605407, 26.66959070], [118.17286473, 26.68400238], [118.18022625, 26.69818988], [118.18812965, 26.71213592], [118.19656531, 26.72582351], [118.20552296, 26.73923596], [118.21499167, 26.75235694], [118.22495992, 26.76517046], [118.23541555, 26.77766091], [118.24634583, 26.78981308], [118.25773745, 26.80161215], [118.38273745, 26.92661215], [118.39347105, 26.93700969], [118.40570399, 26.94809549], [118.41835641, 26.95878765], [118.43141288, 26.96907314], [118.44485751, 26.97893943], [118.45867390, 26.98837450], [118.47284523, 26.99736686], [118.48735422, 27.00590554], [118.50218322, 27.01398015], [118.51731413, 27.02158084], [118.53272854, 27.02869837], [118.54840767, 27.03532405], [118.56433240, 27.04144981], [118.58048334, 27.04706819], [118.59684080, 27.05217235], [118.61338487, 27.05675606], [118.63009539, 27.06081375], [118.64695199, 27.06434046], [118.66393413, 27.06733190], [118.68102114, 27.06978444], [118.69819218, 27.07169507], [118.71542635, 27.07306147], [118.73270264, 27.07388197], [118.75000000, 27.07415559], [118.87936643, 27.07415559], [118.87936643, 27.25000000], [118.87972635, 27.26711410], [118.88068714, 27.28276760], [118.88225017, 27.29838117], [118.88441354, 27.31393580], [118.88717461, 27.32941253], [118.89053002, 27.34479251], [118.89447569, 27.36005700], [118.89900680, 27.37518741], [118.90411784, 27.39016529], [118.90980257, 27.40497240], [118.91605407, 27.41959070], [118.92286473, 27.43400238], [118.93022625, 27.44818988], [118.93812965, 27.46213592], [118.94656531, 27.47582351], [118.95552296, 27.48923596], [118.96499167, 27.50235694], [118.97495992, 27.51517046], [118.98541555, 27.52766091], [118.99634583, 27.53981308], [119.00773745, 27.55161215], [119.13273745, 27.67661215], [119.14347105, 27.68700969], [119.15570399, 27.69809549], [119.16835641, 27.70878765], [119.18141288, 27.71907314], [119.19485751, 27.72893943], [119.20867390, 27.73837450], [119.22284523, 27.74736686], [119.23735422, 27.75590554], [119.25218322, 27.76398015], [119.26731413, 27.77158084], [119.28272854, 27.77869837], [119.29840767, 27.78532405], [119.31433240, 27.79144981], [119.33048334, 27.79706819], [119.34684080, 27.80217235], [119.36338487, 27.80675606], [119.38009539, 27.81081375], [119.39695199, 27.81434046], [119.41393413, 27.81733190], [119.42168572, 27.81844451], [119.41545656, 27.83174336], [119.40925679, 27.84637974], [119.40362447, 27.86120329], [119.39856644, 27.87619594], [119.39408887, 27.89133943], [119.39019721, 27.90661530], [119.38689622, 27.92200495], [119.38418990, 27.93748962], [119.38208156, 27.95305046], [119.38057377, 27.96866849], [119.37966836, 27.98432470], [119.37936643, 28.00000000], [119.37936643, 28.25000000], [119.37972635, 28.26711410], [119.38068714, 28.28276760], [119.38225017, 28.29838117], [119.38441354, 28.31393580], [119.38717461, 28.32941253], [119.39053002, 28.34479251], [119.39447569, 28.36005700], [119.39900680, 28.37518741], [119.40411784, 28.39016529], [119.40980257, 28.40497240], [119.41605407, 28.41959070], [119.42286473, 28.43400238], [119.43022625, 28.44818988], [119.43812965, 28.46213592], [119.44656531, 28.47582351], [119.45552296, 28.48923596], [119.46499167, 28.50235694], [119.47495992, 28.51517046], [119.48541555, 28.52766091], [119.49634583, 28.53981308], [119.50773745, 28.55161215], [119.63273745, 28.67661215], [119.64347105, 28.68700969], [119.65570399, 28.69809549], [119.66835641, 28.70878765], [119.68141288, 28.71907314], [119.69485751, 28.72893943], [119.70867390, 28.73837450], [119.72284523, 28.74736686], [119.73735422, 28.75590554], [119.75218322, 28.76398015], [119.76731413, 28.77158084], [119.78272854, 28.77869837], [119.79840767, 28.78532405], [119.81433240, 28.79144981], [119.83048334, 28.79706819], [119.84684080, 28.80217235], [119.86338487, 28.80675606], [119.88009539, 28.81081375], [119.89695199, 28.81434046], [119.91393413, 28.81733190], [119.93102114, 28.81978444], [119.94819218, 28.82169507], [119.96542635, 28.82306147], [119.98270264, 28.82388197], [120.00000000, 28.82415559], [120.12936643, 28.82415559], [120.12936643, 29.00000000], [120.12972635, 29.01711410], [120.13068714, 29.03276760], [120.13225017, 29.04838117], [120.13441354, 29.06393580], [120.13717461, 29.07941253], [120.14053002, 29.09479251], [120.14447569, 29.11005700], [120.14900680, 29.12518741], [120.15411784, 29.14016529], [120.15980257, 29.15497240], [120.16605407, 29.16959070], [120.17286473, 29.18400238], [120.18022625, 29.19818988], [120.18812965, 29.21213592], [120.19656531, 29.22582351], [120.20552296, 29.23923596], [120.21499167, 29.25235694], [120.22495992, 29.26517046], [120.23541555, 29.27766091], [120.24634583, 29.28981308], [120.25773745, 29.30161215], [120.38273745, 29.42661215], [120.39347105, 29.43700969], [120.40570399, 29.44809549], [120.41835641, 29.45878765], [120.43141288, 29.46907314], [120.44485751, 29.47893943], [120.45867390, 29.48837450], [120.47284523, 29.49736686], [120.48735422, 29.50590554], [120.50218322, 29.51398015], [120.51731413, 29.52158084], [120.53272854, 29.52869837], [120.54840767, 29.53532405], [120.56433240, 29.54144981], [120.58048334, 29.54706819], [120.59684080, 29.55217235], [120.61338487, 29.55675606], [120.63009539, 29.56081375], [120.64695199, 29.56434046], [120.66393413, 29.56733190], [120.68102114, 29.56978444], [120.69819218, 29.57169507], [120.71542635, 29.57306147], [120.73270264, 29.57388197], [120.75000000, 29.57415559], [121.50000000, 29.57415559], [121.51570950, 29.57392991], [121.53298860, 29.57315960], [121.55022751, 29.57184327], [121.56740523, 29.56998253], [121.58450082, 29.56757964], [121.60149346, 29.56463755], [121.61836245, 29.56115982], [121.63508723, 29.55715069], [121.65164743, 29.55261506], [121.66802286, 29.54755845], [121.68419359, 29.54198701], [121.70013991, 29.53590754], [121.71584239, 29.52932744], [121.73128190, 29.52225473], [121.74643962, 29.51469803], [121.76129710, 29.50666654], [121.77583622, 29.49817005], [121.79003929, 29.48921890], [121.80388898, 29.47982402], [121.81736843, 29.46999683], [121.83046122, 29.45974932], [121.84315139, 29.44909397], [121.85542349, 29.43804376], [121.86726255, 29.42661215], [122.49226255, 28.80161215], [122.50467734, 28.78871165], [122.51556458, 28.77652779], [122.52597598, 28.76400703], [122.53589885, 28.75116462], [122.54532110, 28.73801620], [122.55423126, 28.72457779], [122.56261847, 28.71086578], [122.57047250, 28.69689685], [122.57778379, 28.68268804], [122.58454344, 28.66825664], [122.59074321, 28.65362026], [122.59637553, 28.63879671], [122.60143356, 28.62380406], [122.60591113, 28.60866057], [122.60980279, 28.59338470], [122.61310378, 28.57799505], [122.61581010, 28.56251038], [122.61791844, 28.54694954], [122.61942623, 28.53133151], [122.62033164, 28.51567530], [122.62063357, 28.50000000], [122.62063357, 28.25000000], [122.62027365, 28.23288590], [122.61931286, 28.21723240], [122.61774983, 28.20161883], [122.61558646, 28.18606420], [122.61282539, 28.17058747], [122.60946998, 28.15520749], [122.60552431, 28.13994300], [122.60099320, 28.12481259], [122.59588216, 28.10983471], [122.59019743, 28.09502760], [122.58394593, 28.08040930], [122.57713527, 28.06599762], [122.56977375, 28.05181012], [122.56187035, 28.03786408], [122.55343469, 28.02417649], [122.54447704, 28.01076404], [122.53500833, 27.99764306], [122.52504008, 27.98482954], [122.51458445, 27.97233909], [122.50365417, 27.96018692], [122.49226255, 27.94838785], [122.11726255, 27.57338785], [122.10652895, 27.56299031], [122.09429601, 27.55190451], [122.08164359, 27.54121235], [122.06858712, 27.53092686], [122.05514249, 27.52106057], [122.04132610, 27.51162550], [122.02715477, 27.50263314], [122.01264578, 27.49409446], [121.99781678, 27.48601985], [121.98268587, 27.47841916], [121.96727146, 27.47130163], [121.95159233, 27.46467595], [121.93566760, 27.45855019], [121.91951666, 27.45293181], [121.90315920, 27.44782765], [121.88661513, 27.44324394], [121.87063357, 27.43936326], [121.87063357, 27.25000000], [121.87027365, 27.23288590], [121.86931286, 27.21723240], [121.86774983, 27.20161883], [121.86558646, 27.18606420], [121.86282539, 27.17058747], [121.85946998, 27.15520749], [121.85552431, 27.13994300], [121.85099320, 27.12481259], [121.84588216, 27.10983471], [121.84019743, 27.09502760], [121.83394593, 27.08040930], [121.82713527, 27.06599762], [121.81977375, 27.05181012], [121.81187035, 27.03786408], [121.80343469, 27.02417649], [121.79447704, 27.01076404], [121.78500833, 26.99764306], [121.77504008, 26.98482954], [121.76458445, 26.97233909], [121.75365417, 26.96018692], [121.74226255, 26.94838785], [121.61726255, 26.82338785], [121.60652895, 26.81299031], [121.59429601, 26.80190451], [121.58164359, 26.79121235], [121.56858712, 26.78092686], [121.55514249, 26.77106057], [121.54132610, 26.76162550], [121.52715477, 26.75263314], [121.51264578, 26.74409446], [121.49781678, 26.73601985], [121.48268587, 26.72841916], [121.46727146, 26.72130163], [121.45159233, 26.71467595], [121.43566760, 26.70855019], [121.41951666, 26.70293181], [121.40315920, 26.69782765], [121.38661513, 26.69324394], [121.36990461, 26.68918625], [121.35304801, 26.68565954], [121.33606587, 26.68266810], [121.31897886, 26.68021556], [121.30180782, 26.67830493], [121.28457365, 26.67693853], [121.26729736, 26.67611803], [121.25000000, 26.67584441], [121.21971912, 26.67584441], [120.87063357, 26.32675886], [120.87063357, 26.00000000], [120.87027365, 25.98288590], [120.86931286, 25.96723240], [120.86774983, 25.95161883], [120.86558646, 25.93606420], [120.86282539, 25.92058747], [120.85946998, 25.90520749], [120.85882062, 25.90269532], [120.88273745, 25.92661215], [120.89347105, 25.93700969], [120.90570399, 25.94809549], [120.91835641, 25.95878765], [120.93141288, 25.96907314], [120.94485751, 25.97893943], [120.95867390, 25.98837450], [120.97284523, 25.99736686], [120.98735422, 26.00590554], [121.00218322, 26.01398015], [121.01731413, 26.02158084], [121.03272854, 26.02869837], [121.04840767, 26.03532405], [121.06433240, 26.04144981], [121.08048334, 26.04706819], [121.09684080, 26.05217235], [121.11338487, 26.05675606], [121.13009539, 26.06081375], [121.14695199, 26.06434046], [121.16393413, 26.06733190], [121.18102114, 26.06978444], [121.19819218, 26.07169507], [121.21542635, 26.07306147], [121.23270264, 26.07388197], [121.25000000, 26.07415559], [121.75000000, 26.07415559], [121.76570950, 26.07392991], [121.78298860, 26.07315960], [121.80022751, 26.07184327], [121.81740523, 26.06998253], [121.83450082, 26.06757964], [121.85149346, 26.06463755], [121.86836245, 26.06115982], [121.88508723, 26.05715069], [121.90164743, 26.05261506], [121.91802286, 26.04755845], [121.93419359, 26.04198701], [121.95013991, 26.03590754], [121.96584239, 26.02932744], [121.98128190, 26.02225473], [121.99643962, 26.01469803], [122.01129710, 26.00666654], [122.02583622, 25.99817005], [122.04003929, 25.98921890], [122.05388898, 25.97982402], [122.06736843, 25.96999683], [122.08046122, 25.95974932], [122.09315139, 25.94909397], [122.10542349, 25.93804376], [122.11726255, 25.92661215], [122.49226255, 25.55161215], [122.50467734, 25.53871165], [122.51556458, 25.52652779], [122.52597598, 25.51400703], [122.53589885, 25.50116462], [122.54532110, 25.48801620], [122.55423126, 25.47457779], [122.56261847, 25.46086578], [122.57047250, 25.44689685], [122.57778379, 25.43268804], [122.58454344, 25.41825664], [122.59074321, 25.40362026], [122.59637553, 25.38879671], [122.60143356, 25.37380406], [122.60591113, 25.35866057], [122.60980279, 25.34338470], [122.61310378, 25.32799505], [122.61581010, 25.31251038], [122.61791844, 25.29694954], [122.61942623, 25.28133151], [122.62033164, 25.26567530], [122.62063357, 25.25000000], [122.62063357, 24.25000000], [122.62027365, 24.23288590], [122.61931286, 24.21723240], [122.61774983, 24.20161883], [122.61558646, 24.18606420], [122.61282539, 24.17058747], [122.60946998, 24.15520749], [122.60552431, 24.13994300], [122.60099320, 24.12481259], [122.59588216, 24.10983471], [122.59019743, 24.09502760], [122.58394593, 24.08040930], [122.57713527, 24.06599762], [122.56977375, 24.05181012], [122.56187035, 24.03786408], [122.55343469, 24.02417649], [122.54447704, 24.01076404], [122.53500833, 23.99764306], [122.52504008, 23.98482954], [122.51458445, 23.97233909], [122.50365417, 23.96018692], [122.49226255, 23.94838785], [122.36726255, 23.82338785], [122.35652895, 23.81299031], [122.34429601, 23.80190451], [122.33164359, 23.79121235], [122.31858712, 23.78092686], [122.30514249, 23.77106057], [122.29132610, 23.76162550], [122.27715477, 23.75263314], [122.26264578, 23.74409446], [122.24781678, 23.73601985], [122.23268587, 23.72841916], [122.21727146, 23.72130163], [122.20159233, 23.71467595], [122.18566760, 23.70855019], [122.16951666, 23.70293181], [122.15315920, 23.69782765], [122.13661513, 23.69324394], [122.11990461, 23.68918625], [122.10304801, 23.68565954], [122.08606587, 23.68266810], [122.06897886, 23.68021556], [122.05180782, 23.67830493], [122.03457365, 23.67693853], [122.01729736, 23.67611803], [122.00000000, 23.67584441], [121.75000000, 23.67584441], [121.73429050, 23.67607009], [121.71701140, 23.67684040], [121.69977249, 23.67815673], [121.68259477, 23.68001747], [121.66549918, 23.68242036], [121.64850654, 23.68536245], [121.63163755, 23.68884018], [121.61491277, 23.69284931], [121.59835257, 23.69738494], [121.58197713, 23.70244155], [121.56580641, 23.70801299], [121.54986009, 23.71409246], [121.53415761, 23.72067256], [121.51871810, 23.72774527], [121.50356038, 23.73530197], [121.48870290, 23.74333346], [121.47416378, 23.75182995], [121.45996071, 23.76078110], [121.44611102, 23.77017598], [121.43263157, 23.78000317], [121.41953878, 23.79025068], [121.40684861, 23.80090603], [121.39457651, 23.81195624], [121.38273745, 23.82338785], [121.34598607, 23.86013922], [121.34588216, 23.85983471], [121.34019743, 23.84502760], [121.33394593, 23.83040930], [121.32713527, 23.81599762], [121.31977375, 23.80181012], [121.31187035, 23.78786408], [121.30343469, 23.77417649], [121.29447704, 23.76076404], [121.28500833, 23.74764306], [121.27504008, 23.73482954], [121.26458445, 23.72233909], [121.25365417, 23.71018692], [121.24226255, 23.69838785], [121.12063357, 23.57675886], [121.12063357, 23.17324114], [121.24226255, 23.05161215], [121.25467734, 23.03871165], [121.26556458, 23.02652779], [121.27597598, 23.01400703], [121.28589885, 23.00116462], [121.29532110, 22.98801620], [121.30423126, 22.97457779], [121.31261847, 22.96086578], [121.32047250, 22.94689685], [121.32778379, 22.93268804], [121.33454344, 22.91825664], [121.34074321, 22.90362026], [121.34637553, 22.88879671], [121.35143356, 22.87380406], [121.35591113, 22.85866057], [121.35980279, 22.84338470], [121.36310378, 22.82799505], [121.36581010, 22.81251038], [121.36791844, 22.79694954], [121.36942623, 22.78133151], [121.37033164, 22.76567530], [121.37063357, 22.75000000], [121.37063357, 22.42324114], [121.49226255, 22.30161215], [121.50467734, 22.28871165], [121.51556458, 22.27652779], [121.52597598, 22.26400703], [121.53589885, 22.25116462], [121.54532110, 22.23801620], [121.55423126, 22.22457779], [121.56261847, 22.21086578], [121.57047250, 22.19689685], [121.57778379, 22.18268804], [121.58454344, 22.16825664], [121.59074321, 22.15362026], [121.59637553, 22.13879671], [121.60143356, 22.12380406], [121.60591113, 22.10866057], [121.60980279, 22.09338470], [121.61310378, 22.07799505], [121.61581010, 22.06251038], [121.61791844, 22.04694954], [121.61942623, 22.03133151], [121.62033164, 22.01567530], [121.62063357, 22.00000000], [121.62063357, 21.75000000], [121.62027365, 21.73288590], [121.61931286, 21.71723240], [121.61774983, 21.70161883], [121.61558646, 21.68606420], [121.61282539, 21.67058747], [121.60946998, 21.65520749], [121.60552431, 21.63994300], [121.60099320, 21.62481259], [121.59588216, 21.60983471], [121.59019743, 21.59502760], [121.58394593, 21.58040930], [121.57713527, 21.56599762], [121.56977375, 21.55181012], [121.56187035, 21.53786408], [121.55343469, 21.52417649], [121.54447704, 21.51076404], [121.53500833, 21.49764306], [121.52504008, 21.48482954], [121.51458445, 21.47233909], [121.50365417, 21.46018692], [121.49226255, 21.44838785], [121.36726255, 21.32338785], [121.35652895, 21.31299031], [121.34429601, 21.30190451], [121.33164359, 21.29121235], [121.31858712, 21.28092686], [121.30514249, 21.27106057], [121.29132610, 21.26162550], [121.27715477, 21.25263314], [121.26264578, 21.24409446], [121.24781678, 21.23601985], [121.23268587, 21.22841916], [121.21727146, 21.22130163], [121.20159233, 21.21467595], [121.18566760, 21.20855019], [121.16951666, 21.20293181], [121.15315920, 21.19782765], [121.13661513, 21.19324394], [121.11990461, 21.18918625], [121.10304801, 21.18565954], [121.08606587, 21.18266810], [121.06897886, 21.18021556], [121.05180782, 21.17830493], [121.03457365, 21.17693853], [121.01729736, 21.17611803], [121.00000000, 21.17584441]]]}
    },
    {
      "type": "Feature",
      "properties": {"block_id": "ADC_WNP_07", "basin_id": "BASIN_WNP", "basin_label": "Western North Pacific and East Asia", "domain_count": 1, "grid_cell_count": 150, "outer_area_km2": 5653577.622425, "shelf_width_km": 250.000000, "outer_buffer_km": 430.000000, "shelf_add_area_km2": 0.000000, "shelf_add_cell_count": 0, "shelf_add_component_count": 0, "bay_add_area_km2": 2198989.241846, "bay_add_cell_count": 3002, "bay_add_core_cell_count": 3002, "bay_add_component_count": 9, "open_ocean_area_risk": 0},
      "geometry": {"type": "Polygon", "coordinates": [[[122.00000000, 27.92584441], [121.75000000, 27.92584441], [121.73609100, 27.92600137], [121.71774289, 27.92668926], [121.69943408, 27.92792334], [121.68118688, 27.92970212], [121.66302351, 27.93202343], [121.64496611, 27.93488443], [121.62703668, 27.93828165], [121.60925706, 27.94221094], [121.59164891, 27.94666752], [121.57423370, 27.95164595], [121.55703262, 27.95714018], [121.54006665, 27.96314350], [121.52335644, 27.96964861], [121.50692237, 27.97664758], [121.49078445, 27.98413188], [121.47496235, 27.99209239], [121.45947533, 28.00051941], [121.44434228, 28.00940268], [121.42958162, 28.01873138], [121.41521134, 28.02849413], [121.40124895, 28.03867905], [121.38771146, 28.04927372], [121.37461537, 28.06026524], [121.36197662, 28.07164022], [121.34981062, 28.08338479], [120.72481062, 28.70838479], [120.71037389, 28.72347221], [120.69932108, 28.73599297], [120.68878689, 28.74883538], [120.67878416, 28.76198380], [120.66932507, 28.77542221], [120.66042116, 28.78913422], [120.65208326, 28.80310315], [120.64432154, 28.81731196], [120.63714545, 28.83174336], [120.63056373, 28.84637974], [120.62458441, 28.86120329], [120.61921477, 28.87619594], [120.61446136, 28.89133943], [120.61032995, 28.90661530], [120.60682559, 28.92200495], [120.60611321, 28.92584441], [119.50000000, 28.92584441], [119.48609100, 28.92600137], [119.46774289, 28.92668926], [119.44943408, 28.92792334], [119.43118688, 28.92970212], [119.41302351, 28.93202343], [119.39496611, 28.93488443], [119.37703668, 28.93828165], [119.35925706, 28.94221094], [119.34164892, 28.94666752], [119.32423370, 28.95164595], [119.30703262, 28.95714018], [119.29006665, 28.96314350], [119.27335644, 28.96964861], [119.25692237, 28.97664758], [119.24078445, 28.98413188], [119.22496235, 28.99209239], [119.20947533, 29.00051941], [119.19434228, 29.00940268], [119.17958162, 29.01873138], [119.16521134, 29.02849413], [119.15124895, 29.03867905], [119.13771146, 29.04927372], [119.12461537, 29.06026524], [119.11197662, 29.07164022], [119.09981062, 29.08338479], [118.97481062, 29.20838479], [118.96037389, 29.22347221], [118.94932108, 29.23599297], [118.93878689, 29.24883538], [118.92878416, 29.26198380], [118.91932507, 29.27542221], [118.91042116, 29.28913422], [118.90208326, 29.30310315], [118.89432154, 29.31731196], [118.88714545, 29.33174336], [118.88056373, 29.34637974], [118.87458441, 29.36120329], [118.86921477, 29.37619594], [118.86446136, 29.39133943], [118.86032995, 29.40661530], [118.85682559, 29.42200495], [118.85395255, 29.43748962], [118.85171432, 29.45305046], [118.85011363, 29.46866849], [118.84915244, 29.48432470], [118.84883192, 29.50000000], [118.84883192, 30.00000000], [118.84932681, 30.01947627], [118.85044330, 30.03512497], [118.85219887, 30.05073087], [118.85459140, 30.06627496], [118.85761796, 30.08173831], [118.86127487, 30.09710207], [118.86555768, 30.11234753], [118.87046117, 30.12745611], [118.87597936, 30.14240941], [118.88210553, 30.15718920], [118.88883221, 30.17177748], [118.89546362, 30.18480561], [118.89496611, 30.18488443], [118.87703668, 30.18828165], [118.85925706, 30.19221094], [118.84164892, 30.19666752], [118.82423370, 30.20164595], [118.80703262, 30.20714018], [118.79006665, 30.21314350], [118.77335644, 30.21964861], [118.75692237, 30.22664758], [118.74078445, 30.23413188], [118.72496235, 30.24209239], [118.70947533, 30.25051941], [118.69434228, 30.25940268], [118.67958162, 30.26873138], [118.66521134, 30.27849413], [118.65124895, 30.28867905], [118.63771146, 30.29927372], [118.62461537, 30.31026524], [118.61197662, 30.32164022], [118.59981062, 30.33338479], [118.47481062, 30.45838479], [118.46037389, 30.47347221], [118.44932108, 30.48599297], [118.43878689, 30.49883538], [118.42878416, 30.51198380], [118.41932507, 30.52542221], [118.41042116, 30.53913422], [118.40208326, 30.55310315], [118.39432154, 30.56731196], [118.38714545, 30.58174336], [118.38056373, 30.59637974], [118.37458441, 30.61120329], [118.36921477, 30.62619594], [118.36446136, 30.64133943], [118.36032995, 30.65661530], [118.35682559, 30.67200495], [118.35395255, 30.68748962], [118.35171432, 30.70305046], [118.35011363, 30.71866849], [118.34915244, 30.73432470], [118.34883192, 30.75000000], [118.34883192, 32.25000000], [118.34932681, 32.26947627], [118.35044330, 32.28512497], [118.35219887, 32.30073087], [118.35459140, 32.31627496], [118.35761796, 32.33173831], [118.36127487, 32.34710207], [118.36555768, 32.36234753], [118.37046117, 32.37745611], [118.37597936, 32.39240941], [118.38210553, 32.40718920], [118.38883221, 32.42177748], [118.39615122, 32.43615647], [118.40405363, 32.45030867], [118.41252981, 32.46421681], [118.42156944, 32.47786397], [118.43116151, 32.49123351], [118.44129433, 32.50430914], [118.45195555, 32.51707494], [118.46313218, 32.52951535], [118.47481062, 32.54161521], [119.09981062, 33.16661521], [119.10898091, 33.17554375], [119.12150635, 33.18700969], [119.13449294, 33.19809549], [119.14792483, 33.20878765], [119.16178567, 33.21907314], [119.17605858, 33.22893943], [119.19072616, 33.23837450], [119.20577054, 33.24736686], [119.22117340, 33.25590554], [119.23691596, 33.26398015], [119.25297905, 33.27158084], [119.26934309, 33.27869837], [119.28598816, 33.28532405], [119.30289397, 33.29144981], [119.32003992, 33.29706819], [119.33740512, 33.30217235], [119.35496842, 33.30675606], [119.37270842, 33.31081375], [119.39060350, 33.31434046], [119.40863187, 33.31733190], [119.42677156, 33.31978444], [119.44500046, 33.32169507], [119.46329637, 33.32306147], [119.48163700, 33.32388197], [119.50000000, 33.32415559], [121.25000000, 33.32415559], [121.26390900, 33.32399863], [121.28225711, 33.32331074], [121.30056592, 33.32207666], [121.31881312, 33.32029788], [121.33697649, 33.31797657], [121.35503389, 33.31511557], [121.37296332, 33.31171835], [121.39074294, 33.30778906], [121.40835108, 33.30333248], [121.42576630, 33.29835405], [121.44296738, 33.29285982], [121.45993335, 33.28685650], [121.47664356, 33.28035139], [121.49307763, 33.27335242], [121.50921555, 33.26586812], [121.52503765, 33.25790761], [121.54052467, 33.24948059], [121.55565772, 33.24059732], [121.57041838, 33.23126862], [121.58478866, 33.22150587], [121.59875105, 33.21132095], [121.61228854, 33.20072628], [121.62538463, 33.18973476], [121.63802338, 33.17835978], [121.65018938, 33.16661521], [122.52518938, 32.29161521], [122.53962611, 32.27652779], [122.55067892, 32.26400703], [122.56121311, 32.25116462], [122.57121584, 32.23801620], [122.58067493, 32.22457779], [122.58957884, 32.21086578], [122.59791674, 32.19689685], [122.60567846, 32.18268804], [122.61285455, 32.16825664], [122.61943627, 32.15362026], [122.62541559, 32.13879671], [122.63078523, 32.12380406], [122.63553864, 32.10866057], [122.63967005, 32.09338470], [122.64317441, 32.07799505], [122.64604745, 32.06251038], [122.64828568, 32.04694954], [122.64988637, 32.03133151], [122.65084756, 32.01567530], [122.65116808, 32.00000000], [122.65116808, 31.57415559], [122.75000000, 31.57415559], [122.76390900, 31.57399863], [122.78225711, 31.57331074], [122.80056592, 31.57207666], [122.81881312, 31.57029788], [122.83697649, 31.56797657], [122.85503389, 31.56511557], [122.87296332, 31.56171835], [122.89074294, 31.55778906], [122.90835109, 31.55333248], [122.92576630, 31.54835405], [122.94296738, 31.54285982], [122.95993335, 31.53685650], [122.97664356, 31.53035139], [122.99307763, 31.52335242], [123.00921555, 31.51586812], [123.02503765, 31.50790761], [123.04052467, 31.49948059], [123.05565772, 31.49059732], [123.07041838, 31.48126862], [123.08478866, 31.47150587], [123.09875105, 31.46132095], [123.11228854, 31.45072628], [123.12538463, 31.43973476], [123.13802338, 31.42835978], [123.15018938, 31.41661521], [123.52518938, 31.04161521], [123.53962611, 31.02652779], [123.55067892, 31.01400703], [123.56121311, 31.00116462], [123.57121584, 30.98801620], [123.58067493, 30.97457779], [123.58957884, 30.96086578], [123.59791674, 30.94689685], [123.60567846, 30.93268804], [123.61285455, 30.91825664], [123.61943627, 30.90362026], [123.62541559, 30.88879671], [123.63078523, 30.87380406], [123.63553864, 30.85866057], [123.63967005, 30.84338470], [123.64317441, 30.82799505], [123.64604745, 30.81251038], [123.64828568, 30.79694954], [123.64988637, 30.78133151], [123.65084756, 30.76567530], [123.65116808, 30.75000000], [123.65116808, 30.50000000], [123.65067319, 30.48052373], [123.64955670, 30.46487503], [123.64780113, 30.44926913], [123.64540860, 30.43372504], [123.64238204, 30.41826169], [123.63872513, 30.40289793], [123.63444232, 30.38765247], [123.62953883, 30.37254389], [123.62402064, 30.35759059], [123.61789447, 30.34281080], [123.61116779, 30.32822252], [123.60384878, 30.31384353], [123.59594637, 30.29969133], [123.58747019, 30.28578319], [123.57843056, 30.27213603], [123.56883849, 30.25876649], [123.55870567, 30.24569086], [123.54804445, 30.23292506], [123.53686782, 30.22048465], [123.52518938, 30.20838479], [123.40018938, 30.08338479], [123.39101909, 30.07445625], [123.37849365, 30.06299031], [123.36550706, 30.05190451], [123.35207517, 30.04121235], [123.33821433, 30.03092686], [123.32394142, 30.02106057], [123.30927384, 30.01162550], [123.29422946, 30.00263314], [123.27882660, 29.99409446], [123.26308404, 29.98601985], [123.24702095, 29.97841916], [123.23065691, 29.97130163], [123.21401184, 29.96467595], [123.19710603, 29.95855019], [123.17996008, 29.95293181], [123.16259488, 29.94782765], [123.15116808, 29.94484546], [123.15116808, 29.75000000], [123.15067319, 29.73052373], [123.14955670, 29.71487503], [123.14780113, 29.69926913], [123.14540860, 29.68372504], [123.14238204, 29.66826169], [123.13872513, 29.65289793], [123.13444232, 29.63765247], [123.12953883, 29.62254389], [123.12402064, 29.60759059], [123.11789447, 29.59281080], [123.11116779, 29.57822252], [123.10384878, 29.56384353], [123.09594637, 29.54969133], [123.08747019, 29.53578319], [123.07843056, 29.52213603], [123.06883849, 29.50876649], [123.05870567, 29.49569086], [123.04804445, 29.48292506], [123.03686782, 29.47048465], [123.02518938, 29.45838479], [122.90116808, 29.33436349], [122.90116808, 29.00000000], [122.90067319, 28.98052373], [122.89955670, 28.96487503], [122.89780113, 28.94926913], [122.89540860, 28.93372504], [122.89238204, 28.91826169], [122.88872513, 28.90289793], [122.88444232, 28.88765247], [122.87953883, 28.87254389], [122.87402064, 28.85759059], [122.86789447, 28.84281080], [122.86116779, 28.82822252], [122.85384878, 28.81384353], [122.84594637, 28.79969133], [122.83747019, 28.78578319], [122.82843056, 28.77213603], [122.81883849, 28.75876649], [122.80870567, 28.74569086], [122.79804445, 28.73292506], [122.78686782, 28.72048465], [122.77518938, 28.70838479], [122.65116808, 28.58436349], [122.65116808, 28.50000000], [122.65067319, 28.48052373], [122.64955670, 28.46487503], [122.64780113, 28.44926913], [122.64540860, 28.43372504], [122.64238204, 28.41826169], [122.63872513, 28.40289793], [122.63444232, 28.38765247], [122.62953883, 28.37254389], [122.62402064, 28.35759059], [122.61789447, 28.34281080], [122.61116779, 28.32822252], [122.60384878, 28.31384353], [122.59594637, 28.29969133], [122.58747019, 28.28578319], [122.57843056, 28.27213603], [122.56883849, 28.25876649], [122.55870567, 28.24569086], [122.54804445, 28.23292506], [122.53686782, 28.22048465], [122.52518938, 28.20838479], [122.40018938, 28.08338479], [122.39101909, 28.07445625], [122.37849365, 28.06299031], [122.36550706, 28.05190451], [122.35207517, 28.04121235], [122.33821433, 28.03092686], [122.32394142, 28.02106057], [122.30927384, 28.01162550], [122.29422946, 28.00263314], [122.27882660, 27.99409446], [122.26308404, 27.98601985], [122.24702095, 27.97841916], [122.23065691, 27.97130163], [122.21401184, 27.96467595], [122.19710603, 27.95855019], [122.17996008, 27.95293181], [122.16259488, 27.94782765], [122.14503158, 27.94324394], [122.12729158, 27.93918625], [122.10939650, 27.93565954], [122.09136813, 27.93266810], [122.07322844, 27.93021556], [122.05499954, 27.92830493], [122.03670363, 27.92693853], [122.01836300, 27.92611803], [122.00000000, 27.92584441]]]}
    },
    {
      "type": "Feature",
      "properties": {"block_id": "ADC_WNP_08", "basin_id": "BASIN_WNP", "basin_label": "Western North Pacific and East Asia", "domain_count": 2, "grid_cell_count": 194, "outer_area_km2": 4572351.956585, "shelf_width_km": 250.000000, "outer_buffer_km": 430.000000, "shelf_add_area_km2": 0.000000, "shelf_add_cell_count": 0, "shelf_add_component_count": 0, "bay_add_area_km2": 1090295.086745, "bay_add_cell_count": 1348, "bay_add_core_cell_count": 1348, "bay_add_component_count": 3, "open_ocean_area_risk": 0},
      "geometry": {"type": "Polygon", "coordinates": [[[126.75000000, 32.42584441], [126.00000000, 32.42584441], [125.98538789, 32.42599500], [125.96570834, 32.42667440], [125.94607057, 32.42790001], [125.92649850, 32.42967034], [125.90701598, 32.43198324], [125.88764676, 32.43483589], [125.86841441, 32.43822481], [125.84934238, 32.44214587], [125.83045391, 32.44659430], [125.81177200, 32.45156467], [125.79331942, 32.45705094], [125.77511865, 32.46304641], [125.75719186, 32.46954378], [125.73956089, 32.47653514], [125.72224723, 32.48401197], [125.70527197, 32.49196516], [125.68865579, 32.50038501], [125.67241893, 32.50926128], [125.65658118, 32.51858314], [125.64116183, 32.52833924], [125.62617968, 32.53851770], [125.61165296, 32.54910610], [125.59759939, 32.56009156], [125.58403608, 32.57146069], [125.57097956, 32.58319963], [125.55844573, 32.59529408], [125.43344573, 32.72029408], [125.41844230, 32.73599297], [125.40714396, 32.74883538], [125.39641563, 32.76198380], [125.38627038, 32.77542221], [125.37672058, 32.78913422], [125.36777785, 32.80310315], [125.35945309, 32.81731196], [125.35175645, 32.83174336], [125.34469730, 32.84637974], [125.33828424, 32.86120329], [125.33252508, 32.87619594], [125.32742685, 32.89133943], [125.32299575, 32.90661530], [125.31923719, 32.92200495], [125.31615573, 32.93748962], [125.31375514, 32.95305046], [125.31203834, 32.96866849], [125.31100743, 32.98432470], [125.31066365, 33.00000000], [125.31066365, 33.50000000], [125.31120780, 33.51971955], [125.31241593, 33.53536772], [125.31430948, 33.55097281], [125.31688615, 33.56651580], [125.32014279, 33.58197774], [125.32055939, 33.58360507], [125.30844573, 33.59529408], [125.18344573, 33.72029408], [125.16844230, 33.73599297], [125.15714396, 33.74883538], [125.14641563, 33.76198380], [125.13627038, 33.77542221], [125.12672058, 33.78913422], [125.11777785, 33.80310315], [125.10945309, 33.81731196], [125.10175645, 33.83174336], [125.09469730, 33.84637974], [125.08828424, 33.86120329], [125.08252508, 33.87619594], [125.07742685, 33.89133943], [125.07299575, 33.90661530], [125.06923719, 33.92200495], [125.06615573, 33.93748962], [125.06375514, 33.95305046], [125.06203834, 33.96866849], [125.06100743, 33.98432470], [125.06066365, 34.00000000], [125.06066365, 35.25000000], [125.06120780, 35.26971955], [125.06241593, 35.28536772], [125.06430948, 35.30097281], [125.06688615, 35.31651580], [125.07014279, 35.33197774], [125.07407545, 35.34733981], [125.07867931, 35.36258328], [125.08394879, 35.37768959], [125.08987745, 35.39264033], [125.09645808, 35.40741728], [125.10368266, 35.42200245], [125.11154238, 35.43637805], [125.12002766, 35.45052659], [125.12912818, 35.46443081], [125.13883285, 35.47807378], [125.14912983, 35.49143888], [125.16000659, 35.50450982], [125.17144987, 35.51727068], [125.18344573, 35.52970592], [125.56066365, 35.90692384], [125.56066365, 36.09307616], [125.43344573, 36.22029408], [125.41844230, 36.23599297], [125.40714396, 36.24883538], [125.39641563, 36.26198380], [125.38627038, 36.27542221], [125.37672058, 36.28913422], [125.36777785, 36.30310315], [125.35945309, 36.31731196], [125.35175645, 36.33174336], [125.34469730, 36.34637974], [125.33828424, 36.36120329], [125.33252508, 36.37619594], [125.32742685, 36.39133943], [125.32299575, 36.40661530], [125.31923719, 36.42200495], [125.31615573, 36.43748962], [125.31375514, 36.45305046], [125.31203834, 36.46866849], [125.31100743, 36.48432470], [125.31066365, 36.50000000], [125.31066365, 36.59307616], [125.18344573, 36.72029408], [125.16844230, 36.73599297], [125.15714396, 36.74883538], [125.14641563, 36.76198380], [125.13627038, 36.77542221], [125.12672058, 36.78913422], [125.11777785, 36.80310315], [125.10945309, 36.81731196], [125.10175645, 36.83174336], [125.09469730, 36.84637974], [125.08828424, 36.86120329], [125.08252508, 36.87619594], [125.07742685, 36.89133943], [125.07299575, 36.90661530], [125.06923719, 36.92200495], [125.06847313, 36.92584441], [125.00000000, 36.92584441], [124.98538789, 36.92599500], [124.96570834, 36.92667440], [124.94607057, 36.92790001], [124.92649850, 36.92967034], [124.90701598, 36.93198324], [124.88764675, 36.93483589], [124.86841441, 36.93822481], [124.84934238, 36.94214587], [124.83045391, 36.94659430], [124.81177200, 36.95156467], [124.79331942, 36.95705094], [124.77511865, 36.96304641], [124.75719186, 36.96954378], [124.73956089, 36.97653514], [124.72224723, 36.98401197], [124.70527197, 36.99196516], [124.68865579, 37.00038501], [124.67241893, 37.00926128], [124.65658118, 37.01858314], [124.64116183, 37.02833924], [124.62617968, 37.03851770], [124.61165296, 37.04910610], [124.59759939, 37.06009156], [124.58403608, 37.07146069], [124.57097956, 37.08319963], [124.55844573, 37.09529408], [124.47747152, 37.17626830], [124.46570834, 37.17667440], [124.44607057, 37.17790001], [124.42649850, 37.17967034], [124.40701598, 37.18198324], [124.38764676, 37.18483589], [124.36841441, 37.18822481], [124.34934238, 37.19214587], [124.33045391, 37.19659430], [124.31177200, 37.20156467], [124.29331942, 37.20705094], [124.27511865, 37.21304641], [124.25719186, 37.21954378], [124.23956089, 37.22653514], [124.22224723, 37.23401197], [124.20527197, 37.24196516], [124.18865579, 37.25038501], [124.17241893, 37.25926128], [124.15658118, 37.26858314], [124.14116183, 37.27833924], [124.12617968, 37.28851770], [124.11165296, 37.29910610], [124.09759939, 37.31009156], [124.08403608, 37.32146069], [124.07097956, 37.33319963], [124.05844573, 37.34529408], [123.93344573, 37.47029408], [123.91844230, 37.48599297], [123.90714396, 37.49883538], [123.89641563, 37.51198380], [123.88627038, 37.52542221], [123.87672058, 37.53913422], [123.86777785, 37.55310315], [123.85945309, 37.56731196], [123.85175645, 37.58174336], [123.84469730, 37.59637974], [123.83828424, 37.61120329], [123.83252508, 37.62619594], [123.82742685, 37.64133943], [123.82299575, 37.65661530], [123.81923719, 37.67200495], [123.81615573, 37.68748962], [123.81375514, 37.70305046], [123.81203834, 37.71866849], [123.81100743, 37.73432470], [123.81066365, 37.75000000], [123.81066365, 38.25000000], [123.81120780, 38.26971955], [123.81241593, 38.28536772], [123.81430948, 38.30097281], [123.81688615, 38.31651580], [123.82014279, 38.33197774], [123.82407545, 38.34733981], [123.82867931, 38.36258328], [123.83394879, 38.37768959], [123.83987745, 38.39264033], [123.84645808, 38.40741728], [123.85368266, 38.42200245], [123.86154238, 38.43637805], [123.87002766, 38.45052659], [123.87912818, 38.46443081], [123.88883285, 38.47807378], [123.89912983, 38.49143888], [123.91000659, 38.50450982], [123.92144987, 38.51727068], [123.93344573, 38.52970592], [124.06066365, 38.65692384], [124.06066365, 38.75000000], [124.06120780, 38.76971955], [124.06241593, 38.78536772], [124.06430948, 38.80097281], [124.06688615, 38.81651580], [124.07014279, 38.83197774], [124.07407545, 38.84733981], [124.07867931, 38.86258328], [124.08394879, 38.87768959], [124.08987745, 38.89264033], [124.09645808, 38.90741728], [124.10368266, 38.92200245], [124.11154238, 38.93637805], [124.12002766, 38.95052659], [124.12912818, 38.96443081], [124.13883285, 38.97807378], [124.14912983, 38.99143888], [124.16000659, 39.00450982], [124.16708354, 39.01240161], [124.15658118, 39.01858314], [124.14116183, 39.02833924], [124.12617968, 39.03851770], [124.11165296, 39.04910610], [124.09759939, 39.06009156], [124.08403608, 39.07146069], [124.07097956, 39.08319963], [124.05844573, 39.09529408], [123.97747152, 39.17626830], [123.96570834, 39.17667440], [123.94607057, 39.17790001], [123.92649850, 39.17967034], [123.90701598, 39.18198324], [123.88764675, 39.18483589], [123.86841441, 39.18822481], [123.84934238, 39.19214587], [123.83045391, 39.19659430], [123.81177200, 39.20156467], [123.79331942, 39.20705094], [123.77511864, 39.21304641], [123.75719185, 39.21954378], [123.73956089, 39.22653514], [123.72224723, 39.23401197], [123.70527197, 39.24196516], [123.68865579, 39.25038501], [123.67241893, 39.25926128], [123.65658118, 39.26858314], [123.64116183, 39.27833924], [123.62617968, 39.28851770], [123.61165296, 39.29910610], [123.59759939, 39.31009156], [123.58403608, 39.32146069], [123.57097956, 39.33319963], [123.55844573, 39.34529408], [123.43344573, 39.47029408], [123.41844230, 39.48599297], [123.40714396, 39.49883538], [123.39641563, 39.51198380], [123.38627038, 39.52542221], [123.37672058, 39.53913422], [123.36777785, 39.55310315], [123.35945309, 39.56731196], [123.35175645, 39.58174336], [123.34469730, 39.59637974], [123.33828424, 39.61120329], [123.33252508, 39.62619594], [123.32742685, 39.64133943], [123.32299575, 39.65661530], [123.31923719, 39.67200495], [123.31615573, 39.68748962], [123.31375514, 39.70305046], [123.31203834, 39.71866849], [123.31100743, 39.73432470], [123.31066365, 39.75000000], [123.31066365, 40.00000000], [123.31120780, 40.01971955], [123.31241593, 40.03536772], [123.31430948, 40.05097281], [123.31688615, 40.06651579], [123.32014279, 40.08197774], [123.32407545, 40.09733981], [123.32867931, 40.11258328], [123.33394879, 40.12768959], [123.33987745, 40.14264033], [123.34645808, 40.15741728], [123.35368266, 40.17200245], [123.36154238, 40.18637805], [123.37002766, 40.20052659], [123.37912818, 40.21443081], [123.38883285, 40.22807378], [123.39912983, 40.24143888], [123.41000659, 40.25450982], [123.42144987, 40.26727068], [123.43344573, 40.27970592], [123.55844573, 40.40470592], [123.56769327, 40.41371165], [123.58061636, 40.42554375], [123.59405040, 40.43700969], [123.60797903, 40.44809549], [123.62238528, 40.45878765], [123.63725159, 40.46907314], [123.65255985, 40.47893943], [123.66829142, 40.48837450], [123.68442712, 40.49736686], [123.70094730, 40.50590554], [123.71783182, 40.51398015], [123.73506013, 40.52158084], [123.75261123, 40.52869837], [123.77046373, 40.53532405], [123.78859588, 40.54144981], [123.80698560, 40.54706819], [123.82561048, 40.55217235], [123.84444782, 40.55675606], [123.86347468, 40.56081375], [123.88266788, 40.56434046], [123.90200402, 40.56733190], [123.92145956, 40.56978444], [123.94101079, 40.57169507], [123.96063389, 40.57306147], [123.97750500, 40.57376518], [124.05844573, 40.65470592], [124.06769327, 40.66371165], [124.08061636, 40.67554375], [124.09405040, 40.68700969], [124.10797903, 40.69809549], [124.12238528, 40.70878765], [124.13725159, 40.71907314], [124.15255985, 40.72893943], [124.16829142, 40.73837450], [124.18442712, 40.74736686], [124.20094730, 40.75590554], [124.21783182, 40.76398015], [124.23506013, 40.77158084], [124.25261123, 40.77869837], [124.27046373, 40.78532405], [124.28859588, 40.79144981], [124.30698560, 40.79706819], [124.32561048, 40.80217235], [124.34444782, 40.80675606], [124.36347468, 40.81081375], [124.38266788, 40.81434046], [124.40200402, 40.81733190], [124.42145956, 40.81978444], [124.44101079, 40.82169507], [124.46063389, 40.82306147], [124.48030495, 40.82388197], [124.50000000, 40.82415559], [124.75000000, 40.82415559], [124.76461211, 40.82400500], [124.78429166, 40.82332560], [124.80392943, 40.82209999], [124.82350150, 40.82032966], [124.84298402, 40.81801676], [124.86235325, 40.81516411], [124.88158559, 40.81177519], [124.90065762, 40.80785413], [124.91954609, 40.80340570], [124.93822800, 40.79843533], [124.95668058, 40.79294906], [124.97488135, 40.78695359], [124.99280814, 40.78045622], [125.01043911, 40.77346486], [125.02775277, 40.76598803], [125.04472803, 40.75803484], [125.06134421, 40.74961499], [125.07758107, 40.74073872], [125.09341882, 40.73141686], [125.10883817, 40.72166076], [125.12382032, 40.71148230], [125.13834704, 40.70089390], [125.15240061, 40.68990844], [125.16596392, 40.67853931], [125.17902044, 40.66680037], [125.19155427, 40.65470592], [125.52210460, 40.32415559], [126.00000000, 40.32415559], [126.01461211, 40.32400500], [126.03429166, 40.32332560], [126.05392943, 40.32209999], [126.07350150, 40.32032966], [126.09298402, 40.31801676], [126.11235325, 40.31516411], [126.13158559, 40.31177519], [126.15065762, 40.30785413], [126.16954609, 40.30340570], [126.18822800, 40.29843533], [126.20668058, 40.29294906], [126.22488136, 40.28695359], [126.24280815, 40.28045622], [126.26043911, 40.27346486], [126.27775277, 40.26598803], [126.29472803, 40.25803484], [126.31134421, 40.24961499], [126.32758107, 40.24073872], [126.34341882, 40.23141686], [126.35883817, 40.22166076], [126.37382032, 40.21148230], [126.38834704, 40.20089390], [126.40240061, 40.18990844], [126.41596392, 40.17853931], [126.42902044, 40.16680037], [126.44155427, 40.15470592], [126.50000000, 40.09626019], [126.55844573, 40.15470592], [126.56769327, 40.16371165], [126.58061636, 40.17554375], [126.59405040, 40.18700969], [126.60797903, 40.19809549], [126.62238528, 40.20878765], [126.63725159, 40.21907314], [126.65255985, 40.22893943], [126.66829142, 40.23837450], [126.68442712, 40.24736686], [126.70094730, 40.25590554], [126.71783182, 40.26398015], [126.73506013, 40.27158084], [126.75261123, 40.27869837], [126.77046373, 40.28532405], [126.78859588, 40.29144981], [126.80698560, 40.29706819], [126.82561048, 40.30217235], [126.84444782, 40.30675606], [126.86347468, 40.31081375], [126.88266788, 40.31434046], [126.90200402, 40.31733190], [126.92145956, 40.31978444], [126.94101079, 40.32169507], [126.96063389, 40.32306147], [126.98030495, 40.32388197], [127.00000000, 40.32415559], [127.25000000, 40.32415559], [127.26461211, 40.32400500], [127.28429166, 40.32332560], [127.30392943, 40.32209999], [127.32350150, 40.32032966], [127.34298402, 40.31801676], [127.36235324, 40.31516411], [127.38158559, 40.31177519], [127.40065762, 40.30785413], [127.41954609, 40.30340570], [127.43822800, 40.29843533], [127.45668058, 40.29294906], [127.47488135, 40.28695359], [127.49280814, 40.28045622], [127.51043911, 40.27346486], [127.52775277, 40.26598803], [127.54472803, 40.25803484], [127.56134421, 40.24961499], [127.57758107, 40.24073872], [127.59341882, 40.23141686], [127.60883817, 40.22166076], [127.62382032, 40.21148230], [127.63834704, 40.20089390], [127.65240061, 40.18990844], [127.66596392, 40.17853931], [127.67902044, 40.16680037], [127.69155427, 40.15470592], [128.02252848, 39.82373170], [128.03429166, 39.82332560], [128.05392943, 39.82209999], [128.07350150, 39.82032966], [128.09298402, 39.81801676], [128.11235324, 39.81516411], [128.13158559, 39.81177519], [128.15065762, 39.80785413], [128.16954609, 39.80340570], [128.18822800, 39.79843533], [128.20668058, 39.79294906], [128.22488135, 39.78695359], [128.24280814, 39.78045622], [128.26043911, 39.77346486], [128.27775277, 39.76598803], [128.29472803, 39.75803484], [128.31134421, 39.74961499], [128.32758107, 39.74073872], [128.34341882, 39.73141686], [128.35883817, 39.72166076], [128.37382032, 39.71148230], [128.38834704, 39.70089390], [128.40240061, 39.68990844], [128.41596392, 39.67853931], [128.42902044, 39.66680037], [128.44155427, 39.65470592], [129.31655427, 38.77970592], [129.33155770, 38.76400703], [129.34285604, 38.75116462], [129.35358437, 38.73801620], [129.36372962, 38.72457779], [129.37327942, 38.71086578], [129.38222215, 38.69689685], [129.39054691, 38.68268804], [129.39824355, 38.66825664], [129.40530270, 38.65362026], [129.41171576, 38.63879671], [129.41747492, 38.62380406], [129.42257315, 38.60866057], [129.42700425, 38.59338470], [129.43076281, 38.57799505], [129.43384427, 38.56251038], [129.43624486, 38.54694954], [129.43796166, 38.53133151], [129.43899257, 38.51567530], [129.43933635, 38.50000000], [129.43933635, 38.40692384], [130.06655427, 37.77970592], [130.08155770, 37.76400703], [130.09285604, 37.75116462], [130.10358437, 37.73801620], [130.11372962, 37.72457779], [130.12327942, 37.71086578], [130.13222215, 37.69689685], [130.14054691, 37.68268804], [130.14824355, 37.66825664], [130.15530270, 37.65362026], [130.16171576, 37.63879671], [130.16747492, 37.62380406], [130.17257315, 37.60866057], [130.17700425, 37.59338470], [130.18076281, 37.57799505], [130.18384427, 37.56251038], [130.18624486, 37.54694954], [130.18796166, 37.53133151], [130.18899257, 37.51567530], [130.18933635, 37.50000000], [130.18933635, 36.65692384], [130.31655427, 36.52970592], [130.33155770, 36.51400703], [130.34285604, 36.50116462], [130.35358437, 36.48801620], [130.36372962, 36.47457779], [130.37327942, 36.46086578], [130.38222215, 36.44689685], [130.39054691, 36.43268804], [130.39824355, 36.41825664], [130.40530270, 36.40362026], [130.41171576, 36.38879671], [130.41747492, 36.37380406], [130.42257315, 36.35866057], [130.42700425, 36.34338470], [130.43076281, 36.32799505], [130.43384427, 36.31251038], [130.43624486, 36.29694954], [130.43796166, 36.28133151], [130.43899257, 36.26567530], [130.43933635, 36.25000000], [130.43933635, 35.75000000], [130.43879220, 35.73028045], [130.43758407, 35.71463228], [130.43569052, 35.69902719], [130.43311385, 35.68348420], [130.42985721, 35.66802226], [130.42592455, 35.65266019], [130.42132069, 35.63741672], [130.41605121, 35.62231041], [130.41012255, 35.60735967], [130.40354192, 35.59258272], [130.39631734, 35.57799755], [130.38845762, 35.56362195], [130.37997234, 35.54947341], [130.37087182, 35.53556919], [130.36116715, 35.52192622], [130.35087017, 35.50856112], [130.33999341, 35.49549018], [130.32855013, 35.48272932], [130.31655427, 35.47029408], [130.18933635, 35.34307616], [130.18933635, 35.25000000], [130.18879220, 35.23028045], [130.18758407, 35.21463228], [130.18569052, 35.19902719], [130.18311385, 35.18348420], [130.17985721, 35.16802226], [130.17592455, 35.15266019], [130.17132069, 35.13741672], [130.16605121, 35.12231041], [130.16012255, 35.10735967], [130.15354192, 35.09258272], [130.14631734, 35.07799755], [130.13845762, 35.06362195], [130.12997234, 35.04947341], [130.12087182, 35.03556919], [130.11116715, 35.02192622], [130.10087017, 35.00856112], [130.08999341, 34.99549018], [130.07855013, 34.98272932], [130.06655427, 34.97029408], [129.69155427, 34.59529408], [129.68230673, 34.58628835], [129.66938364, 34.57445625], [129.65594960, 34.56299031], [129.64202097, 34.55190451], [129.62761472, 34.54121235], [129.61274841, 34.53092686], [129.59744015, 34.52106057], [129.58170858, 34.51162550], [129.56557288, 34.50263314], [129.54905270, 34.49409446], [129.53216818, 34.48601985], [129.51493987, 34.47841916], [129.49738877, 34.47130163], [129.47953627, 34.46467595], [129.46140412, 34.45855019], [129.44301440, 34.45293181], [129.43592868, 34.45098997], [129.43569052, 34.44902719], [129.43311385, 34.43348421], [129.42985721, 34.41802226], [129.42592455, 34.40266019], [129.42132069, 34.38741672], [129.41605121, 34.37231041], [129.41012255, 34.35735967], [129.40354192, 34.34258272], [129.39631734, 34.32799755], [129.38845762, 34.31362195], [129.37997234, 34.29947341], [129.37087182, 34.28556919], [129.36116715, 34.27192622], [129.35087017, 34.25856112], [129.33999341, 34.24549018], [129.32855013, 34.23272932], [129.31655427, 34.22029408], [129.19155427, 34.09529408], [129.18230673, 34.08628835], [129.16938364, 34.07445625], [129.15594960, 34.06299031], [129.14202097, 34.05190451], [129.12761472, 34.04121235], [129.11274841, 34.03092686], [129.09744015, 34.02106057], [129.08170858, 34.01162550], [129.06557288, 34.00263314], [129.04905270, 33.99409446], [129.03216818, 33.98601985], [129.01493987, 33.97841916], [128.99738877, 33.97130163], [128.97953627, 33.96467595], [128.96140412, 33.95855019], [128.94301440, 33.95293181], [128.92438952, 33.94782765], [128.90555218, 33.94324394], [128.88652532, 33.93918625], [128.86733212, 33.93565954], [128.84799598, 33.93266810], [128.82854044, 33.93021556], [128.80898921, 33.92830493], [128.78936611, 33.92693853], [128.76969505, 33.92611803], [128.75000000, 33.92584441], [128.52210460, 33.92584441], [128.44155427, 33.84529408], [128.43230673, 33.83628835], [128.41938364, 33.82445625], [128.40594960, 33.81299031], [128.39202097, 33.80190451], [128.37761472, 33.79121235], [128.36274841, 33.78092686], [128.34744015, 33.77106057], [128.33170858, 33.76162550], [128.31557288, 33.75263314], [128.29905270, 33.74409446], [128.28216817, 33.73601985], [128.26493987, 33.72841916], [128.24738877, 33.72130163], [128.22953627, 33.71467595], [128.21140412, 33.70855019], [128.19301440, 33.70293181], [128.17438952, 33.69782765], [128.15555218, 33.69324394], [128.13652532, 33.68918625], [128.11733212, 33.68565954], [128.09799598, 33.68266810], [128.07854044, 33.68021556], [128.05898921, 33.67830493], [128.03936611, 33.67693853], [128.02249500, 33.67623482], [127.94155427, 33.59529408], [127.93230673, 33.58628835], [127.91938364, 33.57445625], [127.90594960, 33.56299031], [127.89202097, 33.55190451], [127.87761472, 33.54121235], [127.86274841, 33.53092686], [127.84744015, 33.52106057], [127.83170858, 33.51162550], [127.81557288, 33.50263314], [127.79905270, 33.49409446], [127.78216818, 33.48601985], [127.76493987, 33.47841916], [127.74738877, 33.47130163], [127.72953627, 33.46467595], [127.71140412, 33.45855019], [127.69301440, 33.45293181], [127.68933635, 33.45192384], [127.68933635, 33.25000000], [127.68879220, 33.23028045], [127.68758407, 33.21463228], [127.68569052, 33.19902719], [127.68311385, 33.18348420], [127.67985721, 33.16802226], [127.67592455, 33.15266019], [127.67132069, 33.13741672], [127.66605121, 33.12231041], [127.66012255, 33.10735967], [127.65354192, 33.09258272], [127.64631734, 33.07799755], [127.63845762, 33.06362195], [127.62997234, 33.04947341], [127.62087182, 33.03556919], [127.61116715, 33.02192622], [127.60087017, 33.00856112], [127.58999341, 32.99549018], [127.57855013, 32.98272932], [127.56655427, 32.97029408], [127.19155427, 32.59529408], [127.18230673, 32.58628835], [127.16938364, 32.57445625], [127.15594960, 32.56299031], [127.14202097, 32.55190451], [127.12761472, 32.54121235], [127.11274841, 32.53092686], [127.09744015, 32.52106057], [127.08170858, 32.51162550], [127.06557288, 32.50263314], [127.04905270, 32.49409446], [127.03216818, 32.48601985], [127.01493987, 32.47841916], [126.99738877, 32.47130163], [126.97953627, 32.46467595], [126.96140412, 32.45855019], [126.94301440, 32.45293181], [126.92438952, 32.44782765], [126.90555218, 32.44324394], [126.88652532, 32.43918625], [126.86733212, 32.43565954], [126.84799598, 32.43266810], [126.82854044, 32.43021556], [126.80898921, 32.42830493], [126.78936611, 32.42693853], [126.76969505, 32.42611803], [126.75000000, 32.42584441]]]}
    },
    {
      "type": "Feature",
      "properties": {"block_id": "ADC_WNP_09", "basin_id": "BASIN_WNP", "basin_label": "Western North Pacific and East Asia", "domain_count": 1, "grid_cell_count": 128, "outer_area_km2": 5211092.391063, "shelf_width_km": 250.000000, "outer_buffer_km": 430.000000, "shelf_add_area_km2": 0.000000, "shelf_add_cell_count": 0, "shelf_add_component_count": 0, "bay_add_area_km2": 1924580.114399, "bay_add_cell_count": 3500, "bay_add_core_cell_count": 3500, "bay_add_component_count": 5, "open_ocean_area_risk": 0},
      "geometry": {"type": "Polygon", "coordinates": [[[130.75000000, 29.42584441], [130.50000000, 29.42584441], [130.48099990, 29.42612681], [130.46232101, 29.42695603], [130.44368804, 29.42833112], [130.42512367, 29.43025040], [130.40665052, 29.43271155], [130.38829111, 29.43571155], [130.37006780, 29.43924676], [130.35200279, 29.44331287], [130.33411809, 29.44790492], [130.31643549, 29.45301732], [130.29897654, 29.45864384], [130.28176251, 29.46477763], [130.26481436, 29.47141121], [130.24815275, 29.47853650], [130.23179798, 29.48614483], [130.21576997, 29.49422691], [130.20008825, 29.50277290], [130.18477193, 29.51177240], [130.16983967, 29.52121443], [130.15530965, 29.53108750], [130.14119959, 29.54137957], [130.12752666, 29.55207811], [130.11430755, 29.56317007], [130.10155833, 29.57464196], [130.08929456, 29.58647978], [129.99992887, 29.67584547], [129.98099990, 29.67612681], [129.96232101, 29.67695603], [129.94368804, 29.67833112], [129.92512367, 29.68025040], [129.90665052, 29.68271155], [129.88829111, 29.68571155], [129.87006780, 29.68924676], [129.85200279, 29.69331287], [129.83411809, 29.69790492], [129.81643549, 29.70301732], [129.79897654, 29.70864384], [129.78176251, 29.71477763], [129.76481436, 29.72141121], [129.74815275, 29.72853650], [129.73179798, 29.73614483], [129.71576997, 29.74422691], [129.70008825, 29.75277290], [129.68477193, 29.76177240], [129.66983966, 29.77121443], [129.65530965, 29.78108750], [129.64119959, 29.79137957], [129.62752666, 29.80207811], [129.61430755, 29.81317007], [129.60155833, 29.82464196], [129.58929456, 29.83647978], [129.46429456, 29.96147978], [129.45271462, 29.97347221], [129.44145763, 29.98599297], [129.43072884, 29.99883538], [129.42054133, 30.01198380], [129.41090751, 30.02542221], [129.40183912, 30.03913422], [129.39334720, 30.05310315], [129.38544209, 30.06731196], [129.37813344, 30.08174336], [129.37143015, 30.09637974], [129.36534037, 30.11120329], [129.35987154, 30.12619594], [129.35503031, 30.14133943], [129.35082259, 30.15661530], [129.34725350, 30.17200495], [129.34432738, 30.18748962], [129.34204780, 30.20305046], [129.34041755, 30.21866849], [129.33943860, 30.23432470], [129.33911216, 30.25000000], [129.33911216, 30.50000000], [129.33942828, 30.51542562], [129.34039684, 30.53108228], [129.34201673, 30.54670107], [129.34428598, 30.56226297], [129.34720182, 30.57774900], [129.35076070, 30.59314031], [129.35495828, 30.60841814], [129.35978946, 30.62356389], [129.36524834, 30.63855909], [129.37132828, 30.65338547], [129.37802186, 30.66802498], [129.38532093, 30.68245978], [129.39321660, 30.69667227], [129.40169925, 30.71064516], [129.41075855, 30.72436140], [129.42038345, 30.73780429], [129.43056223, 30.75095746], [129.44128249, 30.76380487], [129.45253117, 30.77633088], [129.46429456, 30.78852022], [129.55077434, 30.87500000], [129.46429456, 30.96147978], [129.45271462, 30.97347221], [129.44145763, 30.98599297], [129.43072884, 30.99883538], [129.42054133, 31.01198380], [129.41090751, 31.02542221], [129.40183912, 31.03913422], [129.39334720, 31.05310315], [129.38544209, 31.06731196], [129.37813344, 31.08174336], [129.37143015, 31.09637974], [129.36534037, 31.11120329], [129.35987154, 31.12619594], [129.35503031, 31.14133943], [129.35082259, 31.15661530], [129.34725350, 31.17200495], [129.34432738, 31.18748962], [129.34204780, 31.20305046], [129.34041755, 31.21866849], [129.33943860, 31.23432470], [129.33911216, 31.25000000], [129.33911216, 31.33666218], [129.21429456, 31.46147978], [129.20271462, 31.47347221], [129.19145763, 31.48599297], [129.18072884, 31.49883538], [129.17054133, 31.51198380], [129.16090751, 31.52542221], [129.15183912, 31.53913422], [129.14334720, 31.55310315], [129.13544209, 31.56731196], [129.12813344, 31.58174336], [129.12143015, 31.59637974], [129.11534037, 31.61120329], [129.10987154, 31.62619594], [129.10503031, 31.64133943], [129.10082259, 31.65661530], [129.09725350, 31.67200495], [129.09432738, 31.68748962], [129.09204780, 31.70305046], [129.09041755, 31.71866849], [129.08943860, 31.73432470], [129.08911216, 31.75000000], [129.08911216, 31.93214456], [129.07458117, 31.93021556], [129.05601553, 31.92830493], [129.03738165, 31.92693853], [129.01870222, 31.92611803], [129.00000000, 31.92584441], [128.50000000, 31.92584441], [128.48099990, 31.92612681], [128.46232101, 31.92695603], [128.44368804, 31.92833112], [128.42512367, 31.93025040], [128.40665052, 31.93271155], [128.38829111, 31.93571155], [128.37006780, 31.93924676], [128.35200279, 31.94331287], [128.33411809, 31.94790492], [128.31643549, 31.95301732], [128.29897654, 31.95864384], [128.28176251, 31.96477763], [128.26481436, 31.97141121], [128.24815275, 31.97853650], [128.23179798, 31.98614483], [128.21576997, 31.99422691], [128.20008825, 32.00277290], [128.18477193, 32.01177240], [128.16983967, 32.02121443], [128.15530965, 32.03108750], [128.14119959, 32.04137957], [128.12752666, 32.05207811], [128.11430755, 32.06317007], [128.10155833, 32.07464196], [128.08929456, 32.08647978], [127.96429456, 32.21147978], [127.95271462, 32.22347221], [127.94145763, 32.23599297], [127.93072884, 32.24883538], [127.92054133, 32.26198380], [127.91090751, 32.27542221], [127.90183912, 32.28913422], [127.89334720, 32.30310315], [127.88544209, 32.31731196], [127.87813344, 32.33174336], [127.87143015, 32.34637974], [127.86534037, 32.36120329], [127.85987154, 32.37619594], [127.85503031, 32.39133943], [127.85082259, 32.40661530], [127.84725350, 32.42200495], [127.84432738, 32.43748962], [127.84204780, 32.45305046], [127.84041755, 32.46866849], [127.83943860, 32.48432470], [127.83911215, 32.50000000], [127.83911215, 32.75000000], [127.83942828, 32.76542562], [127.84039684, 32.78108228], [127.84201673, 32.79670107], [127.84428598, 32.81226297], [127.84720182, 32.82774900], [127.85076070, 32.84314031], [127.85495828, 32.85841814], [127.85978946, 32.87356389], [127.86524834, 32.88855909], [127.87132828, 32.90338547], [127.87802186, 32.91802498], [127.88532093, 32.93245978], [127.89321660, 32.94667227], [127.90169925, 32.96064516], [127.91075855, 32.97436140], [127.92038345, 32.98780429], [127.93056223, 33.00095746], [127.94128249, 33.01380487], [127.95253117, 33.02633088], [127.96429456, 33.03852022], [128.33911216, 33.41333782], [128.33911216, 33.50000000], [128.33942828, 33.51542562], [128.34039684, 33.53108228], [128.34201673, 33.54670107], [128.34428598, 33.56226297], [128.34720182, 33.57774900], [128.35076070, 33.59314031], [128.35495828, 33.60841814], [128.35978946, 33.62356389], [128.36524834, 33.63855909], [128.37132828, 33.65338547], [128.37802186, 33.66802498], [128.38532093, 33.68245978], [128.39321660, 33.69667227], [128.40169925, 33.71064516], [128.41075855, 33.72436140], [128.42038345, 33.73780429], [128.43056223, 33.75095746], [128.44128249, 33.76380487], [128.45253117, 33.77633088], [128.46429456, 33.78852022], [128.58929456, 33.91352022], [128.60175772, 33.92554375], [128.61451454, 33.93700969], [128.62774102, 33.94809549], [128.64142104, 33.95878765], [128.65553793, 33.96907314], [128.67007450, 33.97893943], [128.68501303, 33.98837450], [128.70033532, 33.99736686], [128.71602271, 34.00590554], [128.73205608, 34.01398015], [128.74841590, 34.02158084], [128.76508223, 34.02869837], [128.78203478, 34.03532405], [128.79925288, 34.04144981], [128.81671556, 34.04706819], [128.83440155, 34.05217235], [128.84314112, 34.05441185], [128.84428598, 34.06226297], [128.84720182, 34.07774900], [128.85076070, 34.09314031], [128.85495828, 34.10841814], [128.85978946, 34.12356389], [128.86524834, 34.13855909], [128.87132828, 34.15338547], [128.87802186, 34.16802498], [128.88532093, 34.18245978], [128.89321660, 34.19667227], [128.90169925, 34.21064516], [128.91075855, 34.22436140], [128.92038345, 34.23780429], [128.93056223, 34.25095746], [128.94128249, 34.26380487], [128.95253117, 34.27633088], [128.96429456, 34.28852022], [129.08929456, 34.41352022], [129.10175772, 34.42554375], [129.11451454, 34.43700969], [129.12774102, 34.44809549], [129.14142104, 34.45878765], [129.15553793, 34.46907314], [129.17007450, 34.47893943], [129.18501303, 34.48837450], [129.20033532, 34.49736686], [129.21602271, 34.50590554], [129.23205608, 34.51398015], [129.24841590, 34.52158084], [129.26508223, 34.52869837], [129.28203478, 34.53532405], [129.29925288, 34.54144981], [129.31671556, 34.54706819], [129.33440155, 34.55217235], [129.35228929, 34.55675606], [129.37035700, 34.56081375], [129.38858265, 34.56434046], [129.40694405, 34.56733190], [129.42541883, 34.56978444], [129.44398447, 34.57169507], [129.46261835, 34.57306147], [129.48129778, 34.57388197], [129.50000000, 34.57415559], [130.09652522, 34.57415559], [130.09720182, 34.57774900], [130.10076070, 34.59314031], [130.10495828, 34.60841814], [130.10978946, 34.62356389], [130.11524834, 34.63855909], [130.12132828, 34.65338547], [130.12802186, 34.66802498], [130.13532093, 34.68245978], [130.14321660, 34.69667227], [130.15169925, 34.71064516], [130.16075855, 34.72436140], [130.17038345, 34.73780429], [130.18056223, 34.75095746], [130.19128249, 34.76380487], [130.20253117, 34.77633088], [130.21429456, 34.78852022], [130.33929456, 34.91352022], [130.35175772, 34.92554375], [130.36451454, 34.93700969], [130.37774102, 34.94809549], [130.39142104, 34.95878765], [130.40553793, 34.96907314], [130.42007450, 34.97893943], [130.43501303, 34.98837450], [130.45033532, 34.99736686], [130.46602271, 35.00590554], [130.48205608, 35.01398015], [130.49841590, 35.02158084], [130.51508223, 35.02869837], [130.53203478, 35.03532405], [130.54925288, 35.04144981], [130.56671556, 35.04706819], [130.58440155, 35.05217235], [130.60228929, 35.05675606], [130.62035700, 35.06081375], [130.63858265, 35.06434046], [130.65694405, 35.06733190], [130.67541883, 35.06978444], [130.69398447, 35.07169507], [130.71261835, 35.07306147], [130.73129778, 35.07388197], [130.74992889, 35.07415455], [130.83929456, 35.16352022], [130.85175772, 35.17554375], [130.86451454, 35.18700969], [130.87774102, 35.19809549], [130.89142104, 35.20878765], [130.90553793, 35.21907314], [130.92007450, 35.22893943], [130.93501303, 35.23837450], [130.95033532, 35.24736686], [130.96602271, 35.25590554], [130.98205608, 35.26398015], [130.99841590, 35.27158084], [131.01508223, 35.27869837], [131.03203478, 35.28532405], [131.04925288, 35.29144981], [131.06671556, 35.29706819], [131.08440155, 35.30217235], [131.10228929, 35.30675606], [131.12035700, 35.31081375], [131.13858265, 35.31434046], [131.15694405, 35.31733190], [131.17541883, 35.31978444], [131.19398447, 35.32169507], [131.21261835, 35.32306147], [131.23129778, 35.32388197], [131.25000000, 35.32415559], [132.00000000, 35.32415559], [132.01900010, 35.32387319], [132.03767899, 35.32304397], [132.05631196, 35.32166888], [132.07487633, 35.31974960], [132.09334948, 35.31728845], [132.11170889, 35.31428845], [132.12993220, 35.31075324], [132.14799721, 35.30668713], [132.16588191, 35.30209508], [132.18356451, 35.29698268], [132.20102346, 35.29135616], [132.21823749, 35.28522237], [132.23518564, 35.27858879], [132.25184725, 35.27146350], [132.26820202, 35.26385517], [132.28423003, 35.25577309], [132.29991175, 35.24722710], [132.31522807, 35.23822760], [132.33016033, 35.22878557], [132.34469035, 35.21891250], [132.35880041, 35.20862043], [132.37247334, 35.19792189], [132.38569245, 35.18682993], [132.39844167, 35.17535804], [132.41070544, 35.16352022], [132.50007113, 35.07415453], [132.51900010, 35.07387319], [132.53767899, 35.07304397], [132.55631196, 35.07166888], [132.57487633, 35.06974960], [132.59334948, 35.06728845], [132.61170889, 35.06428845], [132.62993220, 35.06075324], [132.64799721, 35.05668713], [132.66588191, 35.05209508], [132.68356451, 35.04698268], [132.70102346, 35.04135616], [132.71823749, 35.03522237], [132.73518564, 35.02858879], [132.75184725, 35.02146350], [132.76820202, 35.01385517], [132.78423003, 35.00577309], [132.79991175, 34.99722710], [132.81522807, 34.98822760], [132.83016033, 34.97878557], [132.84469035, 34.96891250], [132.85880041, 34.95862043], [132.87247334, 34.94792189], [132.88569245, 34.93682993], [132.89844167, 34.92535804], [132.91070544, 34.91352022], [133.03570544, 34.78852022], [133.04728538, 34.77652779], [133.05854237, 34.76400703], [133.06927116, 34.75116462], [133.07945867, 34.73801620], [133.08909249, 34.72457779], [133.09816088, 34.71086578], [133.10665280, 34.69689685], [133.11455791, 34.68268804], [133.12186656, 34.66825664], [133.12856985, 34.65362026], [133.13465963, 34.63879671], [133.14012846, 34.62380406], [133.14496969, 34.60866057], [133.14917741, 34.59338470], [133.15274650, 34.57799505], [133.15567262, 34.56251038], [133.15795220, 34.54694954], [133.15958245, 34.53133151], [133.16056140, 34.51567530], [133.16088784, 34.50000000], [133.16088784, 34.41333782], [133.28570544, 34.28852022], [133.29728538, 34.27652779], [133.30854237, 34.26400703], [133.31927116, 34.25116462], [133.32945867, 34.23801620], [133.33909249, 34.22457779], [133.34816088, 34.21086578], [133.35665280, 34.19689685], [133.36455791, 34.18268804], [133.37186656, 34.16825664], [133.37856985, 34.15362026], [133.38465963, 34.13879671], [133.39012846, 34.12380406], [133.39496969, 34.10866057], [133.39917741, 34.09338470], [133.40274650, 34.07799505], [133.40347204, 34.07415559], [133.75000000, 34.07415559], [133.76900010, 34.07387319], [133.78767899, 34.07304397], [133.80631196, 34.07166888], [133.82487633, 34.06974960], [133.84334948, 34.06728845], [133.86170889, 34.06428845], [133.87993220, 34.06075324], [133.89799721, 34.05668713], [133.91588191, 34.05209508], [133.93356451, 34.04698268], [133.95102346, 34.04135616], [133.96823749, 34.03522237], [133.98518564, 34.02858879], [134.00184725, 34.02146350], [134.01820202, 34.01385517], [134.03423003, 34.00577309], [134.04991175, 33.99722710], [134.06522807, 33.98822760], [134.08016033, 33.97878557], [134.09469035, 33.96891250], [134.10880041, 33.95862043], [134.12247334, 33.94792189], [134.13569245, 33.93682993], [134.14844167, 33.92535804], [134.16070544, 33.91352022], [134.28570544, 33.78852022], [134.29728538, 33.77652779], [134.30854237, 33.76400703], [134.31927116, 33.75116462], [134.32945867, 33.73801620], [134.33909249, 33.72457779], [134.34816088, 33.71086578], [134.35665280, 33.69689685], [134.36455791, 33.68268804], [134.37186656, 33.66825664], [134.37856985, 33.65362026], [134.38465963, 33.63879671], [134.39012846, 33.62380406], [134.39496969, 33.60866057], [134.39917741, 33.59338470], [134.40274650, 33.57799505], [134.40567262, 33.56251038], [134.40795220, 33.54694954], [134.40958245, 33.53133151], [134.41056140, 33.51567530], [134.41088785, 33.50000000], [134.41088785, 33.25000000], [134.41057172, 33.23457438], [134.40960316, 33.21891772], [134.40798327, 33.20329893], [134.40571402, 33.18773703], [134.40279818, 33.17225100], [134.39923930, 33.15685969], [134.39504172, 33.14158186], [134.39021054, 33.12643611], [134.38475166, 33.11144091], [134.37867172, 33.09661453], [134.37197814, 33.08197502], [134.36467907, 33.06754022], [134.35678340, 33.05332773], [134.34830075, 33.03935484], [134.33924145, 33.02563860], [134.32961655, 33.01219571], [134.31943777, 32.99904254], [134.30871751, 32.98619513], [134.29746883, 32.97366912], [134.28570544, 32.96147978], [134.16070544, 32.83647978], [134.14824228, 32.82445625], [134.13548546, 32.81299031], [134.12225898, 32.80190451], [134.10857896, 32.79121235], [134.09446207, 32.78092686], [134.07992550, 32.77106057], [134.06498697, 32.76162550], [134.04966468, 32.75263314], [134.03397729, 32.74409446], [134.01794392, 32.73601985], [134.00158410, 32.72841916], [133.98491777, 32.72130163], [133.96796522, 32.71467595], [133.95074712, 32.70855019], [133.93328444, 32.70293181], [133.91559845, 32.69782765], [133.89771071, 32.69324394], [133.87964300, 32.68918625], [133.86141735, 32.68565954], [133.84305595, 32.68266810], [133.82458117, 32.68021556], [133.80601553, 32.67830493], [133.78738165, 32.67693853], [133.76870222, 32.67611803], [133.75007111, 32.67584545], [133.16070544, 32.08647978], [133.14824228, 32.07445625], [133.13548546, 32.06299031], [133.12225898, 32.05190451], [133.10857896, 32.04121235], [133.09446207, 32.03092686], [133.07992550, 32.02106057], [133.06498697, 32.01162550], [133.04966468, 32.00263314], [133.03397729, 31.99409446], [133.01794392, 31.98601985], [133.00158410, 31.97841916], [132.98491777, 31.97130163], [132.96796522, 31.96467595], [132.95074712, 31.95855019], [132.93328444, 31.95293181], [132.91559845, 31.94782765], [132.89771071, 31.94324394], [132.87964300, 31.93918625], [132.86141735, 31.93565954], [132.84305595, 31.93266810], [132.82458117, 31.93021556], [132.80601553, 31.92830493], [132.78738165, 31.92693853], [132.76870222, 31.92611803], [132.75000000, 31.92584441], [132.50000000, 31.92584441], [132.48099990, 31.92612681], [132.46232101, 31.92695603], [132.44368804, 31.92833112], [132.42512367, 31.93025040], [132.40665052, 31.93271155], [132.40482398, 31.93301001], [132.40279818, 31.92225100], [132.39923930, 31.90685969], [132.39504172, 31.89158186], [132.39021054, 31.87643611], [132.38475166, 31.86144091], [132.37867172, 31.84661453], [132.37197814, 31.83197502], [132.36467907, 31.81754022], [132.35678340, 31.80332773], [132.34830075, 31.78935484], [132.33924145, 31.77563860], [132.32961655, 31.76219571], [132.31943777, 31.74904254], [132.30871751, 31.73619513], [132.29746883, 31.72366912], [132.28570544, 31.71147978], [132.16088785, 31.58666218], [132.16088785, 31.25000000], [132.16057172, 31.23457438], [132.15960316, 31.21891772], [132.15798327, 31.20329893], [132.15571402, 31.18773703], [132.15279818, 31.17225100], [132.14923930, 31.15685969], [132.14504172, 31.14158186], [132.14021054, 31.12643611], [132.13475166, 31.11144091], [132.12867172, 31.09661453], [132.12197814, 31.08197502], [132.11467907, 31.06754022], [132.10678340, 31.05332773], [132.09830075, 31.03935484], [132.08924145, 31.02563860], [132.07961655, 31.01219571], [132.06943777, 30.99904254], [132.05871751, 30.98619513], [132.04746883, 30.97366912], [132.03570544, 30.96147978], [131.91088784, 30.83666218], [131.91088784, 30.50000000], [131.91057172, 30.48457438], [131.90960316, 30.46891772], [131.90798327, 30.45329893], [131.90571402, 30.43773703], [131.90279818, 30.42225100], [131.89923930, 30.40685969], [131.89504172, 30.39158186], [131.89021054, 30.37643611], [131.88475166, 30.36144091], [131.87867172, 30.34661453], [131.87197814, 30.33197502], [131.86467907, 30.31754022], [131.85678340, 30.30332773], [131.84830075, 30.28935484], [131.83924145, 30.27563860], [131.82961655, 30.26219571], [131.81943777, 30.24904254], [131.80871751, 30.23619513], [131.79746883, 30.22366912], [131.78570544, 30.21147978], [131.16070544, 29.58647978], [131.14824228, 29.57445625], [131.13548546, 29.56299031], [131.12225898, 29.55190451], [131.10857896, 29.54121235], [131.09446207, 29.53092686], [131.07992550, 29.52106057], [131.06498697, 29.51162550], [131.04966468, 29.50263314], [131.03397729, 29.49409446], [131.01794392, 29.48601985], [131.00158410, 29.47841916], [130.98491777, 29.47130163], [130.96796522, 29.46467595], [130.95074712, 29.45855019], [130.93328444, 29.45293181], [130.91559845, 29.44782765], [130.89771071, 29.44324394], [130.87964300, 29.43918625], [130.86141735, 29.43565954], [130.84305595, 29.43266810], [130.82458117, 29.43021556], [130.80601553, 29.42830493], [130.78738165, 29.42693853], [130.76870222, 29.42611803], [130.75000000, 29.42584441]]]}
    },
    {
      "type": "Feature",
      "properties": {"block_id": "ADC_WNP_10", "basin_id": "BASIN_WNP", "basin_label": "Western North Pacific and East Asia", "domain_count": 2, "grid_cell_count": 91, "outer_area_km2": 3882172.675494, "shelf_width_km": 250.000000, "outer_buffer_km": 430.000000, "shelf_add_area_km2": 35351.471556, "shelf_add_cell_count": 54, "shelf_add_component_count": 1, "bay_add_area_km2": 981001.008766, "bay_add_cell_count": 1867, "bay_add_core_cell_count": 1867, "bay_add_component_count": 4, "open_ocean_area_risk": 0},
      "geometry": {"type": "Polygon", "coordinates": [[[141.25000000, 36.42584441], [140.75000000, 36.42584441], [140.72575539, 36.42623310], [140.70544487, 36.42715846], [140.68518863, 36.42862945], [140.66501136, 36.43064427], [140.64493763, 36.43320047], [140.62499190, 36.43629493], [140.60519848, 36.43992389], [140.58558147, 36.44408293], [140.56616478, 36.44876696], [140.54697207, 36.45397030], [140.52802672, 36.45968660], [140.50935180, 36.46590889], [140.49097008, 36.47262960], [140.47290395, 36.47984054], [140.45517542, 36.48753291], [140.43780608, 36.49569735], [140.42081710, 36.50432392], [140.40422919, 36.51340210], [140.38806254, 36.52292083], [140.37233685, 36.53286851], [140.35707130, 36.54323303], [140.34228446, 36.55400175], [140.32799436, 36.56516156], [140.31421841, 36.57669887], [140.30097340, 36.58859960], [140.28827545, 36.60084927], [140.16327545, 36.72584927], [140.15342450, 36.73599297], [140.14175452, 36.74883538], [140.13067330, 36.76198380], [140.12019434, 36.77542221], [140.11033040, 36.78913422], [140.10109351, 36.80310315], [140.09249493, 36.81731196], [140.08454511, 36.83174336], [140.07725376, 36.84637974], [140.07062975, 36.86120329], [140.06468116, 36.87619594], [140.05941523, 36.89133943], [140.05483838, 36.90661530], [140.05095618, 36.92200495], [140.04777336, 36.93748962], [140.04529381, 36.95305046], [140.04352054, 36.96866849], [140.04245571, 36.98432470], [140.04210063, 37.00000000], [140.04210063, 37.59702410], [139.91327545, 37.72584927], [139.90342450, 37.73599297], [139.89175452, 37.74883538], [139.88067330, 37.76198380], [139.87019434, 37.77542221], [139.86033040, 37.78913422], [139.85109351, 37.80310315], [139.84249493, 37.81731196], [139.83454511, 37.83174336], [139.82725376, 37.84637974], [139.82062975, 37.86120329], [139.81468116, 37.87619594], [139.80941523, 37.89133943], [139.80483838, 37.90661530], [139.80095618, 37.92200495], [139.79777336, 37.93748962], [139.79529381, 37.95305046], [139.79352054, 37.96866849], [139.79245571, 37.98432470], [139.79210063, 38.00000000], [139.79210063, 38.25000000], [139.79233252, 38.26266812], [139.79326122, 38.27832947], [139.79489868, 38.29395631], [139.79724291, 38.30952959], [139.80029104, 38.32503034], [139.80403937, 38.34043968], [139.80848332, 38.35573884], [139.81361749, 38.37090917], [139.81943562, 38.38593219], [139.82593062, 38.40078959], [139.83309457, 38.41546328], [139.83870701, 38.42584441], [139.50000000, 38.42584441], [139.47575539, 38.42623310], [139.45544487, 38.42715846], [139.43518863, 38.42862945], [139.41501136, 38.43064427], [139.39493763, 38.43320047], [139.37499190, 38.43629493], [139.35519848, 38.43992389], [139.33558147, 38.44408293], [139.31616478, 38.44876696], [139.29697207, 38.45397030], [139.27802672, 38.45968660], [139.25935180, 38.46590889], [139.24097008, 38.47262960], [139.22290395, 38.47984054], [139.20517542, 38.48753291], [139.18780608, 38.49569735], [139.17081710, 38.50432392], [139.15422919, 38.51340210], [139.13806254, 38.52292083], [139.12233685, 38.53286851], [139.10707130, 38.54323303], [139.09228446, 38.55400175], [139.07799436, 38.56516156], [139.06421841, 38.57669887], [139.05097340, 38.58859960], [139.03827545, 38.60084927], [138.91327545, 38.72584927], [138.90342450, 38.73599297], [138.89175452, 38.74883538], [138.88067330, 38.76198380], [138.87019434, 38.77542221], [138.86033040, 38.78913422], [138.85109351, 38.80310315], [138.84249493, 38.81731196], [138.83454511, 38.83174336], [138.82725376, 38.84637974], [138.82062975, 38.86120329], [138.81468116, 38.87619594], [138.80941523, 38.89133943], [138.80483838, 38.90661530], [138.80095618, 38.92200495], [138.79777336, 38.93748962], [138.79529381, 38.95305046], [138.79352054, 38.96866849], [138.79245571, 38.98432470], [138.79210063, 39.00000000], [138.79210063, 39.25000000], [138.79233252, 39.26266812], [138.79326122, 39.27832947], [138.79489868, 39.29395631], [138.79724291, 39.30952959], [138.80029104, 39.32503034], [138.80403937, 39.34043968], [138.80848332, 39.35573884], [138.81361749, 39.37090917], [138.81943562, 39.38593219], [138.82593062, 39.40078959], [138.83309457, 39.41546328], [138.84091875, 39.42993538], [138.84939363, 39.44418826], [138.85850887, 39.45820455], [138.86825339, 39.47196717], [138.87861529, 39.48545937], [138.88958197, 39.49866469], [138.89077550, 39.49999704], [138.88067330, 39.51198380], [138.87019434, 39.52542221], [138.86033040, 39.53913422], [138.85109351, 39.55310315], [138.84249493, 39.56731196], [138.83454511, 39.58174336], [138.82725376, 39.59637974], [138.82062975, 39.61120329], [138.81468116, 39.62619594], [138.80941523, 39.64133943], [138.80483838, 39.65661530], [138.80095618, 39.67200495], [138.79777336, 39.68748962], [138.79529381, 39.70305046], [138.79352054, 39.71866849], [138.79245571, 39.73432470], [138.79210063, 39.75000000], [138.79210063, 40.00000000], [138.79233252, 40.01266812], [138.79326122, 40.02832947], [138.79489868, 40.04395631], [138.79724291, 40.05952959], [138.80029104, 40.07503034], [138.80403937, 40.09043968], [138.80848332, 40.10573884], [138.81361749, 40.12090917], [138.81943562, 40.13593218], [138.82593062, 40.15078959], [138.83309457, 40.16546328], [138.84091875, 40.17993538], [138.84939363, 40.19418826], [138.85850887, 40.20820455], [138.86825339, 40.22196717], [138.87861529, 40.23545937], [138.88958197, 40.24866469], [138.90114005, 40.26156705], [138.91327545, 40.27415073], [139.04210063, 40.40297590], [139.04210063, 40.75000000], [139.04233252, 40.76266812], [139.04326122, 40.77832947], [139.04489868, 40.79395631], [139.04724291, 40.80952959], [139.05029104, 40.82503034], [139.05403937, 40.84043968], [139.05848332, 40.85573884], [139.06361749, 40.87090917], [139.06943562, 40.88593219], [139.07593062, 40.90078959], [139.08309457, 40.91546328], [139.09091875, 40.92993538], [139.09939363, 40.94418826], [139.10850887, 40.95820455], [139.11825339, 40.97196717], [139.12861529, 40.98545937], [139.13958197, 40.99866469], [139.15114005, 41.01156705], [139.16327545, 41.02415073], [139.26412472, 41.12500000], [139.16327545, 41.22584927], [139.15342450, 41.23599297], [139.14175452, 41.24883538], [139.13067330, 41.26198380], [139.12019434, 41.27542221], [139.11033040, 41.28913422], [139.10109351, 41.30310315], [139.09249493, 41.31731196], [139.08454511, 41.33174336], [139.07725376, 41.34637974], [139.07062975, 41.36120329], [139.06468116, 41.37619594], [139.05941523, 41.39133943], [139.05483838, 41.40661530], [139.05095618, 41.42200495], [139.04777336, 41.43748962], [139.04529381, 41.45305046], [139.04512613, 41.45452727], [139.02802672, 41.45968660], [139.00935180, 41.46590889], [138.99097008, 41.47262960], [138.97290395, 41.47984054], [138.95517542, 41.48753291], [138.93780608, 41.49569735], [138.92081710, 41.50432392], [138.90422919, 41.51340210], [138.88806254, 41.52292083], [138.87233685, 41.53286851], [138.85707130, 41.54323303], [138.84228446, 41.55400175], [138.82799436, 41.56516156], [138.81421841, 41.57669887], [138.80097340, 41.58859960], [138.78827545, 41.60084927], [138.66327545, 41.72584927], [138.65342450, 41.73599297], [138.64175452, 41.74883538], [138.63067330, 41.76198380], [138.62019434, 41.77542221], [138.61033040, 41.78913422], [138.60109351, 41.80310315], [138.59249493, 41.81731196], [138.58454511, 41.83174336], [138.57725376, 41.84637974], [138.57062975, 41.86120329], [138.56468116, 41.87619594], [138.55941523, 41.89133943], [138.55483838, 41.90661530], [138.55095618, 41.92200495], [138.54777336, 41.93748962], [138.54529381, 41.95305046], [138.54352054, 41.96866849], [138.54245571, 41.98432470], [138.54210063, 42.00000000], [138.54210063, 42.25000000], [138.54233252, 42.26266812], [138.54326122, 42.27832947], [138.54489868, 42.29395631], [138.54724291, 42.30952959], [138.55029104, 42.32503034], [138.55403937, 42.34043968], [138.55848332, 42.35573884], [138.56361749, 42.37090917], [138.56943562, 42.38593219], [138.57593062, 42.40078959], [138.58309457, 42.41546328], [138.59091875, 42.42993538], [138.59939363, 42.44418826], [138.60850887, 42.45820455], [138.61825339, 42.47196717], [138.62861529, 42.48545937], [138.63958197, 42.49866469], [138.65114005, 42.51156705], [138.66327545, 42.52415073], [138.78827545, 42.64915073], [138.80347317, 42.66371165], [138.81682135, 42.67554375], [138.83069728, 42.68700969], [138.84508407, 42.69809549], [138.85996419, 42.70878765], [138.87531951, 42.71907314], [138.89113131, 42.72893943], [138.90738035, 42.73837450], [138.92404681, 42.74736686], [138.94111039, 42.75590554], [138.95855031, 42.76398015], [138.97634532, 42.77158084], [138.99447373, 42.77869837], [139.01291347, 42.78532405], [139.03164205, 42.79144981], [139.05063667, 42.79706819], [139.06987419, 42.80217235], [139.08933116, 42.80675606], [139.10898388, 42.81081375], [139.12880841, 42.81434046], [139.14878059, 42.81733190], [139.16887609, 42.81978444], [139.18907042, 42.82169507], [139.20933900, 42.82306147], [139.22965711, 42.82388197], [139.25000000, 42.82415559], [140.25000000, 42.82415559], [140.27424461, 42.82376690], [140.29455513, 42.82284154], [140.31481137, 42.82137055], [140.33498864, 42.81935573], [140.35506237, 42.81679953], [140.37500810, 42.81370507], [140.39480152, 42.81007611], [140.41441853, 42.80591707], [140.43383522, 42.80123304], [140.45302793, 42.79602970], [140.47197328, 42.79031340], [140.49064820, 42.78409111], [140.50902992, 42.77737040], [140.52709605, 42.77015946], [140.54482458, 42.76246709], [140.56219392, 42.75430265], [140.57918290, 42.74567608], [140.59577081, 42.73659790], [140.61193746, 42.72707917], [140.62766315, 42.71713149], [140.64292870, 42.70676697], [140.65771554, 42.69599825], [140.67200564, 42.68483844], [140.68578159, 42.67330113], [140.69902660, 42.66140040], [140.71172455, 42.64915073], [140.78671969, 42.57415559], [141.25000000, 42.57415559], [141.27424461, 42.57376690], [141.29210063, 42.57295337], [141.29210063, 42.75000000], [141.29233252, 42.76266812], [141.29326122, 42.77832947], [141.29489868, 42.79395631], [141.29724291, 42.80952959], [141.30029104, 42.82503034], [141.30403937, 42.84043968], [141.30848332, 42.85573884], [141.31361749, 42.87090917], [141.31943562, 42.88593218], [141.32593062, 42.90078959], [141.33309457, 42.91546328], [141.34091875, 42.92993538], [141.34939363, 42.94418826], [141.35850887, 42.95820455], [141.36825339, 42.97196717], [141.37861529, 42.98545937], [141.38958197, 42.99866469], [141.40114005, 43.01156705], [141.41327545, 43.02415073], [141.53827545, 43.14915073], [141.55347317, 43.16371165], [141.56682135, 43.17554375], [141.58069728, 43.18700969], [141.59508407, 43.19809549], [141.60996419, 43.20878765], [141.62531951, 43.21907314], [141.64113131, 43.22893943], [141.65738034, 43.23837450], [141.67404681, 43.24736686], [141.69111039, 43.25590554], [141.70855031, 43.26398015], [141.72634532, 43.27158084], [141.74447373, 43.27869837], [141.76291347, 43.28532405], [141.78164205, 43.29144981], [141.80063667, 43.29706819], [141.81987419, 43.30217235], [141.83933116, 43.30675606], [141.85898388, 43.31081375], [141.87880841, 43.31434046], [141.89878059, 43.31733190], [141.91887609, 43.31978444], [141.93907042, 43.32169507], [141.95933900, 43.32306147], [141.97965711, 43.32388197], [142.00000000, 43.32415559], [142.25000000, 43.32415559], [142.27424461, 43.32376690], [142.29455513, 43.32284154], [142.31481137, 43.32137055], [142.33498864, 43.31935573], [142.35506237, 43.31679953], [142.37500810, 43.31370507], [142.39480152, 43.31007611], [142.41441853, 43.30591707], [142.43383522, 43.30123304], [142.45302793, 43.29602970], [142.47197328, 43.29031340], [142.49064820, 43.28409111], [142.50902992, 43.27737040], [142.52709605, 43.27015946], [142.54482458, 43.26246709], [142.56219392, 43.25430265], [142.57918290, 43.24567608], [142.59577081, 43.23659790], [142.61193746, 43.22707917], [142.62766315, 43.21713149], [142.64292870, 43.20676697], [142.65771554, 43.19599825], [142.67200564, 43.18483844], [142.68578159, 43.17330113], [142.69902660, 43.16140040], [142.71172455, 43.14915073], [142.75000000, 43.11087528], [142.78827545, 43.14915073], [142.80347317, 43.16371165], [142.81682135, 43.17554375], [142.83069728, 43.18700969], [142.84508407, 43.19809549], [142.85996419, 43.20878765], [142.87531951, 43.21907314], [142.89113131, 43.22893943], [142.90738034, 43.23837450], [142.92404681, 43.24736686], [142.94111039, 43.25590554], [142.95855031, 43.26398015], [142.97634532, 43.27158084], [142.99447373, 43.27869837], [143.01291347, 43.28532405], [143.03164205, 43.29144981], [143.05063667, 43.29706819], [143.06987419, 43.30217235], [143.08933116, 43.30675606], [143.10898388, 43.31081375], [143.12880841, 43.31434046], [143.14878059, 43.31733190], [143.16887609, 43.31978444], [143.18907042, 43.32169507], [143.20933900, 43.32306147], [143.22965711, 43.32388197], [143.25000000, 43.32415559], [143.50000000, 43.32415559], [143.52424461, 43.32376690], [143.54455513, 43.32284154], [143.56481137, 43.32137055], [143.58498864, 43.31935573], [143.60506237, 43.31679953], [143.62500810, 43.31370507], [143.64480152, 43.31007611], [143.66441853, 43.30591707], [143.68383522, 43.30123304], [143.70302793, 43.29602970], [143.72197328, 43.29031340], [143.74064820, 43.28409111], [143.75902992, 43.27737040], [143.77709605, 43.27015946], [143.79482458, 43.26246709], [143.81219392, 43.25430265], [143.82918290, 43.24567608], [143.84577081, 43.23659790], [143.86193746, 43.22707917], [143.87766314, 43.21713149], [143.89292870, 43.20676697], [143.90771554, 43.19599825], [143.92200564, 43.18483844], [143.93578159, 43.17330113], [143.94902660, 43.16140040], [143.96172455, 43.14915073], [144.08672455, 43.02415073], [144.09657550, 43.01400703], [144.10824548, 43.00116462], [144.11932670, 42.98801620], [144.12980566, 42.97457779], [144.13966960, 42.96086578], [144.14890649, 42.94689685], [144.15750507, 42.93268804], [144.16545489, 42.91825664], [144.17274624, 42.90362026], [144.17937025, 42.88879671], [144.18531884, 42.87380406], [144.19058477, 42.85866057], [144.19516162, 42.84338470], [144.19904382, 42.82799505], [144.20222664, 42.81251038], [144.20470619, 42.79694954], [144.20647946, 42.78133151], [144.20754429, 42.76567530], [144.20789937, 42.75000000], [144.20789937, 41.75000000], [144.20766748, 41.73733188], [144.20673878, 41.72167053], [144.20510132, 41.70604369], [144.20275709, 41.69047041], [144.19970896, 41.67496966], [144.19596063, 41.65956032], [144.19151668, 41.64426116], [144.18638251, 41.62909083], [144.18056438, 41.61406781], [144.17406938, 41.59921041], [144.16690543, 41.58453672], [144.15908125, 41.57006462], [144.15060637, 41.55581174], [144.14149113, 41.54179545], [144.13174661, 41.52803283], [144.12138471, 41.51454063], [144.11041803, 41.50133531], [144.09885995, 41.48843295], [144.08672455, 41.47584927], [143.96172455, 41.35084927], [143.94652683, 41.33628835], [143.93317865, 41.32445625], [143.91930272, 41.31299031], [143.90491593, 41.30190451], [143.89003581, 41.29121235], [143.87468049, 41.28092686], [143.85886869, 41.27106057], [143.84261965, 41.26162550], [143.82595319, 41.25263314], [143.80888961, 41.24409446], [143.79144969, 41.23601985], [143.77365468, 41.22841916], [143.75552627, 41.22130163], [143.73708653, 41.21467595], [143.71835795, 41.20855019], [143.69936333, 41.20293181], [143.68012581, 41.19782765], [143.66066884, 41.19324394], [143.64101612, 41.18918625], [143.62119159, 41.18565954], [143.60121941, 41.18266810], [143.58112391, 41.18021556], [143.56092958, 41.17830493], [143.54066100, 41.17693853], [143.52034289, 41.17611803], [143.50000000, 41.17584441], [143.00000000, 41.17584441], [142.97575539, 41.17623310], [142.95544487, 41.17715846], [142.93518863, 41.17862945], [142.91501136, 41.18064427], [142.89493763, 41.18320047], [142.87499190, 41.18629493], [142.85519848, 41.18992389], [142.83558147, 41.19408293], [142.81616478, 41.19876696], [142.79697207, 41.20397030], [142.77802672, 41.20968660], [142.75935180, 41.21590889], [142.74097008, 41.22262960], [142.72290395, 41.22984054], [142.70517542, 41.23753291], [142.68780608, 41.24569735], [142.67081710, 41.25432392], [142.65422919, 41.26340210], [142.63806254, 41.27292083], [142.62233685, 41.28286851], [142.60707130, 41.29323303], [142.59228446, 41.30400175], [142.57799436, 41.31516156], [142.56421841, 41.32669887], [142.55097340, 41.33859960], [142.53827545, 41.35084927], [142.46227757, 41.42684716], [142.45544487, 41.42715846], [142.43518863, 41.42862945], [142.41501136, 41.43064427], [142.39493763, 41.43320047], [142.37499190, 41.43629493], [142.35519848, 41.43992389], [142.33558147, 41.44408293], [142.31616478, 41.44876696], [142.29697207, 41.45397030], [142.27802672, 41.45968660], [142.25935180, 41.46590889], [142.24097008, 41.47262960], [142.22290395, 41.47984054], [142.20789937, 41.48635099], [142.20789937, 41.15297590], [142.33672455, 41.02415073], [142.34657550, 41.01400703], [142.35824548, 41.00116462], [142.36932670, 40.98801620], [142.37980566, 40.97457779], [142.38966960, 40.96086578], [142.39890649, 40.94689685], [142.40750507, 40.93268804], [142.41545489, 40.91825664], [142.42274624, 40.90362026], [142.42937025, 40.88879671], [142.43531884, 40.87380406], [142.44058477, 40.85866057], [142.44516162, 40.84338470], [142.44904382, 40.82799505], [142.45222664, 40.81251038], [142.45470619, 40.79694954], [142.45647946, 40.78133151], [142.45754429, 40.76567530], [142.45789937, 40.75000000], [142.45789937, 40.65297590], [142.58672455, 40.52415073], [142.59657550, 40.51400703], [142.60824548, 40.50116462], [142.61932670, 40.48801620], [142.62980566, 40.47457779], [142.63966960, 40.46086578], [142.64890649, 40.44689685], [142.65750507, 40.43268804], [142.66545489, 40.41825664], [142.67274624, 40.40362026], [142.67937025, 40.38879671], [142.68531884, 40.37380406], [142.69058477, 40.35866057], [142.69516162, 40.34338470], [142.69904382, 40.32799505], [142.70222664, 40.31251038], [142.70470619, 40.29694954], [142.70647946, 40.28133151], [142.70754429, 40.26567530], [142.70789937, 40.25000000], [142.70789937, 40.15297590], [142.83672455, 40.02415073], [142.84657550, 40.01400703], [142.85824548, 40.00116462], [142.86932670, 39.98801620], [142.87980566, 39.97457779], [142.88966960, 39.96086578], [142.89890649, 39.94689685], [142.90750507, 39.93268804], [142.91545489, 39.91825664], [142.92274624, 39.90362026], [142.92937025, 39.88879671], [142.93531884, 39.87380406], [142.94058477, 39.85866057], [142.94516162, 39.84338470], [142.94904382, 39.82799505], [142.95222664, 39.81251038], [142.95470619, 39.79694954], [142.95647946, 39.78133151], [142.95754429, 39.76567530], [142.95789937, 39.75000000], [142.95789937, 39.50000000], [142.95766748, 39.48733188], [142.95673878, 39.47167053], [142.95510132, 39.45604369], [142.95275709, 39.44047041], [142.94970896, 39.42496966], [142.94596063, 39.40956032], [142.94151668, 39.39426116], [142.93638251, 39.37909083], [142.93056438, 39.36406782], [142.92406938, 39.34921041], [142.91690543, 39.33453672], [142.90908125, 39.32006462], [142.90060637, 39.30581174], [142.89149113, 39.29179545], [142.88174661, 39.27803283], [142.87138471, 39.26454063], [142.86041803, 39.25133531], [142.84885995, 39.23843295], [142.83672455, 39.22584927], [142.70789937, 39.09702410], [142.70789937, 39.00000000], [142.70766748, 38.98733188], [142.70673878, 38.97167053], [142.70510132, 38.95604369], [142.70275709, 38.94047041], [142.69970896, 38.92496966], [142.69596063, 38.90956032], [142.69151668, 38.89426116], [142.68638251, 38.87909083], [142.68056438, 38.86406782], [142.67406938, 38.84921041], [142.66690543, 38.83453672], [142.65908125, 38.82006462], [142.65060637, 38.80581174], [142.64149113, 38.79179545], [142.63174661, 38.77803283], [142.62138471, 38.76454063], [142.61041803, 38.75133531], [142.59885995, 38.73843295], [142.58672455, 38.72584927], [142.45789937, 38.59702410], [142.45789937, 38.25000000], [142.45766748, 38.23733188], [142.45673878, 38.22167053], [142.45510132, 38.20604369], [142.45275709, 38.19047041], [142.44970896, 38.17496966], [142.44596063, 38.15956032], [142.44151668, 38.14426116], [142.43638251, 38.12909083], [142.43056438, 38.11406782], [142.42406938, 38.09921041], [142.41690543, 38.08453672], [142.40908125, 38.07006462], [142.40060637, 38.05581174], [142.39149113, 38.04179545], [142.38174661, 38.02803283], [142.37138471, 38.01454063], [142.36041803, 38.00133531], [142.34885995, 37.98843295], [142.33672455, 37.97584927], [142.21172455, 37.85084927], [142.19652683, 37.83628835], [142.18317865, 37.82445625], [142.16930272, 37.81299031], [142.15491593, 37.80190451], [142.14003581, 37.79121235], [142.12468049, 37.78092686], [142.10886869, 37.77106057], [142.09261965, 37.76162550], [142.07595319, 37.75263314], [142.05888961, 37.74409446], [142.04144969, 37.73601985], [142.02365468, 37.72841916], [142.00552627, 37.72130163], [141.98708653, 37.71467595], [141.96835795, 37.70855019], [141.95789937, 37.70545667], [141.95789937, 37.00000000], [141.95766748, 36.98733188], [141.95673878, 36.97167053], [141.95510132, 36.95604369], [141.95275709, 36.94047041], [141.94970896, 36.92496966], [141.94596063, 36.90956032], [141.94151668, 36.89426116], [141.93638251, 36.87909083], [141.93056438, 36.86406782], [141.92406938, 36.84921041], [141.91690543, 36.83453672], [141.90908125, 36.82006462], [141.90060637, 36.80581174], [141.89149113, 36.79179545], [141.88174661, 36.77803283], [141.87138471, 36.76454063], [141.86041803, 36.75133531], [141.84885995, 36.73843295], [141.83672455, 36.72584927], [141.71172455, 36.60084927], [141.69652683, 36.58628835], [141.68317865, 36.57445625], [141.66930272, 36.56299031], [141.65491593, 36.55190451], [141.64003581, 36.54121235], [141.62468049, 36.53092686], [141.60886869, 36.52106057], [141.59261966, 36.51162550], [141.57595319, 36.50263314], [141.55888961, 36.49409446], [141.54144969, 36.48601985], [141.52365468, 36.47841916], [141.50552627, 36.47130163], [141.48708653, 36.46467595], [141.46835795, 36.45855019], [141.44936333, 36.45293181], [141.43012581, 36.44782765], [141.41066884, 36.44324394], [141.39101612, 36.43918625], [141.37119159, 36.43565954], [141.35121941, 36.43266810], [141.33112391, 36.43021556], [141.31092958, 36.42830493], [141.29066100, 36.42693853], [141.27034289, 36.42611803], [141.25000000, 36.42584441]]]}
    },
    {
      "type": "Feature",
      "properties": {"block_id": "ADC_WNP_11", "basin_id": "BASIN_WNP", "basin_label": "Western North Pacific and East Asia", "domain_count": 2, "grid_cell_count": 77, "outer_area_km2": 5063187.766747, "shelf_width_km": 250.000000, "outer_buffer_km": 430.000000, "shelf_add_area_km2": 53838.534680, "shelf_add_cell_count": 74, "shelf_add_component_count": 1, "bay_add_area_km2": 1566349.427579, "bay_add_cell_count": 2586, "bay_add_core_cell_count": 2586, "bay_add_component_count": 5, "open_ocean_area_risk": 0},
      "geometry": {"type": "Polygon", "coordinates": [[[132.50000000, 34.17584441], [131.75000000, 34.17584441], [131.73654732, 34.17597308], [131.71694508, 34.17662179], [131.69738310, 34.17781677], [131.67788524, 34.17955659], [131.65847523, 34.18183910], [131.63917673, 34.18466154], [131.62001326, 34.18802047], [131.60100815, 34.19191178], [131.58218456, 34.19633075], [131.56356544, 34.20127199], [131.54517345, 34.20672947], [131.52703102, 34.21269655], [131.50916023, 34.21916596], [131.49158288, 34.22612981], [131.47432036, 34.23357963], [131.45739372, 34.24150633], [131.44082357, 34.24990026], [131.42463011, 34.25875120], [131.40883306, 34.26804835], [131.39345167, 34.27778039], [131.37850468, 34.28793546], [131.36401030, 34.29850119], [131.34998619, 34.30946472], [131.33644944, 34.32081267], [131.32341653, 34.33253123], [131.31090335, 34.34460612], [131.18590335, 34.46960612], [131.17027351, 34.48599297], [131.15902049, 34.49883538], [131.14833519, 34.51198380], [131.13823063, 34.52542221], [131.12871913, 34.53913422], [131.11981227, 34.55310315], [131.11152090, 34.56731196], [131.10385513, 34.58174336], [131.09682429, 34.59637974], [131.09043696, 34.61120329], [131.08470090, 34.62619594], [131.07962312, 34.64133943], [131.07520979, 34.65661530], [131.07146630, 34.67200495], [131.06839721, 34.68748962], [131.06600625, 34.70305046], [131.06429633, 34.71866849], [131.06326955, 34.73432470], [131.06292715, 34.75000000], [131.06292715, 35.00000000], [131.06351854, 35.02059861], [131.06476019, 35.03624487], [131.06668440, 35.05184698], [131.06928883, 35.06738591], [131.07257032, 35.08284275], [131.07652485, 35.09819866], [131.08114761, 35.11343492], [131.08643298, 35.12853299], [131.09237451, 35.14347445], [131.09896496, 35.15824112], [131.10619630, 35.17281499], [131.11405972, 35.18717831], [131.12254565, 35.20131359], [131.13164374, 35.21520359], [131.14134290, 35.22883140], [131.15163133, 35.24218042], [131.16249649, 35.25523438], [131.17392513, 35.26797737], [131.18590335, 35.28039388], [131.56090335, 35.65539388], [131.56942722, 35.66371165], [131.58229847, 35.67554375], [131.59567863, 35.68700969], [131.60955139, 35.69809549], [131.62389985, 35.70878765], [131.63870654, 35.71907314], [131.65395340, 35.72893943], [131.66962187, 35.73837450], [131.68569285, 35.74736686], [131.70214677, 35.75590554], [131.71896358, 35.76398015], [131.73612278, 35.77158084], [131.75360348, 35.77869837], [131.77138438, 35.78532405], [131.78944381, 35.79144981], [131.80775976, 35.79706819], [131.82630994, 35.80217235], [131.84507173, 35.80675606], [131.86402227, 35.81081375], [131.88313848, 35.81434046], [131.90239707, 35.81733190], [131.92177458, 35.81978444], [131.94124739, 35.82169507], [131.96079178, 35.82306147], [131.97934806, 35.82383859], [132.31090335, 36.15539388], [132.31942722, 36.16371165], [132.33229847, 36.17554375], [132.34567863, 36.18700969], [132.35955139, 36.19809549], [132.37389985, 36.20878765], [132.38870654, 36.21907314], [132.40395340, 36.22893943], [132.41962187, 36.23837450], [132.43569285, 36.24736686], [132.45214677, 36.25590554], [132.46896358, 36.26398015], [132.48612278, 36.27158084], [132.50360348, 36.27869837], [132.52138438, 36.28532405], [132.53944381, 36.29144981], [132.55775976, 36.29706819], [132.57630994, 36.30217235], [132.59507173, 36.30675606], [132.61402227, 36.31081375], [132.63313848, 36.31434046], [132.65239707, 36.31733190], [132.67177458, 36.31978444], [132.69124739, 36.32169507], [132.71079178, 36.32306147], [132.73038394, 36.32388197], [132.75000000, 36.32415559], [134.72966505, 36.32415559], [134.81090335, 36.40539388], [134.81942722, 36.41371165], [134.83229847, 36.42554375], [134.84567863, 36.43700969], [134.85955139, 36.44809549], [134.87389985, 36.45878765], [134.88870654, 36.46907314], [134.90395340, 36.47893943], [134.91962187, 36.48837450], [134.93569285, 36.49736686], [134.95214677, 36.50590554], [134.96896358, 36.51398015], [134.98612278, 36.52158084], [135.00360348, 36.52869837], [135.02138438, 36.53532405], [135.03944381, 36.54144981], [135.05775976, 36.54706819], [135.07630994, 36.55217235], [135.09507173, 36.55675606], [135.11402227, 36.56081375], [135.13313848, 36.56434046], [135.15239707, 36.56733190], [135.17177458, 36.56978444], [135.19124739, 36.57169507], [135.21079178, 36.57306147], [135.23038394, 36.57388197], [135.25000000, 36.57415559], [135.32072603, 36.57415559], [135.32257032, 36.58284275], [135.32652485, 36.59819866], [135.33114761, 36.61343492], [135.33643298, 36.62853299], [135.34237451, 36.64347445], [135.34896496, 36.65824112], [135.35619630, 36.67281499], [135.36405972, 36.68717831], [135.37254565, 36.70131359], [135.38164374, 36.71520359], [135.39134290, 36.72883140], [135.40163133, 36.74218042], [135.41249649, 36.75523438], [135.42392513, 36.76797737], [135.43590335, 36.78039388], [135.56090335, 36.90539388], [135.56942722, 36.91371165], [135.58229847, 36.92554375], [135.59567863, 36.93700969], [135.60955139, 36.94809549], [135.62389985, 36.95878765], [135.63870654, 36.96907314], [135.65395340, 36.97893943], [135.66962187, 36.98837450], [135.68569285, 36.99736686], [135.70214677, 37.00590554], [135.71896358, 37.01398015], [135.73612278, 37.02158084], [135.75360348, 37.02869837], [135.77138438, 37.03532405], [135.78944381, 37.04144981], [135.80775976, 37.04706819], [135.81292715, 37.04849002], [135.81292715, 37.50000000], [135.81351854, 37.52059861], [135.81476019, 37.53624487], [135.81668440, 37.55184698], [135.81928883, 37.56738591], [135.82257032, 37.58284275], [135.82652485, 37.59819866], [135.83114761, 37.61343492], [135.83643298, 37.62853299], [135.84237451, 37.64347445], [135.84896496, 37.65824112], [135.85619630, 37.67281499], [135.86405972, 37.68717831], [135.87254565, 37.70131359], [135.88164374, 37.71520359], [135.89134290, 37.72883140], [135.90163133, 37.74218042], [135.91249649, 37.75523438], [135.92392513, 37.76797737], [135.93590335, 37.78039388], [136.06090335, 37.90539388], [136.06942722, 37.91371165], [136.08229847, 37.92554375], [136.09567863, 37.93700969], [136.10955139, 37.94809549], [136.12389985, 37.95878765], [136.13870654, 37.96907314], [136.15395340, 37.97893943], [136.16962187, 37.98837450], [136.18569285, 37.99736686], [136.20214677, 38.00590554], [136.21896358, 38.01398015], [136.23612278, 38.02158084], [136.25360348, 38.02869837], [136.27138438, 38.03532405], [136.28944381, 38.04144981], [136.30775976, 38.04706819], [136.32630994, 38.05217235], [136.34507173, 38.05675606], [136.36402227, 38.06081375], [136.38313848, 38.06434046], [136.40239707, 38.06733190], [136.42177458, 38.06978444], [136.44124739, 38.07169507], [136.46079178, 38.07306147], [136.47934806, 38.07383859], [136.56090335, 38.15539388], [136.56942722, 38.16371165], [136.58229847, 38.17554375], [136.59567863, 38.18700969], [136.60955139, 38.19809549], [136.62389985, 38.20878765], [136.63870654, 38.21907314], [136.65395340, 38.22893943], [136.66962187, 38.23837450], [136.68569285, 38.24736686], [136.70214677, 38.25590554], [136.71896358, 38.26398015], [136.73612278, 38.27158084], [136.75360348, 38.27869837], [136.77138438, 38.28532405], [136.78944381, 38.29144981], [136.80775976, 38.29706819], [136.82630994, 38.30217235], [136.84507173, 38.30675606], [136.86402227, 38.31081375], [136.88313848, 38.31434046], [136.90239707, 38.31733190], [136.92177458, 38.31978444], [136.94124739, 38.32169507], [136.96079178, 38.32306147], [136.98038394, 38.32388197], [137.00000000, 38.32415559], [137.50000000, 38.32415559], [137.51345268, 38.32402692], [137.53305492, 38.32337821], [137.55261690, 38.32218323], [137.57211476, 38.32044341], [137.59152477, 38.31816090], [137.61082327, 38.31533846], [137.62998675, 38.31197953], [137.64899185, 38.30808822], [137.66781544, 38.30366925], [137.68643456, 38.29872801], [137.70482655, 38.29327053], [137.72296899, 38.28730345], [137.74083977, 38.28083404], [137.75841712, 38.27387019], [137.77567964, 38.26642037], [137.79260628, 38.25849367], [137.80917643, 38.25009974], [137.82536989, 38.24124880], [137.84116694, 38.23195165], [137.85654833, 38.22221961], [137.87149532, 38.21206454], [137.88598970, 38.20149881], [137.90001381, 38.19053528], [137.91355056, 38.17918733], [137.92658347, 38.16746877], [137.93909665, 38.15539388], [138.00000000, 38.09449053], [138.31292715, 38.40741769], [138.31292715, 38.50000000], [138.31351854, 38.52059861], [138.31476019, 38.53624487], [138.31668440, 38.55184698], [138.31928883, 38.56738591], [138.32257032, 38.58284275], [138.32652485, 38.59819866], [138.33114761, 38.61343492], [138.33643298, 38.62853299], [138.34237451, 38.64347445], [138.34896496, 38.65824112], [138.35619630, 38.67281499], [138.36405972, 38.68717831], [138.37254565, 38.70131359], [138.38164374, 38.71520359], [138.39134290, 38.72883141], [138.40163133, 38.74218042], [138.41249649, 38.75523438], [138.42392513, 38.76797737], [138.43590335, 38.78039388], [138.56090335, 38.90539388], [138.56942722, 38.91371165], [138.58229847, 38.92554375], [138.59567863, 38.93700969], [138.60955139, 38.94809549], [138.62389985, 38.95878765], [138.63870654, 38.96907314], [138.65395340, 38.97893943], [138.66962187, 38.98837450], [138.68569285, 38.99736686], [138.70214677, 39.00590554], [138.71896358, 39.01398015], [138.73612278, 39.02158084], [138.75360348, 39.02869837], [138.77138438, 39.03532405], [138.78944381, 39.04144981], [138.80775976, 39.04706819], [138.82630994, 39.05217235], [138.84507173, 39.05675606], [138.86402227, 39.06081375], [138.88313848, 39.06434046], [138.90239707, 39.06733190], [138.92177458, 39.06978444], [138.94124739, 39.07169507], [138.96079178, 39.07306147], [138.97934806, 39.07383859], [139.31090335, 39.40539388], [139.31942722, 39.41371165], [139.33229847, 39.42554375], [139.34567863, 39.43700969], [139.35955139, 39.44809549], [139.37389985, 39.45878765], [139.38870654, 39.46907314], [139.40395340, 39.47893943], [139.41962187, 39.48837450], [139.43569285, 39.49736686], [139.45214677, 39.50590554], [139.46896358, 39.51398015], [139.48612278, 39.52158084], [139.50360348, 39.52869837], [139.52138438, 39.53532405], [139.53944381, 39.54144981], [139.55775976, 39.54706819], [139.57630994, 39.55217235], [139.59507173, 39.55675606], [139.61402227, 39.56081375], [139.63313848, 39.56434046], [139.65239707, 39.56733190], [139.67177458, 39.56978444], [139.69124739, 39.57169507], [139.71079178, 39.57306147], [139.73038394, 39.57388197], [139.75000000, 39.57415559], [140.00000000, 39.57415559], [140.01345268, 39.57402692], [140.03305492, 39.57337821], [140.05261690, 39.57218323], [140.07211476, 39.57044341], [140.09152477, 39.56816090], [140.11082327, 39.56533846], [140.12998675, 39.56197953], [140.14899185, 39.55808822], [140.16781544, 39.55366925], [140.18643456, 39.54872801], [140.20482655, 39.54327053], [140.22296899, 39.53730345], [140.24083977, 39.53083404], [140.25841712, 39.52387019], [140.27567964, 39.51642037], [140.29260628, 39.50849367], [140.30917643, 39.50009974], [140.32536989, 39.49124880], [140.34116694, 39.48195165], [140.35654833, 39.47221961], [140.37149532, 39.46206454], [140.38598970, 39.45149881], [140.40001381, 39.44053528], [140.41355056, 39.42918733], [140.42658347, 39.41746877], [140.43909665, 39.40539388], [140.56409665, 39.28039388], [140.57972649, 39.26400703], [140.59097951, 39.25116462], [140.60166481, 39.23801620], [140.61176937, 39.22457779], [140.62128087, 39.21086578], [140.63018773, 39.19689685], [140.63847910, 39.18268804], [140.64614487, 39.16825664], [140.65317571, 39.15362026], [140.65956304, 39.13879671], [140.66529910, 39.12380406], [140.67037688, 39.10866057], [140.67479021, 39.09338470], [140.67853370, 39.07799505], [140.68160279, 39.06251038], [140.68399375, 39.04694954], [140.68570367, 39.03133151], [140.68673045, 39.01567530], [140.68707285, 39.00000000], [140.68707285, 38.50000000], [140.68648146, 38.47940139], [140.68523981, 38.46375513], [140.68331560, 38.44815302], [140.68071117, 38.43261409], [140.67742968, 38.41715725], [140.67347515, 38.40180134], [140.66885239, 38.38656508], [140.66356702, 38.37146701], [140.65762549, 38.35652555], [140.65103504, 38.34175888], [140.64380370, 38.32718501], [140.63594028, 38.31282169], [140.62745435, 38.29868641], [140.61835626, 38.28479641], [140.60865710, 38.27116860], [140.59836867, 38.25781958], [140.58750351, 38.24476562], [140.57607487, 38.23202263], [140.56409665, 38.21960612], [140.18707285, 37.84258231], [140.18707285, 37.75000000], [140.18648146, 37.72940139], [140.18523981, 37.71375513], [140.18331560, 37.69815302], [140.18071117, 37.68261409], [140.17742968, 37.66715725], [140.17347515, 37.65180134], [140.16885239, 37.63656508], [140.16356702, 37.62146701], [140.15762549, 37.60652555], [140.15103504, 37.59175888], [140.14380370, 37.57718501], [140.13594028, 37.56282169], [140.12745435, 37.54868641], [140.11835626, 37.53479641], [140.10865710, 37.52116859], [140.09836867, 37.50781958], [140.08750351, 37.49476562], [140.07607487, 37.48202263], [140.06409665, 37.46960612], [139.68909665, 37.09460612], [139.68057278, 37.08628835], [139.66770153, 37.07445625], [139.65432137, 37.06299031], [139.64044861, 37.05190451], [139.62610015, 37.04121235], [139.61129346, 37.03092686], [139.59604660, 37.02106057], [139.58037813, 37.01162550], [139.56430715, 37.00263314], [139.54785323, 36.99409446], [139.53103642, 36.98601985], [139.51387722, 36.97841916], [139.49639652, 36.97130163], [139.47861562, 36.96467595], [139.46055619, 36.95855019], [139.44224024, 36.95293181], [139.42369006, 36.94782765], [139.40492827, 36.94324394], [139.38597773, 36.93918625], [139.36686152, 36.93565954], [139.34760293, 36.93266810], [139.32822542, 36.93021556], [139.30875261, 36.92830493], [139.28920822, 36.92693853], [139.27065194, 36.92616141], [138.93909665, 36.59460612], [138.93057278, 36.58628835], [138.91770153, 36.57445625], [138.90432137, 36.56299031], [138.89044861, 36.55190451], [138.87610015, 36.54121235], [138.86129346, 36.53092686], [138.84604660, 36.52106057], [138.83037813, 36.51162550], [138.81430715, 36.50263314], [138.79785323, 36.49409446], [138.78103642, 36.48601985], [138.76387722, 36.47841916], [138.74639652, 36.47130163], [138.72861562, 36.46467595], [138.71055619, 36.45855019], [138.69224024, 36.45293181], [138.67369006, 36.44782765], [138.65492827, 36.44324394], [138.63597773, 36.43918625], [138.61686152, 36.43565954], [138.59760293, 36.43266810], [138.57822542, 36.43021556], [138.55875261, 36.42830493], [138.53920822, 36.42693853], [138.51961606, 36.42611803], [138.50000000, 36.42584441], [138.27033495, 36.42584441], [137.93909665, 36.09460612], [137.93057278, 36.08628835], [137.91770153, 36.07445625], [137.90432137, 36.06299031], [137.89044861, 36.05190451], [137.87610015, 36.04121235], [137.86129346, 36.03092686], [137.84604660, 36.02106057], [137.83037813, 36.01162550], [137.81430715, 36.00263314], [137.79785323, 35.99409446], [137.78103642, 35.98601985], [137.76387722, 35.97841916], [137.74639652, 35.97130163], [137.72861562, 35.96467595], [137.71055619, 35.95855019], [137.69224024, 35.95293181], [137.67369006, 35.94782765], [137.65492827, 35.94324394], [137.63597773, 35.93918625], [137.61686152, 35.93565954], [137.59760293, 35.93266810], [137.57822542, 35.93021556], [137.55875261, 35.92830493], [137.53920822, 35.92693853], [137.51961606, 35.92611803], [137.50000000, 35.92584441], [137.27033495, 35.92584441], [136.93707285, 35.59258231], [136.93707285, 35.50000000], [136.93648146, 35.47940139], [136.93523981, 35.46375513], [136.93331560, 35.44815302], [136.93071117, 35.43261409], [136.92742968, 35.41715725], [136.92347515, 35.40180134], [136.91885239, 35.38656508], [136.91356702, 35.37146701], [136.90762549, 35.35652555], [136.90103504, 35.34175888], [136.89380370, 35.32718501], [136.88594028, 35.31282169], [136.87745435, 35.29868641], [136.86835626, 35.28479641], [136.85865710, 35.27116860], [136.84836867, 35.25781958], [136.83750351, 35.24476562], [136.82607487, 35.23202263], [136.81409665, 35.21960612], [136.43909665, 34.84460612], [136.43057278, 34.83628835], [136.41770153, 34.82445625], [136.40432137, 34.81299031], [136.39044861, 34.80190451], [136.37610015, 34.79121235], [136.36129346, 34.78092686], [136.34604660, 34.77106057], [136.33037813, 34.76162550], [136.31430715, 34.75263314], [136.29785323, 34.74409446], [136.28103642, 34.73601985], [136.26387722, 34.72841916], [136.24639652, 34.72130163], [136.22861562, 34.71467595], [136.21055619, 34.70855019], [136.19224024, 34.70293181], [136.17369006, 34.69782765], [136.15492827, 34.69324394], [136.13597773, 34.68918625], [136.11686152, 34.68565954], [136.09760293, 34.68266810], [136.07822542, 34.68021556], [136.05875261, 34.67830493], [136.03920822, 34.67693853], [136.01961606, 34.67611803], [136.00000000, 34.67584441], [133.27033495, 34.67584441], [132.93909665, 34.34460612], [132.93057278, 34.33628835], [132.91770153, 34.32445625], [132.90432137, 34.31299031], [132.89044861, 34.30190451], [132.87610015, 34.29121235], [132.86129346, 34.28092686], [132.84604660, 34.27106057], [132.83037813, 34.26162550], [132.81430715, 34.25263314], [132.79785323, 34.24409446], [132.78103642, 34.23601985], [132.76387722, 34.22841916], [132.74639652, 34.22130163], [132.72861562, 34.21467595], [132.71055619, 34.20855019], [132.69224024, 34.20293181], [132.67369006, 34.19782765], [132.65492827, 34.19324394], [132.63597773, 34.18918625], [132.61686152, 34.18565954], [132.59760293, 34.18266810], [132.57822542, 34.18021556], [132.55875261, 34.17830493], [132.53920822, 34.17693853], [132.51961606, 34.17611803], [132.50000000, 34.17584441]]]}
    },
    {
      "type": "Feature",
      "properties": {"block_id": "ADC_WNP_12", "basin_id": "BASIN_WNP", "basin_label": "Western North Pacific and East Asia", "domain_count": 2, "grid_cell_count": 133, "outer_area_km2": 5467209.436293, "shelf_width_km": 250.000000, "outer_buffer_km": 430.000000, "shelf_add_area_km2": 0.000000, "shelf_add_cell_count": 0, "shelf_add_component_count": 0, "bay_add_area_km2": 2071446.930620, "bay_add_cell_count": 3207, "bay_add_core_cell_count": 3207, "bay_add_component_count": 5, "open_ocean_area_risk": 0},
      "geometry": {"type": "Polygon", "coordinates": [[[134.25000000, 32.67584441], [133.75000000, 32.67584441], [133.72393151, 32.67635074], [133.70480333, 32.67736814], [133.68573021, 32.67893091], [133.66673539, 32.68103714], [133.64784202, 32.68368428], [133.62907311, 32.68686909], [133.61045153, 32.69058769], [133.59199997, 32.69483556], [133.57374091, 32.69960752], [133.55569660, 32.70489775], [133.53788901, 32.71069982], [133.52033985, 32.71700664], [133.50307049, 32.72381054], [133.48610198, 32.73110323], [133.46945498, 32.73887582], [133.45314979, 32.74711885], [133.43720627, 32.75582226], [133.42164383, 32.76497546], [133.40648145, 32.77456730], [133.39173759, 32.78458608], [133.37743022, 32.79501961], [133.36357677, 32.80585516], [133.35019411, 32.81707955], [133.33729856, 32.82867909], [133.32490582, 32.84063965], [133.23949705, 32.92604841], [133.22393151, 32.92635074], [133.20480333, 32.92736814], [133.18573021, 32.92893091], [133.16673539, 32.93103714], [133.14784202, 32.93368428], [133.12907311, 32.93686909], [133.11045153, 32.94058769], [133.09199997, 32.94483556], [133.07374091, 32.94960752], [133.05569660, 32.95489775], [133.03788901, 32.96069982], [133.02033985, 32.96700664], [133.00307049, 32.97381054], [132.98610198, 32.98110323], [132.96945498, 32.98887583], [132.95314979, 32.99711885], [132.93720627, 33.00582226], [132.92164383, 33.01497547], [132.90648145, 33.02456730], [132.89173759, 33.03458608], [132.87743022, 33.04501961], [132.86357677, 33.05585516], [132.85019411, 33.06707955], [132.83729856, 33.07867909], [132.82490582, 33.09063965], [132.73949705, 33.17604841], [132.72393152, 33.17635074], [132.70480333, 33.17736814], [132.68573021, 33.17893091], [132.66673539, 33.18103714], [132.64784202, 33.18368428], [132.62907311, 33.18686909], [132.61045153, 33.19058769], [132.59199997, 33.19483556], [132.57374091, 33.19960752], [132.55569660, 33.20489775], [132.53788901, 33.21069982], [132.52033985, 33.21700664], [132.50307049, 33.22381054], [132.48610198, 33.23110323], [132.46945498, 33.23887583], [132.45314979, 33.24711885], [132.43720627, 33.25582226], [132.42164383, 33.26497547], [132.40648145, 33.27456730], [132.39173759, 33.28458608], [132.37743022, 33.29501961], [132.36357677, 33.30585516], [132.35019411, 33.31707955], [132.33729856, 33.32867909], [132.32490582, 33.34063965], [131.94990582, 33.71563965], [131.94225007, 33.72347221], [131.93071412, 33.73599297], [131.91971947, 33.74883538], [131.90927951, 33.76198380], [131.89940695, 33.77542221], [131.89011384, 33.78913422], [131.88141148, 33.80310315], [131.87331048, 33.81731196], [131.86582072, 33.83174336], [131.85895131, 33.84637974], [131.85271063, 33.86120329], [131.84710627, 33.87619594], [131.84214508, 33.89133943], [131.83783308, 33.90661530], [131.83417554, 33.92200495], [131.83117691, 33.93748962], [131.82884085, 33.95305046], [131.82717020, 33.96866849], [131.82616699, 33.98432470], [131.82583245, 34.00000000], [131.82583245, 34.50000000], [131.82596932, 34.51002712], [131.82673163, 34.52569241], [131.82816193, 34.54132639], [131.83025846, 34.55691003], [131.83301868, 34.57242433], [131.83643922, 34.58785040], [131.84051592, 34.60316943], [131.84524379, 34.61836276], [131.85061710, 34.63341189], [131.85662928, 34.64829848], [131.86327303, 34.66300438], [131.87054023, 34.67751169], [131.87842203, 34.69180274], [131.88690884, 34.70586009], [131.89599032, 34.71966664], [131.90565539, 34.73320556], [131.91589229, 34.74646036], [131.92668854, 34.75941488], [131.93803099, 34.77205334], [131.94990582, 34.78436035], [132.07490582, 34.90936035], [132.09188898, 34.92554375], [132.10496193, 34.93700969], [132.11851617, 34.94809549], [132.13253519, 34.95878765], [132.14700191, 34.96907314], [132.16189870, 34.97893943], [132.17720742, 34.98837450], [132.19290941, 34.99736686], [132.20898554, 35.00590554], [132.22541623, 35.01398015], [132.24218145, 35.02158084], [132.25926079, 35.02869837], [132.27663344, 35.03532405], [132.29427822, 35.04144981], [132.31217364, 35.04706819], [132.33029790, 35.05217235], [132.34862891, 35.05675606], [132.36714435, 35.06081375], [132.38582165, 35.06434046], [132.40463806, 35.06733190], [132.42357065, 35.06978444], [132.44259636, 35.07169507], [132.46169201, 35.07306147], [132.48083433, 35.07388197], [132.50000000, 35.07415559], [132.73970105, 35.07415559], [132.82490582, 35.15936035], [132.84188898, 35.17554375], [132.85496193, 35.18700969], [132.86851617, 35.19809549], [132.88253519, 35.20878765], [132.89700191, 35.21907314], [132.91189870, 35.22893943], [132.92720741, 35.23837450], [132.94290941, 35.24736686], [132.95898554, 35.25590554], [132.97541623, 35.26398015], [132.99218145, 35.27158084], [133.00926079, 35.27869837], [133.02663344, 35.28532405], [133.04427822, 35.29144981], [133.06217364, 35.29706819], [133.08029790, 35.30217235], [133.09862891, 35.30675606], [133.11714435, 35.31081375], [133.13582165, 35.31434046], [133.15463806, 35.31733190], [133.17357065, 35.31978444], [133.19259636, 35.32169507], [133.21169201, 35.32306147], [133.23083433, 35.32388197], [133.25000000, 35.32415559], [133.73970105, 35.32415559], [133.82490582, 35.40936035], [133.84188898, 35.42554375], [133.85496193, 35.43700969], [133.86851617, 35.44809549], [133.88253519, 35.45878765], [133.89700191, 35.46907314], [133.91189870, 35.47893943], [133.92720742, 35.48837450], [133.94290941, 35.49736686], [133.95898554, 35.50590554], [133.97541623, 35.51398015], [133.99218145, 35.52158084], [134.00926079, 35.52869837], [134.02663344, 35.53532405], [134.04427822, 35.54144981], [134.06217364, 35.54706819], [134.08029790, 35.55217235], [134.09862891, 35.55675606], [134.11714435, 35.56081375], [134.13582165, 35.56434046], [134.15463806, 35.56733190], [134.17357065, 35.56978444], [134.19259636, 35.57169507], [134.21169201, 35.57306147], [134.23083433, 35.57388197], [134.25000000, 35.57415559], [135.83340257, 35.57415559], [135.83643922, 35.58785040], [135.84051592, 35.60316943], [135.84524379, 35.61836276], [135.85061710, 35.63341189], [135.85662928, 35.64829848], [135.86327302, 35.66300438], [135.87054023, 35.67751169], [135.87842203, 35.69180274], [135.88690884, 35.70586009], [135.89599032, 35.71966664], [135.90565539, 35.73320556], [135.91589229, 35.74646036], [135.92668854, 35.75941488], [135.93803099, 35.77205334], [135.94990582, 35.78436035], [136.07490582, 35.90936035], [136.09188898, 35.92554375], [136.10496193, 35.93700969], [136.11851617, 35.94809549], [136.13253519, 35.95878765], [136.14700191, 35.96907314], [136.16189870, 35.97893943], [136.17720742, 35.98837450], [136.19290941, 35.99736686], [136.20898554, 36.00590554], [136.22541623, 36.01398015], [136.24218145, 36.02158084], [136.25926079, 36.02869837], [136.27663344, 36.03532405], [136.29427822, 36.04144981], [136.31217364, 36.04706819], [136.33029790, 36.05217235], [136.34862891, 36.05675606], [136.36714435, 36.06081375], [136.38582165, 36.06434046], [136.40463806, 36.06733190], [136.42357065, 36.06978444], [136.44259636, 36.07169507], [136.46169201, 36.07306147], [136.48083433, 36.07388197], [136.50000000, 36.07415559], [137.00000000, 36.07415559], [137.02606849, 36.07364926], [137.04519667, 36.07263186], [137.06426979, 36.07106909], [137.08326461, 36.06896286], [137.10215798, 36.06631572], [137.12092689, 36.06313091], [137.13954847, 36.05941231], [137.15800003, 36.05516444], [137.17625909, 36.05039248], [137.19430340, 36.04510225], [137.21211099, 36.03930018], [137.22966015, 36.03299336], [137.24692951, 36.02618946], [137.26389802, 36.01889677], [137.28054502, 36.01112418], [137.29685021, 36.00288115], [137.31279373, 35.99417774], [137.32835617, 35.98502454], [137.34351855, 35.97543270], [137.35826241, 35.96541392], [137.37256978, 35.95498039], [137.38642323, 35.94414484], [137.39980589, 35.93292045], [137.41270144, 35.92132091], [137.42509418, 35.90936035], [137.75000000, 35.58445453], [137.82490582, 35.65936035], [137.84188898, 35.67554375], [137.85496193, 35.68700969], [137.86851617, 35.69809549], [137.88253519, 35.70878765], [137.89700191, 35.71907314], [137.91189870, 35.72893943], [137.92720741, 35.73837450], [137.94290941, 35.74736686], [137.95898554, 35.75590554], [137.97541623, 35.76398015], [137.99218145, 35.77158084], [138.00926079, 35.77869837], [138.02663344, 35.78532405], [138.04427822, 35.79144981], [138.06217364, 35.79706819], [138.08029790, 35.80217235], [138.09862891, 35.80675606], [138.11714435, 35.81081375], [138.13582165, 35.81434046], [138.15463806, 35.81733190], [138.17357065, 35.81978444], [138.19259636, 35.82169507], [138.21169201, 35.82306147], [138.23083433, 35.82388197], [138.25000000, 35.82415559], [138.48970105, 35.82415559], [138.57583245, 35.91028699], [138.57583245, 36.00000000], [138.57596932, 36.01002712], [138.57673163, 36.02569241], [138.57816193, 36.04132639], [138.58025846, 36.05691003], [138.58301868, 36.07242433], [138.58643922, 36.08785040], [138.59051592, 36.10316943], [138.59524379, 36.11836276], [138.60061710, 36.13341189], [138.60662928, 36.14829848], [138.61327302, 36.16300438], [138.62054023, 36.17751169], [138.62842203, 36.19180274], [138.63690884, 36.20586009], [138.64599032, 36.21966664], [138.65565539, 36.23320556], [138.66589229, 36.24646036], [138.67668854, 36.25941488], [138.68803099, 36.27205334], [138.69990582, 36.28436035], [139.07490582, 36.65936035], [139.09188898, 36.67554375], [139.10496193, 36.68700969], [139.11851617, 36.69809549], [139.13253519, 36.70878765], [139.14700191, 36.71907314], [139.16189870, 36.72893943], [139.17720741, 36.73837450], [139.19290940, 36.74736686], [139.20898554, 36.75590554], [139.22541623, 36.76398015], [139.24218145, 36.77158084], [139.25926079, 36.77869837], [139.27663344, 36.78532405], [139.29427822, 36.79144981], [139.31217364, 36.79706819], [139.33029790, 36.80217235], [139.34862891, 36.80675606], [139.36714435, 36.81081375], [139.38582165, 36.81434046], [139.40463806, 36.81733190], [139.42357065, 36.81978444], [139.44259636, 36.82169507], [139.46169201, 36.82306147], [139.48083433, 36.82388197], [139.50000000, 36.82415559], [139.58340257, 36.82415559], [139.58643922, 36.83785040], [139.59051591, 36.85316943], [139.59524379, 36.86836276], [139.60061710, 36.88341189], [139.60662928, 36.89829848], [139.61327302, 36.91300438], [139.62054023, 36.92751169], [139.62842203, 36.94180274], [139.63690884, 36.95586009], [139.64599032, 36.96966664], [139.65565539, 36.98320556], [139.66589229, 36.99646036], [139.67668854, 37.00941488], [139.68803099, 37.02205334], [139.69990582, 37.03436035], [140.07490582, 37.40936035], [140.09188898, 37.42554375], [140.10496193, 37.43700969], [140.11851617, 37.44809549], [140.13253519, 37.45878765], [140.14700191, 37.46907314], [140.16189870, 37.47893943], [140.17720741, 37.48837450], [140.19290941, 37.49736686], [140.20898554, 37.50590554], [140.22541623, 37.51398015], [140.24218145, 37.52158084], [140.25926079, 37.52869837], [140.27663344, 37.53532405], [140.29427822, 37.54144981], [140.31217364, 37.54706819], [140.33029790, 37.55217235], [140.34862891, 37.55675606], [140.36714435, 37.56081375], [140.38582165, 37.56434046], [140.40463806, 37.56733190], [140.42357065, 37.56978444], [140.44259636, 37.57169507], [140.46169201, 37.57306147], [140.48083433, 37.57388197], [140.50000000, 37.57415559], [141.00000000, 37.57415559], [141.02606849, 37.57364926], [141.04519667, 37.57263186], [141.06426979, 37.57106909], [141.08326461, 37.56896286], [141.10215798, 37.56631572], [141.12092689, 37.56313091], [141.13954847, 37.55941231], [141.15800003, 37.55516444], [141.17625909, 37.55039248], [141.19430340, 37.54510225], [141.21211099, 37.53930018], [141.22966015, 37.53299336], [141.24692951, 37.52618946], [141.26389802, 37.51889677], [141.28054502, 37.51112418], [141.29685021, 37.50288115], [141.31279373, 37.49417774], [141.32835617, 37.48502454], [141.34351855, 37.47543270], [141.35826241, 37.46541392], [141.37256978, 37.45498039], [141.38642323, 37.44414484], [141.39980589, 37.43292045], [141.41270144, 37.42132091], [141.42509418, 37.40936035], [141.55009418, 37.28436035], [141.55774993, 37.27652779], [141.56928588, 37.26400703], [141.58028053, 37.25116462], [141.59072049, 37.23801620], [141.60059305, 37.22457779], [141.60988616, 37.21086578], [141.61858852, 37.19689685], [141.62668952, 37.18268804], [141.63417928, 37.16825664], [141.64104869, 37.15362026], [141.64728937, 37.13879671], [141.65289373, 37.12380406], [141.65785492, 37.10866057], [141.66216692, 37.09338470], [141.66582446, 37.07799505], [141.66882309, 37.06251038], [141.67115915, 37.04694954], [141.67282980, 37.03133151], [141.67383301, 37.01567530], [141.67416755, 37.00000000], [141.67416755, 36.75000000], [141.67403068, 36.73997288], [141.67326837, 36.72430759], [141.67183807, 36.70867361], [141.66974154, 36.69308997], [141.66698132, 36.67757567], [141.66356078, 36.66214960], [141.65948408, 36.64683057], [141.65475621, 36.63163724], [141.64938290, 36.61658811], [141.64337072, 36.60170152], [141.63672697, 36.58699562], [141.62945977, 36.57248831], [141.62157797, 36.55819726], [141.61309116, 36.54413991], [141.60400968, 36.53033336], [141.59434461, 36.51679444], [141.58410771, 36.50353964], [141.57331146, 36.49058512], [141.56196901, 36.47794666], [141.55009418, 36.46563965], [141.45945453, 36.37500000], [141.55009418, 36.28436035], [141.55774993, 36.27652779], [141.56928588, 36.26400703], [141.58028053, 36.25116462], [141.59072049, 36.23801620], [141.60059305, 36.22457779], [141.60988616, 36.21086578], [141.61858852, 36.19689685], [141.62668952, 36.18268804], [141.63417928, 36.16825664], [141.64104869, 36.15362026], [141.64728937, 36.13879671], [141.65289373, 36.12380406], [141.65785492, 36.10866057], [141.66216692, 36.09338470], [141.66582446, 36.07799505], [141.66882309, 36.06251038], [141.67115915, 36.04694954], [141.67282980, 36.03133151], [141.67383301, 36.01567530], [141.67416755, 36.00000000], [141.67416755, 35.50000000], [141.67403068, 35.48997288], [141.67326837, 35.47430759], [141.67183807, 35.45867360], [141.66974154, 35.44308997], [141.66698132, 35.42757567], [141.66356078, 35.41214960], [141.65948408, 35.39683057], [141.65475621, 35.38163724], [141.64938290, 35.36658811], [141.64337071, 35.35170152], [141.63672697, 35.33699562], [141.62945977, 35.32248831], [141.62157797, 35.30819726], [141.61309116, 35.29413991], [141.60400968, 35.28033336], [141.59434461, 35.26679444], [141.58410771, 35.25353964], [141.57331146, 35.24058512], [141.56196901, 35.22794666], [141.55009418, 35.21563965], [141.42509418, 35.09063965], [141.40811102, 35.07445625], [141.39503807, 35.06299031], [141.38148383, 35.05190451], [141.36746481, 35.04121235], [141.35299809, 35.03092686], [141.33810130, 35.02106057], [141.32279258, 35.01162550], [141.30709059, 35.00263314], [141.29101446, 34.99409446], [141.27458377, 34.98601985], [141.25781855, 34.97841916], [141.24073921, 34.97130163], [141.22336656, 34.96467595], [141.20572178, 34.95855019], [141.18782636, 34.95293181], [141.17040557, 34.94802576], [141.16974154, 34.94308997], [141.16698132, 34.92757567], [141.16356078, 34.91214960], [141.15948408, 34.89683057], [141.15475621, 34.88163724], [141.14938290, 34.86658811], [141.14337072, 34.85170152], [141.13672697, 34.83699562], [141.12945977, 34.82248831], [141.12157797, 34.80819726], [141.11309116, 34.79413991], [141.10400968, 34.78033336], [141.09434461, 34.76679444], [141.08410771, 34.75353964], [141.07331146, 34.74058512], [141.06196901, 34.72794666], [141.05009418, 34.71563965], [140.92509418, 34.59063965], [140.90811102, 34.57445625], [140.89503807, 34.56299031], [140.88148383, 34.55190451], [140.86746481, 34.54121235], [140.85299809, 34.53092686], [140.83810130, 34.52106057], [140.82279258, 34.51162550], [140.80709059, 34.50263314], [140.79101446, 34.49409446], [140.77458377, 34.48601985], [140.75781855, 34.47841916], [140.74073921, 34.47130163], [140.72336656, 34.46467595], [140.70572178, 34.45855019], [140.68782636, 34.45293181], [140.66970210, 34.44782765], [140.65137109, 34.44324394], [140.63285565, 34.43918625], [140.61417835, 34.43565954], [140.59536194, 34.43266810], [140.57642935, 34.43021556], [140.55740364, 34.42830493], [140.53830799, 34.42693853], [140.51916567, 34.42611803], [140.51044811, 34.42599357], [140.42509418, 34.34063965], [140.40811102, 34.32445625], [140.39503807, 34.31299031], [140.38148383, 34.30190451], [140.36746481, 34.29121235], [140.35299809, 34.28092686], [140.33810130, 34.27106057], [140.32279258, 34.26162550], [140.30709059, 34.25263314], [140.29101446, 34.24409446], [140.27458377, 34.23601985], [140.25781855, 34.22841916], [140.24073921, 34.22130163], [140.22336656, 34.21467595], [140.20572178, 34.20855019], [140.18782636, 34.20293181], [140.16970210, 34.19782765], [140.15137109, 34.19324394], [140.13285565, 34.18918625], [140.11417835, 34.18565954], [140.09536194, 34.18266810], [140.07642935, 34.18021556], [140.05740364, 34.17830493], [140.03830799, 34.17693853], [140.01916567, 34.17611803], [140.00000000, 34.17584441], [139.75000000, 34.17584441], [139.72393151, 34.17635074], [139.70480333, 34.17736814], [139.68573021, 34.17893091], [139.66673539, 34.18103714], [139.64784202, 34.18368428], [139.62907311, 34.18686909], [139.61045153, 34.19058769], [139.59199997, 34.19483556], [139.57374091, 34.19960752], [139.55569660, 34.20489775], [139.54336890, 34.20891436], [139.42509418, 34.09063965], [139.40811102, 34.07445625], [139.39503807, 34.06299031], [139.38148383, 34.05190451], [139.36746481, 34.04121235], [139.35299809, 34.03092686], [139.33810130, 34.02106057], [139.32279258, 34.01162550], [139.30709059, 34.00263314], [139.29101446, 33.99409446], [139.27458377, 33.98601985], [139.25781855, 33.97841916], [139.24073921, 33.97130163], [139.22336656, 33.96467595], [139.20572178, 33.95855019], [139.18782636, 33.95293181], [139.16970210, 33.94782765], [139.15137109, 33.94324394], [139.13285565, 33.93918625], [139.11417835, 33.93565954], [139.09536194, 33.93266810], [139.07642935, 33.93021556], [139.05740364, 33.92830493], [139.03830799, 33.92693853], [139.01916567, 33.92611803], [139.00000000, 33.92584441], [137.51029895, 33.92584441], [137.42509418, 33.84063965], [137.40811102, 33.82445625], [137.39503807, 33.81299031], [137.38148383, 33.80190451], [137.36746481, 33.79121235], [137.35299809, 33.78092686], [137.33810130, 33.77106057], [137.32279258, 33.76162550], [137.30709059, 33.75263314], [137.29101446, 33.74409446], [137.27458377, 33.73601985], [137.25781855, 33.72841916], [137.24073921, 33.72130163], [137.22336656, 33.71467595], [137.20572178, 33.70855019], [137.18782636, 33.70293181], [137.17040557, 33.69802576], [137.16974154, 33.69308997], [137.16698132, 33.67757567], [137.16356078, 33.66214960], [137.15948408, 33.64683057], [137.15475621, 33.63163724], [137.14938290, 33.61658811], [137.14337072, 33.60170152], [137.13672698, 33.58699562], [137.12945977, 33.57248831], [137.12157797, 33.55819726], [137.11309116, 33.54413991], [137.10400968, 33.53033336], [137.09434461, 33.51679444], [137.08410771, 33.50353964], [137.07331146, 33.49058512], [137.06196901, 33.47794666], [137.05009418, 33.46563965], [136.42509418, 32.84063965], [136.40811102, 32.82445625], [136.39503807, 32.81299031], [136.38148383, 32.80190451], [136.36746481, 32.79121235], [136.35299809, 32.78092686], [136.33810130, 32.77106057], [136.32279259, 32.76162550], [136.30709060, 32.75263314], [136.29101446, 32.74409446], [136.27458377, 32.73601985], [136.25781855, 32.72841916], [136.24073921, 32.72130163], [136.22336656, 32.71467595], [136.20572178, 32.70855019], [136.18782636, 32.70293181], [136.16970210, 32.69782765], [136.15137109, 32.69324394], [136.13285565, 32.68918625], [136.11417835, 32.68565954], [136.09536194, 32.68266810], [136.07642935, 32.68021556], [136.05740364, 32.67830493], [136.03830799, 32.67693853], [136.01916567, 32.67611803], [136.00000000, 32.67584441], [135.50000000, 32.67584441], [135.47393151, 32.67635074], [135.45480333, 32.67736814], [135.43573021, 32.67893091], [135.41673539, 32.68103714], [135.39784202, 32.68368428], [135.37907311, 32.68686909], [135.36045153, 32.69058769], [135.34199997, 32.69483556], [135.32374091, 32.69960752], [135.30569660, 32.70489775], [135.28788901, 32.71069982], [135.27033985, 32.71700664], [135.25307049, 32.72381054], [135.23610198, 32.73110323], [135.21945498, 32.73887582], [135.20314979, 32.74711885], [135.18720627, 32.75582226], [135.17164383, 32.76497546], [135.15648145, 32.77456730], [135.14173759, 32.78458608], [135.12743022, 32.79501961], [135.11357677, 32.80585516], [135.10019411, 32.81707955], [135.08729856, 32.82867909], [135.07490582, 32.84063965], [134.95666709, 32.95887837], [134.95572178, 32.95855019], [134.93782636, 32.95293181], [134.91970210, 32.94782765], [134.90137109, 32.94324394], [134.88285565, 32.93918625], [134.86417835, 32.93565954], [134.84536194, 32.93266810], [134.82642935, 32.93021556], [134.80740364, 32.92830493], [134.78830799, 32.92693853], [134.76916567, 32.92611803], [134.76044811, 32.92599357], [134.67509418, 32.84063965], [134.65811102, 32.82445625], [134.64503807, 32.81299031], [134.63148383, 32.80190451], [134.61746481, 32.79121235], [134.60299809, 32.78092686], [134.58810130, 32.77106057], [134.57279259, 32.76162550], [134.55709059, 32.75263314], [134.54101446, 32.74409446], [134.52458377, 32.73601985], [134.50781855, 32.72841916], [134.49073921, 32.72130163], [134.47336656, 32.71467595], [134.45572178, 32.70855019], [134.43782636, 32.70293181], [134.41970210, 32.69782765], [134.40137109, 32.69324394], [134.38285565, 32.68918625], [134.36417835, 32.68565954], [134.34536194, 32.68266810], [134.32642935, 32.68021556], [134.30740364, 32.67830493], [134.28830799, 32.67693853], [134.26916567, 32.67611803], [134.25000000, 32.67584441]]]}
    }
  ]
}
