{
  "type": "FeatureCollection",
  "name": "outer",
  "crs": {"type": "name", "properties": {"name": "EPSG:4326"}},
  "features": [
    {
      "type": "Feature",
      "properties": {"block_id": "ADC_AUSSP_01", "basin_id": "BASIN_AUSSP", "basin_label": "Australia and South Pacific", "domain_count": 2, "grid_cell_count": 90, "outer_area_km2": 2970014.950922, "shelf_width_km": 250.000000, "outer_buffer_km": 430.000000, "shelf_add_area_km2": 0.000000, "shelf_add_cell_count": 0, "shelf_add_component_count": 0, "bay_add_area_km2": 0.000000, "bay_add_cell_count": 0, "bay_add_core_cell_count": 0, "bay_add_component_count": 0, "open_ocean_area_risk": 0},
      "geometry": {"type": "Polygon", "coordinates": [[[113.83051886, -36.58395584], [113.81803382, -36.58380276], [113.48416766, -36.57409216], [113.47263517, -36.57357713], [113.13830843, -36.55343088], [113.12746924, -36.55261811], [112.79356203, -36.52265110], [112.78370741, -36.52163363], [112.45026941, -36.48269045], [112.44084398, -36.48146663], [112.10869158, -36.43398807], [112.09946262, -36.43254946], [111.76900476, -36.37674246], [111.76068542, -36.37523910], [111.43236083, -36.31200573], [111.42358384, -36.31020407], [111.09774196, -36.23916370], [111.08855563, -36.23703671], [110.76545064, -36.15782716], [110.75586879, -36.15534003], [110.43574791, -36.06759453], [110.42601971, -36.06478192], [110.10917886, -35.96837384], [110.09977958, -35.96537345], [109.78629488, -35.86057499], [109.77674651, -35.85723344], [109.46696701, -35.74391663], [109.45760938, -35.74034490], [109.15165211, -35.61864074], [109.14356604, -35.61530910], [108.84176904, -35.48661394], [108.83103367, -35.48182481], [108.53426423, -35.34349423], [108.52447057, -35.33874418], [108.23267868, -35.19161444], [108.22371489, -35.18693150], [107.93738053, -35.03204064], [107.92642352, -35.02585541], [107.64656870, -34.86113086], [107.63614194, -34.85474276], [107.36318102, -34.68078101], [107.35301298, -34.67404361], [107.08753639, -34.49124331], [107.07703280, -34.48371261], [106.81972275, -34.29170018], [106.80963605, -34.28387129], [106.56091336, -34.08313216], [106.55113169, -34.07492367], [106.31165637, -33.86600105], [106.30173474, -33.85698441], [106.07190951, -33.63942033], [106.06245390, -33.63009816], [105.84279499, -33.40453752], [105.83371736, -33.39482493], [105.62469592, -33.16174098], [105.61540132, -33.15089996], [105.41840207, -32.91044764], [105.41072259, -32.90069087], [105.22392102, -32.65352646], [105.21601019, -32.64257785], [105.04090312, -32.38887942], [105.03346822, -32.37759076], [104.87027487, -32.11764999], [104.86304951, -32.10553392], [104.71270375, -31.83973197], [104.70609009, -31.82738691], [104.56851472, -31.55575347], [104.56270729, -31.54362588], [104.43753835, -31.26655350], [104.43243517, -31.25457095], [104.31941585, -30.97232274], [104.31507102, -30.96078654], [104.21373893, -30.67384418], [104.20990420, -30.66222682], [104.12044723, -30.37111694], [104.11711428, -30.35941567], [104.03964469, -30.06440972], [104.03691637, -30.05311359], [103.97109100, -29.75475205], [103.96869773, -29.74270553], [103.91545228, -29.44166456], [103.91377115, -29.43101284], [103.87161270, -29.12744688], [103.87054641, -29.11882419], [103.83739272, -28.81323214], [103.83649759, -28.80343341], [103.81370552, -28.49650087], [103.81313593, -28.48648295], [103.80097849, -28.17858005], [103.80076665, -28.16995558], [103.79778944, -27.86141112], [103.79785819, -27.85172288], [103.80521957, -27.54298633], [103.80555698, -27.53430564], [103.82220012, -27.22557454], [103.82280417, -27.21683234], [103.84879676, -26.90853950], [103.84951678, -26.90113556], [103.88339462, -26.59374838], [103.88449464, -26.58499211], [103.92777959, -26.27820112], [103.92884259, -26.27127184], [103.97958093, -25.96517830], [103.98081529, -25.95825131], [104.03898732, -25.65317010], [104.04026451, -25.64685197], [104.10516379, -25.34310128], [104.10667145, -25.33642788], [104.17865705, -25.03427037], [104.18043225, -25.02720911], [104.25992242, -24.72682963], [104.26201158, -24.71933722], [104.34947799, -24.42095031], [104.35182218, -24.41333570], [104.44745333, -24.11697395], [104.44990273, -24.10970666], [104.55332790, -23.81547997], [104.55590425, -23.80843612], [104.66687587, -23.51649474], [104.66971597, -23.50930496], [104.78844106, -23.21976995], [104.79080286, -23.21417263], [104.91552171, -22.92676120], [104.91851491, -22.92008701], [105.05035075, -22.63543486], [105.05398409, -22.62786756], [105.19424008, -22.34584853], [105.19750738, -22.33946891], [105.34473335, -22.06016716], [105.34799996, -22.05413557], [105.50164284, -21.77790007], [105.50565334, -21.77090777], [105.66680911, -21.49829249], [105.67063145, -21.49199949], [105.83839855, -21.22307871], [105.84265639, -21.21644332], [106.01743736, -20.95153492], [106.02145698, -20.94559267], [106.20253948, -20.68442200], [106.20632451, -20.67908309], [106.39310728, -20.42136730], [106.39711385, -20.41596188], [106.58969796, -20.16186044], [106.59412720, -20.15615310], [106.79296100, -19.90589346], [106.79749406, -19.90031861], [107.00241617, -19.65403405], [107.00717261, -19.64844925], [107.21809043, -19.40647348], [107.22312048, -19.40083792], [107.44001602, -19.16349940], [107.44526577, -19.15789025], [107.66806974, -18.92542464], [107.67335799, -18.92003387], [107.90179906, -18.69250340], [107.90740979, -18.68704727], [108.14155239, -18.46473695], [108.14738257, -18.45933387], [108.38716543, -18.24243408], [108.39329147, -18.23702868], [108.63872863, -18.02578516], [108.64497020, -18.02054477], [108.89583495, -17.81509272], [108.90271005, -17.80961135], [109.15934063, -17.61044670], [109.16639928, -17.60511555], [109.42856174, -17.41245097], [109.43614881, -17.40703412], [109.70407920, -17.22123386], [109.71198483, -17.21591334], [109.98544434, -17.03735305], [109.99377746, -17.03208066], [110.27252687, -16.86124985], [110.28087099, -16.85629572], [110.56443630, -16.69325647], [110.57308036, -16.68844845], [110.86115333, -16.53351909], [110.86988975, -16.52897757], [111.16208523, -16.38224915], [111.17278834, -16.37709830], [111.46924069, -16.24051646], [111.47951874, -16.23597688], [111.78067078, -16.10860913], [111.78908194, -16.10517722], [112.09429711, -15.98514241], [112.10532154, -15.98101419], [112.41470027, -15.87090384], [112.42599965, -15.86709143], [112.73928580, -15.76711238], [112.75226621, -15.76323539], [113.06870967, -15.67510800], [113.08015942, -15.67211861], [113.39984666, -15.59416197], [113.40947487, -15.59195128], [113.73190501, -15.52248060], [113.74384196, -15.52011488], [114.06838479, -15.46135897], [114.08087029, -15.45931925], [114.40727643, -15.41172692], [114.41911331, -15.41019583], [114.74723829, -15.37312659], [114.75967922, -15.37193337], [115.08903420, -15.34594288], [115.10093813, -15.34519592], [115.43140263, -15.32978820], [115.44350779, -15.32942160], [115.77468388, -15.32479695], [115.78585154, -15.32480896], [116.11756639, -15.33015514], [116.12906658, -15.33051882], [116.46093618, -15.34616604], [116.47202831, -15.34685568], [116.80371473, -15.37247219], [116.81398567, -15.37340938], [117.14510569, -15.40827807], [117.15482820, -15.40943216], [117.48519767, -15.45309025], [117.49457341, -15.45445182], [117.82375811, -15.50657889], [117.83319197, -15.50819861], [118.16104230, -15.56888389], [118.16863260, -15.57037158], [118.49474262, -15.63786044], [118.50366290, -15.63982260], [118.82767313, -15.71533847], [118.83894589, -15.71815531], [119.16113938, -15.80413309], [119.17039755, -15.80673503], [119.49011468, -15.90116601], [119.49928400, -15.90400663], [119.81613251, -16.00678332], [119.82383886, -16.00937920], [120.13735496, -16.11893344], [120.14710695, -16.12249978], [120.45604271, -16.24056533], [120.46848423, -16.24558926], [120.77182267, -16.37475659], [120.77919447, -16.37800510], [120.78921498, -16.38277368], [121.07173779, -16.52302480], [121.08027550, -16.52742235], [121.08983368, -16.53273426], [121.34928197, -16.68266902], [121.35962161, -16.68890404], [121.36857928, -16.69475012], [121.60070350, -16.85191640], [121.61186124, -16.85982269], [121.62019786, -16.86622560], [121.82473866, -17.02897869], [121.82913579, -17.03254758], [121.83688689, -17.03919325], [121.84472058, -17.04639582], [122.02367401, -17.21677776], [122.02813475, -17.22111721], [122.03516516, -17.22835475], [122.04225255, -17.23618458], [122.19844098, -17.41499046], [122.20527887, -17.42310669], [122.21125141, -17.43073318], [122.21740823, -17.43920327], [122.34684863, -17.62418392], [122.35380859, -17.63459745], [122.35875000, -17.64266494], [122.36384740, -17.65171139], [122.46656732, -17.84206844], [122.47291540, -17.85455024], [122.47676082, -17.86298776], [122.48068464, -17.87251682], [122.55718793, -18.06856665], [122.55918952, -18.07386471], [122.56238563, -18.08314323], [122.56513231, -18.09220343], [122.56773387, -18.10210844], [122.61585278, -18.30040745], [122.61765089, -18.30834344], [122.61944811, -18.31775425], [122.62086490, -18.32706960], [122.62201611, -18.33720459], [122.64085014, -18.53661949], [122.64150199, -18.54490991], [122.64191976, -18.55444251], [122.64197495, -18.56384851], [122.64164824, -18.57403427], [122.63142226, -18.77426829], [122.63093405, -18.78173410], [122.62998916, -18.79129450], [122.62870864, -18.80062654], [122.62693879, -18.81068575], [122.58778054, -19.01102053], [122.58589372, -19.01987807], [122.58357671, -19.02912477], [122.58093380, -19.03821106], [122.57769899, -19.04795682], [122.50846899, -19.24420412], [122.50567052, -19.25177530], [122.50201673, -19.26072760], [122.49809105, -19.26941241], [122.49348389, -19.27867885], [122.39435625, -19.46919477], [122.39155779, -19.47443097], [122.38623695, -19.48372108], [122.26845927, -19.68093575], [122.26445472, -19.68743746], [122.25859272, -19.69631086], [122.11969251, -19.89852891], [122.11447311, -19.90587769], [122.10805236, -19.91430365], [121.94570195, -20.11963730], [121.94072474, -20.12575808], [121.93369654, -20.13386697], [121.74772812, -20.34091219], [121.74340990, -20.34561318], [121.73581414, -20.35341988], [121.52667861, -20.56095806], [121.52139864, -20.56606847], [121.51335863, -20.57339822], [121.28079284, -20.77814271], [121.27083383, -20.78656923], [121.02853474, -20.98358091], [121.01743115, -20.99222889], [120.76648619, -21.17938648], [120.75695042, -21.18624448], [120.50106580, -21.36364615], [120.49196276, -21.36974343], [120.23180584, -21.53803499], [120.22969360, -21.53939045], [119.96765196, -21.70619998], [119.96388035, -21.70856678], [119.69793018, -21.87307371], [119.69727886, -21.87347559], [119.43077777, -22.03750744], [119.16572425, -22.20119118], [119.16525856, -22.20148056], [118.90837920, -22.36209759], [118.90499969, -22.36430866], [118.66758411, -22.52673300], [118.66381618, -22.52944517], [118.43989723, -22.69892214], [118.43648506, -22.70162854], [118.22683628, -22.87583140], [118.22445888, -22.87787403], [118.22204905, -22.88009083], [118.03840346, -23.05502876], [118.03524364, -23.05818637], [118.03304103, -23.06057877], [117.87016877, -23.24387768], [117.86743908, -23.24709628], [117.86545228, -23.24964365], [117.71095306, -23.45521624], [117.71012030, -23.45634243], [117.55428253, -23.67056831], [117.55290084, -23.67252206], [117.40674438, -23.88517569], [117.40489431, -23.88797952], [117.26892863, -24.10278498], [117.26738996, -24.10530845], [117.13800582, -24.32574800], [117.13695818, -24.32758327], [117.01189595, -24.55294689], [117.01097711, -24.55464677], [116.89012009, -24.78428931], [116.88925730, -24.78597295], [116.77226159, -25.02054838], [116.77141457, -25.02229549], [116.66317508, -25.25210165], [116.66246348, -25.25365211], [116.66122244, -25.25657229], [116.66009290, -25.25953054], [116.57699116, -25.48995579], [116.57552933, -25.49438834], [116.57468168, -25.49742531], [116.51018443, -25.74646673], [116.50974604, -25.74823878], [116.50908156, -25.75131412], [116.45843090, -26.00918610], [116.45804296, -26.01130578], [116.45757614, -26.01441175], [116.42351223, -26.27441960], [116.42328322, -26.27634147], [116.42300751, -26.27946673], [116.40449496, -26.54717550], [116.40433641, -26.55035779], [116.39591761, -26.82614126], [116.39588163, -26.82930775], [116.39808133, -27.11162047], [116.39810658, -27.11311847], [116.40545685, -27.39668464], [116.40554770, -27.39896945], [116.42054394, -27.67865184], [116.42073424, -27.68136566], [116.44527236, -27.96452601], [116.44530936, -27.96495672], [116.46985524, -28.25320571], [116.46987980, -28.25348846], [116.49536744, -28.54113174], [116.49555102, -28.54329570], [116.51892640, -28.83166578], [116.54223775, -29.12025809], [116.56544964, -29.40732878], [116.56551164, -29.40805568], [116.59079873, -29.68985983], [116.59106646, -29.69240224], [116.62415011, -29.96598618], [116.62480030, -29.97037533], [116.67129163, -30.23524095], [116.67185272, -30.23813572], [116.67256413, -30.24120216], [116.73717399, -30.49768841], [116.73830318, -30.50173983], [116.73928341, -30.50474282], [116.82558652, -30.75330601], [116.82621868, -30.75506400], [116.82737850, -30.75801231], [116.82864943, -30.76092159], [116.94282270, -31.00964103], [116.94465752, -31.01339564], [117.07160275, -31.25802003], [117.07332176, -31.26117193], [117.21040114, -31.50066949], [117.21140115, -31.50237191], [117.35727936, -31.74444688], [117.36257446, -31.75358547], [117.49925382, -31.99913193], [117.50443734, -32.00885322], [117.62979997, -32.25457329], [117.63272485, -32.26046320], [117.75067106, -32.50459454], [117.75443705, -32.51269336], [117.86228640, -32.75391399], [117.86790971, -32.76735880], [117.96096387, -33.00601521], [117.96353308, -33.01287947], [117.96688852, -33.02281012], [118.04173895, -33.25878449], [118.04446382, -33.26792724], [118.04704315, -33.27788932], [118.10248501, -33.50990924], [118.10501508, -33.52162297], [118.10674152, -33.53156174], [118.14177116, -33.75857306], [118.14348233, -33.77178222], [118.14433490, -33.78171904], [118.15908715, -34.00276401], [118.15949552, -34.01066864], [118.15967798, -34.02102017], [118.15939403, -34.23256687], [118.15917644, -34.24303257], [118.15857463, -34.25318786], [118.14287109, -34.45373396], [118.14153053, -34.46680932], [118.14008532, -34.47670016], [118.10871927, -34.66625380], [118.10709302, -34.67514767], [118.10504679, -34.68444883], [118.10247210, -34.69435979], [118.05286300, -34.87158629], [118.05096079, -34.87806148], [118.04792651, -34.88730393], [118.04463073, -34.89620773], [118.04069657, -34.90573319], [117.96918596, -35.07017500], [117.96357460, -35.08229179], [117.95929681, -35.09059946], [117.95460016, -35.09895392], [117.94917186, -35.10783587], [117.85214236, -35.26030756], [117.84458606, -35.27159561], [117.83901601, -35.27921976], [117.83302044, -35.28683795], [117.82621606, -35.29487755], [117.70048974, -35.43819566], [117.69521318, -35.44404900], [117.68831500, -35.45123868], [117.68128639, -35.45806832], [117.67339591, -35.46521821], [117.51712019, -35.60196576], [117.50939594, -35.60850350], [117.50160991, -35.61465658], [117.49296219, -35.62102185], [117.30485393, -35.75459507], [117.29410799, -35.76190257], [117.28509197, -35.76755623], [117.06453682, -35.90073271], [117.05361233, -35.90704350], [117.04413177, -35.91207347], [116.79229655, -36.04035033], [116.77946845, -36.04654257], [116.76968480, -36.05081632], [116.49087543, -36.16716488], [116.48188293, -36.17076297], [116.47150288, -36.17454605], [116.18058133, -36.27520580], [116.17146315, -36.27821387], [116.16082729, -36.28136359], [115.86002752, -36.36514096], [115.85448497, -36.36663081], [115.84340867, -36.36931011], [115.53392294, -36.43888283], [115.52854078, -36.44004385], [115.51730723, -36.44217673], [115.20062339, -36.49702029], [115.19523366, -36.49790622], [115.18388861, -36.49948458], [114.86222770, -36.53896444], [114.84740148, -36.54048185], [114.52117672, -36.56724981], [114.50652501, -36.56816049], [114.17674168, -36.58211478], [114.16273826, -36.58244279], [113.83051886, -36.58395584]]]}
    },
    {
      "type": "Feature",
      "properties": {"block_id": "ADC_AUSSP_02", "basin_id": "BASIN_AUSSP", "basin_label": "Australia and South Pacific", "domain_count": 4, "grid_cell_count": 172, "outer_area_km2": 3300422.641607, "shelf_width_km": 250.000000, "outer_buffer_km": 430.000000, "shelf_add_area_km2": 0.000000, "shelf_add_cell_count": 0, "shelf_add_component_count": 0, "bay_add_area_km2": 504979.318002, "bay_add_cell_count": 521, "bay_add_core_cell_count": 521, "bay_add_component_count": 2, "open_ocean_area_risk": 0},
      "geometry": {"type": "Polygon", "coordinates": [[[114.02190434, -29.15188051], [114.00623599, -29.15176503], [113.99675325, -29.15131002], [113.98611888, -29.15044368], [113.77619503, -29.12981267], [113.76842802, -29.12895088], [113.75847967, -29.12755161], [113.74798135, -29.12571550], [113.51942296, -29.08179229], [113.50778702, -29.07933164], [113.49754462, -29.07678491], [113.24853149, -29.01041726], [113.23892618, -29.00769374], [113.22875948, -29.00444900], [112.96162077, -28.91421243], [112.95242501, -28.91094578], [112.94249567, -28.90705119], [112.66463367, -28.79261394], [112.65751994, -28.78957820], [112.64772814, -28.78505230], [112.37417166, -28.65293556], [112.36625452, -28.64897012], [112.35686030, -28.64388921], [112.09118349, -28.49428975], [112.08329344, -28.48969035], [112.07428569, -28.48404487], [111.81608288, -28.31599134], [111.81051483, -28.31227659], [111.80172454, -28.30604209], [111.55255274, -28.12278882], [111.54796374, -28.11934269], [111.53949420, -28.11261357], [111.30108297, -27.91637020], [111.29028888, -27.90708107], [111.06167090, -27.70142970], [111.04964481, -27.69004023], [110.83276359, -27.47379359], [110.82882402, -27.46978618], [110.82150272, -27.46191682], [110.61863884, -27.23604771], [110.61522228, -27.23217130], [110.60833228, -27.22391529], [110.41957423, -26.98945232], [110.41652962, -26.98559986], [110.41009469, -26.97699452], [110.23568703, -26.73493749], [110.22676197, -26.72186750], [110.06571591, -26.47272815], [110.05866632, -26.46128898], [109.90942069, -26.20697909], [109.90174924, -26.19310653], [109.76604928, -25.93214737], [109.76196241, -25.92396902], [109.75765407, -25.91455786], [109.64039877, -25.64573523], [109.63763872, -25.63917796], [109.63387647, -25.62940372], [109.53379708, -25.35468364], [109.53182335, -25.34907370], [109.52861724, -25.33903454], [109.44521101, -25.06053472], [109.44384908, -25.05582700], [109.44118518, -25.04556823], [109.37343126, -24.76366957], [109.37190508, -24.75694472], [109.36990981, -24.74669355], [109.31987099, -24.46203638], [109.31840599, -24.45279212], [109.31715703, -24.44261143], [109.28733121, -24.15633390], [109.28659866, -24.14810201], [109.28602646, -24.13778845], [109.27531637, -23.84960399], [109.27512381, -23.83922374], [109.27531035, -23.82904880], [109.28590194, -23.53986651], [109.28629157, -23.53219029], [109.28715241, -23.52185371], [109.31658714, -23.23243742], [109.31838268, -23.21817726], [109.36183986, -22.92895555], [109.36427046, -22.91501561], [109.42172406, -22.62579649], [109.42489449, -22.61162810], [109.49670572, -22.32338370], [109.50091869, -22.30817417], [109.58809650, -22.02255966], [109.59251582, -22.00919709], [109.69392306, -21.72480878], [109.69729872, -21.71579426], [109.80860598, -21.43224766], [109.81129426, -21.42562791], [109.92968786, -21.14357953], [109.93319883, -21.13553971], [110.05995167, -20.85624392], [110.06481248, -20.84603622], [110.20206467, -20.57093548], [110.20752932, -20.56048681], [110.35576098, -20.28976164], [110.36165482, -20.27946964], [110.52101740, -20.01311382], [110.52672191, -20.00394409], [110.69633917, -19.74153402], [110.70038831, -19.73542787], [110.87650106, -19.47648139], [110.88081960, -19.47029312], [111.06354920, -19.21504363], [111.06736104, -19.20983283], [111.25556556, -18.95801765], [111.26119791, -18.95070712], [111.45698961, -18.70411589], [111.46220550, -18.69771968], [111.66462936, -18.45598337], [111.66663908, -18.45360711], [111.87163912, -18.21361185], [111.87388637, -18.21100959], [112.08163700, -17.97305217], [112.08359682, -17.97082838], [112.29321975, -17.73518968], [112.29823640, -17.72968133], [112.51246106, -17.49990163], [112.51922310, -17.49286666], [112.74021328, -17.26985176], [112.74748965, -17.26273752], [112.97563208, -17.04662355], [112.98161614, -17.04109656], [113.21577936, -16.83022416], [113.21830003, -16.82797790], [113.45505886, -16.61919701], [113.45698670, -16.61751047], [113.69573213, -16.41030730], [113.69860345, -16.40784451], [113.94062647, -16.20269129], [113.94218277, -16.20138043], [114.18621037, -15.99713919], [114.18688814, -15.99657348], [114.43178112, -15.79273566], [114.43224067, -15.79235386], [114.67762849, -15.58886569], [114.92308539, -15.38544863], [115.16831341, -15.18189092], [115.16870565, -15.18156585], [115.41420299, -14.97843282], [115.41612010, -14.97685880], [115.66308201, -14.77566325], [115.66502973, -14.77408889], [115.91373252, -14.57463422], [116.16208895, -14.37590479], [116.16259692, -14.37549539], [116.40666217, -14.17738039], [116.40791715, -14.17634334], [116.64648214, -13.97566443], [116.64774447, -13.97458312], [116.88085315, -13.77125239], [116.88242932, -13.76984557], [117.10643328, -13.56526399], [117.10888253, -13.56294350], [117.31851947, -13.35690779], [117.31972406, -13.35570170], [117.32192613, -13.35337548], [117.51430878, -13.14287404], [117.51585265, -13.14114095], [117.51790405, -13.13869238], [117.69201118, -12.92327442], [117.69391766, -12.92083100], [117.69578784, -12.91825354], [117.84948905, -12.69831989], [117.85142468, -12.69543229], [117.85309277, -12.69273134], [117.98572698, -12.46914254], [117.98745811, -12.46608806], [117.98891375, -12.46327735], [118.10019825, -12.23861167], [118.10167301, -12.23548095], [118.10290968, -12.23257622], [118.19247564, -12.01120349], [118.19387849, -12.00749616], [118.19487187, -12.00450751], [118.26201119, -11.78957311], [118.26315956, -11.78555972], [118.26389569, -11.78250397], [118.30926546, -11.57788414], [118.30964191, -11.57609702], [118.31020034, -11.57300714], [118.31064549, -11.56990054], [118.33498147, -11.37476030], [118.33526349, -11.37218275], [118.33550042, -11.36905538], [118.33562289, -11.36592202], [118.33958397, -11.17539687], [118.33959280, -11.17232448], [118.33948835, -11.16919053], [118.33926941, -11.16606196], [118.32262092, -10.97765867], [118.32238582, -10.97535340], [118.32196854, -10.97224328], [118.32143782, -10.96914895], [118.28543343, -10.77998968], [118.28492664, -10.77752374], [118.28419331, -10.77446737], [118.28334871, -10.77143730], [118.22666148, -10.58147195], [118.22617273, -10.57988940], [118.22516034, -10.57690657], [118.22403953, -10.57395929], [118.14283296, -10.37150469], [118.14137856, -10.36809022], [118.04290455, -10.14984548], [118.04170600, -10.14729884], [117.93104586, -9.92161874], [117.93005124, -9.91965287], [117.80788538, -9.68550165], [117.80771442, -9.68517564], [117.68171698, -9.44611655], [117.68140252, -9.44551834], [117.55601548, -9.20635072], [117.55509126, -9.20457386], [117.43225528, -8.96653134], [117.42996030, -8.96199251], [117.31316352, -8.72619263], [117.30905087, -8.71755475], [117.20287894, -8.48531990], [117.19737934, -8.47253053], [117.10509474, -8.24372813], [117.10246708, -8.23695757], [117.09899146, -8.22709864], [117.02404957, -8.00157396], [117.02091330, -7.99151317], [117.01823834, -7.98167085], [116.96160352, -7.75724653], [116.95873422, -7.74468595], [116.95690458, -7.73484003], [116.91906006, -7.50826362], [116.91816930, -7.50254766], [116.91695229, -7.49289600], [116.91604717, -7.48274251], [116.89984677, -7.25378189], [116.89927919, -7.24259139], [116.89916316, -7.23325834], [116.89940901, -7.22307084], [116.90921359, -6.99200636], [116.90997279, -6.98008563], [116.91092800, -6.97084966], [116.91234685, -6.96074990], [116.94979204, -6.72544950], [116.95101542, -6.71836702], [116.95295385, -6.70892533], [116.95537116, -6.69899993], [117.01822258, -6.45992762], [117.02166972, -6.44789580], [117.02482891, -6.43833324], [117.10987592, -6.19574635], [117.11265120, -6.18818340], [117.11655385, -6.17853196], [117.22197905, -5.93076934], [117.22804764, -5.91740399], [117.34973240, -5.66556174], [117.35704038, -5.65138481], [117.49788742, -5.39464475], [117.50144171, -5.38835992], [117.50690696, -5.37935446], [117.66946650, -5.12195718], [117.67237246, -5.11745477], [117.67841681, -5.10863449], [117.85588094, -4.85927794], [117.86098494, -4.85232892], [117.86746757, -4.84408111], [118.06026073, -4.60750698], [118.06622533, -4.60042039], [118.07323671, -4.59263358], [118.27986458, -4.37109537], [118.29157824, -4.35917532], [118.50668525, -4.15137778], [118.51228056, -4.14611317], [118.52025602, -4.13905548], [118.74235809, -3.94928317], [118.75065539, -3.94244488], [118.75896004, -3.93607531], [118.98825922, -3.76640601], [118.99824741, -3.75931808], [119.00694233, -3.75361948], [119.24119650, -3.60576615], [119.25152076, -3.59952672], [119.26064983, -3.59445413], [119.49741153, -3.46812589], [119.50700797, -3.46321723], [119.51657387, -3.45873081], [119.75612899, -3.35129267], [119.76414560, -3.34783283], [119.77413088, -3.34388630], [120.01688329, -3.25264686], [120.02533333, -3.24960944], [120.03554973, -3.24629382], [120.28318751, -3.17050220], [120.29715301, -3.16656890], [120.30723510, -3.16415152], [120.56071977, -3.10784476], [120.56704004, -3.10651111], [120.57701121, -3.10469021], [120.58755777, -3.10312632], [120.84207307, -3.06971791], [120.84767723, -3.06903578], [120.85783745, -3.06806715], [120.86848819, -3.06740916], [121.11807057, -3.05616235], [121.12318491, -3.05597600], [121.13343293, -3.05586178], [121.14410305, -3.05609850], [121.38947774, -3.06563558], [121.39491194, -3.06589623], [121.40510715, -3.06664877], [121.41571321, -3.06778832], [121.65974791, -3.09813492], [121.67527528, -3.10044571], [121.68538805, -3.10237472], [121.93212347, -3.15373055], [121.94806643, -3.15746883], [121.95791649, -3.16021852], [122.20915396, -3.23492077], [122.22148299, -3.23885950], [122.23131116, -3.24240583], [122.49016239, -3.34077058], [122.49921591, -3.34437364], [122.50898006, -3.34863246], [122.77384904, -3.46953855], [122.78096547, -3.47289878], [122.79055481, -3.47778264], [123.05627420, -3.61885558], [123.07090526, -3.62710218], [123.33460389, -3.78462955], [123.34537065, -3.79134417], [123.60584179, -3.96080410], [123.61633323, -3.96792027], [123.87163007, -4.14835300], [123.88249819, -4.15637447], [124.13157901, -4.34827044], [124.13879138, -4.35399074], [124.38275795, -4.55315823], [124.38784798, -4.55740066], [124.62813836, -4.76186264], [124.62907344, -4.76266135], [124.86896873, -4.96835833], [124.86977334, -4.96905052], [125.10860750, -5.17519658], [125.11390064, -5.17986678], [125.34706361, -5.39015234], [125.35661295, -5.39912260], [125.58018824, -5.61786132], [125.58364342, -5.62130200], [125.59109808, -5.62912700], [125.80210032, -5.85853039], [125.80951005, -5.86687474], [126.01242998, -6.10361973], [126.01464870, -6.10623676], [126.21426231, -6.34428040], [126.21479312, -6.34490761], [126.41549680, -6.57989628], [126.41623953, -6.58075497], [126.61951085, -6.81281564], [126.62025209, -6.81365145], [126.82635714, -7.04320149], [126.82693586, -7.04383994], [127.03456831, -7.27073984], [127.03540863, -7.27164575], [127.24537486, -7.49495202], [127.24604877, -7.49566111], [127.45845646, -7.71677679], [127.45903377, -7.71737233], [127.67386061, -7.93699036], [127.67410266, -7.93723688], [127.88980476, -8.15609353], [127.89031512, -8.15660728], [128.10733719, -8.37335432], [128.10766243, -8.37367753], [128.32427870, -8.58786942], [128.32549113, -8.58904644], [128.54212498, -8.79552380], [128.54421682, -8.79745682], [128.76337356, -8.99379564], [128.76620885, -8.99623441], [128.98999314, -9.18101075], [128.99300173, -9.18339245], [129.22412695, -9.35875431], [129.22613483, -9.36023602], [129.46367582, -9.53069237], [129.46530736, -9.53183712], [129.70518676, -9.69638028], [129.70782158, -9.69812341], [129.95153222, -9.85355726], [129.95451013, -9.85538016], [130.20812941, -10.00428308], [130.21037789, -10.00556238], [130.47600543, -10.15195310], [130.47740782, -10.15271077], [130.75273488, -10.29850314], [130.75475488, -10.29958165], [131.02915017, -10.44729769], [131.03696359, -10.45163993], [131.29907684, -10.60194390], [131.31098410, -10.60910684], [131.55452548, -10.76264949], [131.56000642, -10.76619051], [131.56890550, -10.77230315], [131.78800834, -10.92841307], [131.79621264, -10.93446852], [131.80444354, -10.94098809], [131.99754784, -11.09945594], [132.00732765, -11.10783217], [132.01486460, -11.11480768], [132.18002132, -11.27309203], [132.19049330, -11.28362937], [132.19729625, -11.29107469], [132.33351168, -11.44551220], [132.34024635, -11.45342416], [132.34618882, -11.46092604], [132.35232589, -11.46926313], [132.45928899, -11.62009939], [132.46744680, -11.63222445], [132.47226229, -11.64008272], [132.47732728, -11.64905236], [132.55798384, -11.79805627], [132.56318739, -11.80813727], [132.56718430, -11.81665247], [132.57089710, -11.82536508], [132.57457192, -11.83493222], [132.62862236, -11.98362700], [132.63267726, -11.99559778], [132.63529534, -12.00448831], [132.63762926, -12.01362669], [132.63979430, -12.02360503], [132.66951234, -12.17371403], [132.67150984, -12.18500277], [132.67277914, -12.19423981], [132.67371901, -12.20360304], [132.67436582, -12.21377451], [132.68141878, -12.36960333], [132.68169740, -12.38022289], [132.68158515, -12.39038161], [132.67672570, -12.55602110], [132.67616051, -12.56740354], [132.67527053, -12.57747183], [132.65612488, -12.75668104], [132.65495907, -12.76607476], [132.65333808, -12.77619958], [132.61860342, -12.97039903], [132.61725553, -12.97740312], [132.61496425, -12.98758015], [132.56448015, -13.19419323], [132.56241854, -13.20211899], [132.55947803, -13.21206517], [132.49132477, -13.42809610], [132.48827059, -13.43722893], [132.48466587, -13.44686612], [132.39589881, -13.67171475], [132.39178537, -13.68158757], [132.38750301, -13.69088759], [132.27624266, -13.92150206], [132.27142904, -13.93102311], [132.26646435, -13.94001287], [132.13307804, -14.17164948], [132.12825908, -14.17970966], [132.12262517, -14.18844090], [131.96782466, -14.41922647], [131.95911729, -14.43155585], [131.78962106, -14.65972480], [131.78251587, -14.66893007], [131.60300673, -14.89285316], [131.59716942, -14.89992270], [131.41110115, -15.11875103], [131.40657544, -15.12395804], [131.21684052, -15.33753653], [131.21228189, -15.34255944], [131.04385009, -15.52422919], [131.04071501, -15.54178782], [131.03767350, -15.55719422], [131.02903458, -15.59711301], [131.02543177, -15.61240868], [131.01533896, -15.65201528], [131.01117925, -15.66718158], [130.99964485, -15.70642776], [130.99493329, -15.72144622], [130.98197135, -15.76028416], [130.97671369, -15.77513648], [130.96234000, -15.81351886], [130.95654265, -15.82818694], [130.94077473, -15.86606699], [130.93444475, -15.88053297], [130.91730180, -15.91786454], [130.91044690, -15.93211078], [130.89194981, -15.96884840], [130.88457835, -15.98285755], [130.86474966, -16.01895645], [130.85687061, -16.03271145], [130.83573447, -16.06812766], [130.82735743, -16.08161174], [130.80493961, -16.11630209], [130.79607479, -16.12949883], [130.77240258, -16.16342106], [130.76306078, -16.17631438], [130.73816303, -16.20942718], [130.72835564, -16.22200137], [130.70226267, -16.25426440], [130.69200163, -16.26650413], [130.66474527, -16.29787805], [130.65404307, -16.30976842], [130.62565649, -16.34021504], [130.61452618, -16.35174156], [130.59991982, -16.36660549], [130.47491982, -16.49160549], [130.45759649, -16.50858055], [130.44413345, -16.52150785], [130.41096798, -16.55217366], [130.39895879, -16.56286582], [130.36723151, -16.59014091], [130.35483881, -16.60042640], [130.32213387, -16.62662772], [130.30937275, -16.63649401], [130.27573000, -16.66158960], [130.27155123, -16.66459608], [130.26306078, -16.67631438], [130.23816303, -16.70942718], [130.22835564, -16.72200137], [130.20226268, -16.75426439], [130.19200163, -16.76650413], [130.16474526, -16.79787806], [130.15404306, -16.80976843], [130.12565649, -16.84021503], [130.11452619, -16.85174156], [130.09991983, -16.86660549], [129.97491983, -16.99160549], [129.95759649, -17.00858055], [129.94413345, -17.02150785], [129.91096797, -17.05217366], [129.89895879, -17.06286582], [129.86723151, -17.09014091], [129.85483881, -17.10042641], [129.82213387, -17.12662771], [129.80937276, -17.13649400], [129.77572999, -17.16158960], [129.76261600, -17.17102467], [129.72807643, -17.19498397], [129.71462556, -17.20397632], [129.67923123, -17.22677014], [129.66545985, -17.23530883], [129.62925390, -17.25690940], [129.61517879, -17.26498401], [129.57820534, -17.28536500], [129.56384365, -17.29296570], [129.52614773, -17.31210230], [129.51151697, -17.31921982], [129.47314452, -17.33708870], [129.45826250, -17.34371438], [129.41926026, -17.36029378], [129.40414512, -17.36641954], [129.36456061, -17.38168926], [129.34923076, -17.38730764], [129.30911220, -17.40124907], [129.29358633, -17.40635322], [129.25298262, -17.41894937], [129.23727963, -17.42353308], [129.19624022, -17.43476862], [129.18037925, -17.43882630], [129.13895416, -17.44868752], [129.12295452, -17.45221423], [129.08119420, -17.46068913], [129.06507540, -17.46368057], [129.02303074, -17.47075882], [129.00681241, -17.47321135], [128.96453463, -17.47888433], [128.94823654, -17.48079496], [128.91781656, -17.48384759], [128.91545985, -17.48530882], [128.87925390, -17.50690940], [128.86517879, -17.51498401], [128.82820534, -17.53536500], [128.81384365, -17.54296570], [128.77614773, -17.56210230], [128.76151697, -17.56921982], [128.72314452, -17.58708870], [128.70826250, -17.59371438], [128.66926026, -17.61029378], [128.65414512, -17.61641954], [128.61456061, -17.63168926], [128.59923076, -17.63730764], [128.55911220, -17.65124907], [128.54358633, -17.65635322], [128.50298262, -17.66894937], [128.48727963, -17.67353308], [128.44624022, -17.68476862], [128.43037924, -17.68882630], [128.38895416, -17.69868752], [128.37295452, -17.70221423], [128.33119420, -17.71068913], [128.31507540, -17.71368057], [128.27303074, -17.72075882], [128.26606004, -17.72181293], [128.12041484, -17.79616121], [128.11779168, -17.79748579], [127.85630367, -17.92808989], [127.59471497, -18.05877147], [127.59368456, -18.05928402], [127.33166908, -18.18905656], [127.32661696, -18.19150636], [127.06174714, -18.31721842], [127.05521826, -18.32023201], [126.78716783, -18.44049989], [126.78055016, -18.44338431], [126.51199047, -18.55703522], [126.51093801, -18.55748801], [126.25189621, -18.67076174], [126.24804674, -18.67254725], [126.00111790, -18.79378405], [125.99844871, -18.79514683], [125.75839160, -18.92249368], [125.75448731, -18.92468387], [125.52589367, -19.06008696], [125.52206373, -19.06248067], [125.29921060, -19.20927942], [125.29590202, -19.21156156], [125.07665978, -19.36980883], [125.07354236, -19.37215932], [124.85620325, -19.54326442], [124.85363421, -19.54536209], [124.63477131, -19.73067062], [124.63282072, -19.73236943], [124.40775426, -19.93398072], [124.39681743, -19.94334863], [124.16065949, -20.13672615], [124.15008290, -20.14502871], [123.90776539, -20.32731894], [123.90298037, -20.33085109], [123.65729197, -20.50879269], [123.65208785, -20.51248531], [123.40371236, -20.68512423], [123.39262502, -20.69250319], [123.13797948, -20.85466721], [123.13137222, -20.85876665], [123.00761623, -20.93355537], [122.98816303, -20.95942719], [122.97835563, -20.97200137], [122.95226268, -21.00426439], [122.94200163, -21.01650413], [122.91474527, -21.04787805], [122.90404307, -21.05976842], [122.87565649, -21.09021504], [122.86452619, -21.10174156], [122.84991983, -21.11660549], [122.72491983, -21.24160549], [122.70759649, -21.25858056], [122.69413344, -21.27150786], [122.66096798, -21.30217365], [122.64895880, -21.31286581], [122.61723151, -21.34014092], [122.60483881, -21.35042641], [122.57213387, -21.37662771], [122.55937276, -21.38649400], [122.52572999, -21.41158960], [122.51261601, -21.42102467], [122.47807643, -21.44498397], [122.46462555, -21.45397633], [122.42923123, -21.47677014], [122.41545985, -21.48530882], [122.37925390, -21.50690940], [122.36517879, -21.51498400], [122.32820534, -21.53536500], [122.31384365, -21.54296570], [122.27614773, -21.56210230], [122.26151697, -21.56921982], [122.22314452, -21.58708870], [122.20826250, -21.59371438], [122.16926026, -21.61029378], [122.15414512, -21.61641954], [122.11456061, -21.63168926], [122.09923077, -21.63730764], [122.05911220, -21.65124907], [122.04358633, -21.65635322], [122.00298262, -21.66894937], [121.98727963, -21.67353308], [121.94624022, -21.68476862], [121.93037924, -21.68882630], [121.88895415, -21.69868752], [121.87295452, -21.70221423], [121.83119420, -21.71068913], [121.81507540, -21.71368057], [121.77303074, -21.72075882], [121.75681242, -21.72321135], [121.71453462, -21.72888433], [121.69823653, -21.73079496], [121.65577715, -21.73505574], [121.63941915, -21.73642215], [121.59682987, -21.73926556], [121.58043189, -21.74008607], [121.53776462, -21.74150864], [121.52134664, -21.74178225], [121.50000000, -21.74196011], [121.46588323, -21.74196011], [121.22949597, -21.85556260], [121.21996999, -21.85995889], [120.94564204, -21.98141119], [120.93675952, -21.98517999], [120.92680357, -21.98902881], [120.64349469, -22.09309495], [120.63330442, -22.09664151], [120.62316631, -22.09978900], [120.33353857, -22.18439996], [120.31972724, -22.18810488], [120.30959907, -22.19040392], [120.01293810, -22.25254233], [120.00624690, -22.25386623], [119.99546723, -22.25568875], [119.69531544, -22.30129232], [119.69403444, -22.30148448], [119.39214298, -22.34618935], [119.39087429, -22.34637481], [119.08830245, -22.39002808], [118.78867540, -22.43309765], [118.78702699, -22.43334889], [118.49742440, -22.48000833], [118.49388154, -22.48064602], [118.21626763, -22.53589342], [118.21169677, -22.53691731], [117.94153721, -22.60426564], [117.93811000, -22.60518648], [117.67739201, -22.68034870], [117.67285652, -22.68177712], [117.42843230, -22.76538188], [117.42648389, -22.76607160], [117.42343841, -22.76724496], [117.18937254, -22.86199382], [117.18772003, -22.86268065], [117.18474541, -22.86400942], [116.96302390, -22.96759366], [116.96083892, -22.96864830], [116.95795456, -22.97014754], [116.75509841, -23.08001316], [116.75124299, -23.08221908], [116.74849817, -23.08394064], [116.56766757, -23.20172205], [116.56375287, -23.20441482], [116.56117346, -23.20635559], [116.40011564, -23.33194856], [116.39652026, -23.33489951], [116.39412342, -23.33704304], [116.25202131, -23.46864748], [116.25085152, -23.46974995], [116.24857551, -23.47201035], [116.24638350, -23.47434521], [116.11886650, -23.61503783], [116.11735643, -23.61674643], [116.11531448, -23.61920219], [116.11336355, -23.62172449], [115.99871229, -23.77549842], [115.99607309, -23.77923301], [115.99435365, -23.78190444], [115.88993779, -23.95066605], [115.88902740, -23.95217049], [115.88746221, -23.95492701], [115.88599873, -23.95773401], [115.79396137, -24.14226890], [115.79298910, -24.14428190], [115.79170329, -24.14716712], [115.79052373, -24.15009343], [115.71174880, -24.35618114], [115.71039878, -24.35997348], [115.70946634, -24.36297998], [115.64185618, -24.59583171], [115.64097458, -24.59910613], [115.64027284, -24.60216925], [115.58706397, -24.85553183], [115.58655891, -24.85813524], [115.58606503, -24.86123511], [115.54991540, -25.11822246], [115.54953866, -25.12130282], [115.54927122, -25.12442794], [115.53186584, -25.38343377], [115.53169657, -25.38716534], [115.53168003, -25.39030084], [115.53512820, -25.65545914], [115.53519479, -25.65790222], [115.53538213, -25.66103266], [115.55711218, -25.93889546], [115.55734211, -25.94137311], [115.58854430, -26.23179898], [115.58909978, -26.23747589], [115.61452706, -26.52551998], [115.61524325, -26.53554487], [115.63040630, -26.81304225], [115.63084236, -26.82683487], [115.63314946, -27.09446192], [115.63301967, -27.10624727], [115.62518060, -27.36197931], [115.62496073, -27.36735161], [115.62422969, -27.37786263], [115.60312273, -27.61789686], [115.60201920, -27.62823773], [115.60056610, -27.63831832], [115.56458349, -27.85931240], [115.56315591, -27.86732951], [115.56116772, -27.87669223], [115.55868319, -27.88660248], [115.50421907, -28.08823698], [115.49974961, -28.10316997], [115.49676068, -28.11173129], [115.49303432, -28.12128023], [115.41782816, -28.30417690], [115.41437057, -28.31222646], [115.41029223, -28.32090562], [115.40594830, -28.32934803], [115.40091082, -28.33833179], [115.30552657, -28.50152813], [115.30240530, -28.50673560], [115.29710912, -28.51501985], [115.29168599, -28.52287260], [115.28550341, -28.53117898], [115.17638374, -28.67249332], [115.16954265, -28.68102100], [115.16330241, -28.68824861], [115.15677443, -28.69529340], [115.14942764, -28.70268513], [115.02725846, -28.82138208], [115.01743117, -28.83051765], [115.01026818, -28.83666912], [115.00271801, -28.84271156], [114.99430419, -28.84898114], [114.86251097, -28.94370043], [114.85663967, -28.94781305], [114.84832690, -28.95328018], [114.84002359, -28.95834249], [114.83154029, -28.96312504], [114.82216606, -28.96799685], [114.67851025, -29.03958100], [114.67236733, -29.04255522], [114.66320987, -29.04667306], [114.65415605, -29.05038145], [114.64497219, -29.05378590], [114.63489404, -29.05714036], [114.47517131, -29.10733601], [114.45973767, -29.11176964], [114.45056705, -29.11399688], [114.44094037, -29.11599615], [114.43043842, -29.11781325], [114.25550832, -29.14507898], [114.24335344, -29.14673726], [114.23366958, -29.14770780], [114.22384170, -29.14836270], [114.21317515, -29.14871699], [114.02190434, -29.15188051]]]}
    },
    {
      "type": "Feature",
      "properties": {"block_id": "ADC_AUSSP_03", "basin_id": "BASIN_AUSSP", "basin_label": "Australia and South Pacific", "domain_count": 3, "grid_cell_count": 186, "outer_area_km2": 4017164.742191, "shelf_width_km": 250.000000, "outer_buffer_km": 430.000000, "shelf_add_area_km2": 0.000000, "shelf_add_cell_count": 0, "shelf_add_component_count": 0, "bay_add_area_km2": 1699963.423749, "bay_add_cell_count": 1925, "bay_add_core_cell_count": 1925, "bay_add_component_count": 5, "open_ocean_area_risk": 0},
      "geometry": {"type": "Polygon", "coordinates": [[[146.42732212, -19.45079108], [146.29751066, -19.45049940], [146.28586635, -19.45025480], [146.27630100, -19.44971141], [146.26667730, -19.44883589], [146.25709087, -19.44763405], [146.24755338, -19.44610737], [146.23728648, -19.44410352], [146.10180203, -19.41525783], [146.09358878, -19.41338900], [146.08411099, -19.41092114], [146.07486667, -19.40817426], [146.06572649, -19.40511508], [146.05594931, -19.40146663], [145.91241625, -19.34509038], [145.90613066, -19.34253730], [145.89708514, -19.33855712], [145.88842228, -19.33438506], [145.87920513, -19.32954924], [145.72728755, -19.24648288], [145.71467967, -19.23919723], [145.70615609, -19.23379533], [145.54208135, -19.12579669], [145.53775277, -19.12288950], [145.52899664, -19.11666456], [145.35368977, -18.98740860], [145.34474921, -18.98057233], [145.15950615, -18.83372568], [145.15518964, -18.83024281], [144.95891172, -18.66905404], [144.95682216, -18.66732319], [144.75200919, -18.49620587], [144.54792917, -18.32537908], [144.54653887, -18.32423831], [144.35248271, -18.16816786], [144.34956493, -18.16591605], [144.16614309, -18.03013340], [144.16230953, -18.02744344], [143.99052659, -17.91329441], [143.98864822, -17.91207872], [143.98591357, -17.91042056], [143.83029973, -17.81969414], [143.82833547, -17.81858069], [143.82550429, -17.81708381], [143.82262115, -17.81568399], [143.68329706, -17.75096992], [143.67891390, -17.74906851], [143.67591679, -17.74791749], [143.67288024, -17.74686896], [143.53720420, -17.70259846], [143.53275727, -17.70126778], [143.52963995, -17.70047486], [143.52649609, -17.69978829], [143.38756525, -17.67191705], [143.38522814, -17.67147868], [143.38204728, -17.67097895], [143.37885043, -17.67058754], [143.37564149, -17.67030495], [143.22725016, -17.65977425], [143.22375823, -17.65959108], [143.22053667, -17.65953635], [143.21731511, -17.65959106], [143.05486703, -17.66511115], [143.05271746, -17.66520862], [143.04950463, -17.66544566], [143.04630226, -17.66579167], [142.86630560, -17.68834114], [142.86414832, -17.68863662], [142.86097222, -17.68916426], [142.65702047, -17.72662280], [142.65268436, -17.72752465], [142.42834275, -17.77969729], [142.42646303, -17.78015479], [142.18836138, -17.84069565], [142.18679320, -17.84110876], [141.94160141, -17.90795979], [141.94036646, -17.90830554], [141.69189902, -17.97969440], [141.68974170, -17.98034225], [141.44520170, -18.05697784], [141.44150150, -18.05822231], [141.19539806, -18.14672152], [141.19363766, -18.14737451], [140.93997936, -18.24436071], [140.68306457, -18.34262227], [140.67893075, -18.34417157], [140.42219204, -18.43843193], [140.41217714, -18.44192665], [140.15383834, -18.52742951], [140.14826206, -18.52921277], [140.13791199, -18.53221533], [139.87678767, -18.60316275], [139.86482744, -18.60615829], [139.85472634, -18.60829549], [139.58877485, -18.65985266], [139.57552933, -18.66212598], [139.56536427, -18.66347012], [139.29101908, -18.69501216], [139.27978166, -18.69609696], [139.26938945, -18.69673186], [138.98586457, -18.70922364], [138.97804518, -18.70946638], [138.96738461, -18.70947759], [138.67567894, -18.70482952], [138.66849994, -18.70462872], [138.65781187, -18.70401904], [138.36286111, -18.68216178], [138.35631034, -18.68160302], [138.34563325, -18.68038910], [138.05200516, -18.64193922], [138.03617895, -18.63947646], [137.74139304, -18.58627519], [137.72913459, -18.58382295], [137.43332402, -18.51881236], [137.41960158, -18.51548780], [137.27288954, -18.47660639], [137.25435883, -18.47414269], [137.23843735, -18.47174974], [137.19715938, -18.46482596], [137.18133342, -18.46189374], [137.14032891, -18.45357227], [137.12461774, -18.45010435], [137.08393663, -18.44039533], [137.06835940, -18.43639593], [137.02805127, -18.42531120], [137.01262696, -18.42078520], [136.97274089, -18.40833826], [136.95748829, -18.40329116], [136.91807291, -18.38949718], [136.90301061, -18.38393514], [136.86411392, -18.36881092], [136.84926026, -18.36274071], [136.81092965, -18.34630467], [136.79630272, -18.33973370], [136.77729833, -18.33080140], [136.52394729, -18.24373208], [136.51770329, -18.24151565], [136.23484090, -18.13788748], [136.23196979, -18.13682043], [135.95052194, -18.03072501], [135.94634669, -18.02911854], [135.66778897, -17.91975651], [135.65966311, -17.91644020], [135.38321420, -17.79927730], [135.37673882, -17.79644071], [135.36710552, -17.79188141], [135.09579062, -17.65772425], [135.08939154, -17.65446211], [135.08006289, -17.64935522], [134.81702953, -17.49941968], [134.81042586, -17.49554073], [134.80146545, -17.48990598], [134.61896960, -17.37069895], [134.61411392, -17.36881092], [134.59926025, -17.36274071], [134.56092965, -17.34630467], [134.54630272, -17.33973370], [134.50858491, -17.32200587], [134.49420255, -17.31494213], [134.45714346, -17.29594412], [134.44302319, -17.28839622], [134.40666800, -17.26815116], [134.39282701, -17.26012831], [134.35722001, -17.23866087], [134.34367516, -17.23017283], [134.30885972, -17.20750916], [134.29562753, -17.19856627], [134.26164607, -17.17473400], [134.24874266, -17.16534716], [134.21563658, -17.14037531], [134.20307766, -17.13055595], [134.17088730, -17.10447495], [134.15868818, -17.09423505], [134.12745276, -17.06707668], [134.11562829, -17.05642870], [134.08538586, -17.02822604], [134.07395046, -17.01718296], [134.05921318, -17.00270070], [134.03606383, -16.97955135], [133.79410250, -16.81278761], [133.79233581, -16.81159977], [133.54640176, -16.65032409], [133.54509603, -16.64948341], [133.29850657, -16.49362989], [133.29631775, -16.49228853], [133.05852541, -16.35105258], [133.05542496, -16.34929069], [132.83128397, -16.22754335], [132.82959638, -16.22664898], [132.82672489, -16.22522666], [132.61509505, -16.12488724], [132.61215953, -16.12355691], [132.60919287, -16.12233349], [132.40022435, -16.04031319], [132.39812818, -16.03951920], [132.39509225, -16.03846895], [132.18459868, -15.96965336], [132.18050392, -15.96841690], [131.96909991, -15.90978212], [131.96471963, -15.90867941], [131.75405917, -15.86097504], [131.75202997, -15.86053890], [131.74886509, -15.85995083], [131.53979578, -15.82477252], [131.53602130, -15.82421538], [131.53281959, -15.82386370], [131.32467549, -15.80457414], [131.32047450, -15.80427876], [131.31725409, -15.80417888], [131.10309029, -15.80117631], [131.10022552, -15.80117941], [131.09700534, -15.80128626], [130.87436998, -15.81246193], [130.87034471, -15.81274997], [130.63411464, -15.83471642], [130.63254875, -15.83487515], [130.38812343, -15.86170462], [130.38662617, -15.86188103], [130.13760159, -15.89323293], [130.13639458, -15.89339278], [129.88382492, -15.92849463], [129.88153378, -15.92884167], [129.61669588, -15.97227980], [129.34919669, -16.01591730], [129.34758571, -16.01619441], [129.08671021, -16.06339125], [129.08325015, -16.06408413], [128.82342342, -16.12117919], [128.82081495, -16.12179129], [128.56092687, -16.18667973], [128.55859080, -16.18729487], [128.29551612, -16.26018292], [128.28395998, -16.26316091], [128.01106877, -16.32825135], [128.00439823, -16.32976114], [127.99466999, -16.33167250], [127.98433968, -16.33333935], [127.70851429, -16.37304503], [127.69275858, -16.37491010], [127.68270373, -16.37567269], [127.40209232, -16.39216614], [127.39226787, -16.39258572], [127.38175148, -16.39268744], [127.09894677, -16.39061931], [127.09162632, -16.39047615], [127.08094335, -16.38995461], [126.79574687, -16.37117042], [126.78925193, -16.37067064], [126.77856018, -16.36954579], [126.49535079, -16.33487407], [126.48849467, -16.33395354], [126.47791796, -16.33222364], [126.20045089, -16.28198119], [126.19120248, -16.28015848], [126.18094240, -16.27778774], [125.91243130, -16.21090615], [125.90775197, -16.20969811], [125.89809157, -16.20693866], [125.88815316, -16.20372916], [125.63149535, -16.11597640], [125.62519593, -16.11374221], [125.61596456, -16.11016900], [125.60637561, -16.10607465], [125.36160759, -15.99656557], [125.35691548, -15.99441481], [125.34794727, -15.99001526], [125.33876702, -15.98511343], [125.10462755, -15.85486909], [125.09630474, -15.85006338], [125.08743654, -15.84454162], [124.86427996, -15.70019106], [124.85107216, -15.69117685], [124.63897107, -15.53859234], [124.62798445, -15.53032746], [124.42466390, -15.37046630], [124.41676021, -15.36404681], [124.22055127, -15.19945152], [124.20923246, -15.18949347], [124.02221097, -15.01697282], [124.01588636, -15.01096162], [124.00855523, -15.00352748], [123.83310566, -14.81928111], [123.82582586, -14.81135229], [123.81915221, -14.80354084], [123.65480066, -14.60419166], [123.64852283, -14.59630418], [123.64239146, -14.58802473], [123.48724983, -14.37062970], [123.48031218, -14.36046646], [123.47493153, -14.35189244], [123.33044258, -14.11234970], [123.32350764, -14.10021243], [123.31891853, -14.09134788], [123.19009782, -13.83131384], [123.18428630, -13.81885831], [123.18044270, -13.80964802], [123.07263134, -13.53778710], [123.06722891, -13.52308765], [122.97424463, -13.24879352], [122.97271802, -13.24415013], [122.96968299, -13.23400119], [122.89176889, -12.95542978], [122.88933134, -12.94610884], [122.88708624, -12.93611375], [122.82870220, -12.65255632], [122.82631195, -12.63942273], [122.82492990, -12.62954869], [122.78983743, -12.34129673], [122.78863232, -12.32930918], [122.78801605, -12.31926943], [122.77544824, -12.02969627], [122.77520931, -12.02125285], [122.77525810, -12.01093816], [122.78179332, -11.72263781], [122.78249187, -11.70777784], [122.80297414, -11.42092133], [122.80415146, -11.40818468], [122.83635222, -11.12459202], [122.83850179, -11.10916860], [122.88443444, -10.83141077], [122.88598131, -10.82287641], [122.88815719, -10.81279731], [122.95135725, -10.54349148], [122.95427269, -10.53211582], [122.95715295, -10.52243276], [123.03946596, -10.26276371], [123.04278085, -10.25292819], [123.04638794, -10.24337391], [123.14591015, -9.99333406], [123.14999140, -9.98360297], [123.15427948, -9.97433146], [123.27157463, -9.73210685], [123.27574080, -9.72384615], [123.28069925, -9.71479072], [123.41545190, -9.47871880], [123.42208807, -9.46766274], [123.42761542, -9.45922859], [123.58169042, -9.23293702], [123.58711738, -9.22523840], [123.59336440, -9.21698430], [123.76446850, -8.99897980], [123.77135759, -8.99052940], [123.77812711, -8.98281094], [123.96754813, -8.77431891], [123.97651564, -8.76486996], [123.98377720, -8.75779551], [124.19385264, -8.56015481], [124.19982805, -8.55468784], [124.20780016, -8.54783989], [124.43437781, -8.35995561], [124.44538307, -8.35122854], [124.68363429, -8.17062662], [124.69066347, -8.16544670], [124.93518127, -7.99031426], [124.94762329, -7.98183432], [125.20102568, -7.81762916], [125.21422409, -7.80951749], [125.47867626, -7.65555533], [125.48851955, -7.65005083], [125.76096981, -7.50382851], [125.76833766, -7.49999430], [126.04585694, -7.36003405], [126.05001085, -7.35797598], [126.33053383, -7.22146057], [126.33377941, -7.21990317], [126.61679767, -7.08600843], [126.61999871, -7.08451514], [126.90616029, -6.95289624], [127.19046306, -6.82250936], [127.19182905, -6.82186950], [127.46645916, -6.69051256], [127.46914085, -6.68917658], [127.73207692, -6.55287137], [127.73558680, -6.55095513], [127.98652243, -6.40686806], [127.99027024, -6.40459677], [128.22960216, -6.25170462], [128.23308373, -6.24936770], [128.46146746, -6.08843419], [128.46475087, -6.08600995], [128.67805666, -5.92109049], [128.68020915, -5.91937414], [128.68263368, -5.91730903], [128.87872184, -5.74431653], [128.88026432, -5.74292424], [128.88256245, -5.74072651], [129.06620912, -5.55886382], [129.06755361, -5.55750411], [129.06972194, -5.55518484], [129.24288360, -5.36334704], [129.24582038, -5.35992592], [129.41411415, -5.15368437], [129.41562051, -5.15178688], [129.58429559, -4.93335111], [129.58468523, -4.93284279], [129.75498049, -4.70903639], [129.75685326, -4.70659988], [129.92925131, -4.48455565], [130.10177939, -4.26285443], [130.10194198, -4.26264486], [130.27327526, -4.04113689], [130.27362012, -4.04068813], [130.44267087, -3.81926987], [130.44354078, -3.81811127], [130.60892484, -3.59410817], [130.60987859, -3.59279163], [130.77330256, -3.36285185], [130.77349018, -3.36258685], [130.93756211, -3.12995852], [130.94358983, -3.12170050], [131.11142121, -2.89944256], [131.12114620, -2.88720645], [131.29280812, -2.68186349], [131.29814702, -2.67565812], [131.30522185, -2.66794351], [131.48213494, -2.48168045], [131.49084091, -2.47288618], [131.49828105, -2.46592242], [131.68078446, -2.30097356], [131.69222564, -2.29113721], [131.70009329, -2.28492970], [131.87890279, -2.14881425], [131.88980838, -2.14088781], [131.89759131, -2.13568690], [131.90642505, -2.13021520], [132.08679192, -2.02275204], [132.09398803, -2.01860007], [132.10258581, -2.01399076], [132.11120942, -2.00974240], [132.12071123, -2.00546000], [132.30326501, -1.92692014], [132.31577252, -1.92185917], [132.32463148, -1.91866930], [132.33380805, -1.91571509], [132.34385826, -1.91285422], [132.53212163, -1.86271743], [132.54424977, -1.85974751], [132.55356389, -1.85783016], [132.56308434, -1.85620588], [132.57345521, -1.85479756], [132.77275683, -1.83117625], [132.77840641, -1.83056263], [132.78837911, -1.82974890], [132.79803329, -1.82929059], [132.80850364, -1.82914958], [133.01994912, -1.82989346], [133.02783422, -1.83002444], [133.03767328, -1.83048412], [133.04810869, -1.83132771], [133.27082924, -1.85314704], [133.28279710, -1.85455417], [133.29302691, -1.85613617], [133.52475002, -1.89601789], [133.53023379, -1.89701618], [133.54081188, -1.89923464], [133.77753027, -1.95310352], [133.78814355, -1.95570400], [134.02812477, -2.01872950], [134.03713077, -2.02123155], [134.27799763, -2.09183936], [134.28814404, -2.09499212], [134.52805064, -2.17380124], [134.53875057, -2.17752137], [134.77840130, -2.26549704], [134.79325219, -2.27136228], [135.03358797, -2.37310851], [135.03825411, -2.37513355], [135.04804637, -2.37969096], [135.29034475, -2.49755857], [135.29475094, -2.49974993], [135.30429294, -2.50480848], [135.54947487, -2.64024065], [135.56200090, -2.64752854], [135.80923764, -2.79885538], [135.81652050, -2.80344699], [136.06190998, -2.96275080], [136.06719060, -2.96625284], [136.30972090, -3.13053738], [136.31399743, -3.13348460], [136.55371550, -3.30154593], [136.55957690, -3.30575371], [136.79273885, -3.47711875], [136.79388666, -3.47794884], [137.03304939, -3.64812697], [137.27388111, -3.81940415], [137.27425795, -3.81967074], [137.51638352, -3.99005042], [137.51663036, -3.99022351], [137.76044079, -4.16060070], [137.76204604, -4.16172974], [138.00449707, -4.33335896], [138.00736114, -4.33540996], [138.24728844, -4.50921418], [138.25011434, -4.51128476], [138.48821052, -4.68773762], [138.49178569, -4.69042582], [138.72763226, -4.87033736], [138.73493936, -4.87608028], [138.96648822, -5.06353959], [138.97301542, -5.06896836], [139.20234500, -5.26489663], [139.20442425, -5.26668851], [139.43182060, -5.46435934], [139.43264086, -5.46506391], [139.65868103, -5.65691725], [139.65992320, -5.65795283], [139.88350463, -5.84103378], [139.88588108, -5.84291510], [140.10639690, -6.01164725], [140.10941579, -6.01386139], [140.32665116, -6.16650253], [140.33022011, -6.16888837], [140.54276283, -6.30394441], [140.54685720, -6.30640046], [140.75348440, -6.42323095], [140.75530857, -6.42423558], [140.75815726, -6.42570068], [140.96007104, -6.52519862], [140.96301143, -6.52658450], [140.96595884, -6.52785125], [141.16844356, -6.61079727], [141.17118707, -6.61187112], [141.17421495, -6.61294316], [141.37614843, -6.68057988], [141.37788641, -6.68114330], [141.38097003, -6.68205249], [141.38408438, -6.68285640], [141.58372608, -6.73077693], [141.58680116, -6.73146103], [141.58996510, -6.73205382], [141.59314838, -6.73253880], [141.79102314, -6.75925120], [141.79533021, -6.75973261], [141.79854358, -6.75996261], [141.80176324, -6.76008333], [141.99989587, -6.76414422], [142.00444557, -6.76412833], [142.00766426, -6.76398513], [142.01087585, -6.76373269], [142.20590613, -6.74506398], [142.20762387, -6.74488375], [142.21081694, -6.74446416], [142.21399302, -6.74393639], [142.21714823, -6.74330108], [142.40682190, -6.70173746], [142.41123246, -6.70065923], [142.41432162, -6.69976800], [142.41737693, -6.69877240], [142.60609039, -6.63369268], [142.60920106, -6.63255822], [142.61217623, -6.63135451], [142.61510641, -6.63005048], [142.80501605, -6.54160298], [142.80746061, -6.54042092], [142.81029836, -6.53893587], [142.81308113, -6.53735535], [143.00204291, -6.42568394], [143.00521867, -6.42371983], [143.00787070, -6.42193910], [143.20061787, -6.28762525], [143.20229156, -6.28643103], [143.20483426, -6.28450520], [143.40550894, -6.12696618], [143.40787739, -6.12504238], [143.61675113, -5.94953681], [143.61768994, -5.94873714], [143.83096730, -5.76457673], [143.83158704, -5.76403673], [144.04642176, -5.57513696], [144.26211877, -5.38458575], [144.26750595, -5.37993214], [144.48361023, -5.19740562], [144.49195808, -5.19059158], [144.71007769, -5.01856184], [144.72128951, -5.01010909], [144.94346704, -4.85007505], [144.94985563, -4.84560131], [144.95869406, -4.83980654], [145.18513687, -4.69687033], [145.19013181, -4.69378874], [145.19940818, -4.68841222], [145.42725918, -4.56154077], [145.44006957, -4.55477631], [145.66791003, -4.44086339], [145.68126274, -4.43456038], [145.90775635, -4.33383262], [145.91644914, -4.33012848], [145.92624126, -4.32632972], [146.15100069, -4.24353047], [146.16394101, -4.23908446], [146.17372429, -4.23614506], [146.40045575, -4.17221929], [146.41553517, -4.16836852], [146.42541059, -4.16628200], [146.65852863, -4.12115879], [146.67251518, -4.11877865], [146.68263076, -4.11746722], [146.92650567, -4.09005645], [146.93849949, -4.08894318], [146.94884088, -4.08836138], [147.20758213, -4.07821026], [147.21438034, -4.07802152], [147.22511396, -4.07802888], [147.49692587, -4.08283236], [147.50961068, -4.08329925], [147.79086177, -4.09904075], [147.80354520, -4.09999477], [148.09567927, -4.12760843], [148.10111936, -4.12817461], [148.11185135, -4.12957943], [148.40964819, -4.17372328], [148.41676599, -4.17486652], [148.42727046, -4.17686898], [148.72467582, -4.23882680], [148.74070497, -4.24258482], [149.03501880, -4.31936922], [149.04667390, -4.32263937], [149.33772647, -4.41009330], [149.34373232, -4.41196863], [149.35388852, -4.41545310], [149.63625471, -4.51775559], [149.64751404, -4.52208612], [149.65699448, -4.52613801], [149.92474460, -4.64604016], [149.93290517, -4.64984237], [149.94228720, -4.65458669], [150.19262554, -4.78662816], [150.20350505, -4.79265226], [150.21227832, -4.79795016], [150.44038730, -4.94112350], [150.45246244, -4.94910546], [150.46063727, -4.95500344], [150.66769894, -5.10991638], [150.67608989, -5.11642933], [150.68402638, -5.12304889], [150.87271794, -5.28607427], [150.88080210, -5.29331991], [150.88821989, -5.30046115], [151.05937754, -5.47109155], [151.06904436, -5.48118672], [151.07569325, -5.48872227], [151.22742738, -5.66688985], [151.23582963, -5.67721384], [151.24187151, -5.68527455], [151.37444885, -5.86879477], [151.38063237, -5.87769687], [151.38616078, -5.88630438], [151.50166381, -6.07332293], [151.50838413, -6.08477293], [151.51311141, -6.09362498], [151.61187853, -6.28673476], [151.61741291, -6.29816039], [151.62143692, -6.30737885], [151.70538220, -6.50941337], [151.70886559, -6.51820499], [151.71232010, -6.52788280], [151.78417633, -6.74112407], [151.78641360, -6.74806239], [151.78930289, -6.75807378], [151.84987488, -6.98296188], [151.85251318, -6.99355617], [151.85460075, -7.00348998], [151.90036599, -7.24243925], [151.90251896, -7.25522563], [151.90377986, -7.26514247], [151.93170489, -7.52139183], [151.93296377, -7.53666540], [151.93333683, -7.54648204], [151.93879135, -7.81847539], [151.93884512, -7.82449801], [151.93864978, -7.83420006], [151.93807940, -7.84437514], [151.91755762, -8.12145913], [151.91712606, -8.12660638], [151.91604120, -8.13631440], [151.91454651, -8.14640026], [151.86875267, -8.42135197], [151.86620856, -8.43469165], [151.86393976, -8.44439238], [151.79465132, -8.71845429], [151.79190846, -8.72852624], [151.78887562, -8.73826254], [151.69769277, -9.01358318], [151.69564720, -9.01953023], [151.69194098, -9.02935964], [151.58365229, -9.30175815], [151.57811434, -9.31480993], [151.45770242, -9.58145779], [151.45271045, -9.59198127], [151.32230534, -9.85407949], [151.32027182, -9.85809354], [151.18608301, -10.11828778], [151.18443769, -10.12143391], [151.04737258, -10.37992452], [151.04484425, -10.38459600], [150.90334686, -10.64079440], [150.90060614, -10.64565358], [150.75419549, -10.89989516], [150.75237384, -10.90301652], [150.60285485, -11.15584335], [150.60064391, -11.15952396], [150.44783829, -11.40998993], [150.44422278, -11.41577341], [150.28625002, -11.66245068], [150.28142775, -11.66975415], [150.11650159, -11.91211555], [150.11124669, -11.91960098], [149.93803815, -12.15885150], [149.93244553, -12.16633988], [149.74925961, -12.40417851], [149.74484914, -12.40977300], [149.55286261, -12.64772576], [149.55100794, -12.65000274], [149.35637411, -12.88670023], [149.35582635, -12.88737292], [149.16830795, -13.11993773], [149.16649772, -13.12225940], [148.99455947, -13.35036697], [148.99181837, -13.35420945], [148.83828760, -13.58186101], [148.83685017, -13.58406136], [148.83520934, -13.58675986], [148.69843928, -13.82092152], [148.69629634, -13.82480967], [148.56976476, -14.06857861], [148.56823626, -14.07166851], [148.45084989, -14.32103838], [148.44943618, -14.32420052], [148.34258348, -14.57632696], [148.34108098, -14.58011262], [148.24599367, -14.83679966], [148.24470123, -14.84054475], [148.16041735, -15.10381942], [148.15944353, -15.10707666], [148.08458450, -15.37631686], [148.08385241, -15.37912931], [148.01751587, -15.65243962], [148.01689952, -15.65516800], [147.95878432, -15.93295125], [147.95839290, -15.93493613], [147.90588494, -16.21839836], [147.90569275, -16.21947327], [147.85641721, -16.50532913], [147.85614872, -16.50698076], [147.81215596, -16.79494573], [147.81194786, -16.79638814], [147.77197704, -17.09076628], [147.77186701, -17.09156870], [147.73097301, -17.38688892], [147.72977551, -17.39477926], [147.68307300, -17.67763214], [147.68107631, -17.68850267], [147.62757663, -17.95287666], [147.62406732, -17.96819178], [147.56159907, -18.21200129], [147.55933371, -18.22031251], [147.55628922, -18.23018131], [147.48323915, -18.45279140], [147.47807354, -18.46724581], [147.47435006, -18.47637791], [147.38944482, -18.67445817], [147.38527298, -18.68373452], [147.38108986, -18.69221924], [147.37623353, -18.70124729], [147.28017152, -18.87248747], [147.27702755, -18.87794568], [147.27191344, -18.88625669], [147.26666132, -18.89415302], [147.26066807, -18.90250910], [147.15401750, -19.04581144], [147.14626331, -19.05578007], [147.14024428, -19.06292740], [147.13386043, -19.06999004], [147.12667426, -19.07740186], [147.01094020, -19.19267159], [147.00497525, -19.19844547], [146.99780213, -19.20496164], [146.99051063, -19.21113628], [146.98300214, -19.21705952], [146.97464259, -19.22319633], [146.85215355, -19.30989425], [146.83932984, -19.31849577], [146.83145295, -19.32330878], [146.82309274, -19.32802950], [146.81456833, -19.33246340], [146.80516671, -19.33695034], [146.67676629, -19.39554696], [146.66718863, -19.39972056], [146.65823591, -19.40326185], [146.64916011, -19.40649747], [146.63997381, -19.40942289], [146.63068819, -19.41203453], [146.62053322, -19.41452050], [146.49211973, -19.44364733], [146.48601111, -19.44496456], [146.47622305, -19.44679327], [146.46667292, -19.44824326], [146.45707662, -19.44936802], [146.44744582, -19.45016618], [146.43779227, -19.45063677], [146.42732212, -19.45079108]]]}
    },
    {
      "type": "Feature",
      "properties": {"block_id": "ADC_AUSSP_04", "basin_id": "BASIN_AUSSP", "basin_label": "Australia and South Pacific", "domain_count": 1, "grid_cell_count": 64, "outer_area_km2": 2554341.965115, "shelf_width_km": 250.000000, "outer_buffer_km": 430.000000, "shelf_add_area_km2": 0.000000, "shelf_add_cell_count": 0, "shelf_add_component_count": 0, "bay_add_area_km2": 228125.988120, "bay_add_cell_count": 283, "bay_add_core_cell_count": 283, "bay_add_component_count": 1, "open_ocean_area_risk": 0},
      "geometry": {"type": "Polygon", "coordinates": [[[149.12524916, -22.28303012], [149.11468943, -22.28301211], [148.94515952, -22.27986717], [148.93568276, -22.27954677], [148.92588143, -22.27890000], [148.91618603, -22.27793119], [148.90572680, -22.27652852], [148.73139887, -22.25014922], [148.71988969, -22.24818866], [148.71043813, -22.24623164], [148.70019699, -22.24374741], [148.51701137, -22.19601629], [148.50763909, -22.19341620], [148.49831232, -22.19049735], [148.48838740, -22.18701743], [148.29516323, -22.11556056], [148.28401741, -22.11119369], [148.27448345, -22.10705377], [148.06936585, -22.01379844], [148.05611321, -22.00739386], [148.04714182, -22.00259965], [147.83593178, -21.88503752], [147.82605484, -21.87929659], [147.81727155, -21.87376130], [147.59984601, -21.73145386], [147.58790078, -21.72322890], [147.57979709, -21.71714754], [147.36334065, -21.54877763], [147.35403829, -21.54124247], [147.34629336, -21.53447753], [147.13377054, -21.34222869], [147.12686446, -21.33577807], [147.11947967, -21.32840295], [146.91235041, -21.11418632], [146.90765163, -21.10920877], [146.90060625, -21.10128970], [146.70188896, -20.86987713], [146.69319742, -20.85930146], [146.50621197, -20.62146873], [146.50044573, -20.61390237], [146.32156198, -20.37167538], [146.32056187, -20.37031351], [146.14426760, -20.12889124], [146.14354122, -20.12791055], [145.96579398, -19.89130631], [145.96456360, -19.88970618], [145.78364351, -19.65978759], [145.78166558, -19.65736168], [145.59439863, -19.43562808], [145.59235522, -19.43329096], [145.40311411, -19.22417672], [145.40044472, -19.22135073], [145.22188930, -19.04021889], [145.22074986, -19.03908319], [145.21842924, -19.03688851], [145.04729281, -18.88059580], [145.04384612, -18.87760154], [144.87997995, -18.74222260], [144.87808032, -18.74069493], [144.87552146, -18.73876254], [144.71929656, -18.62497142], [144.71597543, -18.62266122], [144.71326672, -18.62092945], [144.56035764, -18.52683322], [144.55726769, -18.52501233], [144.55443403, -18.52347801], [144.41312225, -18.45006238], [144.41056990, -18.44878502], [144.40763784, -18.44743380], [144.40465869, -18.44618216], [144.27302726, -18.39349667], [144.27071363, -18.39260547], [144.26766021, -18.39153338], [144.26456989, -18.39056477], [144.14170470, -18.35433011], [144.13997576, -18.35383783], [144.13683553, -18.35303242], [144.13366809, -18.35233326], [144.13047730, -18.35174120], [144.01268438, -18.33193501], [144.00819682, -18.33128877], [144.00496592, -18.33095606], [144.00172496, -18.33073236], [143.88070284, -18.32442549], [143.87643873, -18.32429775], [143.87318962, -18.32432702], [143.86994356, -18.32446570], [143.73562405, -18.33247276], [143.73391727, -18.33258970], [143.73068347, -18.33289503], [143.72746267, -18.33330908], [143.57514602, -18.35550734], [143.57234860, -18.35595719], [143.56916272, -18.35657339], [143.40222489, -18.39179714], [143.40024303, -18.39223726], [143.39709849, -18.39302686], [143.21674045, -18.44157371], [143.21302033, -18.44265629], [143.01203300, -18.50559016], [143.00973079, -18.50634324], [142.81794386, -18.57178511], [142.81569351, -18.57554951], [142.80733101, -18.58899077], [142.78495980, -18.62356655], [142.77611629, -18.63671799], [142.75250827, -18.67051929], [142.74319453, -18.68336488], [142.71837846, -18.71635051], [142.70860583, -18.72887461], [142.68261195, -18.76100438], [142.67239234, -18.77319173], [142.64525232, -18.80442651], [142.63459817, -18.81626225], [142.60634508, -18.84656397], [142.59526938, -18.85803369], [142.58073613, -18.87282308], [142.45573613, -18.99782308], [142.44078622, -19.01251163], [142.42918397, -19.02371183], [142.39864747, -19.05217366], [142.38676573, -19.06286582], [142.35537515, -19.09014091], [142.34311396, -19.10042641], [142.31075610, -19.12662771], [142.29813040, -19.13649400], [142.26484467, -19.16158960], [142.25186986, -19.17102467], [142.21769682, -19.19498397], [142.20438869, -19.20397632], [142.16936998, -19.22677014], [142.15574474, -19.23530883], [142.11992302, -19.25690940], [142.10599728, -19.26498400], [142.06941620, -19.28536500], [142.05520693, -19.29296570], [142.01791105, -19.31210230], [142.00343555, -19.31921982], [141.96547031, -19.33708870], [141.95074623, -19.34371438], [141.91215789, -19.36029378], [141.89720316, -19.36641954], [141.85803872, -19.38168926], [141.84287156, -19.38730764], [141.80317876, -19.40124907], [141.78781764, -19.40635322], [141.74764484, -19.41894937], [141.73210849, -19.42353308], [141.69150460, -19.43476862], [141.67581194, -19.43882630], [141.63482647, -19.44868752], [141.61899663, -19.45221423], [141.57767947, -19.46068913], [141.56173173, -19.46368057], [141.52013326, -19.47075882], [141.50408705, -19.47321135], [141.46225793, -19.47888433], [141.44613280, -19.48079496], [141.40412399, -19.48505575], [141.38793959, -19.48642215], [141.34580229, -19.48926556], [141.32957832, -19.49008607], [141.28736386, -19.49150864], [141.27112010, -19.49178225], [141.25000000, -19.49196011], [140.75000000, -19.49196011], [140.72866575, -19.49177863], [140.71225733, -19.49149944], [140.66982924, -19.49005878], [140.65360558, -19.48923273], [140.61146932, -19.48637493], [140.59528541, -19.48500300], [140.55327818, -19.48072786], [140.53715375, -19.47881172], [140.49532671, -19.47312446], [140.47928140, -19.47066644], [140.43768553, -19.46357399], [140.42173889, -19.46057710], [140.38042485, -19.45208809], [140.36459630, -19.44855597], [140.32361443, -19.43868075], [140.30792327, -19.43461770], [140.26732351, -19.42336830], [140.25178885, -19.41877928], [140.21162066, -19.40616941], [140.19626142, -19.40106001], [140.15657373, -19.38710502], [140.14140863, -19.38148146], [140.10224981, -19.36619837], [140.08729732, -19.36006750], [140.04871506, -19.34347492], [140.03399341, -19.33684421], [139.99603473, -19.31896236], [139.98156184, -19.31183989], [139.94427298, -19.29269055], [139.93006650, -19.28508501], [139.89349290, -19.26469151], [139.87957012, -19.25661215], [139.84375633, -19.23499934], [139.83013423, -19.22645601], [139.79512388, -19.20365023], [139.78181905, -19.19465333], [139.74765480, -19.17068235], [139.73468344, -19.16124285], [139.70140692, -19.13613589], [139.68878485, -19.12626529], [139.65643660, -19.10005293], [139.64417919, -19.08976325], [139.61279860, -19.06247742], [139.60092079, -19.05178121], [139.57054612, -19.02345517], [139.55906237, -19.01236544], [139.54426387, -18.99782308], [139.43748446, -18.89104367], [139.32648865, -18.85406651], [139.31217511, -18.84893277], [139.03659995, -18.74293688], [139.02281653, -18.73727757], [138.74645641, -18.61649361], [138.73313982, -18.61031869], [138.45870880, -18.47559036], [138.44577173, -18.46888065], [138.17523499, -18.32088971], [138.16619185, -18.31575546], [137.89852222, -18.15813291], [137.89166830, -18.15398326], [137.62624476, -17.98881741], [137.61738797, -17.98310612], [137.35690661, -17.80912447], [137.34440600, -17.80034448], [137.09536827, -17.61655009], [137.08963124, -17.61220587], [137.08134303, -17.60553413], [136.85583953, -17.41747477], [136.85140924, -17.41370239], [136.84344526, -17.40653189], [136.64178792, -17.21850770], [136.63763922, -17.21455981], [136.63009392, -17.20697153], [136.45138109, -17.02084456], [136.44240002, -17.01106749], [136.43584753, -17.00334015], [136.28020029, -16.81310591], [136.27073771, -16.80091453], [136.26498660, -16.79280128], [136.13093516, -16.59642200], [136.12500408, -16.58737779], [136.11969866, -16.57860952], [136.00296839, -16.37771765], [136.00017801, -16.37279890], [135.99521034, -16.36343727], [135.89151399, -16.15931570], [135.88898276, -16.15420097], [135.88456198, -16.14459208], [135.79302095, -15.93587335], [135.78961280, -15.92776199], [135.78592945, -15.91810227], [135.70781779, -15.70166866], [135.70484312, -15.69298749], [135.70184109, -15.68313975], [135.63785040, -15.45884093], [135.63490382, -15.44766116], [135.63270273, -15.43779313], [135.58566353, -15.20743214], [135.58402813, -15.19872154], [135.58247267, -15.18854585], [135.55100555, -14.95446137], [135.54978397, -14.94386559], [135.54899384, -14.93373771], [135.53461242, -14.69344187], [135.53422911, -14.68477324], [135.53412084, -14.67447540], [135.53600967, -14.42505151], [135.53655549, -14.40901342], [135.55213183, -14.15171046], [135.55325940, -14.13813908], [135.58113848, -13.87440872], [135.58306986, -13.85961996], [135.62482387, -13.59133723], [135.62582041, -13.58537534], [135.62785385, -13.57507373], [135.68697006, -13.30163817], [135.68820876, -13.29618542], [135.69083575, -13.28597598], [135.76819689, -13.00628752], [135.77040590, -12.99872027], [135.77363678, -12.98884413], [135.87096884, -12.70846212], [135.87609850, -12.69474937], [135.98755311, -12.41713485], [135.98791827, -12.41622947], [136.10051760, -12.13831622], [136.10069284, -12.13788463], [136.21351018, -11.86063905], [136.21513887, -11.85671435], [136.33035355, -11.58439798], [136.33297369, -11.57838418], [136.45230611, -11.31225220], [136.45559467, -11.30515990], [136.58033562, -11.04481397], [136.58402890, -11.03736420], [136.71504336, -10.78177039], [136.71915803, -10.77401540], [136.85745305, -10.52203732], [136.86159408, -10.51472800], [137.00758155, -10.26496565], [137.01078165, -10.25961433], [137.16293857, -10.01085074], [137.16555308, -10.00665133], [137.32275948, -9.75854654], [137.47981116, -9.51024534], [137.48226204, -9.50643191], [137.64280860, -9.26056609], [137.64649216, -9.25506815], [137.65263422, -9.24646100], [137.82354240, -9.01568807], [137.83165965, -9.00522296], [137.83818168, -8.99747228], [138.02121080, -8.78755856], [138.02499576, -8.78330612], [138.03177670, -8.77610014], [138.03914414, -8.76879990], [138.23480837, -8.58157202], [138.24101563, -8.57580192], [138.24835085, -8.56940615], [138.25642831, -8.56284249], [138.46297534, -8.40086457], [138.46874423, -8.39645527], [138.47674663, -8.39070712], [138.48543222, -8.38491158], [138.70097241, -8.24639275], [138.71403620, -8.23844391], [138.72289637, -8.23354661], [138.94759265, -8.11432662], [138.95841978, -8.10885125], [138.96784269, -8.10451202], [139.20243362, -8.00129466], [139.21629288, -7.99556672], [139.45698338, -7.90239013], [139.46483631, -7.89946317], [139.70997784, -7.81158847], [139.71319853, -7.81045254], [139.95899245, -7.72517390], [139.95984958, -7.72487193], [140.19823526, -7.63960809], [140.20114193, -7.63851466], [140.43223386, -7.54724867], [140.43408634, -7.54649443], [140.66765909, -7.44851320], [140.66783307, -7.44844002], [140.90475627, -7.34849862], [141.14186512, -7.24835649], [141.14356061, -7.24764593], [141.38177806, -7.14858580], [141.38219329, -7.14841346], [141.62056655, -7.04966679], [141.85706570, -6.95122192], [141.85778397, -6.95091947], [142.08889877, -6.85248065], [142.08989894, -6.85204783], [142.31217678, -6.75433921], [142.31419110, -6.75342554], [142.52099662, -6.65669176], [142.52252806, -6.65595859], [142.52539931, -6.65449078], [142.71782797, -6.55192941], [142.72154605, -6.54983806], [142.72428457, -6.54815050], [142.90788191, -6.43060911], [142.91130576, -6.42830885], [142.91389630, -6.42641619], [143.09695155, -6.28775870], [143.09870564, -6.28639664], [143.10117582, -6.28435963], [143.29188365, -6.12145265], [143.29437925, -6.11924139], [143.49303177, -5.93668281], [143.49403487, -5.93574705], [143.69852070, -5.74210595], [143.90484797, -5.54624528], [143.90878708, -5.54256838], [144.11323211, -5.35491859], [144.12108472, -5.34794387], [144.32295717, -5.17444693], [144.33473547, -5.16479761], [144.53721360, -5.00673519], [144.54357519, -5.00190640], [144.55221596, -4.99575773], [144.75861611, -4.85418472], [144.76585012, -4.84937597], [144.77484130, -4.84380208], [144.98672521, -4.71743512], [144.99964754, -4.71011907], [145.21530997, -4.59436862], [145.22675934, -4.58850815], [145.44410147, -4.48254993], [145.45816625, -4.47609555], [145.67842174, -4.38118008], [145.69289548, -4.37534200], [145.91729426, -4.29089400], [145.92657635, -4.28756948], [145.93663971, -4.28433513], [146.16748620, -4.21443608], [146.18128745, -4.21059548], [146.19128042, -4.20823553], [146.43157844, -4.15575833], [146.44579724, -4.15299055], [146.45594683, -4.15142920], [146.70950914, -4.11679033], [146.72231709, -4.11530524], [146.73267542, -4.11449295], [147.00359699, -4.09783488], [147.01003111, -4.09750864], [147.02088192, -4.09725825], [147.30730360, -4.09547423], [147.31710377, -4.09555544], [147.60889427, -4.10220966], [147.61785146, -4.10253295], [147.91642375, -4.11728036], [147.92450434, -4.11777670], [148.22971996, -4.14020219], [148.23891479, -4.14100437], [148.54792673, -4.17222867], [148.55622522, -4.17317116], [148.86647402, -4.21230571], [148.87496183, -4.21348619], [149.18347834, -4.26040192], [149.19380331, -4.26213669], [149.49771961, -4.31807420], [149.50670744, -4.31985538], [149.80344007, -4.38287583], [149.81243376, -4.38491536], [150.09823427, -4.45386744], [150.11043046, -4.45705359], [150.38125743, -4.53327378], [150.39684323, -4.53807307], [150.64744780, -4.62198712], [150.65638345, -4.62513313], [150.66624705, -4.62896953], [150.89327709, -4.72174868], [150.89815728, -4.72379554], [150.90732825, -4.72792812], [150.91673448, -4.73255922], [151.12084201, -4.83742204], [151.12626985, -4.84028328], [151.13495893, -4.84517544], [151.14388850, -4.85061475], [151.32750888, -4.96683774], [151.33417405, -4.97118263], [151.34222365, -4.97678884], [151.35056539, -4.98303709], [151.51648371, -5.11185571], [151.52418315, -5.11803974], [151.53148712, -5.12432472], [151.53911852, -5.13136793], [151.68839759, -5.27403741], [151.69617281, -5.28174627], [151.70268868, -5.28868725], [151.70950081, -5.29647354], [151.83996720, -5.45098907], [151.84714500, -5.45982968], [151.85282676, -5.46738079], [151.85872921, -5.47583046], [151.96949578, -5.64052919], [151.97738134, -5.65290399], [151.98197893, -5.66084474], [151.98680465, -5.66990863], [152.07588102, -5.84465313], [152.08157653, -5.85647546], [152.08525270, -5.86496685], [152.08898085, -5.87450084], [152.15765166, -6.05984234], [152.16094746, -6.06923930], [152.16375798, -6.07826606], [152.16644176, -6.08812166], [152.21684918, -6.28731248], [152.22015108, -6.30194178], [152.22189722, -6.31164496], [152.25697732, -6.52902327], [152.25823040, -6.53764131], [152.25936844, -6.54787909], [152.28137021, -6.78471350], [152.28198602, -6.79255290], [152.28246297, -6.80289925], [152.28965165, -7.05974099], [152.28975907, -7.06721726], [152.28957909, -7.07759990], [152.27993838, -7.34968412], [152.27907785, -7.36417128], [152.25529648, -7.64921517], [152.25433259, -7.65889459], [152.22035185, -7.95238813], [152.21962459, -7.95818179], [152.17934458, -8.25589432], [152.17918115, -8.25708455], [152.13760596, -8.55548870], [152.09662862, -8.85342256], [152.09658621, -8.85373514], [152.05716294, -9.14829250], [152.05694078, -9.15009573], [152.02415118, -9.44131595], [152.02389151, -9.44399537], [152.00004284, -9.73742758], [151.99989414, -9.73959218], [151.98318388, -10.03725530], [151.98311206, -10.03877167], [151.97147462, -10.34033561], [151.97145106, -10.34101523], [151.96210485, -10.64508387], [151.96209428, -10.64545332], [151.95406321, -10.94885101], [151.95404187, -10.94989532], [151.94967542, -11.25277538], [151.94966722, -11.25365141], [151.94835645, -11.55781348], [151.94835630, -11.55852480], [151.94954398, -11.86335314], [151.94955407, -11.86438011], [151.95438968, -12.17150538], [151.95439611, -12.17193254], [151.95882200, -12.48064290], [151.95885308, -12.48523623], [151.95860592, -12.79271217], [151.95854450, -12.79857761], [151.95235976, -13.10566961], [151.95231012, -13.10777236], [151.94400764, -13.41441212], [151.94399927, -13.41474512], [151.93687207, -13.72154301], [151.93684709, -13.72254670], [151.92869176, -14.02981042], [151.92857835, -14.03331837], [151.91685763, -14.34078039], [151.91665879, -14.34516362], [151.90045507, -14.65316329], [151.90013830, -14.65834081], [151.87857484, -14.96743194], [151.87840917, -14.96968573], [151.85448524, -15.27938599], [151.83054844, -15.58924321], [151.80655929, -15.89893724], [151.80629895, -15.90208541], [151.77913781, -16.21095794], [151.77864694, -16.21604842], [151.74634441, -16.52388738], [151.74574530, -16.52915372], [151.70813839, -16.83588331], [151.70723257, -16.84264263], [151.66285960, -17.14772287], [151.66177579, -17.15461801], [151.61050043, -17.45808884], [151.60923960, -17.46505657], [151.55095935, -17.76704532], [151.54998259, -17.77189463], [151.48676402, -18.07309901], [151.42307937, -18.37487125], [151.35967408, -18.67528648], [151.35956348, -18.67581871], [151.29805209, -18.97654166], [151.23613733, -19.27840974], [151.17439277, -19.57976501], [151.17321941, -19.58523590], [151.10630578, -19.88383350], [151.10363804, -19.89478574], [151.02634039, -20.18843570], [151.02252505, -20.20170506], [150.93273536, -20.48937622], [150.93087429, -20.49511348], [150.92733548, -20.50503076], [150.82288714, -20.78194381], [150.81926148, -20.79107585], [150.81513616, -20.80048816], [150.69862753, -21.05389307], [150.69338991, -21.06469082], [150.68861495, -21.07364071], [150.56203617, -21.30105004], [150.55517091, -21.31274171], [150.54972799, -21.32120190], [150.41620013, -21.52088711], [150.41307253, -21.52546354], [150.40728529, -21.53344655], [150.40093386, -21.54158741], [150.26309884, -21.71198328], [150.25531568, -21.72121489], [150.24896768, -21.72819086], [150.24172729, -21.73560853], [150.09852261, -21.87728203], [150.08795593, -21.88724728], [150.08093301, -21.89334325], [150.07284035, -21.89988944], [149.92716208, -22.01361138], [149.92047278, -22.01868230], [149.91250224, -22.02433900], [149.90445315, -22.02964396], [149.89553057, -22.03509396], [149.74668719, -22.12253562], [149.73535439, -22.12887734], [149.72689943, -22.13319467], [149.71813013, -22.13730111], [149.70847475, -22.14142719], [149.55504876, -22.20392398], [149.54237736, -22.20876914], [149.53338749, -22.21181486], [149.52408349, -22.21461910], [149.51390022, -22.21731578], [149.35621006, -22.25623182], [149.34694558, -22.25836767], [149.33732250, -22.26026158], [149.32770970, -22.26181844], [149.31724095, -22.26315333], [149.15327188, -22.28125754], [149.14486632, -22.28206902], [149.13499105, -22.28271847], [149.12524916, -22.28303012]]]}
    },
    {
      "type": "Feature",
      "properties": {"block_id": "ADC_AUSSP_05", "basin_id": "BASIN_AUSSP", "basin_label": "Australia and South Pacific", "domain_count": 1, "grid_cell_count": 52, "outer_area_km2": 3633622.126919, "shelf_width_km": 250.000000, "outer_buffer_km": 430.000000, "shelf_add_area_km2": 0.000000, "shelf_add_cell_count": 0, "shelf_add_component_count": 0, "bay_add_area_km2": 958581.921980, "bay_add_cell_count": 1237, "bay_add_core_cell_count": 1237, "bay_add_component_count": 3, "open_ocean_area_risk": 0},
      "geometry": {"type": "Polygon", "coordinates": [[[151.60980346, -24.84860165], [151.59986355, -24.84857022], [151.58934675, -24.84818132], [151.37341971, -24.83653959], [151.36474973, -24.83594884], [151.35495558, -24.83497494], [151.34453009, -24.83358075], [151.12844452, -24.80095330], [151.12081306, -24.79970114], [151.11109406, -24.79780842], [151.10085495, -24.79545165], [150.88495910, -24.74188718], [150.87377569, -24.73889085], [150.86458738, -24.73607508], [150.85467044, -24.73266299], [150.64264282, -24.65565032], [150.63159079, -24.65139542], [150.62279209, -24.64763719], [150.61331707, -24.64320139], [150.40556815, -24.54157327], [150.39507956, -24.53619096], [150.38675325, -24.53152855], [150.37783209, -24.52612223], [150.17431562, -24.39794915], [150.16160637, -24.38950005], [150.15347033, -24.38358418], [149.94798100, -24.22866525], [149.94210856, -24.22411969], [149.93392715, -24.21738387], [149.72287628, -24.03738560], [149.71767927, -24.03284462], [149.70989527, -24.02562895], [149.49613489, -23.82043409], [149.49217154, -23.81655327], [149.48474051, -23.80886704], [149.27382467, -23.58293055], [149.27092028, -23.57977698], [149.06287059, -23.35079868], [149.06219991, -23.35006858], [148.85273500, -23.12452753], [148.85227504, -23.12403593], [148.64102786, -22.89992657], [148.64049095, -22.89936183], [148.42719544, -22.67692673], [148.42699083, -22.67671404], [148.21406455, -22.45609988], [148.21306173, -22.45507707], [147.99690078, -22.23804404], [147.77863197, -22.01907269], [147.77824939, -22.01868823], [147.56045432, -21.79944814], [147.55919922, -21.79817763], [147.34454954, -21.57967124], [147.34372710, -21.57884466], [147.12753685, -21.36432652], [147.12721073, -21.36400455], [146.90853955, -21.14919273], [146.90772593, -21.14839061], [146.68904709, -20.93202921], [146.68854521, -20.93153155], [146.47047823, -20.71481851], [146.46812638, -20.71245673], [146.25262366, -20.49377244], [146.25205931, -20.49319831], [146.03918140, -20.27608432], [146.03815827, -20.27505730], [145.82247154, -20.06196205], [145.82166975, -20.06117957], [145.60027452, -19.84774729], [145.59852056, -19.84604343], [145.37824922, -19.63042006], [145.37223745, -19.62437591], [145.15987403, -19.40508560], [145.15797504, -19.40310771], [144.95205170, -19.18677321], [144.95054775, -19.18523020], [144.74537596, -18.97964748], [144.74259233, -18.97697372], [144.53754918, -18.78817855], [144.53468432, -18.78564896], [144.33172423, -18.61382264], [144.32803877, -18.61086150], [144.12888513, -18.45907882], [144.12525498, -18.45644865], [143.93310836, -18.32419811], [143.92911848, -18.32159998], [143.74898586, -18.21075429], [143.74680043, -18.20945022], [143.74399174, -18.20788946], [143.57802473, -18.11935529], [143.57612124, -18.11836767], [143.57322356, -18.11696769], [143.57027718, -18.11566648], [143.41393889, -18.04978939], [143.41111793, -18.04865382], [143.40808724, -18.04754898], [143.40501857, -18.04654723], [143.25316376, -17.99981619], [143.24933461, -17.99872506], [143.24619470, -17.99795766], [143.24302905, -17.99729683], [143.08105720, -17.96633918], [143.07728092, -17.96569562], [143.07407248, -17.96527016], [142.90361867, -17.94559473], [142.90002728, -17.94524862], [142.89679517, -17.94505341], [142.72235448, -17.93747382], [142.72041159, -17.93740914], [142.71717327, -17.93738896], [142.53542839, -17.93932732], [142.53362813, -17.93936344], [142.53039345, -17.93951351], [142.34013647, -17.95156536], [142.33670869, -17.95184437], [142.13813358, -17.97160340], [142.13412762, -17.97208750], [141.92495678, -18.00185291], [141.92245737, -18.00224238], [141.70518721, -18.03904981], [141.70313493, -18.03942057], [141.47699105, -18.08283026], [141.47601418, -18.08302306], [141.24191568, -18.13049659], [141.24095970, -18.13069555], [140.99756813, -18.18265215], [140.99691262, -18.18279449], [140.74398440, -18.23864934], [140.74358060, -18.23873825], [140.49047495, -18.29430356], [140.47415566, -18.29746278], [140.22369053, -18.33951780], [140.21214917, -18.34123506], [140.20177700, -18.34240322], [139.95222322, -18.36624300], [139.93979289, -18.36718244], [139.92941565, -18.36758454], [139.67675642, -18.37310068], [139.66317467, -18.37310571], [139.65287665, -18.37271432], [139.39360500, -18.35846874], [139.38047175, -18.35747206], [139.37020752, -18.35630188], [139.10151876, -18.32105627], [139.09124892, -18.31953405], [139.08089769, -18.31764181], [138.80542155, -18.26244615], [138.79656829, -18.26053583], [138.78627546, -18.25797053], [138.50736155, -18.18340739], [138.49758824, -18.18062135], [138.48757761, -18.17740160], [138.20845118, -18.08235678], [138.19391933, -18.07702694], [137.91470614, -17.96715313], [137.90218962, -17.96192875], [137.62300845, -17.83860841], [137.60850338, -17.83177479], [137.33107877, -17.69271958], [137.31787211, -17.68571936], [137.04668071, -17.53395795], [137.03263447, -17.52563041], [136.76982553, -17.36080389], [136.75602223, -17.35164960], [136.50568500, -17.17628506], [136.49951428, -17.17184211], [136.49110586, -17.16539278], [136.25542575, -16.97805019], [136.24977389, -16.97344063], [136.24176517, -16.96649964], [136.02145210, -16.76874558], [136.01637079, -16.76407321], [136.00877934, -16.75666843], [135.80517172, -16.55101004], [135.79719227, -16.54265252], [135.60353241, -16.33230327], [135.59805738, -16.32620023], [135.41065082, -16.11179073], [135.40575523, -16.10605341], [135.22331223, -15.88701274], [135.21754421, -15.87987976], [135.04107672, -15.65505332], [135.03562799, -15.64790393], [134.86543075, -15.41785037], [134.85893407, -15.40873386], [134.69776042, -15.17381870], [134.69496854, -15.16966777], [134.68925939, -15.16066504], [134.54145561, -14.91820328], [134.53857761, -14.91337109], [134.53341150, -14.90411664], [134.39932486, -14.65355880], [134.39614542, -14.64743673], [134.39159357, -14.63798508], [134.27289598, -14.37984750], [134.26838087, -14.36950048], [134.26466926, -14.36004466], [134.16625304, -14.09550305], [134.16184736, -14.08276433], [134.15897479, -14.07320227], [134.08380163, -13.80564331], [134.08090822, -13.79448903], [134.07874384, -13.78461237], [134.02491897, -13.51598559], [134.02276216, -13.50388122], [134.02139105, -13.49392876], [133.98864601, -13.21982060], [133.98765520, -13.21009998], [133.98697864, -13.19990060], [133.97339552, -12.91839288], [133.97319342, -12.91311111], [133.97308535, -12.90257094], [133.97531244, -12.61606202], [133.97558912, -12.60523824], [133.98815663, -12.31544092], [133.98855773, -12.30819035], [134.00821540, -12.01604930], [134.00833118, -12.01439583], [134.05091446, -11.42911752], [134.05093484, -11.42883083], [134.07113419, -11.13793211], [134.07118626, -11.13712839], [134.08872857, -10.84544962], [134.08879213, -10.84442180], [134.10740670, -10.55144941], [134.10779431, -10.54609508], [134.13160756, -10.25303018], [134.13254938, -10.24335443], [134.16600737, -9.94848827], [134.16732731, -9.93837019], [134.21110741, -9.64157366], [134.21256612, -9.63261066], [134.26569035, -9.33425777], [134.26631717, -9.33084965], [134.32300178, -9.03218045], [134.32305177, -9.03191483], [134.37846975, -8.73490039], [134.37863734, -8.73397449], [134.43002048, -8.44109942], [134.43036790, -8.43896386], [134.47333148, -8.15248206], [134.47379399, -8.14889073], [134.50444769, -7.86428020], [134.50473199, -7.86109051], [134.52528147, -7.57008401], [134.52542027, -7.56762253], [134.53808196, -7.26748205], [134.53809779, -7.26708527], [134.54958343, -6.96172845], [134.54981900, -6.95661185], [134.56628467, -6.65433477], [134.56703368, -6.64389261], [134.59319193, -6.35006956], [134.59502074, -6.33423091], [134.63496893, -6.05301015], [134.63614326, -6.04548830], [134.63807030, -6.03528269], [134.69336812, -5.76880112], [134.69553387, -5.75920538], [134.69813896, -5.74930514], [134.76836862, -5.50063207], [134.77201217, -5.48872009], [134.77533370, -5.47921904], [134.85982562, -5.25074458], [134.86552849, -5.23648336], [134.86959613, -5.22748178], [134.96864361, -5.01831112], [134.97206942, -5.01132763], [134.97659025, -5.00280404], [134.98172192, -4.99390728], [135.09432863, -4.80644343], [135.09989489, -4.79754506], [135.10520871, -4.78968900], [135.11127857, -4.78136433], [135.23828081, -4.61348072], [135.24624603, -4.60341126], [135.25233081, -4.59630881], [135.25932869, -4.58869757], [135.39967143, -4.44131562], [135.41015283, -4.43083470], [135.41696155, -4.42457381], [135.42484119, -4.41781861], [135.57759476, -4.29139898], [135.58227961, -4.28760464], [135.59015095, -4.28158531], [135.59798012, -4.27601653], [135.60667418, -4.27027385], [135.76930998, -4.16682860], [135.77558057, -4.16294968], [135.78411028, -4.15801749], [135.79261957, -4.15347947], [135.80200975, -4.14887767], [135.97441750, -4.06801494], [135.98445361, -4.06352511], [135.99337736, -4.05990156], [136.00246177, -4.05656874], [136.01242757, -4.05329286], [136.19492514, -3.99672335], [136.20863738, -3.99281093], [136.21779852, -3.99058511], [136.22729785, -3.98861558], [136.23765965, -3.98683091], [136.43002331, -3.95704275], [136.44192177, -3.95543285], [136.45148040, -3.95448890], [136.46117345, -3.95386165], [136.47169258, -3.95353736], [136.67544899, -3.95070119], [136.68417161, -3.95070375], [136.69400987, -3.95101283], [136.70370252, -3.95164577], [136.71417201, -3.95268589], [136.92806817, -3.97759549], [136.94114153, -3.97939587], [136.95051023, -3.98104952], [136.96079187, -3.98322581], [137.18717370, -4.03516771], [137.19826878, -4.03792869], [137.20751979, -4.04058122], [137.21750063, -4.04381391], [137.45120121, -4.12392461], [137.45892430, -4.12668980], [137.46807741, -4.13028694], [137.47768512, -4.13444655], [137.71644286, -4.24269561], [137.72222861, -4.24539524], [137.73111627, -4.24984971], [137.74028822, -4.25484712], [137.97838099, -4.38992457], [137.98794902, -4.39558577], [137.99668526, -4.40118224], [138.23335200, -4.55860983], [138.24630291, -4.56768697], [138.48144806, -4.74119723], [138.48868590, -4.74669660], [138.72272312, -4.92976577], [138.72782261, -4.93383846], [138.96049648, -5.12354856], [138.96473804, -5.12706772], [139.19555400, -5.32193076], [139.42531243, -5.51521341], [139.42614446, -5.51590503], [139.65301764, -5.70225006], [139.65496668, -5.70380723], [139.88073686, -5.87923655], [139.88278811, -5.88078516], [140.10612281, -6.04457158], [140.10902434, -6.04661520], [140.32701352, -6.19399480], [140.33072552, -6.19637818], [140.54310998, -6.32574737], [140.54458660, -6.32662828], [140.54738821, -6.32820093], [140.75808570, -6.44176403], [140.76011456, -6.44282579], [140.76300818, -6.44423362], [140.97000363, -6.54059911], [140.97268308, -6.54179609], [140.97566720, -6.54301401], [141.17814595, -6.62165196], [141.18007487, -6.62237704], [141.18312602, -6.62342776], [141.18621319, -6.62437474], [141.38332289, -6.68119194], [141.38654496, -6.68205981], [141.38969370, -6.68279248], [141.39286693, -6.68341831], [141.58397512, -6.71775708], [141.58571297, -6.71805281], [141.58891643, -6.71851213], [141.59213449, -6.71886292], [141.59536323, -6.71910476], [141.78279205, -6.72996092], [141.78481987, -6.73005683], [141.78805758, -6.73012084], [141.79129563, -6.73007539], [141.79453007, -6.72992056], [141.97554542, -6.71818605], [141.97807379, -6.71798849], [141.98129202, -6.71763914], [141.98449569, -6.71718126], [141.98768091, -6.71661540], [142.15859779, -6.68325631], [142.16151533, -6.68263940], [142.16465420, -6.68186804], [142.16776336, -6.68099109], [142.17083901, -6.68000960], [142.33032242, -6.62611088], [142.33313989, -6.62510890], [142.33614046, -6.62392949], [142.33909669, -6.62264941], [142.34200498, -6.62127021], [142.49943333, -6.54328571], [142.50214918, -6.54188487], [142.50495384, -6.54031732], [142.50770029, -6.53865595], [142.67350426, -6.43441985], [142.67690571, -6.43217607], [142.67950766, -6.43030933], [142.84832678, -6.30471473], [142.85147763, -6.30226311], [142.85392042, -6.30020461], [143.02053828, -6.15477348], [143.02261239, -6.15290677], [143.02491095, -6.15069803], [143.19229371, -5.98414204], [143.19527655, -5.98103006], [143.36700066, -5.79315618], [143.36869685, -5.79124721], [143.54477927, -5.58736455], [143.54522461, -5.58684493], [143.72434695, -5.37624562], [143.72626210, -5.37401497], [143.90594808, -5.16668104], [143.91198111, -5.15991732], [144.09150640, -4.96433838], [144.10091254, -4.95452043], [144.28293780, -4.77246111], [144.28766146, -4.76784476], [144.29547993, -4.76063512], [144.47968852, -4.59661097], [144.49008962, -4.58773874], [144.67469912, -4.43691824], [144.68755557, -4.42694433], [144.87500133, -4.28893705], [144.88562077, -4.28144192], [145.07480285, -4.15351315], [145.08776917, -4.14518533], [145.28104021, -4.02741105], [145.29117681, -4.02149767], [145.30030393, -4.01660846], [145.50074736, -3.91361725], [145.50674793, -3.91062022], [145.51575060, -3.90644024], [145.52539340, -3.90235745], [145.73521486, -3.81771065], [145.74368938, -3.81443821], [145.75292005, -3.81120878], [145.76293695, -3.80808241], [145.98588960, -3.74263318], [145.99465627, -3.74020073], [146.00417503, -3.73788324], [146.01446511, -3.73574467], [146.25404768, -3.69017233], [146.26229857, -3.68872005], [146.27205787, -3.68730921], [146.28251484, -3.68615709], [146.54051899, -3.66213892], [146.55500463, -3.66112397], [146.56523829, -3.66081499], [146.84176512, -3.65714153], [146.84998950, -3.65714306], [146.86067300, -3.65746959], [147.14498933, -3.67097209], [147.16040199, -3.67206053], [147.44993044, -3.69922675], [147.46322686, -3.70074283], [147.76048456, -3.74066835], [147.77212676, -3.74244110], [148.07558075, -3.79412823], [148.08704243, -3.79628688], [148.39337684, -3.85953568], [148.40617177, -3.86244073], [148.71233158, -3.93831348], [148.72448729, -3.94157073], [149.02732838, -4.02888533], [149.03963001, -4.03269156], [149.33624716, -4.13080329], [149.34706191, -4.13458882], [149.63513047, -4.24104393], [149.64962696, -4.24679269], [149.92439928, -4.36332789], [149.93696013, -4.36896715], [150.19890741, -4.49320675], [150.20473338, -4.49604939], [150.21424339, -4.50102645], [150.45665831, -4.63323854], [150.46658231, -4.63889390], [150.47539227, -4.64434220], [150.69592441, -4.78603165], [150.70737759, -4.79375910], [150.71556799, -4.79977264], [150.91708101, -4.95316304], [150.92132294, -4.95645638], [150.92901205, -4.96276462], [150.93679932, -4.96961951], [151.12064195, -5.13721725], [151.12976964, -5.14589468], [151.13687958, -5.15319369], [151.30585609, -5.33284431], [151.31426656, -5.34217109], [151.32077748, -5.34997690], [151.47363524, -5.53992381], [151.48252689, -5.55154339], [151.48825739, -5.55972419], [151.62319223, -5.75978510], [151.62926718, -5.76917442], [151.63449411, -5.77794573], [151.75461490, -5.98790218], [151.75732565, -5.99275432], [151.76223253, -6.00214504], [151.87043590, -6.21851715], [151.87675059, -6.23193824], [151.97574693, -6.45613730], [151.97844167, -6.46245057], [151.98226006, -6.47220357], [152.06920719, -6.70654561], [152.07164983, -6.71340333], [152.07484319, -6.72333309], [152.14916214, -6.96948238], [152.15336268, -6.98482232], [152.21736661, -7.24488572], [152.22016764, -7.25739018], [152.27551633, -7.53127118], [152.27746392, -7.54186776], [152.32467303, -7.82693146], [152.32590493, -7.83504569], [152.36626714, -8.12734907], [152.36689619, -8.13219036], [152.40296928, -8.42835553], [152.43910828, -8.72156512], [152.43931853, -8.72315090], [152.47961783, -9.00707134], [152.48010082, -9.01009215], [152.52916650, -9.28584927], [152.52984007, -9.28924325], [152.58853333, -9.55707645], [152.58893097, -9.55880670], [152.58972044, -9.56184764], [152.66253094, -9.82294352], [152.66315501, -9.82507649], [152.66413011, -9.82806651], [152.75381201, -10.08722354], [152.75543305, -10.09153855], [152.86090554, -10.35141773], [152.86218928, -10.35442011], [152.98008289, -10.61662449], [152.98092275, -10.61843735], [153.10607921, -10.88078300], [153.10712911, -10.88290996], [153.23971546, -11.14269701], [153.24095882, -11.14504570], [153.38403610, -11.40580828], [153.38470530, -11.40700593], [153.53429491, -11.66993889], [153.53483910, -11.67088193], [153.68952852, -11.93520695], [153.69087567, -11.93753179], [153.84381482, -12.20411054], [153.84493266, -12.20607545], [153.99549739, -12.47298402], [153.99639776, -12.47459121], [154.14504535, -12.74178310], [154.14576481, -12.74308362], [154.29297343, -13.01068901], [154.29364990, -13.01192537], [154.43956795, -13.28005362], [154.44031897, -13.28144203], [154.58475640, -13.55008829], [154.58576871, -13.55198686], [154.72814891, -13.82125896], [154.73005567, -13.82492381], [154.86834487, -14.09509471], [154.87260380, -14.10374406], [155.00165421, -14.37645061], [155.00668795, -14.38765805], [155.12459675, -14.66478440], [155.12920858, -14.67625652], [155.23599088, -14.95808459], [155.23999869, -14.96931409], [155.33594545, -15.25555761], [155.33945927, -15.26674498], [155.42464972, -15.55727918], [155.42776010, -15.56869902], [155.50202193, -15.86371947], [155.50458869, -15.87477949], [155.56824103, -16.17418892], [155.57001244, -16.18318254], [155.62487674, -16.48559887], [155.62626490, -16.49390062], [155.67275010, -16.79759200], [155.67432099, -16.80938965], [155.70879533, -17.11357024], [155.70979783, -17.12402205], [155.73375679, -17.42903151], [155.73439873, -17.43951765], [155.74775982, -17.74374057], [155.74805006, -17.75575814], [155.74938709, -18.05948453], [155.74930586, -18.06798321], [155.74218736, -18.37062075], [155.74194601, -18.37753689], [155.72800942, -18.67866800], [155.72754907, -18.68645428], [155.70600554, -18.98572852], [155.70504600, -18.99642267], [155.67302932, -19.29419918], [155.67145747, -19.30647018], [155.62727478, -19.60345552], [155.62519290, -19.61572494], [155.56870023, -19.91192235], [155.56571628, -19.92580635], [155.49530142, -20.22000753], [155.49234764, -20.23138008], [155.41029287, -20.52411075], [155.40704557, -20.53492538], [155.31446512, -20.82384287], [155.31065760, -20.83498578], [155.20729663, -21.11955158], [155.20304164, -21.13059964], [155.08888925, -21.41082934], [155.08413250, -21.42188484], [154.95902923, -21.69772573], [154.95429282, -21.70769295], [154.81889967, -21.97999621], [154.81494197, -21.98768535], [154.67106213, -22.25790770], [154.66811570, -22.26331183], [154.51787908, -22.53249528], [154.51556003, -22.53657778], [154.36039428, -22.80500475], [154.35778768, -22.80942952], [154.19765615, -23.07621137], [154.19311339, -23.08354809], [154.02637331, -23.34471625], [154.02207986, -23.35124176], [154.01605078, -23.35980715], [153.83997536, -23.60080584], [153.83510373, -23.60727979], [153.82854305, -23.61544605], [153.64803754, -23.83221168], [153.64159454, -23.83968934], [153.63455796, -23.84731045], [153.45019307, -24.04011033], [153.44156278, -24.04877421], [153.43407350, -24.05574447], [153.24470598, -24.22593251], [153.23427340, -24.23488999], [153.22631417, -24.24118955], [153.03019040, -24.39096556], [153.02537729, -24.39456171], [153.01726598, -24.40027789], [153.00854578, -24.40598330], [152.80870031, -24.53187485], [152.80137444, -24.53634392], [152.79287845, -24.54116586], [152.78361867, -24.54600906], [152.58008748, -24.64806121], [152.57031209, -24.65274807], [152.56148379, -24.65660937], [152.55174714, -24.66047773], [152.34451512, -24.73874787], [152.33103785, -24.74349049], [152.32203966, -24.74626034], [152.31190470, -24.74900694], [152.10340211, -24.80173023], [152.09116155, -24.80456566], [152.08177878, -24.80637646], [152.07139185, -24.80801844], [151.86195003, -24.83750348], [151.85141903, -24.83880328], [151.84175174, -24.83966443], [151.83124428, -24.84024329], [151.61717245, -24.84841050], [151.60980346, -24.84860165]]]}
    },
    {
      "type": "Feature",
      "properties": {"block_id": "ADC_NA_01", "basin_id": "BASIN_NA", "basin_label": "North American East and West Coasts", "domain_count": 3, "grid_cell_count": 170, "outer_area_km2": 1617016.515656, "shelf_width_km": 250.000000, "outer_buffer_km": 430.000000, "shelf_add_area_km2": 0.000000, "shelf_add_cell_count": 0, "shelf_add_component_count": 0, "bay_add_area_km2": 0.000000, "bay_add_cell_count": 0, "bay_add_core_cell_count": 0, "bay_add_component_count": 0, "open_ocean_area_risk": 0},
      "geometry": {"type": "Polygon", "coordinates": [[[-111.24902071, 18.56666128], [-111.25717746, 18.56670449], [-111.26874452, 18.56708122], [-111.58065548, 18.58213885], [-111.58700267, 18.58250435], [-111.59865640, 18.58346801], [-111.90574878, 18.61372445], [-111.91224739, 18.61442739], [-111.92380953, 18.61597458], [-112.22690066, 18.66140231], [-112.23964586, 18.66353112], [-112.53970977, 18.71883103], [-112.54983508, 18.72083784], [-112.84717873, 18.78393173], [-112.86294376, 18.78762682], [-113.15565554, 18.86280961], [-113.16364041, 18.86496295], [-113.17460677, 18.86825211], [-113.46150516, 18.95933048], [-113.47220352, 18.96291774], [-113.48268323, 18.96681226], [-113.76415819, 19.07662080], [-113.77254614, 19.08002278], [-113.78287077, 19.08457106], [-114.06150020, 19.21278038], [-114.06790911, 19.21581414], [-114.07804414, 19.22095493], [-114.35295469, 19.36613848], [-114.36809279, 19.37460638], [-114.63915720, 19.53498131], [-114.64580113, 19.53902183], [-114.65519273, 19.54511225], [-114.92011103, 19.72330951], [-114.92549838, 19.72701661], [-114.93455855, 19.73362596], [-115.19025370, 19.92690293], [-115.20247085, 19.93658272], [-115.45048046, 20.14249614], [-115.45813062, 20.14904284], [-115.70154597, 20.36373554], [-115.70584323, 20.36759208], [-115.94631256, 20.58717701], [-115.95123116, 20.59176033], [-116.18814567, 20.81704585], [-116.18960914, 20.81844602], [-116.42553882, 21.04555805], [-116.66146351, 21.27301519], [-116.89744948, 21.50018913], [-117.13347438, 21.72757531], [-117.36929942, 21.95502242], [-117.37087425, 21.95655143], [-117.60429133, 22.18468792], [-117.60990033, 22.19030380], [-117.83583063, 22.42204531], [-117.84208877, 22.42864585], [-118.06017923, 22.66519967], [-118.06926266, 22.67548168], [-118.27507576, 22.91871127], [-118.28316816, 22.92867459], [-118.47601484, 23.17615929], [-118.48435985, 23.18737323], [-118.66164840, 23.43704274], [-118.66892520, 23.44775620], [-118.83253818, 23.69982149], [-118.83556089, 23.70458689], [-118.84108113, 23.71387283], [-118.98607484, 23.96836947], [-118.98936484, 23.97431629], [-118.99423239, 23.98380128], [-119.12017784, 24.24093402], [-119.12335713, 24.24765834], [-119.12755652, 24.25734652], [-119.23442187, 24.51721789], [-119.23680343, 24.52321849], [-119.24039708, 24.53317147], [-119.32830960, 24.79196289], [-119.33309832, 24.80747120], [-119.40502580, 25.06592396], [-119.40690631, 25.07307273], [-119.40922373, 25.08325569], [-119.46274060, 25.34128922], [-119.46452095, 25.35073568], [-119.46604031, 25.36087806], [-119.49976167, 25.62015007], [-119.50122075, 25.63428222], [-119.50178497, 25.64417337], [-119.51155976, 25.90432414], [-119.51173466, 25.91688741], [-119.51144256, 25.92690450], [-119.49874120, 26.18815296], [-119.49807148, 26.19805597], [-119.49699156, 26.20821923], [-119.46383849, 26.47154067], [-119.46228649, 26.48213332], [-119.46041223, 26.49214775], [-119.40556262, 26.75686666], [-119.40377408, 26.76486452], [-119.40115187, 26.77492812], [-119.32620253, 27.04151032], [-119.32135457, 27.05705984], [-119.22885611, 27.32685678], [-119.22450455, 27.33870775], [-119.11698547, 27.61309128], [-119.11401633, 27.62037981], [-118.99654537, 27.89807260], [-118.99552337, 27.90045926], [-118.87482508, 28.17893796], [-118.87291632, 28.18324760], [-118.74652297, 28.46260355], [-118.74498777, 28.46594156], [-118.61441317, 28.74529435], [-118.61256335, 28.74917856], [-118.47750937, 29.02757311], [-118.47742883, 29.02773959], [-118.34304932, 29.30627949], [-118.34079038, 29.31086136], [-118.20159287, 29.58722842], [-118.19936946, 29.59155522], [-118.05596818, 29.86514824], [-118.05302053, 29.87063350], [-117.90480033, 30.13976419], [-117.89704172, 30.15304501], [-117.74029242, 30.40647817], [-117.73332890, 30.41723014], [-117.56981075, 30.65859331], [-117.56260492, 30.66878371], [-117.39137955, 30.90095635], [-117.38620204, 30.90778041], [-117.20976166, 31.13389281], [-117.20021737, 31.14554425], [-117.01638421, 31.35947347], [-117.00614332, 31.37083477], [-116.81842995, 31.56945972], [-116.80655256, 31.58139764], [-116.61316191, 31.76608652], [-116.60621676, 31.77251657], [-116.59798190, 31.77965440], [-116.39777878, 31.94722558], [-116.38965751, 31.95379688], [-116.38094935, 31.96037128], [-116.17636863, 32.10942928], [-116.16283276, 32.11878504], [-116.15388624, 32.12443472], [-115.94441261, 32.25186830], [-115.93717615, 32.25614268], [-115.92808743, 32.26115498], [-115.91821693, 32.26618109], [-115.70041435, 32.37261958], [-115.69020857, 32.37739895], [-115.68076779, 32.38144778], [-115.67036426, 32.38551541], [-115.44130086, 32.47083666], [-115.42539794, 32.47633625], [-115.41585676, 32.47921895], [-115.40498261, 32.48212917], [-115.16384654, 32.54256932], [-115.15705658, 32.54419727], [-115.14656353, 32.54642508], [-115.13629293, 32.54826835], [-115.12509540, 32.54991531], [-114.87418227, 32.58279289], [-114.86802700, 32.58354238], [-114.85724862, 32.58458396], [-114.84680230, 32.58526328], [-114.83546350, 32.58564407], [-114.57775801, 32.59025591], [-114.57067736, 32.59031037], [-114.55990108, 32.59011437], [-114.54944334, 32.58959583], [-114.53814260, 32.58867932], [-114.28248962, 32.56389867], [-114.26576514, 32.56189124], [-114.25584159, 32.56030939], [-114.24474551, 32.55817943], [-113.99040042, 32.50517164], [-113.97791672, 32.50233680], [-113.96796976, 32.49972198], [-113.95719785, 32.49651974], [-113.70064165, 32.41576316], [-113.69268824, 32.41315215], [-113.68196529, 32.40929180], [-113.42206359, 32.31096298], [-113.41092762, 32.30654360], [-113.14621094, 32.19650904], [-113.13351896, 32.19095158], [-112.86501950, 32.06730332], [-112.85962414, 32.06476520], [-112.59229993, 31.93633504], [-112.58436945, 31.93240568], [-112.31965455, 31.79720538], [-112.30855624, 31.79129130], [-112.04596311, 31.64541749], [-112.03453958, 31.63879269], [-111.77217939, 31.48007553], [-111.76314623, 31.47442339], [-111.50329375, 31.30631939], [-111.49659222, 31.30187431], [-111.24077423, 31.12792944], [-111.23120022, 31.12118124], [-110.98145231, 30.93875915], [-110.97149926, 30.93120854], [-110.72888200, 30.74009397], [-110.72611955, 30.73789468], [-110.48505539, 30.54392643], [-110.48436442, 30.54336897], [-110.24397279, 30.34890678], [-110.23952174, 30.34524322], [-110.00290297, 30.14708935], [-109.99783634, 30.14276059], [-109.76502930, 29.93984160], [-109.76220351, 29.93735056], [-109.53199928, 29.73210874], [-109.53046565, 29.73073291], [-109.30275406, 29.52518362], [-109.30231396, 29.52478882], [-109.21907301, 29.45057819], [-109.20829219, 29.44378019], [-109.17160675, 29.41977844], [-109.15767851, 29.41032725], [-109.12194813, 29.38519030], [-109.10839565, 29.37530833], [-109.07366388, 29.34906683], [-109.06050368, 29.33876611], [-109.02681280, 29.31145201], [-109.01406090, 29.30074510], [-108.98145200, 29.27239170], [-108.96912395, 29.26129163], [-108.93763672, 29.23193345], [-108.92574752, 29.22045375], [-108.91043659, 29.20540901], [-108.80872149, 29.10369391], [-108.59870888, 28.93803492], [-108.59758877, 28.93716448], [-108.34720920, 28.74548722], [-108.34256085, 28.74186485], [-108.09247394, 28.54348989], [-108.08338935, 28.53602428], [-107.83887949, 28.32787619], [-107.83215430, 28.32199540], [-107.59219982, 28.10646668], [-107.58779668, 28.10244012], [-107.35142593, 27.88236817], [-107.34682744, 27.87800407], [-107.11484311, 27.65358746], [-107.10842186, 27.64720267], [-106.88358442, 27.41739714], [-106.87476308, 27.40801771], [-106.66040716, 27.17085764], [-106.65148773, 27.16055982], [-106.44939793, 26.91697443], [-106.44195659, 26.90765510], [-106.25139211, 26.65956514], [-106.24519487, 26.65121512], [-106.06481413, 26.39956295], [-106.06067501, 26.39364490], [-105.88775574, 26.14019661], [-105.88391882, 26.13443567], [-105.71635228, 25.87663460], [-105.71163668, 25.86914617], [-105.55172251, 25.60689079], [-105.54883054, 25.60204804], [-105.53722211, 25.58219453], [-105.28543659, 25.33040901], [-105.27096910, 25.31569461], [-105.25994697, 25.30429264], [-105.23132115, 25.27363485], [-105.22033511, 25.26145100], [-105.19239133, 25.22933010], [-105.18188545, 25.21680934], [-105.15520693, 25.18383219], [-105.14519401, 25.17098978], [-105.11981324, 25.13719655], [-105.11030548, 25.12404813], [-105.08625339, 25.08947999], [-105.07726237, 25.07604159], [-105.05456827, 25.04074066], [-105.04610495, 25.02702864], [-105.02479647, 24.99103793], [-105.01687116, 24.97706900], [-104.99697428, 24.94043237], [-104.98959664, 24.92622356], [-104.97113559, 24.88898562], [-104.96431460, 24.87455423], [-104.94731188, 24.83676036], [-104.94105585, 24.82212398], [-104.92553216, 24.78382022], [-104.91984872, 24.76899667], [-104.90582300, 24.73022971], [-104.90071906, 24.71523706], [-104.88820838, 24.67605411], [-104.88369017, 24.66091062], [-104.87270977, 24.62135943], [-104.86878280, 24.60608356], [-104.85934606, 24.56621231], [-104.85601511, 24.55082266], [-104.84813353, 24.51067992], [-104.84540265, 24.49519525], [-104.83908584, 24.45482995], [-104.83695836, 24.43926911], [-104.83221400, 24.39873041], [-104.83069252, 24.38311238], [-104.82752640, 24.34244968], [-104.82661278, 24.32679348], [-104.82502875, 24.28605630], [-104.82492712, 24.28082745], [-104.80507060, 24.24186931], [-104.80099308, 24.23352469], [-104.79674896, 24.22399120], [-104.68231177, 23.95332194], [-104.67807316, 23.94268520], [-104.67467077, 23.93304688], [-104.58690748, 23.66848797], [-104.58293910, 23.65544864], [-104.58044933, 23.64575070], [-104.51995352, 23.38978562], [-104.51878541, 23.38459675], [-104.51692222, 23.37498531], [-104.51536741, 23.36489123], [-104.48208479, 23.11701479], [-104.48125927, 23.11016410], [-104.48042117, 23.10055162], [-104.47993074, 23.09037093], [-104.47296898, 22.84792408], [-104.47286534, 22.84119819], [-104.47303259, 22.83154572], [-104.47360497, 22.82136849], [-104.49172573, 22.58213302], [-104.49228022, 22.57585689], [-104.49344142, 22.56622879], [-104.49505621, 22.55614230], [-104.53767862, 22.31932750], [-104.53872802, 22.31384838], [-104.54085950, 22.30430137], [-104.54347709, 22.29438602], [-104.60977837, 22.06142909], [-104.61318793, 22.05035486], [-104.61658282, 22.04072883], [-104.70253197, 21.81103076], [-104.70676412, 21.80040085], [-104.71094087, 21.79101066], [-104.81543914, 21.56748297], [-104.81855435, 21.56104441], [-104.82349243, 21.55161885], [-104.94259914, 21.33420630], [-104.94667921, 21.32701609], [-104.95222870, 21.31795451], [-105.08587465, 21.10847147], [-105.09077707, 21.10104716], [-105.09694479, 21.09236147], [-105.24526227, 20.89132099], [-105.25252472, 20.88188185], [-105.25925430, 20.87379150], [-105.42343505, 20.68343369], [-105.43419518, 20.67159555], [-105.44147217, 20.66425757], [-105.62906304, 20.48161466], [-105.63344406, 20.47743699], [-105.64108409, 20.47054622], [-105.64936595, 20.46358057], [-105.85811023, 20.29405508], [-105.86323615, 20.28998353], [-105.87152291, 20.28376979], [-105.88048130, 20.27751573], [-106.11144230, 20.12200716], [-106.12352996, 20.11424325], [-106.13280534, 20.10877468], [-106.38492557, 19.96572130], [-106.39375444, 19.96088770], [-106.40369770, 19.95584587], [-106.67804528, 19.82235167], [-106.69432801, 19.81491548], [-106.98994782, 19.68851482], [-107.00279330, 19.68330460], [-107.31379008, 19.56387147], [-107.31708943, 19.56262230], [-107.63247178, 19.44491669], [-107.63310985, 19.44467921], [-107.94697456, 19.32819163], [-107.94795779, 19.32782119], [-108.26092629, 19.20814275], [-108.26189030, 19.20777565], [-108.57654647, 19.08844905], [-108.58256637, 19.08622512], [-108.89775157, 18.97285185], [-108.90909833, 18.96897403], [-109.22579918, 18.86634942], [-109.24071046, 18.86185487], [-109.55923704, 18.77294301], [-109.57401324, 18.76913586], [-109.89476668, 18.69329609], [-109.90341008, 18.69136794], [-109.91467315, 18.68919032], [-110.23645020, 18.63223564], [-110.24439243, 18.63092433], [-110.25584012, 18.62935390], [-110.57521446, 18.59065085], [-110.58523601, 18.58957963], [-110.59663074, 18.58870407], [-110.91436518, 18.56929959], [-110.92257966, 18.56889417], [-110.93414586, 18.56864014], [-111.24902071, 18.56666128]]]}
    },
    {
      "type": "Feature",
      "properties": {"block_id": "ADC_NA_02", "basin_id": "BASIN_NA", "basin_label": "North American East and West Coasts", "domain_count": 2, "grid_cell_count": 49, "outer_area_km2": 1280984.990424, "shelf_width_km": 250.000000, "outer_buffer_km": 430.000000, "shelf_add_area_km2": 0.000000, "shelf_add_cell_count": 0, "shelf_add_component_count": 0, "bay_add_area_km2": 156176.544987, "bay_add_cell_count": 252, "bay_add_core_cell_count": 252, "bay_add_component_count": 1, "open_ocean_area_risk": 0},
      "geometry": {"type": "Polygon", "coordinates": [[[-105.91452833, 14.73367508], [-105.92243455, 14.73371696], [-105.93362564, 14.73409187], [-106.24014478, 14.74933595], [-106.24814543, 14.74983135], [-106.25928302, 14.75083882], [-106.56252023, 14.78323641], [-106.57284860, 14.78450169], [-106.58371728, 14.78618466], [-106.88178179, 14.83731658], [-106.89066291, 14.83896505], [-106.90148773, 14.84131168], [-107.19418959, 14.90978540], [-107.20132028, 14.91153922], [-107.21209172, 14.91450769], [-107.50003257, 14.99896307], [-107.50984586, 15.00200777], [-107.52017641, 15.00557942], [-107.80002315, 15.10752950], [-107.81050602, 15.11155196], [-107.82047326, 15.11576640], [-108.09265633, 15.23622076], [-108.10063582, 15.23988377], [-108.11044774, 15.24475477], [-108.37405838, 15.38116523], [-108.38280861, 15.38586695], [-108.39217244, 15.39129646], [-108.64774649, 15.54530816], [-108.65640085, 15.55071555], [-108.66532565, 15.55671221], [-108.91001098, 15.72723764], [-108.91595125, 15.73148469], [-108.92463804, 15.73808691], [-109.15875410, 15.92245042], [-109.16612495, 15.92844223], [-109.17420122, 15.93546009], [-109.39539640, 16.13450332], [-109.40104099, 16.13971644], [-109.40873214, 16.14726602], [-109.61846084, 16.36046763], [-109.62473485, 16.36704375], [-109.63181008, 16.37496669], [-109.82805698, 16.60270221], [-109.83478565, 16.61079708], [-109.84118260, 16.61907582], [-110.02163924, 16.86143984], [-110.02508374, 16.86616970], [-110.03116211, 16.87503758], [-110.19743836, 17.12723569], [-110.20546173, 17.14007642], [-110.36053776, 17.40233912], [-110.36570420, 17.41142544], [-110.51323618, 17.68149277], [-110.51585871, 17.68639898], [-110.65893970, 17.96003406], [-110.66116333, 17.96437065], [-110.80008027, 18.24071025], [-110.80284078, 18.24634569], [-110.93620669, 18.52587820], [-110.93911223, 18.53215128], [-111.06625648, 18.81508494], [-111.06943214, 18.82240923], [-111.18919408, 19.10896292], [-111.19260863, 19.11749733], [-111.30310605, 19.40642824], [-111.30748968, 19.41868334], [-111.40441677, 19.70949724], [-111.40888878, 19.72416524], [-111.49024459, 20.01802168], [-111.49297468, 20.02864485], [-111.56309079, 20.32412518], [-111.56493101, 20.33240909], [-111.62651174, 20.62979091], [-111.62750549, 20.63480924], [-111.68405978, 20.93403747], [-111.68455900, 20.93674845], [-111.73843224, 21.23721165], [-111.73875721, 21.23905796], [-111.79075739, 21.54012636], [-111.79081840, 21.54048085], [-111.84208793, 21.83950245], [-111.84229303, 21.84065070], [-111.89755022, 22.13805027], [-111.89758495, 22.13823607], [-111.95345354, 22.43520264], [-111.95368898, 22.43640570], [-112.01270694, 22.72673380], [-112.01334748, 22.72962352], [-112.08129112, 23.01252502], [-112.08213052, 23.01574012], [-112.16140833, 23.29668655], [-112.16176477, 23.29791420], [-112.24655055, 23.58191736], [-112.24681030, 23.58277102], [-112.33508269, 23.86749707], [-112.42425500, 24.15383218], [-112.42434777, 24.15413063], [-112.51317384, 24.44041364], [-112.51428327, 24.44407231], [-112.59924630, 24.73089900], [-112.60087798, 24.73661734], [-112.67971732, 25.02380343], [-112.68205164, 25.03286577], [-112.75099826, 25.31923086], [-112.75286313, 25.32749648], [-112.81264709, 25.61143260], [-112.81344880, 25.61537363], [-112.86894977, 25.89807955], [-112.86928469, 25.89981304], [-112.92286538, 26.18168103], [-112.92385083, 26.18714615], [-112.97130170, 26.46533475], [-112.97299347, 26.47655949], [-113.00852325, 26.74785145], [-113.00926508, 26.75410191], [-113.01017789, 26.76453659], [-113.02796617, 27.02393629], [-113.02851147, 27.03542455], [-113.02858803, 27.04552094], [-113.02583759, 27.29063211], [-113.02543103, 27.30279497], [-113.02468385, 27.31281981], [-113.00327013, 27.54196248], [-113.00253562, 27.54884273], [-113.00120506, 27.55840355], [-112.99941945, 27.56845808], [-112.95837066, 27.77686457], [-112.95531099, 27.79056936], [-112.95292124, 27.79943008], [-112.94988513, 27.80922288], [-112.88749344, 27.99800219], [-112.88565577, 28.00336669], [-112.88220362, 28.01255614], [-112.87853515, 28.02132436], [-112.87420615, 28.03068894], [-112.79394951, 28.19626542], [-112.78755342, 28.20868480], [-112.78294411, 28.21677371], [-112.77789633, 28.22492996], [-112.77209887, 28.23358356], [-112.67115685, 28.37855052], [-112.66632405, 28.38528087], [-112.66034646, 28.39306169], [-112.65417846, 28.40052495], [-112.64773359, 28.40778388], [-112.64046007, 28.41541692], [-112.51512783, 28.54240737], [-112.50908049, 28.54836196], [-112.50178945, 28.55509973], [-112.49436275, 28.56149963], [-112.48669993, 28.56765506], [-112.47815269, 28.57405061], [-112.32854455, 28.68205266], [-112.32139008, 28.68706488], [-112.31299301, 28.69256604], [-112.30451468, 28.69771862], [-112.29584778, 28.70259343], [-112.28626558, 28.70756723], [-112.11994297, 28.79039647], [-112.11333548, 28.79359094], [-112.10398555, 28.79778853], [-112.09471417, 28.80158621], [-112.08530564, 28.80508124], [-112.07497669, 28.80853513], [-111.89147704, 28.86655769], [-111.87799517, 28.87051399], [-111.86843716, 28.87293723], [-111.85857399, 28.87509754], [-111.84780717, 28.87709038], [-111.64563919, 28.91111597], [-111.64042545, 28.91194827], [-111.62999372, 28.91335043], [-111.61991969, 28.91437281], [-111.60897092, 28.91512621], [-111.38764251, 28.92675535], [-111.37540231, 28.92717840], [-111.36535899, 28.92718249], [-111.35438670, 28.92683133], [-111.11764806, 28.91541227], [-111.10544279, 28.91460396], [-111.09545710, 28.91359912], [-111.08459019, 28.91214788], [-110.83788789, 28.87511182], [-110.82491685, 28.87290776], [-110.81517936, 28.87089396], [-110.80455318, 28.86833201], [-110.55658783, 28.80424021], [-110.54586095, 28.80127604], [-110.53627049, 28.79828081], [-110.52599348, 28.79469593], [-110.28111365, 28.70471823], [-110.27409811, 28.70204630], [-110.26462018, 28.69812538], [-110.25475440, 28.69365465], [-110.01083998, 28.57818777], [-109.99961999, 28.57261066], [-109.99025063, 28.56752512], [-109.74238340, 28.42754214], [-109.73390721, 28.42258059], [-109.72476554, 28.41682356], [-109.47618112, 28.25432405], [-109.46936246, 28.24973592], [-109.46053406, 28.24339718], [-109.21542554, 28.06097655], [-109.20975216, 28.05665966], [-108.96579137, 27.86689237], [-108.72175632, 27.67739726], [-108.72156797, 27.67725138], [-108.47866751, 27.48960666], [-108.47800619, 27.48910037], [-108.23408157, 27.30403430], [-108.23390967, 27.30390418], [-107.98834827, 27.11846607], [-107.74265127, 26.93296171], [-107.73921957, 26.93033580], [-107.49639617, 26.74203043], [-107.49178840, 26.73839184], [-107.25387376, 26.54709403], [-107.25297649, 26.54638142], [-107.01517589, 26.35984041], [-107.01384140, 26.35881246], [-106.77155658, 26.17555930], [-106.77076148, 26.17496437], [-106.52318572, 25.99171019], [-106.27392556, 25.80757880], [-106.27034304, 25.80489524], [-106.02456849, 25.61821894], [-106.01805298, 25.61314201], [-105.77840831, 25.42159670], [-105.77454512, 25.41846128], [-105.53864415, 25.22405436], [-105.53815795, 25.22365290], [-105.53519370, 25.22120058], [-105.52950263, 25.21775272], [-105.51552142, 25.20895561], [-105.47960586, 25.18549777], [-105.46596394, 25.17625313], [-105.43095228, 25.15164618], [-105.41766626, 25.14196528], [-105.38360117, 25.11623920], [-105.37068726, 25.10613383], [-105.33761021, 25.07931996], [-105.32508413, 25.06880242], [-105.29303546, 25.04093344], [-105.28091247, 25.03001656], [-105.24993120, 25.00112641], [-105.23822608, 24.98982348], [-105.22314757, 24.97500643], [-105.14281577, 24.89467462], [-105.06826534, 24.83210254], [-105.06323155, 24.82779089], [-104.83819534, 24.63109065], [-104.82997239, 24.62365509], [-104.81847521, 24.61290039], [-104.79545788, 24.60377313], [-104.78004324, 24.59736309], [-104.74028467, 24.58005032], [-104.72512045, 24.57314486], [-104.68603707, 24.55455475], [-104.67114173, 24.54716229], [-104.63278115, 24.52731749], [-104.61817285, 24.51944704], [-104.58058181, 24.49837172], [-104.56627833, 24.49003286], [-104.52950263, 24.46775272], [-104.51552142, 24.45895561], [-104.47960586, 24.43549777], [-104.46596394, 24.42625313], [-104.43095228, 24.40164619], [-104.41766627, 24.39196528], [-104.38360116, 24.36623920], [-104.37068725, 24.35613382], [-104.33761022, 24.32931996], [-104.32508414, 24.31880243], [-104.29303546, 24.29093344], [-104.28091247, 24.28001656], [-104.24993120, 24.25112641], [-104.23822608, 24.23982348], [-104.22314757, 24.22500643], [-103.84814757, 23.85000643], [-103.82702701, 23.82834880], [-103.81100745, 23.81150311], [-103.77650943, 23.77363485], [-103.76587959, 23.76145099], [-103.73884186, 23.72933010], [-103.72867662, 23.71680934], [-103.70286312, 23.68383219], [-103.69317485, 23.67098978], [-103.66861703, 23.63719655], [-103.65941754, 23.62404813], [-103.63614531, 23.58947999], [-103.62744581, 23.57604159], [-103.60548754, 23.54074066], [-103.59729863, 23.52702864], [-103.57668106, 23.49103794], [-103.56901271, 23.47706901], [-103.54976097, 23.44043237], [-103.54262253, 23.42622356], [-103.52476006, 23.38898562], [-103.51816023, 23.37455423], [-103.50170880, 23.33676036], [-103.49565561, 23.32212397], [-103.48063527, 23.28382022], [-103.47513610, 23.26899667], [-103.46156514, 23.23022971], [-103.45662670, 23.21523706], [-103.44452165, 23.17605411], [-103.44298373, 23.17072679], [-103.41861703, 23.13719655], [-103.40941754, 23.12404813], [-103.38614531, 23.08947999], [-103.37744582, 23.07604159], [-103.35548754, 23.04074066], [-103.34729863, 23.02702864], [-103.32668106, 22.99103794], [-103.31901271, 22.97706901], [-103.29976097, 22.94043237], [-103.29262253, 22.92622356], [-103.27476006, 22.88898562], [-103.26816023, 22.87455423], [-103.25170880, 22.83676036], [-103.24565561, 22.82212397], [-103.23063527, 22.78382022], [-103.22513610, 22.76899667], [-103.21156514, 22.73022971], [-103.20662670, 22.71523706], [-103.19452165, 22.67605411], [-103.19014995, 22.66091062], [-103.17952557, 22.62135944], [-103.17572593, 22.60608356], [-103.16840814, 22.57412900], [-103.14626829, 22.54055873], [-103.14359756, 22.53643874], [-102.98418773, 22.28621354], [-102.98129076, 22.28157638], [-102.82658357, 22.02900125], [-102.82125272, 22.01995606], [-102.67412345, 21.76028914], [-102.67284239, 21.75800556], [-102.52792206, 21.49707266], [-102.52783286, 21.49691244], [-102.38338527, 21.23810781], [-102.38286272, 21.23718472], [-102.23729852, 20.98362963], [-102.23650188, 20.98227033], [-102.08918143, 20.73597458], [-102.08758555, 20.73340726], [-101.93489300, 20.49687179], [-101.93307158, 20.49416078], [-101.77314767, 20.26529663], [-101.77121652, 20.26263816], [-101.60482089, 20.04216628], [-101.60218801, 20.03884284], [-101.42564132, 19.82639010], [-101.42333258, 19.82371869], [-101.23253046, 19.61136822], [-101.23153424, 19.61027725], [-101.03143034, 19.39464814], [-101.02814772, 19.39105679], [-100.83414512, 19.17555674], [-100.82995976, 19.17081439], [-100.64742486, 18.95982482], [-100.64301326, 18.95461396], [-100.47337827, 18.74983971], [-100.46865498, 18.74398343], [-100.46221796, 18.73547621], [-100.31729704, 18.53665821], [-100.31242088, 18.52975690], [-100.30705808, 18.52161304], [-100.30166294, 18.51273813], [-100.18633001, 18.31503303], [-100.18218281, 18.30767160], [-100.17771279, 18.29908024], [-100.17328641, 18.28975496], [-100.08674927, 18.09846166], [-100.08298085, 18.08973834], [-100.07950714, 18.08084185], [-100.07612888, 18.07114606], [-100.01690561, 17.89046037], [-100.01299682, 17.87748543], [-100.01071980, 17.86856073], [-100.00856426, 17.85856887], [-99.97492962, 17.68717116], [-99.97264659, 17.67382164], [-99.97149131, 17.66471618], [-99.97058859, 17.65456048], [-99.95917326, 17.49144220], [-99.95852715, 17.47623120], [-99.95856134, 17.46718484], [-99.95898297, 17.45700215], [-99.96841797, 17.30041375], [-99.96894255, 17.29331038], [-99.96996198, 17.28373148], [-99.97130953, 17.27440887], [-99.97314827, 17.26436260], [-100.00337882, 17.11502689], [-100.00625384, 17.10235606], [-100.00867833, 17.09342627], [-100.01149617, 17.08439106], [-100.01491508, 17.07470756], [-100.06957498, 16.92856236], [-100.07432392, 16.91669083], [-100.07814442, 16.90816987], [-100.08236224, 16.89961713], [-100.08727725, 16.89050512], [-100.16773964, 16.74762004], [-100.17231004, 16.73979962], [-100.17748234, 16.73160357], [-100.18290637, 16.72365813], [-100.18910260, 16.71524597], [-100.29707612, 16.57401359], [-100.30586038, 16.56306504], [-100.31206893, 16.55594633], [-100.31927025, 16.54825453], [-100.45530958, 16.40797160], [-100.46187021, 16.40141338], [-100.46907377, 16.39467193], [-100.47707226, 16.38769158], [-100.64216901, 16.24856830], [-100.65427208, 16.23886753], [-100.66259671, 16.23274608], [-100.85763594, 16.09439876], [-100.86767589, 16.08756260], [-100.87667572, 16.08189870], [-101.10177594, 15.94549657], [-101.10791453, 15.94187346], [-101.11757573, 15.93653525], [-101.37204679, 15.80145589], [-101.38043969, 15.79715853], [-101.39031052, 15.79249012], [-101.67243565, 15.66476585], [-101.67713554, 15.66268613], [-101.68754378, 15.65838947], [-101.98933473, 15.53961763], [-102.00240211, 15.53476958], [-102.31215611, 15.42672037], [-102.32393247, 15.42284105], [-102.63863629, 15.32520067], [-102.64839507, 15.32232434], [-102.96686086, 15.23335387], [-102.97184899, 15.23199897], [-103.29149004, 15.14764219], [-103.29701265, 15.14623144], [-103.61779735, 15.06698911], [-103.62084207, 15.06625102], [-103.94193256, 14.98989064], [-103.94678779, 14.98877139], [-104.26679350, 14.91732631], [-104.27389797, 14.91581501], [-104.59289980, 14.85130006], [-104.60519455, 14.84903388], [-104.92362493, 14.79600491], [-104.92904805, 14.79515037], [-104.94030490, 14.79366364], [-105.25589020, 14.75718675], [-105.26272462, 14.75647013], [-105.27395707, 14.75559609], [-105.58643758, 14.73637145], [-105.59373526, 14.73600429], [-105.60497294, 14.73574698], [-105.91452833, 14.73367508]]]}
    },
    {
      "type": "Feature",
      "properties": {"block_id": "ADC_NA_03", "basin_id": "BASIN_NA", "basin_label": "North American East and West Coasts", "domain_count": 2, "grid_cell_count": 139, "outer_area_km2": 2570598.342196, "shelf_width_km": 250.000000, "outer_buffer_km": 430.000000, "shelf_add_area_km2": 0.000000, "shelf_add_cell_count": 0, "shelf_add_component_count": 0, "bay_add_area_km2": 1411226.623514, "bay_add_cell_count": 2071, "bay_add_core_cell_count": 2071, "bay_add_component_count": 3, "open_ocean_area_risk": 0},
      "geometry": {"type": "Polygon", "coordinates": [[[-93.36845321, 17.16563365], [-93.38561764, 17.16563640], [-93.39680308, 17.16605819], [-93.71138679, 17.18275969], [-93.72688269, 17.18389705], [-93.73810734, 17.18512422], [-94.05627664, 17.22487665], [-94.06869127, 17.22663790], [-94.07999369, 17.22861349], [-94.39736404, 17.28916690], [-94.40994993, 17.29179312], [-94.42103175, 17.29448747], [-94.73046988, 17.37485716], [-94.74382488, 17.37859348], [-94.75456711, 17.38200210], [-95.05526236, 17.48266347], [-95.06542723, 17.48623669], [-95.07608176, 17.49035663], [-95.36857748, 17.60885753], [-95.38356003, 17.61530396], [-95.66814600, 17.74506598], [-95.67781979, 17.74964398], [-95.95632299, 17.88633216], [-95.97102133, 17.89395590], [-96.24115691, 18.04181778], [-96.24765637, 18.04547144], [-96.25746401, 18.05134991], [-96.51851666, 18.21375700], [-96.52628583, 18.21874258], [-96.53553623, 18.22508914], [-96.78810191, 18.40469284], [-96.79437100, 18.40926729], [-96.80324922, 18.41615250], [-97.04715514, 18.61206480], [-97.05510048, 18.61866177], [-97.06328649, 18.62593674], [-97.29216967, 18.83657612], [-97.29881636, 18.84287857], [-97.30650379, 18.85065839], [-97.52102726, 19.07557143], [-97.53232188, 19.08804198], [-97.73558448, 19.32453010], [-97.74635078, 19.33775388], [-97.93483598, 19.58239124], [-97.94414350, 19.59512100], [-98.11850282, 19.84670207], [-98.12700804, 19.85965813], [-98.28807084, 20.11907277], [-98.29050068, 20.12305412], [-98.44892266, 20.38717184], [-98.45150321, 20.39155719], [-98.60645990, 20.66003418], [-98.60708110, 20.66111563], [-98.76107082, 20.93048470], [-98.76295168, 20.93382401], [-98.91345726, 21.20506418], [-98.91675820, 21.21117930], [-99.06077492, 21.48556463], [-99.06503775, 21.49401040], [-99.19997381, 21.77231571], [-99.20289579, 21.77852546], [-99.33069422, 22.05855779], [-99.33309830, 22.06396982], [-99.45453085, 22.34497277], [-99.45808415, 22.35357009], [-99.56945425, 22.63575806], [-99.57361379, 22.64697260], [-99.67224528, 22.93085697], [-99.67391988, 22.93582293], [-99.76759168, 23.22224155], [-99.76959101, 23.22860580], [-99.85644728, 23.51684908], [-99.85849833, 23.52399293], [-99.93756682, 23.81365521], [-99.93994045, 23.82297228], [-99.96800344, 23.94154154], [-99.97963698, 23.95925185], [-99.98828959, 23.97297136], [-100.01006224, 24.00896206], [-100.01816019, 24.02293098], [-100.03849051, 24.05956763], [-100.04602887, 24.07377644], [-100.06489207, 24.11101438], [-100.07186165, 24.12544577], [-100.08923476, 24.16323965], [-100.09562707, 24.17787603], [-100.11148892, 24.21617978], [-100.11729617, 24.23100333], [-100.13162743, 24.26977029], [-100.13684255, 24.28476294], [-100.14962577, 24.32394589], [-100.15424240, 24.33908938], [-100.16546199, 24.37864056], [-100.16947451, 24.39391643], [-100.17911682, 24.43378770], [-100.18252033, 24.44917735], [-100.19057360, 24.48932007], [-100.19336397, 24.50480474], [-100.19981839, 24.54517005], [-100.20199221, 24.56073089], [-100.20683992, 24.60126959], [-100.20839454, 24.61688762], [-100.21162963, 24.65755032], [-100.21256316, 24.67320653], [-100.21418169, 24.71394370], [-100.21449300, 24.72961900], [-100.21469536, 24.75000000], [-100.21469536, 25.25000000], [-100.21460812, 25.26338204], [-100.21447391, 25.27367524], [-100.21347850, 25.30742709], [-100.21275856, 25.32309201], [-100.21088067, 25.35160365], [-100.24049433, 25.60634507], [-100.24127400, 25.61396861], [-100.26683713, 25.90338875], [-100.26762438, 25.91515742], [-100.28070350, 26.20255347], [-100.28097031, 26.21383136], [-100.28078796, 26.22394238], [-100.26986833, 26.51202290], [-100.26937291, 26.52094621], [-100.26841880, 26.53119192], [-100.23577431, 26.81971222], [-100.23459299, 26.82871806], [-100.23287100, 26.83887650], [-100.17809429, 27.12737761], [-100.17670198, 27.13419476], [-100.17426076, 27.14439497], [-100.09976676, 27.43074986], [-100.09523282, 27.44633253], [-100.00393980, 27.72969262], [-99.99930456, 27.74295605], [-99.96469536, 27.83472264], [-99.96469536, 28.00000000], [-99.96460812, 28.01338204], [-99.96447391, 28.02367524], [-99.96347850, 28.05742709], [-99.96275857, 28.07309201], [-99.96007830, 28.11378588], [-99.95873680, 28.12941917], [-99.95444233, 28.17000603], [-99.95248090, 28.18558865], [-99.94657748, 28.22601906], [-99.94399850, 28.24153203], [-99.93649331, 28.28175672], [-99.93329994, 28.29718112], [-99.92420212, 28.33715110], [-99.92039823, 28.35246815], [-99.90971887, 28.39213472], [-99.90530911, 28.40732576], [-99.89306122, 28.44664058], [-99.88805096, 28.46168710], [-99.87424946, 28.50060228], [-99.86864480, 28.51548595], [-99.85330652, 28.55395405], [-99.84711429, 28.56865674], [-99.83025789, 28.60663094], [-99.82348564, 28.62113473], [-99.80513167, 28.65856874], [-99.79778764, 28.67285596], [-99.77795846, 28.70970418], [-99.77005161, 28.72375742], [-99.74877139, 28.75997494], [-99.74031134, 28.77377708], [-99.71760600, 28.80931979], [-99.70860307, 28.82285402], [-99.68450026, 28.85767861], [-99.67496541, 28.87092844], [-99.64949451, 28.90499249], [-99.63943936, 28.91794177], [-99.61263141, 28.95120376], [-99.60206820, 28.96383672], [-99.57395584, 28.99625615], [-99.56289746, 29.00855740], [-99.53351496, 29.04009474], [-99.52197487, 29.05204929], [-99.50681843, 29.06747514], [-99.38181843, 29.19247514], [-99.36097923, 29.21282811], [-99.34474247, 29.22831693], [-99.30711247, 29.26277219], [-99.29449960, 29.27385799], [-99.26113881, 29.30217366], [-99.24809345, 29.31286582], [-99.21362868, 29.34014091], [-99.20016671, 29.35042640], [-99.17790335, 29.36684581], [-99.17496541, 29.37092844], [-99.14949451, 29.40499249], [-99.13943936, 29.41794177], [-99.11263141, 29.45120376], [-99.10206820, 29.46383672], [-99.07395585, 29.49625615], [-99.06289746, 29.50855740], [-99.03351496, 29.54009475], [-99.03202420, 29.54163905], [-98.94977559, 29.65232885], [-98.94153682, 29.66293676], [-98.74507823, 29.90511367], [-98.73572779, 29.91612303], [-98.52707932, 30.15090795], [-98.51723698, 30.16150001], [-98.29824865, 30.38697653], [-98.28740828, 30.39763734], [-98.05619891, 30.61486651], [-98.05183777, 30.61888208], [-98.04333676, 30.62629006], [-97.79628254, 30.83419060], [-97.79085436, 30.83865328], [-97.78193748, 30.84556788], [-97.52032497, 31.04140577], [-97.51493518, 31.04535098], [-97.50556102, 31.05182403], [-97.23288996, 31.23343520], [-97.21845810, 31.24256027], [-96.93733459, 31.41115399], [-96.92472413, 31.41837963], [-96.63721400, 31.57564343], [-96.62532234, 31.58187073], [-96.35778264, 31.71587745], [-96.34474247, 31.72831693], [-96.30711246, 31.76277219], [-96.29449960, 31.77385799], [-96.26113882, 31.80217366], [-96.24809345, 31.81286582], [-96.21362868, 31.84014091], [-96.20016671, 31.85042641], [-96.16463991, 31.87662771], [-96.15077774, 31.88649400], [-96.11423221, 31.91158960], [-96.09998672, 31.92102467], [-96.06246699, 31.94498397], [-96.04785554, 31.95397632], [-96.00940732, 31.97677014], [-95.99444771, 31.98530883], [-95.95511784, 32.00690940], [-95.93982830, 32.01498400], [-95.89966470, 32.03536500], [-95.88406386, 32.04296570], [-95.84311545, 32.06210230], [-95.82722231, 32.06921982], [-95.78553900, 32.08708870], [-95.76937293, 32.09371438], [-95.72700549, 32.11029378], [-95.71058618, 32.11641954], [-95.66758623, 32.13168926], [-95.65093369, 32.13730764], [-95.60735362, 32.15124907], [-95.59048814, 32.15635322], [-95.54638106, 32.16894937], [-95.52932318, 32.17353308], [-95.48474279, 32.18476862], [-95.46751330, 32.18882630], [-95.42251397, 32.19868752], [-95.40513385, 32.20221423], [-95.35977035, 32.21068913], [-95.34226079, 32.21368057], [-95.29658843, 32.22075882], [-95.27897075, 32.22321135], [-95.26184109, 32.22532730], [-95.25940732, 32.22677014], [-95.24444771, 32.23530883], [-95.20511784, 32.25690940], [-95.18982830, 32.26498400], [-95.14966469, 32.28536500], [-95.13406385, 32.29296570], [-95.09311545, 32.31210230], [-95.07722231, 32.31921982], [-95.03553900, 32.33708870], [-95.01937293, 32.34371438], [-94.97700549, 32.36029378], [-94.96058618, 32.36641954], [-94.91758623, 32.38168926], [-94.90093369, 32.38730764], [-94.85735362, 32.40124907], [-94.84048814, 32.40635322], [-94.79638106, 32.41894937], [-94.77932318, 32.42353308], [-94.73474279, 32.43476862], [-94.71751330, 32.43882630], [-94.67251397, 32.44868752], [-94.65513385, 32.45221423], [-94.60977035, 32.46068913], [-94.59226079, 32.46368057], [-94.54658843, 32.47075882], [-94.52897075, 32.47321135], [-94.48304514, 32.47888433], [-94.46534082, 32.48079496], [-94.41921793, 32.48505575], [-94.40144853, 32.48642215], [-94.35518456, 32.48926556], [-94.33737172, 32.49008607], [-94.29102304, 32.49150864], [-94.27318847, 32.49178225], [-94.25000000, 32.49196011], [-92.50000000, 32.49196011], [-92.46884930, 32.49163912], [-92.44489381, 32.49114534], [-92.39060675, 32.48904946], [-92.37280638, 32.48804133], [-92.32658451, 32.48471067], [-92.30883502, 32.48315715], [-92.26277357, 32.47841071], [-92.24509658, 32.47631368], [-92.19925164, 32.47015724], [-92.18166868, 32.46751926], [-92.13609614, 32.45996031], [-92.11862863, 32.45678460], [-92.07338398, 32.44783235], [-92.05605322, 32.44412277], [-92.01119160, 32.43378814], [-91.99401869, 32.42954921], [-91.94959476, 32.41784479], [-91.93260062, 32.41308168], [-91.88866849, 32.40002171], [-91.87187384, 32.39474022], [-91.82848704, 32.38034063], [-91.81191233, 32.37454720], [-91.76912374, 32.35882553], [-91.75278916, 32.35252722], [-91.71065088, 32.33550262], [-91.69457634, 32.32870708], [-91.65313973, 32.31040030], [-91.63734481, 32.30311584], [-91.59666035, 32.28354918], [-91.58116429, 32.27578465], [-91.54128154, 32.25498195], [-91.52610323, 32.24674683], [-91.48707079, 32.22473343], [-91.47222871, 32.21603774], [-91.45780189, 32.20726190], [-91.16977564, 32.17576588], [-91.16597270, 32.17533181], [-90.85432243, 32.13826641], [-90.84743674, 32.13738746], [-90.53673097, 32.09501028], [-90.53405510, 32.09463620], [-90.22310192, 32.05010277], [-90.22264992, 32.05003777], [-89.91175975, 32.00515408], [-89.60073408, 31.96058550], [-89.28998700, 31.91601028], [-89.28359546, 31.91504108], [-88.97459555, 31.86564536], [-88.97059762, 31.86498560], [-88.66325101, 31.81267396], [-88.66278567, 31.81259574], [-88.36014273, 31.76236286], [-88.35737507, 31.76193803], [-88.06049248, 31.72005378], [-88.05562111, 31.71947178], [-87.75701672, 31.69020593], [-87.75264516, 31.68986083], [-87.44284370, 31.67128815], [-87.44071272, 31.67118004], [-87.12206428, 31.65794595], [-87.11967743, 31.65787138], [-86.78991879, 31.65095782], [-86.78375257, 31.65078177], [-86.44607742, 31.63857794], [-86.43795587, 31.63819416], [-86.42615623, 31.63732324], [-86.09163958, 31.60745686], [-86.08361159, 31.60665058], [-86.07188882, 31.60515896], [-85.74132966, 31.55790755], [-85.72483284, 31.55519888], [-85.40127094, 31.49513581], [-85.38442106, 31.49163149], [-85.06484182, 31.41794531], [-85.05675619, 31.41598211], [-85.04546112, 31.41291170], [-84.73072605, 31.32203599], [-84.71967598, 31.31865489], [-84.70887403, 31.31497179], [-84.40140617, 31.20467162], [-84.39585592, 31.20262534], [-84.38492698, 31.19828618], [-84.08837891, 31.07502502], [-84.07226661, 31.06788541], [-83.78995568, 30.93483649], [-83.78191216, 30.93091635], [-83.77180810, 30.92561890], [-83.50423958, 30.77971149], [-83.49649746, 30.77535562], [-83.48679328, 30.76950855], [-83.23141954, 30.60980915], [-83.22214746, 30.60379509], [-83.21306004, 30.59745986], [-82.97123459, 30.42274425], [-82.96435284, 30.41763034], [-82.95560071, 30.41070233], [-82.72555017, 30.22210456], [-82.71566654, 30.21368353], [-82.49390345, 30.01732336], [-82.48363357, 30.00784308], [-82.27162380, 29.80379135], [-82.26255647, 29.79472055], [-82.05843925, 29.58243913], [-82.04957926, 29.57284875], [-81.85197004, 29.35014698], [-81.84354088, 29.34025236], [-81.65098249, 29.10470395], [-81.64169946, 29.09277943], [-81.45744663, 28.84401935], [-81.44962982, 28.83297256], [-81.27584849, 28.57566145], [-81.26949131, 28.56585153], [-81.10512963, 28.30128637], [-81.09728300, 28.28790391], [-80.94667607, 28.01519973], [-80.94082605, 28.00405879], [-80.80271395, 27.72694619], [-80.79643367, 27.71350883], [-80.67368366, 27.43257433], [-80.66940721, 27.42225158], [-80.55803270, 27.13806093], [-80.55459870, 27.12883871], [-80.45269149, 26.84016558], [-80.45023876, 26.83291030], [-80.35591599, 26.54107863], [-80.35298052, 26.53141406], [-80.26968399, 26.23855554], [-80.26680950, 26.22762378], [-80.19589184, 25.93414838], [-80.19443481, 25.92779754], [-80.13086306, 25.63517550], [-80.12882154, 25.62484641], [-80.07725488, 25.33540630], [-80.07641867, 25.33040983], [-80.07498884, 25.31992742], [-80.04201331, 25.03638859], [-80.04133160, 25.02975043], [-80.04061067, 25.01932758], [-80.02720044, 24.74707231], [-80.02689167, 24.73582815], [-80.02703503, 24.72571430], [-80.03583880, 24.46709412], [-80.03676983, 24.45219922], [-80.03785891, 24.44239351], [-80.07044111, 24.19395610], [-80.07249448, 24.18086751], [-80.07448970, 24.17104869], [-80.12815856, 23.93119994], [-80.13191958, 23.91638796], [-80.13482201, 23.90689080], [-80.21150052, 23.67240195], [-80.21335081, 23.66695527], [-80.21681036, 23.65771459], [-80.22081638, 23.64815201], [-80.32219856, 23.41858570], [-80.32831102, 23.40565482], [-80.33306354, 23.39665966], [-80.45938655, 23.16809581], [-80.46430738, 23.15955326], [-80.46991632, 23.15058473], [-80.61718767, 22.92453921], [-80.62222381, 22.91707221], [-80.62852289, 22.90838898], [-80.79446664, 22.68821053], [-80.80031351, 22.68071128], [-80.80723366, 22.67243767], [-80.99333881, 22.45788302], [-80.99713620, 22.45359378], [-81.00474941, 22.44546327], [-81.20596933, 22.23805694], [-81.21758372, 22.22665928], [-81.43230522, 22.02599172], [-81.44253530, 22.01681440], [-81.66786564, 21.82276735], [-81.68059156, 21.81232933], [-81.91972471, 21.62554566], [-81.92516005, 21.62139594], [-81.93437080, 21.61476250], [-82.19151684, 21.43607085], [-82.19746098, 21.43203902], [-82.20707862, 21.42590071], [-82.48267790, 21.25638075], [-82.49423290, 21.24956373], [-82.78150909, 21.08711553], [-82.78883587, 21.08308159], [-83.08398260, 20.92491382], [-83.08869615, 20.92243130], [-83.38953550, 20.76673343], [-83.39125531, 20.76584901], [-83.69359057, 20.61136386], [-83.69888122, 20.60871319], [-84.00367748, 20.45901344], [-84.00709164, 20.45735798], [-84.31277919, 20.31104055], [-84.31414822, 20.31038865], [-84.61989216, 20.16555726], [-84.62248608, 20.16434058], [-84.92851155, 20.02221628], [-84.93144563, 20.02086886], [-85.23830035, 19.88153679], [-85.24236121, 19.87972160], [-85.55050786, 19.74414458], [-85.55560723, 19.74194531], [-85.86568851, 19.61088698], [-85.86954821, 19.60928051], [-86.18210780, 19.48118998], [-86.18316005, 19.48076058], [-86.49395494, 19.35447013], [-86.49534447, 19.35389432], [-86.79823574, 19.22592430], [-86.80031975, 19.22501803], [-87.09611965, 19.09268081], [-87.09800730, 19.09181442], [-87.39100586, 18.95390098], [-87.39172096, 18.95356116], [-87.68663885, 18.81207986], [-87.68830774, 18.81128429], [-87.98543743, 18.67053573], [-87.98630415, 18.67012652], [-88.28384736, 18.53010892], [-88.28553893, 18.52931802], [-88.58307829, 18.39109938], [-88.59031555, 18.38782941], [-88.88810403, 18.25702329], [-88.90110149, 18.25159838], [-89.19960953, 18.13341321], [-89.21278557, 18.12847305], [-89.51500330, 18.02139545], [-89.52798497, 18.01705154], [-89.83633535, 17.91985349], [-89.84500728, 17.91722971], [-90.15867749, 17.82626157], [-90.15936245, 17.82606360], [-90.47367667, 17.73552576], [-90.78780346, 17.64523397], [-90.78803145, 17.64516817], [-91.10178974, 17.55426511], [-91.10462119, 17.55345624], [-91.41773078, 17.46527357], [-91.42828874, 17.46245712], [-91.73914939, 17.38411287], [-91.75203325, 17.38109307], [-92.06078751, 17.31411686], [-92.07136467, 17.31197153], [-92.37880990, 17.25391716], [-92.39441985, 17.25128700], [-92.70200409, 17.20566331], [-92.71000459, 17.20456729], [-92.72175654, 17.20327355], [-93.03066223, 17.17406995], [-93.04659082, 17.17289740], [-93.05786072, 17.17247604], [-93.36845321, 17.16563365]]]}
    },
    {
      "type": "Feature",
      "properties": {"block_id": "ADC_NA_04", "basin_id": "BASIN_NA", "basin_label": "North American East and West Coasts", "domain_count": 2, "grid_cell_count": 62, "outer_area_km2": 1807900.604621, "shelf_width_km": 250.000000, "outer_buffer_km": 430.000000, "shelf_add_area_km2": 0.000000, "shelf_add_cell_count": 0, "shelf_add_component_count": 0, "bay_add_area_km2": 0.000000, "bay_add_cell_count": 0, "bay_add_core_cell_count": 0, "bay_add_component_count": 0, "open_ocean_area_risk": 0},
      "geometry": {"type": "Polygon", "coordinates": [[[-96.85313686, 9.67912474], [-97.17250743, 9.68238758], [-97.18316285, 9.68266255], [-97.50271127, 9.69589459], [-97.51300815, 9.69647665], [-97.83244831, 9.71937259], [-97.84236674, 9.72022888], [-98.16137450, 9.75245865], [-98.17081467, 9.75354529], [-98.48911840, 9.79468100], [-98.49804017, 9.79595402], [-98.81541557, 9.84552597], [-98.82385023, 9.84695206], [-99.14010574, 9.90451562], [-99.14801455, 9.90605204], [-99.46301657, 9.97112517], [-99.47050902, 9.97276126], [-99.78415323, 10.04496667], [-99.79120873, 10.04667054], [-100.10340591, 10.12560601], [-100.11016235, 10.12738854], [-100.42073685, 10.21275918], [-100.42742160, 10.21467069], [-100.73617584, 10.30639872], [-100.74254884, 10.30836065], [-101.04937234, 10.40613910], [-101.05535099, 10.40810592], [-101.36024691, 10.51156844], [-101.36599889, 10.51357843], [-101.66890453, 10.62250802], [-101.67491811, 10.62473549], [-101.97554782, 10.73935926], [-101.98220780, 10.74198010], [-102.28012659, 10.86289799], [-102.28729285, 10.86590373], [-102.58211282, 10.99359741], [-102.58943432, 10.99687324], [-102.88077741, 11.13144297], [-102.88823968, 11.13500247], [-103.17560181, 11.27647046], [-103.18331978, 11.28039544], [-103.46608238, 11.42885513], [-103.47417302, 11.43324705], [-103.75162562, 11.58888029], [-103.76020982, 11.59386609], [-104.03154980, 11.75695697], [-104.04065294, 11.76263190], [-104.30502867, 11.93348139], [-104.31455741, 11.93987775], [-104.57108417, 12.11865991], [-104.58107794, 12.12590872], [-104.82877015, 12.31280856], [-104.83922358, 12.32103665], [-105.07703053, 12.51622710], [-105.08788217, 12.52554233], [-105.31470011, 12.72912672], [-105.32575460, 12.73952932], [-105.54068174, 12.95156677], [-105.55169209, 12.96298064], [-105.75404039, 13.18343863], [-105.76494640, 13.19596142], [-105.95444767, 13.42540268], [-105.95762549, 13.42932340], [-105.96415234, 13.43783388], [-106.14004155, 13.67577123], [-106.14302456, 13.67988643], [-106.14906700, 13.68871569], [-106.31091428, 13.93445396], [-106.31367831, 13.93873801], [-106.31921942, 13.94786242], [-106.46688039, 14.20107380], [-106.46946656, 14.20560888], [-106.47448307, 14.21499762], [-106.60780358, 14.47562818], [-106.61008211, 14.48018922], [-106.61457132, 14.48982892], [-106.73356240, 14.75780655], [-106.73544882, 14.76216018], [-106.73941451, 14.77203493], [-106.84384108, 15.04624037], [-106.84915665, 15.06138151], [-106.93932061, 15.34156159], [-106.94373588, 15.35659806], [-107.01974029, 15.64248075], [-107.02333475, 15.65753693], [-107.08498240, 15.94844138], [-107.08775834, 15.96337935], [-107.13497077, 16.25851654], [-107.13695557, 16.27323440], [-107.16976059, 16.57173585], [-107.17100428, 16.58628785], [-107.18939927, 16.88723281], [-107.18993420, 16.90161123], [-107.19396325, 17.20405238], [-107.19380832, 17.21853204], [-107.18328924, 17.52138612], [-107.18241890, 17.53608588], [-107.15711991, 17.83817282], [-107.15551384, 17.85295908], [-107.11541004, 18.15310694], [-107.11303698, 18.16801951], [-107.05815205, 18.46495622], [-107.05496389, 18.48004472], [-106.98538782, 18.77235452], [-106.98125385, 18.78788601], [-106.89669670, 19.07483074], [-106.89518195, 19.07979110], [-106.89180727, 19.08983166], [-106.79214150, 19.36954415], [-106.79008503, 19.37512074], [-106.78614731, 19.38491390], [-106.67161465, 19.65558602], [-106.66888938, 19.66181135], [-106.66438328, 19.67131099], [-106.53514653, 19.93161128], [-106.53149426, 19.93871253], [-106.52641816, 19.94784981], [-106.38249287, 20.19637097], [-106.37769867, 20.20434797], [-106.37204952, 20.21306242], [-106.21351890, 20.44835284], [-106.20740573, 20.45707802], [-106.20118451, 20.46531180], [-106.02817848, 20.68607031], [-106.02052497, 20.69543680], [-106.01374255, 20.70312315], [-105.82633572, 20.90814046], [-105.81714585, 20.91775869], [-105.80981283, 20.92485051], [-105.60830446, 21.11304492], [-105.59772125, 21.12247860], [-105.58985652, 21.12893702], [-105.37468580, 21.29948162], [-105.36304871, 21.30826613], [-105.35467608, 21.31406614], [-105.12640421, 21.46645583], [-105.11416664, 21.47422041], [-105.10531747, 21.47934693], [-104.86470772, 21.61329814], [-104.85218993, 21.61990215], [-104.84291250, 21.62433743], [-104.59076726, 21.73965779], [-104.57804722, 21.74514185], [-104.56840744, 21.74886142], [-104.30559924, 21.84519275], [-104.29298630, 21.84951799], [-104.28303513, 21.85251500], [-104.01057530, 21.92958972], [-103.99815924, 21.93283358], [-103.98796126, 21.93509936], [-103.70692296, 21.99260451], [-103.69512899, 21.99478740], [-103.68472362, 21.99633277], [-103.39643955, 22.03422070], [-103.38588220, 22.03542857], [-103.37529149, 22.03628205], [-103.08108421, 22.05504032], [-103.07183412, 22.05549331], [-103.06110994, 22.05568056], [-102.76215289, 22.05589724], [-102.75417717, 22.05580048], [-102.74336958, 22.05534928], [-102.44087428, 22.03764483], [-102.43467617, 22.03721807], [-102.42378693, 22.03617195], [-102.11891954, 22.00172141], [-102.11323727, 22.00102410], [-102.10238999, 21.99940187], [-101.79757417, 21.94857632], [-101.78648371, 21.94652406], [-101.77617347, 21.94424511], [-101.47769531, 21.87298824], [-101.46749616, 21.87037242], [-101.45732578, 21.86739680], [-101.16629658, 21.77689589], [-101.15729976, 21.77394728], [-101.14728756, 21.77030574], [-100.86415922, 21.66187307], [-100.85653577, 21.65883552], [-100.84669915, 21.65456542], [-100.57178651, 21.52963701], [-100.56560634, 21.52674293], [-100.55595916, 21.52188600], [-100.28942861, 21.38195645], [-100.28475136, 21.37944568], [-100.27529711, 21.37404566], [-100.01755131, 21.22092253], [-100.00506883, 21.21312515], [-99.75435655, 21.04861664], [-99.74315133, 21.04092783], [-99.49921290, 20.86599592], [-99.48961619, 20.85884427], [-99.25135379, 20.67439496], [-99.24737544, 20.67126538], [-99.01063184, 20.48203156], [-98.77368735, 20.29293512], [-98.77284833, 20.29226326], [-98.53917094, 20.10450636], [-98.53768029, 20.10333347], [-98.31241445, 19.92977506], [-98.30970492, 19.92776452], [-98.09060387, 19.77124339], [-98.08764016, 19.76921089], [-97.87021446, 19.62614650], [-97.86724618, 19.62427180], [-97.64866277, 19.49184993], [-97.64606355, 19.49033135], [-97.42451154, 19.36557644], [-97.42236427, 19.36440356], [-97.19782184, 19.24548728], [-97.19589753, 19.24449607], [-96.96741520, 19.13007555], [-96.96639007, 19.12956985], [-96.73390299, 19.01661272], [-96.73339711, 19.01636877], [-96.50591177, 18.90749346], [-96.50182775, 18.90565524], [-96.27242057, 18.80879108], [-96.26896990, 18.80741222], [-96.02848552, 18.71667157], [-96.02605847, 18.71579279], [-95.77525881, 18.62876876], [-95.77377894, 18.62826866], [-95.51597475, 18.54346812], [-95.51479068, 18.54308708], [-95.28039673, 18.46932035], [-95.27188956, 18.47075855], [-95.25573754, 18.47321135], [-95.21363670, 18.47888433], [-95.19740683, 18.48079496], [-95.15512514, 18.48505575], [-95.13883561, 18.48642215], [-95.09642459, 18.48926556], [-95.08009524, 18.49008607], [-95.03760656, 18.49150864], [-95.02125729, 18.49178225], [-95.00000000, 18.49196011], [-94.75000000, 18.49196011], [-94.72655741, 18.49174380], [-94.70852798, 18.49141104], [-94.66385967, 18.48980006], [-94.64753350, 18.48892337], [-94.60513340, 18.48593404], [-94.58884908, 18.48451160], [-94.54658363, 18.48010535], [-94.53036101, 18.47813888], [-94.48828168, 18.47232108], [-94.47214052, 18.46981299], [-94.43029859, 18.46259072], [-94.41425856, 18.45954406], [-94.37270502, 18.45092613], [-94.35678566, 18.44734461], [-94.31557112, 18.43734151], [-94.29979182, 18.43322950], [-94.25896650, 18.42185342], [-94.24334649, 18.41721593], [-94.20296014, 18.40448073], [-94.18751845, 18.39932341], [-94.14762025, 18.38524460], [-94.13237570, 18.37957373], [-94.09301428, 18.36416848], [-94.07798543, 18.35799096], [-94.03920874, 18.34127803], [-94.02441391, 18.33460140], [-93.98626920, 18.31660115], [-93.97172641, 18.30943354], [-93.93426012, 18.29016789], [-93.91998709, 18.28251803], [-93.88324492, 18.26201047], [-93.86925904, 18.25388769], [-93.83682499, 18.23430058], [-93.79658362, 18.23010535], [-93.78036100, 18.22813888], [-93.73828168, 18.22232108], [-93.72214052, 18.21981299], [-93.68029860, 18.21259072], [-93.66425856, 18.20954406], [-93.62270502, 18.20092613], [-93.60678566, 18.19734461], [-93.56557112, 18.18734151], [-93.54979182, 18.18322950], [-93.50896650, 18.17185342], [-93.49334649, 18.16721593], [-93.45296014, 18.15448073], [-93.43751845, 18.14932341], [-93.40773041, 18.13881216], [-93.29603530, 18.13099623], [-93.28396921, 18.12993670], [-92.98881975, 18.09873786], [-92.97585172, 18.09709970], [-92.96554867, 18.09540763], [-92.67241127, 18.04220075], [-92.66069389, 18.03984613], [-92.65047243, 18.03741091], [-92.36236312, 17.96362838], [-92.35204584, 17.96079868], [-92.34194312, 17.95765653], [-92.06146562, 17.86520478], [-92.05234795, 17.86204180], [-92.04241852, 17.85823214], [-91.77206762, 17.74921968], [-91.76393869, 17.74580547], [-91.75423287, 17.74136620], [-91.49566066, 17.61774317], [-91.48763805, 17.61376220], [-91.47826310, 17.60873363], [-91.23252920, 17.47147314], [-91.22609726, 17.46777489], [-91.21696302, 17.46215730], [-90.98491372, 17.31390290], [-90.98004753, 17.31072456], [-90.97115811, 17.30456638], [-90.75364820, 17.14827409], [-90.74424658, 17.14124093], [-90.73618479, 17.13473761], [-90.53540504, 16.96694741], [-90.52695155, 16.95961273], [-90.51937302, 16.95254397], [-90.33611883, 16.77554381], [-90.32925855, 16.76869738], [-90.32212378, 16.76107754], [-90.15639505, 16.57774324], [-90.15103408, 16.57164308], [-90.14434181, 16.56352406], [-89.99571889, 16.37660006], [-89.99019668, 16.36942794], [-89.98411493, 16.36096005], [-89.85304104, 16.17146305], [-89.84806412, 16.16402305], [-89.84298943, 16.15586042], [-89.83786954, 16.14693050], [-89.72926380, 15.94941508], [-89.72440118, 15.94017903], [-89.72029574, 15.93164836], [-89.71618231, 15.92225229], [-89.63092781, 15.71757130], [-89.62601388, 15.70495031], [-89.62303065, 15.69623611], [-89.62007055, 15.68644910], [-89.55936906, 15.47181585], [-89.55619406, 15.45956022], [-89.55423702, 15.45052101], [-89.55244133, 15.44047730], [-89.51670137, 15.21724602], [-89.51502696, 15.20511857], [-89.51412566, 15.19589886], [-89.51350375, 15.18572611], [-89.50341181, 14.95040440], [-89.50317539, 14.94167433], [-89.50324115, 14.93216427], [-89.50368249, 14.92198286], [-89.51907420, 14.67210655], [-89.52041191, 14.65695127], [-89.52171393, 14.64719941], [-89.56223201, 14.38073828], [-89.56469856, 14.36683255], [-89.56684913, 14.35713905], [-89.63224163, 14.08575254], [-89.63502650, 14.07510685], [-89.63796681, 14.06537277], [-89.72453915, 13.79642761], [-89.72785905, 13.78672005], [-89.73152073, 13.77715567], [-89.83854708, 13.51200063], [-89.84223309, 13.50329043], [-89.84658208, 13.49393051], [-89.97321660, 13.23370229], [-89.97690997, 13.22638509], [-89.98191131, 13.21722703], [-90.12671122, 12.96297978], [-90.13047983, 12.95656181], [-90.13608199, 12.94766545], [-90.29804431, 12.70032690], [-90.30189765, 12.69459732], [-90.30806108, 12.68600141], [-90.48633260, 12.44643842], [-90.49014766, 12.44143033], [-90.49684103, 12.43315105], [-90.69042082, 12.20214654], [-90.69399944, 12.19796121], [-90.70119273, 12.19000194], [-90.90833365, 11.96872764], [-90.92001164, 11.95688523], [-91.13966971, 11.74539441], [-91.15139301, 11.73465184], [-91.38265780, 11.53298531], [-91.39443174, 11.52319811], [-91.63616457, 11.33170960], [-91.64798208, 11.32277777], [-91.89913236, 11.14175643], [-91.91098102, 11.13360524], [-92.17060379, 10.96325467], [-92.18230464, 10.95592331], [-92.44933638, 10.79629178], [-92.46116235, 10.78954837], [-92.73492596, 10.64080714], [-92.74684123, 10.63464139], [-93.02675781, 10.49687121], [-93.03879138, 10.49124307], [-93.32431535, 10.36455437], [-93.33662961, 10.35938161], [-93.62734778, 10.24401338], [-93.63977828, 10.23936219], [-93.93524141, 10.13539738], [-93.94788567, 10.13122667], [-94.24760754, 10.03887150], [-94.26031910, 10.03522494], [-94.56390789, 9.95451306], [-94.57641707, 9.95144035], [-94.88343908, 9.88217106], [-94.89547100, 9.87968397], [-95.20546490, 9.82142071], [-95.21693585, 9.81946696], [-95.52951043, 9.77170395], [-95.54069627, 9.77018365], [-95.85556151, 9.73268186], [-95.86664484, 9.73154482], [-96.18335221, 9.70426490], [-96.19439438, 9.70349368], [-96.51243895, 9.68644994], [-96.52339105, 9.68603892], [-96.84229471, 9.67918583], [-96.85313686, 9.67912474]]]}
    },
    {
      "type": "Feature",
      "properties": {"block_id": "ADC_NA_05", "basin_id": "BASIN_NA", "basin_label": "North American East and West Coasts", "domain_count": 1, "grid_cell_count": 77, "outer_area_km2": 1397883.463451, "shelf_width_km": 250.000000, "outer_buffer_km": 430.000000, "shelf_add_area_km2": 0.000000, "shelf_add_cell_count": 0, "shelf_add_component_count": 0, "bay_add_area_km2": 517944.420317, "bay_add_cell_count": 580, "bay_add_core_cell_count": 580, "bay_add_component_count": 2, "open_ocean_area_risk": 0},
      "geometry": {"type": "Polygon", "coordinates": [[[-98.37744711, 17.87513246], [-98.38627670, 17.88415946], [-98.58365487, 18.09401312], [-98.59328067, 18.10471872], [-98.78379379, 18.32643907], [-98.79432447, 18.33936541], [-98.97591529, 18.57464283], [-98.97907986, 18.57882523], [-98.98534333, 18.58759301], [-99.15526563, 18.83467570], [-99.15821878, 18.83906071], [-99.16396703, 18.84812845], [-99.31966991, 19.10380437], [-99.32723499, 19.11694178], [-99.46976179, 19.37916136], [-99.47549440, 19.39023923], [-99.60683153, 19.65722941], [-99.61149355, 19.66715319], [-99.73273466, 19.93779246], [-99.73658926, 19.94678245], [-99.84826263, 20.21929731], [-99.85170338, 20.22808213], [-99.93182355, 20.44245080], [-100.13355725, 20.64418451], [-100.14204730, 20.65276025], [-100.14854269, 20.65938747], [-100.17134858, 20.68330754], [-100.18232145, 20.69513964], [-100.21027379, 20.72636515], [-100.22079944, 20.73854901], [-100.24757217, 20.77066990], [-100.25763779, 20.78319066], [-100.28319828, 20.81616781], [-100.29279160, 20.82901023], [-100.31710872, 20.86280345], [-100.32621804, 20.87595187], [-100.34926217, 20.91052000], [-100.35787640, 20.92395841], [-100.37961947, 20.95925934], [-100.38772812, 20.97297136], [-100.40814361, 21.00896206], [-100.41573680, 21.02293099], [-100.43479985, 21.05956763], [-100.44186832, 21.07377644], [-100.45955572, 21.11101438], [-100.46609087, 21.12544577], [-100.48238105, 21.16323964], [-100.48837491, 21.17787603], [-100.50324804, 21.21617978], [-100.50869331, 21.23100333], [-100.52213125, 21.26977029], [-100.52702130, 21.28476294], [-100.53900769, 21.32394589], [-100.54333655, 21.33908937], [-100.55385680, 21.37864057], [-100.55761920, 21.39391644], [-100.56666047, 21.43378769], [-100.56985184, 21.44917734], [-100.57740312, 21.48932008], [-100.58001956, 21.50480475], [-100.58607165, 21.54517005], [-100.58810997, 21.56073089], [-100.59265551, 21.60126959], [-100.59411322, 21.61688762], [-100.59714666, 21.65755032], [-100.59802200, 21.67320652], [-100.59953965, 21.71394370], [-100.59983155, 21.72961900], [-100.60002129, 21.75000000], [-100.60002129, 22.75000000], [-100.59995877, 22.76169927], [-100.59986259, 22.77069825], [-100.59904969, 22.80276968], [-100.59842281, 22.81843636], [-100.59603474, 22.85913684], [-100.59482493, 22.87477347], [-100.59092297, 22.91537104], [-100.58913172, 22.93095856], [-100.58372061, 22.97140377], [-100.58135010, 22.98692319], [-100.57443644, 23.02716673], [-100.57148955, 23.04259916], [-100.56308176, 23.08259202], [-100.55956210, 23.09791865], [-100.54967042, 23.13761210], [-100.54558226, 23.15281425], [-100.53421875, 23.19215993], [-100.52956708, 23.20721908], [-100.51674558, 23.24616904], [-100.51153607, 23.26106684], [-100.49727219, 23.29957368], [-100.49151117, 23.31429199], [-100.47582232, 23.35230871], [-100.46951682, 23.36682960], [-100.45242208, 23.40430995], [-100.44557979, 23.41861572], [-100.42710001, 23.45551400], [-100.41972926, 23.46958721], [-100.39988694, 23.50585849], [-100.39199671, 23.51968201], [-100.37081603, 23.55528209], [-100.36241592, 23.56883908], [-100.33992269, 23.60372458], [-100.33102295, 23.61699851], [-100.31635875, 23.63804562], [-100.31313648, 23.65146282], [-100.31104918, 23.65964194], [-100.23693247, 23.93381130], [-100.23459353, 23.94199833], [-100.15115704, 24.21905229], [-100.14925484, 24.22513354], [-100.05880448, 24.50386319], [-100.05791853, 24.50655012], [-99.96441908, 24.78568329], [-99.96245819, 24.79134897], [-99.86307767, 25.06948994], [-99.86165942, 25.07337483], [-99.75821185, 25.35081307], [-99.75512003, 25.35876019], [-99.64371021, 25.63358092], [-99.63944741, 25.64357734], [-99.51799919, 25.91480980], [-99.51373045, 25.92393528], [-99.38311732, 26.19154023], [-99.38060179, 26.19657596], [-99.24478118, 26.46232436], [-99.24439699, 26.46307351], [-99.10776272, 26.72860976], [-99.10641064, 26.73120684], [-98.96797562, 26.99404111], [-98.95987220, 27.00847107], [-98.80842336, 27.26198306], [-98.80040179, 27.27470004], [-98.63767031, 27.51937621], [-98.63173146, 27.52798945], [-98.46128938, 27.76655808], [-98.45703710, 27.77236813], [-98.28078961, 28.00749013], [-98.27842061, 28.01060992], [-98.09893851, 28.24395285], [-98.09658643, 28.24697275], [-97.91470441, 28.47760385], [-97.91037336, 28.48297447], [-97.72498197, 28.70781965], [-97.72021208, 28.71346963], [-97.53177835, 28.93149037], [-97.52949435, 28.93410416], [-97.33927996, 29.14941298], [-97.33436169, 29.15483977], [-97.32692094, 29.16256718], [-97.12116035, 29.36889784], [-97.11572845, 29.37420538], [-97.10781332, 29.38148304], [-96.88707078, 29.57747984], [-96.88243866, 29.58150573], [-96.87401747, 29.58842241], [-96.63908013, 29.77469352], [-96.63151465, 29.78050185], [-96.62281785, 29.78673734], [-96.37164202, 29.96039874], [-96.36533111, 29.96464598], [-96.35612847, 29.97045180], [-96.09465733, 30.12926645], [-96.08423837, 30.13532738], [-96.07488209, 30.14033076], [-95.80239098, 30.28019755], [-95.79513809, 30.28380209], [-95.78520968, 30.28837327], [-95.50556571, 30.41149458], [-95.49991384, 30.41391534], [-95.48959708, 30.41801130], [-95.20548600, 30.52536680], [-95.19122904, 30.53040427], [-94.90200458, 30.62562243], [-94.89597744, 30.62753881], [-94.88528029, 30.63062780], [-94.59073836, 30.71043355], [-94.57954690, 30.71325639], [-94.56900432, 30.71553778], [-94.26890122, 30.77532831], [-94.26263930, 30.77650997], [-94.25160987, 30.77828934], [-93.94921777, 30.82199496], [-93.93419288, 30.82384190], [-93.63179857, 30.85451826], [-93.62581238, 30.85506761], [-93.61462157, 30.85580231], [-93.31655040, 30.87047644], [-93.30497823, 30.87084500], [-93.29415761, 30.87082473], [-93.00311299, 30.86551753], [-92.98792245, 30.86489965], [-92.97739888, 30.86406179], [-92.69046056, 30.83648089], [-92.67504625, 30.83464183], [-92.66465783, 30.83298566], [-92.37829993, 30.78249794], [-92.36423670, 30.77970756], [-92.35394274, 30.77725681], [-92.07200724, 30.70520200], [-92.05676113, 30.70091935], [-92.04682991, 30.69769340], [-91.77961375, 30.60596704], [-91.76517651, 30.60063356], [-91.75554164, 30.59663010], [-91.50958018, 30.48957611], [-91.50104348, 30.48570984], [-91.49206831, 30.48129866], [-91.48262237, 30.47625454], [-91.26068102, 30.35288005], [-91.24858893, 30.34580884], [-91.24049379, 30.34064287], [-91.23172645, 30.33461770], [-91.03250275, 30.19262874], [-91.02145367, 30.18438308], [-91.01403369, 30.17837892], [-91.00605752, 30.17145490], [-90.82826160, 30.01161940], [-90.81789804, 30.00186118], [-90.81129741, 29.99511967], [-90.80423067, 29.98737615], [-90.64663710, 29.80846057], [-90.63847514, 29.79879039], [-90.63265127, 29.79131913], [-90.62654787, 29.78288647], [-90.49101651, 29.58841084], [-90.48470892, 29.57897399], [-90.47973029, 29.57088513], [-90.47462955, 29.56188623], [-90.36230248, 29.35508296], [-90.35838475, 29.34760387], [-90.35419364, 29.33891149], [-90.35006483, 29.32948483], [-90.26069731, 29.11485873], [-90.25712713, 29.10584740], [-90.25394141, 29.09688434], [-90.25086726, 29.08711005], [-90.18527736, 28.86430104], [-90.18261128, 28.85459705], [-90.18044392, 28.84540052], [-90.17847082, 28.83537956], [-90.13755999, 28.60516028], [-90.13573930, 28.59347523], [-90.13467542, 28.58423847], [-90.13388643, 28.57407514], [-90.11978333, 28.33477419], [-90.11937866, 28.32482388], [-90.11934280, 28.31540117], [-90.11968344, 28.30521597], [-90.13245107, 28.06013319], [-90.13367505, 28.04477047], [-90.13490541, 28.03502102], [-90.17109125, 27.78566898], [-90.17302164, 27.77409455], [-90.17507825, 27.76419936], [-90.23339805, 27.50754831], [-90.23500078, 27.50089146], [-90.23777018, 27.49078893], [-90.31524011, 27.22734839], [-90.31895902, 27.21560067], [-90.40973453, 26.94807975], [-90.41203149, 26.94155797], [-90.51049290, 26.67192405], [-90.51264584, 26.66620870], [-90.61818119, 26.39441976], [-90.61996942, 26.38992161], [-90.73177586, 26.11511134], [-90.73226040, 26.11392757], [-90.84445020, 25.84148017], [-90.84520633, 25.83958038], [-90.94595207, 25.57746090], [-90.94740986, 25.57336138], [-91.03008730, 25.32076406], [-91.03081575, 25.31842590], [-91.03165344, 25.31539028], [-91.09507131, 25.06783374], [-91.09568298, 25.06528313], [-91.09631180, 25.06220349], [-91.14175403, 24.81650066], [-91.14212757, 24.81432239], [-91.14256002, 24.81121317], [-91.17180898, 24.56786005], [-91.17203418, 24.56576618], [-91.17227251, 24.56263861], [-91.18602040, 24.32358509], [-91.18613007, 24.32096983], [-91.18615437, 24.31783438], [-91.18361478, 24.08418986], [-91.18351424, 24.08089085], [-91.18329903, 24.07776181], [-91.16338623, 23.85018951], [-91.16292730, 23.84609745], [-91.16244364, 23.84299486], [-91.12399277, 23.62322266], [-91.12365890, 23.62142844], [-91.12299342, 23.61835558], [-91.12221393, 23.61530636], [-91.06425807, 23.40486971], [-91.06350826, 23.40230466], [-91.06252068, 23.39930889], [-91.06142216, 23.39634725], [-90.97961724, 23.18761643], [-90.97888670, 23.18581250], [-90.97761187, 23.18291360], [-90.87388349, 22.95825164], [-90.87326125, 22.95693308], [-90.75982220, 22.72167158], [-90.75912723, 22.72026282], [-90.63924185, 22.48265807], [-90.63839136, 22.48101584], [-90.50979191, 22.23899118], [-90.50970817, 22.23883396], [-90.37889587, 21.99384673], [-90.37723116, 21.99068485], [-90.25083495, 21.74718317], [-90.24724717, 21.74004500], [-90.13052787, 21.50005774], [-90.12723903, 21.49307200], [-90.01870199, 21.25473760], [-90.01533442, 21.24706394], [-89.91493473, 21.00941764], [-89.90978456, 20.99639389], [-89.82223700, 20.75904290], [-89.81998848, 20.75270426], [-89.81678530, 20.74270425], [-89.74560242, 20.50552472], [-89.74196371, 20.49223136], [-89.73974712, 20.48251336], [-89.69035429, 20.24583399], [-89.68889577, 20.23831115], [-89.68737822, 20.22882931], [-89.68614153, 20.21870527], [-89.66211901, 19.98621159], [-89.66132944, 19.97706089], [-89.66085029, 19.96759325], [-89.66071444, 19.95740385], [-89.66192152, 19.72911699], [-89.66220506, 19.71799625], [-89.66280536, 19.70867381], [-89.66383867, 19.69852975], [-89.69073607, 19.47565783], [-89.69294087, 19.46075736], [-89.69467537, 19.45184518], [-89.69699846, 19.44189036], [-89.75086757, 19.22892745], [-89.75258634, 19.22247351], [-89.75537368, 19.21317463], [-89.75842356, 19.20421346], [-89.76208711, 19.19461932], [-89.84208920, 18.99609901], [-89.84555350, 18.98788483], [-89.84958743, 18.97916634], [-89.85389904, 18.97067273], [-89.85890980, 18.96162952], [-89.96605506, 18.77624175], [-89.96953673, 18.77038522], [-89.97481274, 18.76209274], [-89.98025029, 18.75418725], [-89.98645639, 18.74582071], [-90.12246173, 18.56913042], [-90.12975662, 18.56002977], [-90.13601831, 18.55278903], [-90.14315457, 18.54510173], [-90.30957375, 18.37202686], [-90.31432004, 18.36720520], [-90.32211525, 18.35973508], [-90.51507818, 18.18116322], [-90.52598408, 18.17151237], [-90.73572857, 17.99404845], [-90.74336313, 17.98778270], [-90.96041649, 17.81501159], [-90.97239440, 17.80591308], [-91.20002452, 17.64098099], [-91.21349322, 17.63171505], [-91.45473519, 17.47426232], [-91.46618994, 17.46710867], [-91.71716630, 17.31724739], [-91.72999574, 17.30995959], [-91.98938371, 17.16995014], [-92.00213064, 17.16341023], [-92.26799374, 17.03394213], [-92.27312361, 17.03150369], [-92.28328053, 17.02699776], [-92.55780337, 16.91066333], [-92.56484029, 16.90778157], [-92.57514061, 16.90390562], [-92.86115995, 16.80167432], [-92.86615377, 16.79993847], [-92.87681882, 16.79653135], [-93.17120161, 16.70783041], [-93.18730503, 16.70339179], [-93.48935901, 16.62777910], [-93.50444435, 16.62435128], [-93.81073676, 16.56174920], [-93.82410674, 16.55928211], [-94.13068548, 16.50875145], [-94.14706579, 16.50644092], [-94.37964776, 16.47912058], [-94.40641427, 16.46463500], [-94.42104266, 16.45703430], [-94.45943862, 16.43789770], [-94.47434109, 16.43078018], [-94.51342615, 16.41291130], [-94.52858453, 16.40628562], [-94.56831108, 16.38970622], [-94.58370692, 16.38358046], [-94.62402654, 16.36831074], [-94.63964108, 16.36269236], [-94.68050466, 16.34875093], [-94.69631887, 16.34364678], [-94.73767661, 16.33105063], [-94.75367122, 16.32646692], [-94.79547277, 16.31523138], [-94.81162829, 16.31117370], [-94.85382267, 16.30131248], [-94.87011943, 16.29778577], [-94.91265528, 16.28931087], [-94.92907342, 16.28631943], [-94.97189887, 16.27924118], [-94.98841839, 16.27678865], [-95.03148130, 16.27111567], [-95.04808206, 16.26920504], [-95.09132996, 16.26494425], [-95.10799174, 16.26357785], [-95.15137193, 16.26073444], [-95.16807443, 16.25991393], [-95.21153406, 16.25849136], [-95.22825694, 16.25821775], [-95.25000000, 16.25803989], [-96.50000000, 16.25803989], [-96.53100379, 16.25840155], [-96.55484547, 16.25895787], [-96.60753675, 16.26123436], [-96.62422439, 16.26228757], [-96.66755467, 16.26573530], [-96.68419294, 16.26733378], [-96.72736847, 16.27219688], [-96.74393708, 16.27433868], [-96.78690524, 16.28061124], [-96.80338402, 16.28329374], [-96.84609247, 16.29096810], [-96.86246134, 16.29418805], [-96.90485804, 16.30325487], [-96.92109705, 16.30700834], [-96.96313035, 16.31745657], [-96.97921972, 16.32173898], [-97.02083841, 16.33355589], [-97.03675854, 16.33836203], [-97.07791190, 16.35153323], [-97.09364339, 16.35685723], [-97.13428131, 16.37136667], [-97.14980499, 16.37720207], [-97.18987792, 16.39303206], [-97.20517489, 16.39937173], [-97.24463404, 16.41650300], [-97.25968565, 16.42333922], [-97.29848293, 16.44175090], [-97.31327085, 16.44907534], [-97.35135900, 16.46874498], [-97.36586520, 16.47654873], [-97.40319782, 16.49745238], [-97.41740464, 16.50572592], [-97.45393622, 16.52783810], [-97.46782634, 16.53657135], [-97.50351240, 16.55986513], [-97.51706891, 16.56904745], [-97.55186596, 16.59349445], [-97.56507234, 16.60311466], [-97.59893798, 16.62868509], [-97.61177814, 16.63873146], [-97.64467111, 16.66539417], [-97.65712940, 16.67585446], [-97.68900965, 16.70357697], [-97.70107089, 16.71443844], [-97.73189955, 16.74318697], [-97.74354905, 16.75443638], [-97.75855725, 16.76918451], [-97.88355725, 16.89418451], [-97.89204730, 16.90276024], [-97.89854269, 16.90938746], [-97.92134858, 16.93330754], [-97.93232145, 16.94513965], [-97.96027379, 16.97636515], [-97.97079944, 16.98854901], [-97.99757217, 17.02066990], [-98.00763779, 17.03319066], [-98.03319828, 17.06616781], [-98.04279159, 17.07901022], [-98.06710872, 17.11280345], [-98.07621804, 17.12595187], [-98.09926217, 17.16052001], [-98.10787641, 17.17395841], [-98.12961947, 17.20925934], [-98.13772811, 17.22297136], [-98.15814361, 17.25896206], [-98.16573680, 17.27293099], [-98.18479985, 17.30956763], [-98.19186832, 17.32377644], [-98.20955572, 17.36101438], [-98.21609087, 17.37544577], [-98.23238105, 17.41323964], [-98.23837491, 17.42787603], [-98.25324804, 17.46617978], [-98.25869331, 17.48100333], [-98.27213125, 17.51977029], [-98.27702130, 17.53476294], [-98.28900770, 17.57394589], [-98.29333656, 17.58908938], [-98.30385680, 17.62864056], [-98.30761920, 17.64391644], [-98.31666047, 17.68378770], [-98.31985184, 17.69917734], [-98.32740312, 17.73932007], [-98.33001955, 17.75480474], [-98.33607165, 17.79517005], [-98.33810997, 17.81073089], [-98.34135188, 17.83964336], [-98.37744711, 17.87513246]]]}
    },
    {
      "type": "Feature",
      "properties": {"block_id": "ADC_NA_06", "basin_id": "BASIN_NA", "basin_label": "North American East and West Coasts", "domain_count": 2, "grid_cell_count": 103, "outer_area_km2": 2876406.676817, "shelf_width_km": 250.000000, "outer_buffer_km": 430.000000, "shelf_add_area_km2": 0.000000, "shelf_add_cell_count": 0, "shelf_add_component_count": 0, "bay_add_area_km2": 1862377.195677, "bay_add_cell_count": 2155, "bay_add_core_cell_count": 2155, "bay_add_component_count": 5, "open_ocean_area_risk": 0},
      "geometry": {"type": "Polygon", "coordinates": [[[-77.98876598, 7.51297983], [-78.24428391, 7.51444857], [-78.26122697, 7.51497614], [-78.52587950, 7.52994738], [-78.54231020, 7.53128452], [-78.81615372, 7.56039337], [-78.82252093, 7.56113993], [-78.83319700, 7.56269336], [-79.11141873, 7.60800638], [-79.12154340, 7.60981622], [-79.40213517, 7.66445838], [-79.41263417, 7.66667924], [-79.69236150, 7.73058128], [-79.69679637, 7.73162643], [-79.97590403, 7.79942554], [-80.25030128, 7.86627074], [-80.25273221, 7.86682922], [-80.52016173, 7.92458345], [-80.52460381, 7.92543274], [-80.79672617, 7.97078507], [-80.80062336, 7.97135203], [-81.08459262, 8.00668650], [-81.08712679, 8.00696746], [-81.38280893, 8.03575279], [-81.38376911, 8.03584137], [-81.68657252, 8.06223199], [-81.68898348, 8.06245093], [-81.99164702, 8.09104273], [-81.99899553, 8.09181910], [-82.29704768, 8.12664989], [-82.30869057, 8.12821882], [-82.60203614, 8.17302384], [-82.60776423, 8.17395697], [-82.61839959, 8.17598444], [-82.90506893, 8.23569296], [-82.91520325, 8.23798241], [-82.92535063, 8.24063863], [-83.20338501, 8.31849309], [-83.21582589, 8.32225777], [-83.22555352, 8.32560843], [-83.49280283, 8.42279004], [-83.49822257, 8.42482233], [-83.50747488, 8.42858036], [-83.51701589, 8.43284118], [-83.67794818, 8.50803989], [-83.75000000, 8.50803989], [-83.76960674, 8.50819482], [-83.78468685, 8.50843317], [-83.82527836, 8.50973960], [-83.84141744, 8.51052367], [-83.88333598, 8.51327245], [-83.89943702, 8.51460250], [-83.94123116, 8.51876894], [-83.95727455, 8.52064336], [-83.99889334, 8.52622238], [-84.01485953, 8.52863887], [-84.05625229, 8.53562368], [-84.07212183, 8.53857930], [-84.11323812, 8.54696139], [-84.12899167, 8.55045255], [-84.16978140, 8.56022170], [-84.18539977, 8.56424413], [-84.22581323, 8.57538845], [-84.24127740, 8.57993726], [-84.28126537, 8.59244316], [-84.29655649, 8.59751281], [-84.33607024, 8.61136506], [-84.35116968, 8.61694936], [-84.39016107, 8.63213109], [-84.40505044, 8.63822325], [-84.44347197, 8.65471595], [-84.45813312, 8.66130854], [-84.49593797, 8.67909212], [-84.51035305, 8.68617711], [-84.54749517, 8.70522991], [-84.56164660, 8.71279867], [-84.59808075, 8.73309747], [-84.61195130, 8.74114078], [-84.64763306, 8.76266085], [-84.66120583, 8.77116891], [-84.69609175, 8.79388403], [-84.70935020, 8.80284647], [-84.74339776, 8.82672897], [-84.75632575, 8.83613487], [-84.78949348, 8.86115565], [-84.80207525, 8.87099356], [-84.83432274, 8.89712213], [-84.84654295, 8.90738006], [-84.87783092, 8.93458460], [-84.88967470, 8.94525005], [-84.91996500, 8.97349739], [-84.93141791, 8.98455737], [-84.94617737, 8.99906140], [-85.32117737, 9.37406140], [-85.33663063, 9.38980528], [-85.34840053, 9.40202225], [-85.37746927, 9.43330754], [-85.38807073, 9.44513965], [-85.41507692, 9.47636515], [-85.42524630, 9.48854901], [-85.45111281, 9.52066990], [-85.46083772, 9.53319066], [-85.48553304, 9.56616781], [-85.49480163, 9.57901022], [-85.51829566, 9.61280345], [-85.52709665, 9.62595187], [-85.54936077, 9.66052001], [-85.55768343, 9.67395841], [-85.57869052, 9.70925934], [-85.58652471, 9.72297136], [-85.60624917, 9.75896206], [-85.61358534, 9.77293099], [-85.63200314, 9.80956763], [-85.63883236, 9.82377644], [-85.65592106, 9.86101438], [-85.66223500, 9.87544577], [-85.67797379, 9.91323964], [-85.68376477, 9.92787603], [-85.69813447, 9.96617978], [-85.70339542, 9.98100333], [-85.71637851, 10.01977029], [-85.72110304, 10.03476294], [-85.73268372, 10.07394589], [-85.73686605, 10.08908938], [-85.74703020, 10.12864056], [-85.75066525, 10.14391644], [-85.75940049, 10.18378770], [-85.76248383, 10.19917734], [-85.76977952, 10.23932007], [-85.77230739, 10.25480474], [-85.77815463, 10.29517005], [-85.78012396, 10.31073089], [-85.78451564, 10.35126959], [-85.78592401, 10.36688762], [-85.78885477, 10.40755032], [-85.78970048, 10.42320653], [-85.79116676, 10.46394370], [-85.79144878, 10.47961900], [-85.79163210, 10.50000000], [-85.79163210, 10.50161925], [-85.85041788, 10.60972497], [-85.85429645, 10.61709074], [-85.98109618, 10.86592107], [-85.98124551, 10.86621279], [-86.10760723, 11.11193695], [-86.10804338, 11.11277411], [-86.23390022, 11.35124996], [-86.23472531, 11.35277704], [-86.36082836, 11.58082130], [-86.36217609, 11.58317327], [-86.49020194, 11.79892181], [-86.49193977, 11.80173067], [-86.62342558, 12.00572683], [-86.62536436, 12.00861036], [-86.76058840, 12.20154458], [-86.76287264, 12.20465904], [-86.90313459, 12.38753524], [-86.90573929, 12.39077396], [-87.05313984, 12.56565691], [-87.05590293, 12.56878590], [-87.21257499, 12.73818245], [-87.21530803, 12.74101214], [-87.38592250, 12.91018826], [-87.38694372, 12.91118514], [-87.56621874, 13.08347198], [-87.56643156, 13.08367584], [-87.74850764, 13.25752771], [-87.74992339, 13.25888784], [-87.93073466, 13.43366815], [-87.93200278, 13.43490078], [-88.11119083, 13.61004159], [-88.11168665, 13.61052726], [-88.26205018, 13.75813511], [-88.26960674, 13.75819482], [-88.28468685, 13.75843317], [-88.32527835, 13.75973960], [-88.34141743, 13.76052367], [-88.38333599, 13.76327245], [-88.39943703, 13.76460250], [-88.44123115, 13.76876894], [-88.45727454, 13.77064335], [-88.49889334, 13.77622238], [-88.51485953, 13.77863887], [-88.55625229, 13.78562368], [-88.57212183, 13.78857930], [-88.61323812, 13.79696139], [-88.62899168, 13.80045255], [-88.66978139, 13.81022170], [-88.68539977, 13.81424413], [-88.72581324, 13.82538845], [-88.74127741, 13.82993726], [-88.78126537, 13.84244316], [-88.79655649, 13.84751281], [-88.83607024, 13.86136506], [-88.85116968, 13.86694936], [-88.89016107, 13.88213108], [-88.90505044, 13.88822325], [-88.94347197, 13.90471595], [-88.95813313, 13.91130854], [-88.99593798, 13.92909212], [-89.01035305, 13.93617712], [-89.04749516, 13.95522990], [-89.06164660, 13.96279867], [-89.09808075, 13.98309747], [-89.11195130, 13.99114078], [-89.14763306, 14.01266085], [-89.16120583, 14.02116891], [-89.19609174, 14.04388402], [-89.20935020, 14.05284647], [-89.24339777, 14.07672897], [-89.25632575, 14.08613488], [-89.28949349, 14.11115565], [-89.30207525, 14.12099356], [-89.33432274, 14.14712213], [-89.34654295, 14.15738006], [-89.37783091, 14.18458459], [-89.38967469, 14.19525004], [-89.41996501, 14.22349740], [-89.43141792, 14.23455738], [-89.44617737, 14.24906140], [-89.57117737, 14.37406140], [-89.58663063, 14.38980528], [-89.59840053, 14.40202225], [-89.62746927, 14.43330754], [-89.63807072, 14.44513964], [-89.66507692, 14.47636515], [-89.67524630, 14.48854901], [-89.70111281, 14.52066990], [-89.71083772, 14.53319066], [-89.73553304, 14.56616781], [-89.74480163, 14.57901023], [-89.76829566, 14.61280345], [-89.77709665, 14.62595187], [-89.79936077, 14.66052000], [-89.80768343, 14.67395841], [-89.82869052, 14.70925934], [-89.83652471, 14.72297136], [-89.85624917, 14.75896206], [-89.86358534, 14.77293099], [-89.88200314, 14.80956763], [-89.88883236, 14.82377644], [-89.90592106, 14.86101438], [-89.91223500, 14.87544577], [-89.92797379, 14.91323964], [-89.93376477, 14.92787603], [-89.94813447, 14.96617978], [-89.95339542, 14.98100333], [-89.96637851, 15.01977029], [-89.97110304, 15.03476294], [-89.98268372, 15.07394589], [-89.98686605, 15.08908938], [-89.99703020, 15.12864056], [-90.00066525, 15.14391644], [-90.00940049, 15.18378770], [-90.01248383, 15.19917734], [-90.01977952, 15.23932007], [-90.02230739, 15.25480474], [-90.02815463, 15.29517005], [-90.03012396, 15.31073089], [-90.03451564, 15.35126959], [-90.03592401, 15.36688762], [-90.03885477, 15.40755032], [-90.03970048, 15.42320653], [-90.04116676, 15.46394370], [-90.04144878, 15.47961900], [-90.04163210, 15.50000000], [-90.04163210, 16.00000000], [-90.04142352, 16.02173959], [-90.04110265, 16.03845945], [-90.03951178, 16.08055175], [-90.03862852, 16.09620600], [-90.03560023, 16.13686199], [-90.03415440, 16.15247680], [-90.02966549, 16.19300546], [-90.02765885, 16.20856181], [-90.02171480, 16.24891381], [-90.01914980, 16.26439273], [-90.01175785, 16.30451888], [-90.00863760, 16.31990153], [-89.99980675, 16.35975295], [-89.99613507, 16.37502058], [-89.98587608, 16.41454871], [-89.98165743, 16.42968271], [-89.96998280, 16.46883941], [-89.96522233, 16.48382136], [-89.95214628, 16.52255890], [-89.94684979, 16.53737053], [-89.93238825, 16.57564174], [-89.92656219, 16.59026501], [-89.91073279, 16.62802323], [-89.90438425, 16.64244033], [-89.88720627, 16.67963959], [-89.88034299, 16.69383295], [-89.86183736, 16.73042790], [-89.85446770, 16.74438023], [-89.83465696, 16.78032631], [-89.82800613, 16.79190351], [-89.82283351, 16.94321317], [-89.82248595, 16.95053049], [-89.82166817, 16.96089511], [-89.79401916, 17.24587229], [-89.79249522, 17.25873482], [-89.75193177, 17.54839669], [-89.75076529, 17.55602412], [-89.70206579, 17.84961662], [-89.70111820, 17.85502776], [-89.64677136, 18.14976941], [-89.64366768, 18.16454756], [-89.57490882, 18.45602186], [-89.57208341, 18.46707465], [-89.49235921, 18.75641678], [-89.49039849, 18.76322509], [-89.40380775, 19.05135995], [-89.40183274, 19.05768383], [-89.30890270, 19.34435078], [-89.30640247, 19.35174259], [-89.20645432, 19.63534185], [-89.20352907, 19.64329188], [-89.09663842, 19.92192059], [-89.09352752, 19.92971143], [-88.98050035, 20.20197696], [-88.97828665, 20.20717479], [-88.86150939, 20.47456970], [-88.85804963, 20.48220807], [-88.73489146, 20.74460394], [-88.72962935, 20.75527794], [-88.59625040, 21.01324669], [-88.59219799, 21.02082590], [-88.45114198, 21.27610157], [-88.44583464, 21.28533059], [-88.29464877, 21.53814767], [-88.29033632, 21.54514830], [-88.13140603, 21.79570979], [-88.12960026, 21.79852334], [-87.96778825, 22.04770433], [-87.96622117, 22.05009361], [-87.80225199, 22.29762451], [-87.79894062, 22.30252249], [-87.63047316, 22.54671863], [-87.62499775, 22.55440569], [-87.44880575, 22.79407147], [-87.44371308, 22.80080766], [-87.26111681, 23.03572291], [-87.25325588, 23.04543352], [-87.06055811, 23.27408373], [-87.05011403, 23.28586946], [-86.84315236, 23.50806288], [-86.83201778, 23.51943346], [-86.60976986, 23.73534191], [-86.60573298, 23.73919570], [-86.37943318, 23.95148767], [-86.37376650, 23.95667715], [-86.14289263, 24.16307299], [-86.13468370, 24.17016563], [-85.89670160, 24.36886772], [-85.88740558, 24.37634152], [-85.64137725, 24.56675631], [-85.63466961, 24.57180962], [-85.38315120, 24.75622086], [-85.38098680, 24.75779405], [-85.12777773, 24.94024398], [-85.12432919, 24.94269476], [-84.87018180, 25.12082288], [-84.86496785, 25.12440192], [-84.60964144, 25.29602943], [-84.60199925, 25.30101203], [-84.34426267, 25.46394446], [-84.33386074, 25.47025139], [-84.07155924, 25.62267073], [-84.06655878, 25.62550968], [-84.05705542, 25.63056836], [-83.78896379, 25.76742386], [-83.78339428, 25.77019219], [-83.77364060, 25.77470628], [-83.49989358, 25.89575489], [-83.48488213, 25.90195493], [-83.20483608, 26.00962398], [-83.19792725, 26.01218253], [-83.18779647, 26.01559896], [-82.90333949, 26.10616039], [-82.89299494, 26.10925533], [-82.88287706, 26.11190584], [-82.59695863, 26.18163513], [-82.58356546, 26.18459308], [-82.57346653, 26.18641582], [-82.29100355, 26.23246411], [-82.27639583, 26.23449685], [-82.26624861, 26.23549444], [-81.98879769, 26.25803252], [-81.97508246, 26.25884634], [-81.96481293, 26.25905740], [-81.69072218, 26.26004848], [-81.67847784, 26.25985345], [-81.66811429, 26.25930985], [-81.39618406, 26.24042333], [-81.38404715, 26.23934266], [-81.37375062, 26.23804655], [-81.10456387, 26.19951578], [-81.09214633, 26.19748300], [-81.08200986, 26.19543527], [-80.81687972, 26.13717310], [-80.80497339, 26.13431054], [-80.79500186, 26.13152294], [-80.53445104, 26.05388169], [-80.52365244, 26.05044722], [-80.51385461, 26.04694483], [-80.25839068, 25.95067973], [-80.24867273, 25.94682716], [-80.23909407, 25.94264571], [-79.98901965, 25.82834617], [-79.97984882, 25.82396800], [-79.97057236, 25.81914723], [-79.72687562, 25.68714244], [-79.71843900, 25.68239595], [-79.70949041, 25.67696193], [-79.47207368, 25.52713336], [-79.46216063, 25.52060379], [-79.45378137, 25.51463118], [-79.22338827, 25.34432462], [-79.21680544, 25.33931413], [-79.20863374, 25.33267898], [-78.98779035, 25.14690784], [-78.97597208, 25.13645995], [-78.76247405, 24.93814732], [-78.75338960, 24.92936830], [-78.54475122, 24.71960505], [-78.53822133, 24.71284333], [-78.33262378, 24.49355762], [-78.32923634, 24.48988728], [-78.12552473, 24.26565269], [-78.12241834, 24.26218253], [-77.92053944, 24.03330544], [-77.91825435, 24.03068595], [-77.71754954, 23.79804708], [-77.71735865, 23.79782655], [-77.51606002, 23.56601334], [-77.51551541, 23.56538451], [-77.31731410, 23.33592431], [-77.31580221, 23.33421785], [-77.11670033, 23.11510605], [-77.11422605, 23.11248924], [-76.90708085, 22.90192238], [-76.90550053, 22.90035471], [-76.69057157, 22.69228936], [-76.68942595, 22.69119938], [-76.46864758, 22.48475399], [-76.46832500, 22.48445381], [-76.24480491, 22.27745468], [-76.24213763, 22.27495609], [-76.02164435, 22.06603070], [-76.01622275, 22.06077052], [-75.80363126, 21.84956997], [-75.79746925, 21.84327679], [-75.59391148, 21.62955329], [-75.58812256, 21.62331002], [-75.39284693, 21.40696545], [-75.38750608, 21.40089458], [-75.20017446, 21.18240068], [-75.19475049, 21.17590051], [-75.01554014, 20.95519300], [-75.01026799, 20.94851833], [-74.83996655, 20.72683378], [-74.83375049, 20.71845878], [-74.67492355, 20.49688831], [-74.66805947, 20.48691187], [-74.52075736, 20.26371297], [-74.51367981, 20.25247737], [-74.37748376, 20.02572759], [-74.37084574, 20.01411948], [-74.24459445, 19.78191572], [-74.23901573, 19.77116116], [-74.12120265, 19.53278331], [-74.11674449, 19.52336799], [-74.00606827, 19.27909516], [-74.00129012, 19.26797581], [-73.89869868, 19.01573149], [-73.89425711, 19.00414922], [-73.79994804, 18.74260245], [-73.79787018, 18.73664971], [-73.70833704, 18.47145606], [-73.70569440, 18.46325116], [-73.62273167, 18.19273077], [-73.61975773, 18.18239088], [-73.54470571, 17.90311631], [-73.54248789, 17.89435003], [-73.47458279, 17.60826660], [-73.47265221, 17.59957259], [-73.41204741, 17.30658214], [-73.41096056, 17.30107357], [-73.35524933, 17.00440269], [-73.35516737, 17.00397220], [-73.29890152, 16.71241262], [-73.29839186, 16.70996089], [-73.23544953, 16.42751866], [-73.23459364, 16.42401878], [-73.16138563, 16.14927137], [-73.16024257, 16.14535068], [-73.07561334, 15.87834951], [-73.07423641, 15.87434312], [-72.97693639, 15.61195525], [-72.97581309, 15.60908138], [-72.86786687, 15.34654732], [-72.86694093, 15.34437817], [-72.74983525, 15.07987193], [-72.74917101, 15.07840769], [-72.62444620, 14.80997793], [-72.62412486, 14.80929398], [-72.49519486, 14.53789819], [-72.49302208, 14.53322466], [-72.37032275, 14.26345767], [-72.36637825, 14.25440476], [-72.25549273, 13.98839604], [-72.25140038, 13.97805857], [-72.15204891, 13.71325019], [-72.15006524, 13.70778581], [-72.14675494, 13.69778444], [-72.06620001, 13.43897284], [-72.06413722, 13.43202675], [-72.06148131, 13.42194913], [-71.99945055, 13.16820551], [-71.99736469, 13.15901148], [-71.99544309, 13.14893686], [-71.95293198, 12.90205147], [-71.95119656, 12.89059008], [-71.95006790, 12.88055911], [-71.92745867, 12.64091983], [-71.92642823, 12.62576682], [-71.92619487, 12.61593632], [-71.92487280, 12.38579566], [-71.92490722, 12.37965500], [-71.92524599, 12.36996507], [-71.92596816, 12.35979898], [-71.94570001, 12.13843173], [-71.94629804, 12.13247126], [-71.94754793, 12.12284094], [-71.94922301, 12.11278117], [-71.98879823, 11.89889093], [-71.99201377, 11.88376731], [-71.99448412, 11.87424963], [-72.05274597, 11.66525325], [-72.05598255, 11.65446557], [-72.05926059, 11.64486303], [-72.13379608, 11.43865172], [-72.13637753, 11.43179353], [-72.14035679, 11.42214027], [-72.22963553, 11.21606593], [-72.23189297, 11.21099813], [-72.23646809, 11.20145619], [-72.34049227, 10.99404606], [-72.34823145, 10.97958067], [-72.46855723, 10.76826046], [-72.47394141, 10.75919179], [-72.47949153, 10.75056366], [-72.62291214, 10.53603327], [-72.62955236, 10.52651325], [-72.63569968, 10.51836599], [-72.80427471, 10.30293936], [-72.80888254, 10.29720492], [-72.81572520, 10.28920103], [-73.00510816, 10.07538561], [-73.01355540, 10.06621757], [-73.21736564, 9.85353758], [-73.22177131, 9.84903030], [-73.43293269, 9.63722887], [-73.43710121, 9.63312368], [-73.65475696, 9.42266760], [-73.65688353, 9.42063025], [-73.87713409, 9.21155766], [-73.88092462, 9.20801747], [-74.10369366, 9.00331564], [-74.11380215, 8.99441132], [-74.34364073, 8.80036301], [-74.35173556, 8.79375089], [-74.58358474, 8.61056053], [-74.59392176, 8.60272517], [-74.82740897, 8.43301407], [-74.83805035, 8.42560036], [-75.07107371, 8.27008461], [-75.08411599, 8.26182129], [-75.31102205, 8.12549091], [-75.32244596, 8.11893729], [-75.54147508, 7.99908925], [-75.55613754, 7.99153980], [-75.76952693, 7.88837606], [-75.77702651, 7.88487743], [-75.78677370, 7.88069212], [-75.99774483, 7.79434381], [-76.00719369, 7.79065836], [-76.01708937, 7.78717733], [-76.22846480, 7.71684605], [-76.23901716, 7.71354367], [-76.24908207, 7.71077565], [-76.46455634, 7.65543942], [-76.47432994, 7.65309897], [-76.48463784, 7.65099089], [-76.70808076, 7.60923184], [-76.71360254, 7.60825482], [-76.72432839, 7.60664979], [-76.95644111, 7.57592970], [-76.97076087, 7.57434829], [-77.21239450, 7.55293195], [-77.22134682, 7.55225968], [-77.46814835, 7.53706018], [-77.47084152, 7.53690523], [-77.71927274, 7.52361901], [-77.72352148, 7.52341892], [-77.97325847, 7.51325080], [-77.98876598, 7.51297983]]]}
    },
    {
      "type": "Feature",
      "properties": {"block_id": "ADC_NA_07", "basin_id": "BASIN_NA", "basin_label": "North American East and West Coasts", "domain_count": 1, "grid_cell_count": 16, "outer_area_km2": 740870.532998, "shelf_width_km": 250.000000, "outer_buffer_km": 430.000000, "shelf_add_area_km2": 0.000000, "shelf_add_cell_count": 0, "shelf_add_component_count": 0, "bay_add_area_km2": 400643.243634, "bay_add_cell_count": 395, "bay_add_core_cell_count": 395, "bay_add_component_count": 2, "open_ocean_area_risk": 0},
      "geometry": {"type": "Polygon", "coordinates": [[[-87.39194018, 5.74052454], [-87.40360154, 5.74071192], [-87.41385912, 5.74124973], [-87.68840509, 5.76037363], [-87.70142817, 5.76156044], [-87.71151120, 5.76287239], [-87.98252661, 5.80287877], [-87.99488295, 5.80496262], [-88.00487220, 5.80703725], [-88.27155469, 5.86722217], [-88.28420099, 5.87036089], [-88.29396018, 5.87318625], [-88.55621843, 5.95402804], [-88.56971095, 5.95853254], [-88.57912166, 5.96210341], [-88.83279174, 6.06339356], [-88.84577206, 6.06892741], [-88.85486171, 6.07324404], [-89.10011303, 6.19494753], [-89.11260506, 6.20151148], [-89.12130509, 6.20654240], [-89.35744108, 6.34860225], [-89.36723002, 6.35475116], [-89.37567923, 6.36050036], [-89.60255083, 6.52070187], [-89.61213111, 6.52775602], [-89.62009988, 6.53409455], [-89.83751253, 6.71329091], [-89.84445118, 6.71919345], [-89.85212333, 6.72616885], [-90.05899009, 6.92094275], [-90.06668574, 6.92845734], [-90.07375115, 6.93586685], [-90.26655921, 7.14527299], [-90.27469258, 7.15448166], [-90.28109401, 7.16231305], [-90.45773539, 7.38630936], [-90.46634835, 7.39778848], [-90.47198507, 7.40599090], [-90.62926974, 7.64370858], [-90.63577431, 7.65399505], [-90.64083944, 7.66272785], [-90.77903496, 7.91096083], [-90.78470295, 7.92165491], [-90.78908293, 7.93074299], [-90.90734277, 8.18761405], [-90.91247784, 8.19944490], [-90.91610037, 8.20878832], [-91.01360812, 8.47410873], [-91.01740283, 8.48510819], [-91.02033538, 8.49477582], [-91.09694615, 8.76443358], [-91.09930844, 8.77328601], [-91.10162061, 8.78329553], [-91.15936163, 9.05514449], [-91.16095202, 9.06320699], [-91.16262409, 9.07340688], [-91.20264317, 9.34794984], [-91.20342665, 9.35376153], [-91.20453262, 9.36420451], [-91.22894586, 9.64165563], [-91.22988730, 9.65636092], [-91.24118441, 9.93793826], [-91.24143161, 9.94943502], [-91.24226108, 10.23586317], [-91.24221450, 10.24219893], [-91.23712198, 10.53148704], [-91.23699081, 10.53656594], [-91.22707264, 10.82784108], [-91.22671033, 10.83560797], [-91.20931842, 11.12909783], [-91.20884423, 11.13584803], [-91.18495407, 11.42986474], [-91.18394332, 11.44016537], [-91.15013014, 11.73406700], [-91.14897330, 11.74297986], [-91.10647717, 12.03687988], [-91.10481492, 12.04715313], [-91.05224024, 12.34069647], [-91.05012400, 12.35135302], [-91.04778434, 12.36123123], [-90.97671529, 12.63923106], [-90.97297692, 12.65254000], [-90.96989425, 12.66199797], [-90.88088340, 12.91953682], [-90.87634385, 12.93178122], [-90.87249159, 12.94102230], [-90.76829663, 13.17904684], [-90.76327081, 13.18991670], [-90.75868605, 13.19891612], [-90.64056211, 13.42101446], [-90.63629825, 13.42874251], [-90.63100974, 13.43762246], [-90.50252269, 13.64497902], [-90.49561711, 13.65560706], [-90.48980348, 13.66383354], [-90.35183488, 13.85196918], [-90.34504925, 13.86086236], [-90.33857439, 13.86873459], [-90.19148175, 14.04132233], [-90.18525692, 14.04839146], [-90.17817216, 14.05591153], [-90.02262778, 14.21533911], [-90.01740647, 14.22055457], [-90.00976415, 14.22773878], [-89.84766602, 14.37488278], [-89.84128182, 14.38050989], [-89.83324821, 14.38714607], [-89.66436347, 14.52178087], [-89.65602196, 14.52819215], [-89.64764920, 14.53417223], [-89.47108133, 14.65571105], [-89.45968221, 14.66318475], [-89.45103873, 14.66837174], [-89.26452908, 14.77594996], [-89.25077266, 14.78342208], [-89.24183443, 14.78779201], [-89.04251294, 14.88101132], [-89.03198336, 14.88569282], [-89.02320568, 14.88921929], [-89.01347997, 14.89274247], [-88.80105108, 14.96558159], [-88.78795162, 14.96974678], [-88.77897163, 14.97221464], [-88.76889806, 14.97461377], [-88.54124205, 15.02471397], [-88.53140989, 15.02670638], [-88.52195559, 15.02829113], [-88.51168354, 15.02965220], [-88.26742445, 15.05775914], [-88.26155851, 15.05837300], [-88.25170213, 15.05913154], [-88.24134688, 15.05957175], [-87.98357152, 15.06610150], [-87.97155130, 15.06616906], [-87.96130986, 15.06584899], [-87.69078049, 15.05274443], [-87.68197356, 15.05218712], [-87.67154762, 15.05119205], [-87.39180401, 15.01963861], [-87.38006214, 15.01808238], [-87.36995323, 15.01636381], [-87.08274254, 14.96244483], [-87.07628627, 14.96115664], [-87.06670628, 14.95895903], [-87.05670082, 14.95629863], [-86.76956854, 14.87463874], [-86.76408219, 14.87301861], [-86.75392709, 14.86971616], [-86.48227340, 14.77617220], [-86.46842447, 14.77104668], [-86.21981561, 14.67252113], [-86.21250769, 14.66951042], [-86.20291856, 14.66521068], [-85.97531869, 14.55839944], [-85.96123493, 14.55136497], [-85.74146238, 14.43479275], [-85.72873503, 14.42766721], [-85.51340169, 14.30060401], [-85.50351503, 14.29452637], [-85.29348796, 14.16011888], [-85.28800926, 14.15652355], [-85.27933878, 14.15046917], [-85.07847481, 14.00495987], [-85.06670017, 13.99600706], [-84.87041972, 13.83945515], [-84.86595413, 13.83581771], [-84.85791401, 13.82888967], [-84.66852977, 13.65986449], [-84.66213511, 13.65398360], [-84.65471760, 13.64670512], [-84.47498953, 13.46408001], [-84.46720405, 13.45586038], [-84.46047200, 13.44821031], [-84.29311710, 13.25118715], [-84.28476294, 13.24089625], [-84.27875163, 13.23285746], [-84.12611969, 13.02109914], [-84.11839105, 13.00983981], [-84.11307358, 13.00137659], [-83.97589185, 12.77426834], [-83.97366574, 12.77052439], [-83.83902305, 12.54044934], [-83.83890488, 12.54024803], [-83.70422653, 12.31148340], [-83.69866825, 12.30163969], [-83.57183866, 12.06722986], [-83.56870083, 12.06125967], [-83.56410618, 12.05184955], [-83.45114991, 11.80976727], [-83.44656770, 11.79942805], [-83.44280721, 11.79001565], [-83.34751347, 11.53869421], [-83.34328422, 11.52676897], [-83.34030568, 11.51719073], [-83.26416585, 11.25613221], [-83.26208169, 11.24859938], [-83.25963336, 11.23852233], [-83.19987670, 10.97207456], [-83.19709778, 10.95820851], [-83.15028255, 10.69335987], [-83.14862972, 10.68298495], [-83.11128208, 10.41988116], [-83.11113179, 10.41880888], [-83.07478866, 10.15618004], [-83.07422260, 10.15186635], [-83.04207546, 9.89277513], [-83.04100901, 9.88273877], [-83.04029037, 9.87256598], [-83.02668854, 9.61507659], [-83.02647302, 9.61012391], [-83.02631213, 9.60034513], [-83.02650628, 9.59015672], [-83.03586183, 9.33608606], [-83.03659338, 9.32356529], [-83.03757077, 9.31358930], [-83.06670706, 9.06224771], [-83.06819749, 9.05124364], [-83.06992703, 9.04126235], [-83.11726664, 8.79419011], [-83.11831697, 8.78898583], [-83.12051151, 8.77947226], [-83.12315529, 8.76961912], [-83.19316390, 8.52602285], [-83.19718829, 8.51314344], [-83.20054786, 8.50375178], [-83.29103254, 8.26424264], [-83.29581342, 8.25237746], [-83.29992800, 8.24322520], [-83.40942475, 8.01072715], [-83.41388866, 8.00166258], [-83.41873049, 7.99264292], [-83.54447270, 7.76799085], [-83.54853772, 7.76096470], [-83.55402389, 7.75214203], [-83.69364665, 7.53616798], [-83.69869742, 7.52861833], [-83.70472477, 7.52022707], [-83.85767921, 7.31498205], [-83.86619798, 7.30408805], [-83.87267775, 7.29646255], [-84.05025472, 7.09474906], [-84.06084173, 7.08333249], [-84.06788012, 7.07637276], [-84.27312626, 6.88038329], [-84.28338025, 6.87103473], [-84.29106321, 6.86457973], [-84.51642547, 6.68183022], [-84.52479728, 6.67528633], [-84.53311480, 6.66924488], [-84.77319111, 6.50115250], [-84.78016768, 6.49641617], [-84.78899389, 6.49082496], [-85.04045019, 6.33757169], [-85.04890793, 6.33260672], [-85.05801533, 6.32766647], [-85.31893120, 6.19191937], [-85.32882414, 6.18700146], [-85.33818957, 6.18275510], [-85.60854337, 6.06575602], [-85.61603745, 6.06263501], [-85.62585208, 6.05890063], [-85.90220273, 5.95916775], [-85.91019361, 5.95641238], [-85.92020825, 5.95330855], [-86.19849425, 5.87228116], [-86.20886261, 5.86946153], [-86.21891694, 5.86710176], [-86.49724757, 5.80680465], [-86.50865899, 5.80456027], [-86.51880084, 5.80294558], [-86.79708879, 5.76352623], [-86.80839495, 5.76214044], [-86.81864696, 5.76125609], [-87.09646533, 5.74208810], [-87.10589222, 5.74158663], [-87.11632099, 5.74137546], [-87.39194018, 5.74052454]]]}
    },
    {
      "type": "Feature",
      "properties": {"block_id": "ADC_NA_08", "basin_id": "BASIN_NA", "basin_label": "North American East and West Coasts", "domain_count": 4, "grid_cell_count": 174, "outer_area_km2": 3503189.120326, "shelf_width_km": 250.000000, "outer_buffer_km": 430.000000, "shelf_add_area_km2": 0.000000, "shelf_add_cell_count": 0, "shelf_add_component_count": 0, "bay_add_area_km2": 1821489.484178, "bay_add_cell_count": 2436, "bay_add_core_cell_count": 2436, "bay_add_component_count": 4, "open_ocean_area_risk": 0},
      "geometry": {"type": "Polygon", "coordinates": [[[-84.76422423, 13.48150531], [-84.77272618, 13.48157993], [-85.00311845, 13.48636933], [-85.01366193, 13.48674576], [-85.25199617, 13.49881375], [-85.25674971, 13.49908652], [-85.49845956, 13.51458872], [-85.50496237, 13.51506600], [-85.74971506, 13.53529976], [-85.75606345, 13.53588226], [-86.00269684, 13.56075694], [-86.00948582, 13.56150802], [-86.25715942, 13.59133545], [-86.26376682, 13.59219451], [-86.51254371, 13.62693086], [-86.51679604, 13.62755104], [-86.75983712, 13.66451103], [-86.76317086, 13.66496122], [-87.00111041, 13.69306005], [-87.00551485, 13.69348255], [-87.25283795, 13.71175049], [-87.25649112, 13.71195393], [-87.52238816, 13.72193942], [-87.52469428, 13.72199970], [-87.80580171, 13.72614024], [-87.80686806, 13.72615032], [-87.88907696, 13.72649448], [-87.91087508, 13.71463500], [-87.92542611, 13.70703430], [-87.96361904, 13.68789770], [-87.97844271, 13.68078018], [-88.01732109, 13.66291130], [-88.03239932, 13.65628562], [-88.07191579, 13.63970622], [-88.08723022, 13.63358046], [-88.12733664, 13.61831074], [-88.14286860, 13.61269236], [-88.18351611, 13.59875093], [-88.19924669, 13.59364678], [-88.24038574, 13.58105063], [-88.25629577, 13.57646692], [-88.29787627, 13.56523138], [-88.31394636, 13.56117370], [-88.35591763, 13.55131248], [-88.37212821, 13.54778577], [-88.41443913, 13.53931087], [-88.43077045, 13.53631943], [-88.47336945, 13.52924118], [-88.48980161, 13.52678865], [-88.53263681, 13.52111567], [-88.54914979, 13.51920504], [-88.59216899, 13.51494425], [-88.60874267, 13.51357785], [-88.65189346, 13.51073444], [-88.66850765, 13.50991393], [-88.71173746, 13.50849136], [-88.72837192, 13.50821775], [-88.75000000, 13.50803989], [-89.75000000, 13.50803989], [-89.77920086, 13.50836412], [-89.80165682, 13.50886289], [-89.85243665, 13.51097330], [-89.86903895, 13.51198513], [-89.91214963, 13.51532538], [-89.92870435, 13.51688259], [-89.97166506, 13.52163859], [-89.98815202, 13.52373929], [-90.03091044, 13.52990526], [-90.04730956, 13.53254688], [-90.08981356, 13.54011530], [-90.10610486, 13.54329464], [-90.14830266, 13.55225627], [-90.16446628, 13.55596945], [-90.20630652, 13.56631340], [-90.22232278, 13.57055589], [-90.26375442, 13.58226954], [-90.27960380, 13.58703618], [-90.32057639, 13.60010526], [-90.33623959, 13.60539024], [-90.37670321, 13.61979884], [-90.39216113, 13.62559571], [-90.43206648, 13.64132627], [-90.44730030, 13.64762798], [-90.48659876, 13.66466132], [-90.50158992, 13.67146019], [-90.54023361, 13.68977557], [-90.55496384, 13.69706332], [-90.59290567, 13.71663843], [-90.60735703, 13.72440617], [-90.64455080, 13.74521716], [-90.65870567, 13.75345543], [-90.69510604, 13.77547693], [-90.70894719, 13.78417570], [-90.74450983, 13.80738090], [-90.75802038, 13.81652956], [-90.79270195, 13.84089018], [-90.80586545, 13.85047759], [-90.83962370, 13.87596395], [-90.85242412, 13.88597843], [-90.88521791, 13.91255948], [-90.89763965, 13.92298883], [-90.92942903, 13.95063217], [-90.94145695, 13.96146369], [-90.97220321, 13.99013566], [-90.98382266, 14.00135615], [-90.99879285, 14.01606700], [-91.12379285, 14.14106700], [-91.13337360, 14.15075726], [-91.14069833, 14.15825045], [-91.16449360, 14.18330754], [-91.17540844, 14.19513965], [-91.20321297, 14.22636515], [-91.21368297, 14.23854901], [-91.24031412, 14.27066990], [-91.25032651, 14.28319066], [-91.27575185, 14.31616781], [-91.28529443, 14.32901022], [-91.30948297, 14.36280345], [-91.31854412, 14.37595187], [-91.34146640, 14.41052001], [-91.35003508, 14.42395841], [-91.37166316, 14.45925934], [-91.37972893, 14.47297136], [-91.40003647, 14.50896206], [-91.40758951, 14.52293099], [-91.42655176, 14.55956764], [-91.43358286, 14.57377645], [-91.45117672, 14.61101437], [-91.45767731, 14.62544577], [-91.47388136, 14.66323964], [-91.47984352, 14.67787603], [-91.49463800, 14.71617978], [-91.50005447, 14.73100333], [-91.51342136, 14.76977029], [-91.51828555, 14.78476294], [-91.53020856, 14.82394590], [-91.53451453, 14.83908939], [-91.54497914, 14.87864056], [-91.54872165, 14.89391643], [-91.55413794, 14.91792881], [-91.60408107, 14.95882047], [-91.61251669, 14.96596800], [-91.81405103, 15.14265925], [-91.81480880, 15.14331645], [-92.01514239, 15.31518787], [-92.01564541, 15.31561636], [-92.21570075, 15.48481233], [-92.21642549, 15.48541903], [-92.41669671, 15.65136374], [-92.41728049, 15.65184351], [-92.61828755, 15.81568803], [-92.61891556, 15.81619546], [-92.82130550, 15.97829527], [-92.82179291, 15.97868301], [-93.02320620, 16.13782549], [-93.02492415, 16.13915109], [-93.22464978, 16.28963584], [-93.22798669, 16.29203845], [-93.43127764, 16.43183648], [-93.43496086, 16.43424632], [-93.64677607, 16.56598403], [-93.65070594, 16.56830094], [-93.87632410, 16.69423010], [-93.87913736, 16.69574011], [-94.11869098, 16.81929075], [-94.12129162, 16.82058333], [-94.37513549, 16.94207213], [-94.37688859, 16.94288994], [-94.64744404, 17.06586244], [-94.65596853, 17.06987940], [-94.92866663, 17.20300353], [-94.93328302, 17.20530745], [-94.94304955, 17.21049882], [-95.20622244, 17.35615059], [-95.21849789, 17.36328504], [-95.47395140, 17.51903463], [-95.48107913, 17.52350368], [-95.73236155, 17.68547754], [-95.73593874, 17.68781579], [-95.98469060, 17.85268897], [-95.98917097, 17.85571098], [-96.23358565, 18.02346203], [-96.23762067, 18.02627544], [-96.47792850, 18.19648002], [-96.48415362, 18.20099821], [-96.71941028, 18.37594457], [-96.72648069, 18.38136552], [-96.73473519, 18.38812414], [-96.96190285, 18.58078296], [-96.96718013, 18.58536782], [-96.97509697, 18.59266391], [-97.19340095, 18.80099829], [-97.19838409, 18.80586948], [-97.20583116, 18.81359213], [-97.41259318, 19.03567205], [-97.42337367, 19.04785818], [-97.61912752, 19.28084515], [-97.62232913, 19.28472753], [-97.62897267, 19.29324035], [-97.81040728, 19.53443385], [-97.81855414, 19.54578013], [-97.98739421, 19.79233464], [-97.99642664, 19.80630990], [-98.15162510, 20.06113634], [-98.15509322, 20.06699123], [-98.16020632, 20.07625199], [-98.30065593, 20.34185277], [-98.30318851, 20.34676362], [-98.30779492, 20.35635530], [-98.43326814, 20.63024896], [-98.43932091, 20.64439496], [-98.55143809, 20.92593037], [-98.55600793, 20.93816736], [-98.65572635, 21.22388243], [-98.66041379, 21.23849992], [-98.74493942, 21.52723344], [-98.74727307, 21.53565838], [-98.82327173, 21.82644910], [-98.82496412, 21.83324906], [-98.89406035, 22.12543617], [-98.89626325, 22.13552764], [-98.95485962, 22.42817507], [-98.95715263, 22.44109993], [-99.00254025, 22.73439256], [-99.00413549, 22.74628429], [-99.03784850, 23.04294669], [-99.03870717, 23.05164147], [-99.06393520, 23.35229973], [-99.06443493, 23.35922830], [-99.08263952, 23.66082698], [-99.08314008, 23.67394529], [-99.08795942, 23.97539352], [-99.08792204, 23.98680627], [-99.08110055, 24.28944293], [-99.08079658, 24.29775205], [-99.06537804, 24.60223982], [-99.06497888, 24.60871765], [-99.04276291, 24.91466625], [-99.04205576, 24.92283863], [-99.01133998, 25.22854503], [-99.00984737, 25.24082356], [-98.96652631, 25.54431039], [-98.96490011, 25.55444868], [-98.91140963, 25.85470788], [-98.90975110, 25.86328724], [-98.84763792, 26.16110466], [-98.84532152, 26.17131263], [-98.77317347, 26.46530136], [-98.76993763, 26.47738973], [-98.68618852, 26.76600321], [-98.68135457, 26.78115289], [-98.58366730, 27.06152321], [-98.58154742, 27.06738707], [-98.57766363, 27.07720267], [-98.46491165, 27.34764871], [-98.45875657, 27.36143887], [-98.33343278, 27.62452422], [-98.32983417, 27.63182684], [-98.19779073, 27.89103977], [-98.19286833, 27.90030812], [-98.05187338, 28.15520082], [-98.04464069, 28.16758839], [-97.89154178, 28.41638908], [-97.88305506, 28.42943824], [-97.71837403, 28.66934235], [-97.71527263, 28.67376594], [-97.70885649, 28.68239871], [-97.53415679, 28.90893388], [-97.52755575, 28.91718286], [-97.52075248, 28.92509068], [-97.33243160, 29.13634065], [-97.32321362, 29.14622724], [-97.31591515, 29.15345612], [-97.10995282, 29.35045286], [-97.10098749, 29.35869143], [-97.09305868, 29.36545035], [-96.87105120, 29.54816420], [-96.86586194, 29.55233710], [-96.85721433, 29.55889337], [-96.62605044, 29.72797595], [-96.61901302, 29.73297152], [-96.61005555, 29.73891771], [-96.36795959, 29.89374101], [-96.35863749, 29.89947529], [-96.34939831, 29.90472896], [-96.09308022, 30.04478777], [-96.08331946, 30.04990252], [-96.07371095, 30.05452533], [-95.80164425, 30.17982945], [-95.79426250, 30.18311379], [-95.78417213, 30.18724864], [-95.50063284, 30.29793390], [-95.48587771, 30.30331129], [-95.19511913, 30.40187422], [-95.18970384, 30.40365340], [-95.17905377, 30.40684805], [-94.88311377, 30.49028844], [-94.87518580, 30.49241348], [-94.86451962, 30.49493797], [-94.56219508, 30.56122895], [-94.55487916, 30.56274274], [-94.54401902, 30.56467087], [-94.23726050, 30.61392561], [-94.23069456, 30.61490863], [-94.21967536, 30.61625453], [-93.91094178, 30.64881153], [-93.89859626, 30.64989495], [-93.58892995, 30.67160999], [-93.57981857, 30.67213092], [-93.26912258, 30.68587777], [-93.26124167, 30.68613855], [-92.94845822, 30.69300226], [-92.94122161, 30.69308707], [-92.62481755, 30.69356140], [-92.61771944, 30.69350089], [-92.29678994, 30.68754694], [-92.29271312, 30.68744781], [-91.97022537, 30.67774791], [-91.96953271, 30.67772945], [-91.65134015, 30.67034008], [-91.64951990, 30.67031420], [-91.33280685, 30.66866022], [-91.33215065, 30.66865892], [-91.01197666, 30.66906376], [-91.01154297, 30.66906404], [-90.69004351, 30.66907685], [-89.08243246, 30.66907685], [-88.76098908, 30.66917979], [-88.44184367, 30.66938465], [-88.44065808, 30.66939236], [-88.12384614, 30.67330906], [-88.12236846, 30.67333813], [-87.80590210, 30.68187644], [-87.80412252, 30.68194013], [-87.48752866, 30.69606357], [-87.48545217, 30.69617761], [-87.16634810, 30.71699697], [-87.16494613, 30.71709823], [-86.84166070, 30.74271044], [-86.84127491, 30.74274175], [-86.51552832, 30.76980507], [-86.50854294, 30.77031583], [-86.18457750, 30.79078140], [-86.17011086, 30.79139846], [-85.85052564, 30.79848592], [-85.83364576, 30.79845777], [-85.51766257, 30.79039565], [-85.51241073, 30.79021646], [-85.50122191, 30.78955379], [-85.18843754, 30.76585803], [-85.18046028, 30.76515330], [-85.16953118, 30.76386774], [-84.86001378, 30.72227831], [-84.84950357, 30.72069181], [-84.83887975, 30.71873022], [-84.53598303, 30.65761188], [-84.52956562, 30.65624657], [-84.51879654, 30.65364877], [-84.22474558, 30.57753877], [-84.21687003, 30.57539190], [-84.20640247, 30.57220411], [-83.92553136, 30.48153622], [-83.91660435, 30.47850834], [-83.90646764, 30.47471057], [-83.63893505, 30.36934648], [-83.63147666, 30.36629758], [-83.62152028, 30.36187845], [-83.36431382, 30.24250547], [-83.35839440, 30.23968019], [-83.34862903, 30.23468309], [-83.10056972, 30.10241318], [-83.08603782, 30.09419854], [-82.84476082, 29.94983261], [-82.83432639, 29.94332742], [-82.59641554, 29.78888493], [-82.58987587, 29.78452966], [-82.35340265, 29.62299947], [-82.34829612, 29.61944095], [-82.11276735, 29.45201995], [-82.11013106, 29.45012656], [-81.87468965, 29.27928308], [-81.87381762, 29.27864814], [-81.63848918, 29.10671692], [-81.63504180, 29.10416390], [-81.40079869, 28.92833310], [-81.39456663, 28.92353824], [-81.16278090, 28.74077259], [-81.15498480, 28.73442995], [-80.92642485, 28.54259976], [-80.92084634, 28.53781001], [-80.69449414, 28.33900115], [-80.69118020, 28.33605033], [-80.46688190, 28.13357783], [-80.46503292, 28.13189586], [-80.24246245, 27.92786203], [-80.23908930, 27.92472556], [-80.02070411, 27.71875929], [-80.01217177, 27.71040985], [-79.80506568, 27.50011891], [-79.79887847, 27.49365953], [-79.59916366, 27.27926811], [-79.59594653, 27.27576278], [-79.40046578, 27.05957054], [-79.39891155, 27.05783902], [-79.20676869, 26.84220677], [-79.20604249, 26.84140146], [-79.01172165, 26.62846282], [-79.01089310, 26.62756695], [-78.81211136, 26.41548098], [-78.81150041, 26.41483543], [-78.60830513, 26.20220254], [-78.40430302, 25.98857261], [-78.39894206, 25.98281928], [-78.20317311, 25.76748900], [-78.19424474, 25.75723865], [-78.01033890, 25.53678159], [-78.00607646, 25.53154664], [-77.99958755, 25.52307630], [-77.83120039, 25.29498637], [-77.82407953, 25.28490595], [-77.81850928, 25.27633212], [-77.67122986, 25.04048994], [-77.66433234, 25.02885506], [-77.65954685, 25.01996773], [-77.53230105, 24.77306827], [-77.52691465, 24.76204619], [-77.52282434, 24.75276339], [-77.41349806, 24.49188646], [-77.41132753, 24.48654609], [-77.40762953, 24.47663092], [-77.31211748, 24.20550506], [-77.30828977, 24.19389324], [-77.22267590, 23.91526521], [-77.22039884, 23.90748186], [-77.14160961, 23.62401134], [-77.13855817, 23.61208865], [-77.07080285, 23.32269952], [-77.06772965, 23.30789356], [-77.01438960, 23.01359846], [-77.01229703, 23.00036109], [-76.97206191, 22.70245809], [-76.97113958, 22.69490013], [-76.93838882, 22.39454964], [-76.93805694, 22.39134479], [-76.90864785, 22.09146576], [-76.90794772, 22.08311360], [-76.88715909, 21.78448122], [-76.88658450, 21.77303958], [-76.87743699, 21.47660436], [-76.87733204, 21.47164385], [-76.87740666, 21.46108026], [-76.88487301, 21.16931373], [-76.88528542, 21.15974420], [-76.88609398, 21.14953861], [-76.91398186, 20.86461260], [-76.91520946, 20.85413684], [-76.91677288, 20.84407892], [-76.96525300, 20.56611384], [-76.96790942, 20.55278962], [-76.97027504, 20.54309302], [-77.04149960, 20.27283634], [-77.04587105, 20.25791109], [-77.04907339, 20.24857481], [-77.14318137, 19.98973380], [-77.14669732, 19.98056697], [-77.15073115, 19.97107820], [-77.26165078, 19.72280479], [-77.26479866, 19.71600806], [-77.26951435, 19.70661803], [-77.39475964, 19.46808380], [-77.40253745, 19.45415869], [-77.53996488, 19.22237924], [-77.54399076, 19.21577834], [-77.68713784, 18.98751455], [-77.69221398, 18.97968332], [-77.84202817, 18.75596289], [-77.85021914, 18.74431313], [-78.01064250, 18.52680625], [-78.01519451, 18.52080233], [-78.02187485, 18.51253517], [-78.19761926, 18.30274474], [-78.20401128, 18.29536645], [-78.21116265, 18.28765948], [-78.40500855, 18.08596837], [-78.41031761, 18.08058602], [-78.41806849, 18.07319195], [-78.63052400, 17.87746973], [-78.64095110, 17.86826696], [-78.86734746, 17.67686111], [-78.87299428, 17.67219406], [-79.10695948, 17.48317188], [-79.11002211, 17.48072752], [-79.34823647, 17.29290992], [-79.35122437, 17.29058182], [-79.59391498, 17.10370953], [-79.59412823, 17.10354484], [-79.83397198, 16.91777188], [-79.83496686, 16.91699056], [-80.06682390, 16.73237358], [-80.06833791, 16.73114216], [-80.29185786, 16.54545150], [-80.29360142, 16.54396663], [-80.50828294, 16.35655607], [-80.51100136, 16.35408693], [-80.71553554, 16.16080026], [-80.71776009, 16.15862614], [-80.91719318, 15.95703956], [-80.91878507, 15.95538990], [-81.11454013, 15.74740247], [-81.11638835, 15.74537896], [-81.30991407, 15.52701870], [-81.31058852, 15.52624905], [-81.50615743, 15.30053239], [-81.50643354, 15.30021414], [-81.70333539, 15.07356475], [-81.70538180, 15.07123217], [-81.90334263, 14.84778700], [-81.90830181, 14.84231783], [-82.10904900, 14.62598680], [-82.11954813, 14.61519070], [-82.32069822, 14.41778450], [-82.33004144, 14.40897151], [-82.52382148, 14.23329131], [-82.53105088, 14.22692891], [-82.71101490, 14.07319044], [-82.72100801, 14.06498835], [-82.88953854, 13.93211623], [-82.89710113, 13.92634309], [-82.90578721, 13.92015187], [-83.06791572, 13.80872850], [-83.07390096, 13.80472005], [-83.08241164, 13.79937148], [-83.09161212, 13.79401688], [-83.25161773, 13.70449190], [-83.26390442, 13.69796340], [-83.27257817, 13.69377459], [-83.28236800, 13.68944640], [-83.44520792, 13.62069470], [-83.45978497, 13.61494694], [-83.46881362, 13.61180354], [-83.47908179, 13.60860771], [-83.64933732, 13.55870611], [-83.66060202, 13.55562239], [-83.67021859, 13.55334279], [-83.68079128, 13.55120327], [-83.86193152, 13.51765242], [-83.86830773, 13.51653970], [-83.87847586, 13.51504548], [-83.88921209, 13.51382772], [-84.08401925, 13.49497544], [-84.09357731, 13.49419247], [-84.10446252, 13.49364180], [-84.31346367, 13.48651310], [-84.31887466, 13.48636994], [-84.53606793, 13.48228514], [-84.54158200, 13.48222439], [-84.76422423, 13.48150531]]]}
    },
    {
      "type": "Feature",
      "properties": {"block_id": "ADC_NA_09", "basin_id": "BASIN_NA", "basin_label": "North American East and West Coasts", "domain_count": 1, "grid_cell_count": 171, "outer_area_km2": 2715643.514056, "shelf_width_km": 250.000000, "outer_buffer_km": 430.000000, "shelf_add_area_km2": 0.000000, "shelf_add_cell_count": 0, "shelf_add_component_count": 0, "bay_add_area_km2": 1416010.279114, "bay_add_cell_count": 2099, "bay_add_core_cell_count": 2099, "bay_add_component_count": 3, "open_ocean_area_risk": 0},
      "geometry": {"type": "Polygon", "coordinates": [[[-93.28082289, 17.38829321], [-93.29259945, 17.38838686], [-93.61981021, 17.39593196], [-93.62599993, 17.39612706], [-93.63724697, 17.39674718], [-93.64896688, 17.39774973], [-93.97790527, 17.43091301], [-93.99381480, 17.43284382], [-94.00509970, 17.43462225], [-94.33167344, 17.49120049], [-94.34592952, 17.49394539], [-94.35712209, 17.49649843], [-94.67462671, 17.57407380], [-94.68243204, 17.57607196], [-94.69386716, 17.57932405], [-95.00192963, 17.67212076], [-95.01788078, 17.67729147], [-95.31873695, 17.78183840], [-95.33472487, 17.78778269], [-95.62829612, 17.90421468], [-95.64508922, 17.91133291], [-95.92977027, 18.03996566], [-95.93623115, 18.04296614], [-95.94671877, 18.04817857], [-96.22222469, 18.19069714], [-96.22954920, 18.19459954], [-96.23957386, 18.20031296], [-96.50449593, 18.35710559], [-96.51436964, 18.36317678], [-96.52370327, 18.36935703], [-96.77359909, 18.54089081], [-96.78195931, 18.54682196], [-96.79086252, 18.55358332], [-97.02746473, 18.73969052], [-97.03308748, 18.74421943], [-97.04167737, 18.75155584], [-97.26771953, 18.95147101], [-97.27184180, 18.95518632], [-97.28004664, 18.96299075], [-97.49644660, 19.17618938], [-97.50100842, 19.18078358], [-97.50864210, 19.18892724], [-97.71363816, 19.41559269], [-97.72055288, 19.42351266], [-97.72733608, 19.43186597], [-97.91549446, 19.67239441], [-97.91932782, 19.67741069], [-97.92572526, 19.68631970], [-98.09812150, 19.93601526], [-98.10158034, 19.94114893], [-98.10739108, 19.95035978], [-98.26390313, 20.20909097], [-98.26787214, 20.21587068], [-98.27295877, 20.22526621], [-98.41281576, 20.49578937], [-98.41558609, 20.50130730], [-98.42009972, 20.51104154], [-98.54357504, 20.79139453], [-98.54885780, 20.80421667], [-98.65881976, 21.09056571], [-98.66216856, 21.09975439], [-98.76209437, 21.38933545], [-98.76556468, 21.40008467], [-98.85327722, 21.69164826], [-98.85671072, 21.70409530], [-98.93040513, 21.99757657], [-98.93184960, 22.00361374], [-98.99879827, 22.29793322], [-99.00114570, 22.30936272], [-99.05523182, 22.60420355], [-99.05727674, 22.61705951], [-99.09739844, 22.91464426], [-99.09845019, 22.92354342], [-99.12904425, 23.22468318], [-99.12932318, 23.22758239], [-99.15680068, 23.53011123], [-99.15709808, 23.53363964], [-99.18066699, 23.83676780], [-99.18119793, 23.84534382], [-99.19519107, 24.14895471], [-99.19545282, 24.15766134], [-99.19969742, 24.45979117], [-99.19968691, 24.46812062], [-99.19468603, 24.76988830], [-99.19446840, 24.77715681], [-99.18135944, 25.07977280], [-99.18068588, 25.09045885], [-99.15560285, 25.39346443], [-99.15435553, 25.40535764], [-99.11590214, 25.70802502], [-99.11431390, 25.71880675], [-99.06421469, 26.01762657], [-99.06244219, 26.02716492], [-99.00203583, 26.32314127], [-99.00020128, 26.33147233], [-98.93083124, 26.62491372], [-98.92775951, 26.63674121], [-98.84612239, 26.92498493], [-98.84124542, 26.94048109], [-98.74410682, 27.22069267], [-98.74206822, 27.22635303], [-98.73813541, 27.23628073], [-98.62492263, 27.50659208], [-98.62218793, 27.51288591], [-98.61761271, 27.52254397], [-98.48832860, 27.78243596], [-98.48196159, 27.79452520], [-98.34083464, 28.04814574], [-98.33663720, 28.05544532], [-98.18822975, 28.30535549], [-98.18187159, 28.31559232], [-98.02269020, 28.56089601], [-98.01504489, 28.57212590], [-97.84555185, 28.80968617], [-97.83573915, 28.82270798], [-97.65416869, 29.05111078], [-97.64702364, 29.05975825], [-97.63985976, 29.06780671], [-97.44085746, 29.28348741], [-97.43840041, 29.28612119], [-97.23415742, 29.50265914], [-97.23032414, 29.50665533], [-97.01885348, 29.72344526], [-97.01639380, 29.72594029], [-96.80098089, 29.94215532], [-96.79949838, 29.94363402], [-96.58243182, 30.15878549], [-96.57767349, 30.16340915], [-96.35523237, 30.37531659], [-96.34796972, 30.38203516], [-96.11605513, 30.59038026], [-96.11068917, 30.59510039], [-95.87186100, 30.80080572], [-95.86666125, 30.80519566], [-95.62228952, 31.00742234], [-95.61835025, 31.01063397], [-95.37098748, 31.20931688], [-95.36300538, 31.21554058], [-95.11027997, 31.40681048], [-95.09836914, 31.41544308], [-94.83784719, 31.59620295], [-94.82737051, 31.60320462], [-94.56170451, 31.77415832], [-94.55542522, 31.77810954], [-94.28763835, 31.94285782], [-94.28244545, 31.94599402], [-94.01371331, 32.10529675], [-94.00604211, 32.10972152], [-93.96146567, 32.13473244], [-93.91318500, 32.18301311], [-93.90441369, 32.19169738], [-93.89762857, 32.19834860], [-93.87284457, 32.22198452], [-93.86048738, 32.23345046], [-93.82776230, 32.26277219], [-93.81495018, 32.27385799], [-93.78106237, 32.30217366], [-93.76781091, 32.31286582], [-93.73280165, 32.34014091], [-93.71912701, 32.35042641], [-93.70910183, 32.35770507], [-93.70721954, 32.36032487], [-93.68165271, 32.39456170], [-93.67155521, 32.40757921], [-93.64462303, 32.44102315], [-93.63400663, 32.45372782], [-93.60574193, 32.48633810], [-93.59461957, 32.49871444], [-93.56505676, 32.53045136], [-93.55344198, 32.54248431], [-93.53818500, 32.55801311], [-93.41318500, 32.68301311], [-93.40441370, 32.69169738], [-93.39762857, 32.69834860], [-93.37284457, 32.72198452], [-93.36048738, 32.73345046], [-93.32776230, 32.76277219], [-93.31495018, 32.77385799], [-93.28106237, 32.80217366], [-93.26781091, 32.81286582], [-93.23280165, 32.84014091], [-93.21912701, 32.85042641], [-93.18303896, 32.87662771], [-93.16895779, 32.88649400], [-93.13183492, 32.91158960], [-93.11736438, 32.92102467], [-93.07925191, 32.94498397], [-93.06440963, 32.95397632], [-93.02535400, 32.97677014], [-93.01015806, 32.98530883], [-92.97020685, 33.00690940], [-92.95467577, 33.01498400], [-92.91387765, 33.03536500], [-92.89803035, 33.04296570], [-92.85643504, 33.06210230], [-92.84029082, 33.06921982], [-92.79794899, 33.08708870], [-92.78152753, 33.09371438], [-92.73849077, 33.11029378], [-92.72181207, 33.11641954], [-92.67813280, 33.13168926], [-92.66121718, 33.13730764], [-92.61694863, 33.15124907], [-92.59981671, 33.15635322], [-92.55501282, 33.16894937], [-92.53768546, 33.17353308], [-92.49240079, 33.18476862], [-92.47489910, 33.18882630], [-92.42918887, 33.19868752], [-92.41153418, 33.20221423], [-92.36545402, 33.21068913], [-92.34766784, 33.21368057], [-92.30127395, 33.22075882], [-92.28337795, 33.22321135], [-92.23672680, 33.22888433], [-92.21874278, 33.23079496], [-92.17189125, 33.23505575], [-92.15384112, 33.23642215], [-92.10684628, 33.23926556], [-92.08875203, 33.24008607], [-92.04167112, 33.24150864], [-92.02355480, 33.24178225], [-92.00000000, 33.24196011], [-91.56560546, 33.24196011], [-91.50727924, 33.26345916], [-91.50028408, 33.26595461], [-91.48898868, 33.26965510], [-91.18759978, 33.36322294], [-91.17056661, 33.36810373], [-90.86174530, 33.44933151], [-90.84662665, 33.45300127], [-90.53198914, 33.52306498], [-90.51445664, 33.52657104], [-90.19345243, 33.58355785], [-90.18605759, 33.58479339], [-90.17413471, 33.58647613], [-89.84779873, 33.62748811], [-89.83947775, 33.62843994], [-89.82752038, 33.62949046], [-89.49922322, 33.65333246], [-89.49097873, 33.65384063], [-89.47896087, 33.65426764], [-89.15249853, 33.66093207], [-89.14523327, 33.66100967], [-89.13313547, 33.66083846], [-88.86144793, 33.65288790], [-88.84981671, 33.65635322], [-88.80501282, 33.66894937], [-88.78768546, 33.67353308], [-88.74240079, 33.68476862], [-88.72489910, 33.68882630], [-88.67918887, 33.69868752], [-88.66153418, 33.70221423], [-88.61545402, 33.71068913], [-88.59766784, 33.71368057], [-88.55127395, 33.72075882], [-88.53337795, 33.72321135], [-88.48672680, 33.72888433], [-88.46874278, 33.73079496], [-88.42189125, 33.73505575], [-88.40384112, 33.73642215], [-88.35684628, 33.73926556], [-88.33875203, 33.74008607], [-88.29167112, 33.74150864], [-88.27355480, 33.74178225], [-88.25000000, 33.74196011], [-87.25000000, 33.74196011], [-87.23667089, 33.74190316], [-87.22641822, 33.74181555], [-87.18954426, 33.74106433], [-87.17143772, 33.74048117], [-87.12439846, 33.73825428], [-87.10632647, 33.73712471], [-87.05940571, 33.73347873], [-87.04139029, 33.73180412], [-86.99464515, 33.72674349], [-86.97670825, 33.72452589], [-86.93019571, 33.71805678], [-86.91235918, 33.71529889], [-86.86613590, 33.70742917], [-86.84842147, 33.70413435], [-86.80254377, 33.69487361], [-86.78497302, 33.69104588], [-86.73949680, 33.68040541], [-86.72209115, 33.67604942], [-86.67707179, 33.66404219], [-86.65985244, 33.65916325], [-86.61534481, 33.64580387], [-86.59833273, 33.64040793], [-86.55439106, 33.62571270], [-86.53760699, 33.61980633], [-86.49428480, 33.60379313], [-86.47774918, 33.59738353], [-86.43509927, 33.58007189], [-86.41883225, 33.57316687], [-86.37690656, 33.55457786], [-86.36092796, 33.54718583], [-86.31977758, 33.52734212], [-86.30410687, 33.51947208], [-86.26378195, 33.49839784], [-86.24843821, 33.49005938], [-86.20898785, 33.46778027], [-86.19398979, 33.45898356], [-86.15546208, 33.43552674], [-86.14082796, 33.42628249], [-86.10326983, 33.40167654], [-86.08901748, 33.39199601], [-86.05247470, 33.36627091], [-86.03862149, 33.35616590], [-86.00313856, 33.32935296], [-85.98970137, 33.31883579], [-85.95532154, 33.29096772], [-85.94231673, 33.28005118], [-85.92686198, 33.26661719], [-85.64095488, 33.17938822], [-85.64015395, 33.17914704], [-85.34112089, 33.09028292], [-85.33922887, 33.08973818], [-85.05064408, 33.00930616], [-85.04737745, 33.00844675], [-84.76989030, 32.93973521], [-84.76681464, 32.93901760], [-84.48732499, 32.87777095], [-84.48233057, 32.87664377], [-84.19941832, 32.81093326], [-84.18462403, 32.80720436], [-83.90689867, 32.73164034], [-83.89407012, 32.72792147], [-83.62085187, 32.64379148], [-83.61126396, 32.64070691], [-83.34237393, 32.55045364], [-83.33303901, 32.54719092], [-83.07029580, 32.45167321], [-83.06201626, 32.44855799], [-82.80588793, 32.34889670], [-82.79969695, 32.34642707], [-82.54873365, 32.24383534], [-82.54664171, 32.24297310], [-82.29727660, 32.13934655], [-82.29512100, 32.13844319], [-82.04680894, 32.03350585], [-82.03614017, 32.02879268], [-82.02585864, 32.02384860], [-81.78936236, 31.90540368], [-81.77883133, 31.89990596], [-81.76900186, 31.89435194], [-81.54397101, 31.76229713], [-81.53493107, 31.75680224], [-81.52548767, 31.75063811], [-81.31338629, 31.60709666], [-81.30522223, 31.60139071], [-81.29624153, 31.59467657], [-81.09938019, 31.44222680], [-81.08671952, 31.43194041], [-80.90048719, 31.27321783], [-80.89162090, 31.26539319], [-80.71344870, 31.10257223], [-80.70333869, 31.09294176], [-80.53555777, 30.92631861], [-80.53121941, 30.92191822], [-80.52360067, 30.91373902], [-80.36815273, 30.74076199], [-80.35975701, 30.73101181], [-80.35369040, 30.72337674], [-80.34736105, 30.71478326], [-80.20696317, 30.51661432], [-80.20353411, 30.51165898], [-80.19803337, 30.50318221], [-80.19262936, 30.49412812], [-80.06441794, 30.26979907], [-80.06053493, 30.26276511], [-80.05571209, 30.25328126], [-79.93347923, 30.00106518], [-79.93127401, 29.99639394], [-79.92696343, 29.98651691], [-79.81308896, 29.71114293], [-79.80925326, 29.70136393], [-79.70312909, 29.41545886], [-79.70198729, 29.41232666], [-79.59871484, 29.12378580], [-79.59720486, 29.11945703], [-79.49850813, 28.82898202], [-79.49508777, 28.81821219], [-79.40810701, 28.52397297], [-79.40596910, 28.51634548], [-79.32724037, 28.21932573], [-79.32658413, 28.21680236], [-79.25052659, 27.91862307], [-79.25015230, 27.91713865], [-79.17576118, 27.61864595], [-79.17481299, 27.61471997], [-79.10473814, 27.31504378], [-79.10434806, 27.31335169], [-79.03632572, 27.01401080], [-79.03616717, 27.01332709], [-78.96619647, 26.71755947], [-78.96586581, 26.71621426], [-78.89119833, 26.42347879], [-78.89092385, 26.42243242], [-78.81163191, 26.12830533], [-78.73192422, 25.83252180], [-78.73046353, 25.82686618], [-78.65754265, 25.53177467], [-78.65529599, 25.52191491], [-78.59399199, 25.22821541], [-78.59214130, 25.21847755], [-78.54238094, 24.92827630], [-78.54082031, 24.91801370], [-78.50290318, 24.63239608], [-78.50175253, 24.62229201], [-78.47526294, 24.34364820], [-78.47429417, 24.32963433], [-78.46267121, 24.06097287], [-78.46245179, 24.05275285], [-78.46255547, 24.04242240], [-78.47023582, 23.78822450], [-78.47098638, 23.77488095], [-78.47200506, 23.76495632], [-78.50155770, 23.52470189], [-78.50270967, 23.51646807], [-78.50438333, 23.50703695], [-78.50657591, 23.49702491], [-78.56000102, 23.27438456], [-78.56361426, 23.26090888], [-78.56642005, 23.25209125], [-78.56994064, 23.24236702], [-78.64939699, 23.03562037], [-78.65483248, 23.02250995], [-78.65880195, 23.01404096], [-78.66360622, 23.00473719], [-78.76801034, 22.81167129], [-78.77119472, 22.80595254], [-78.77633917, 22.79735592], [-78.78211607, 22.78847588], [-78.90361581, 22.60910798], [-78.90657545, 22.60482922], [-78.91263503, 22.59657584], [-78.91929316, 22.58817042], [-79.05756500, 22.41998379], [-79.06080162, 22.41611968], [-79.06768221, 22.40834382], [-79.07516366, 22.40047391], [-79.23205409, 22.24118703], [-79.24099829, 22.23246211], [-79.24905192, 22.22517190], [-79.42449953, 22.07180576], [-79.42974859, 22.06732075], [-79.43859367, 22.06018732], [-79.62945225, 21.91156315], [-79.63900134, 21.90440129], [-79.64812522, 21.89804238], [-79.85959214, 21.75585314], [-79.87174205, 21.74804953], [-79.88127053, 21.74242084], [-80.11783211, 21.60785500], [-80.12566580, 21.60353385], [-80.13594364, 21.59825063], [-80.39855098, 21.46857107], [-80.40438549, 21.46575933], [-80.41515325, 21.46090553], [-80.70045978, 21.33772644], [-80.71041393, 21.33360416], [-80.72125165, 21.32950043], [-81.02413571, 21.22022196], [-81.04094928, 21.21457536], [-81.35739015, 21.11604966], [-81.37059831, 21.11218324], [-81.69657924, 21.02275228], [-81.70622018, 21.02023402], [-82.03805589, 20.93788059], [-82.04639975, 20.93590256], [-82.38292395, 20.85983924], [-82.38604262, 20.85914710], [-82.72428877, 20.78545839], [-82.72910999, 20.78443831], [-83.06840840, 20.71477030], [-83.06892937, 20.71466367], [-83.40860472, 20.64537542], [-83.74725371, 20.57644153], [-83.74786236, 20.57631596], [-84.08421848, 20.50599505], [-84.08552499, 20.50571413], [-84.42143571, 20.43148463], [-84.42252249, 20.43123905], [-84.75883926, 20.35355669], [-84.75988166, 20.35331088], [-85.09499352, 20.27266515], [-85.09634519, 20.27233132], [-85.42843644, 20.18820495], [-85.43007913, 20.18777603], [-85.75809440, 20.09956412], [-85.75977767, 20.09909782], [-86.08392147, 20.00666269], [-86.08517400, 20.00629785], [-86.40337145, 19.91165637], [-86.40596673, 19.91085095], [-86.71196936, 19.81189958], [-86.71552165, 19.81068600], [-87.01093771, 19.70428668], [-87.01439656, 19.70297657], [-87.30064390, 19.58914335], [-87.30365115, 19.58789644], [-87.58151044, 19.46790153], [-87.58512423, 19.46626338], [-87.86131831, 19.33501565], [-87.86240997, 19.33448947], [-88.14416300, 19.19675511], [-88.14605562, 19.19583635], [-88.43003363, 19.05894375], [-88.43455375, 19.05680101], [-88.71907277, 18.92418777], [-88.72332196, 18.92223852], [-89.00823041, 18.79362388], [-89.01587002, 18.79027368], [-89.30221969, 18.66834928], [-89.58892086, 18.54652414], [-89.58917781, 18.54641458], [-89.87549240, 18.42390426], [-90.16128373, 18.30146647], [-90.16182996, 18.30123073], [-90.44778131, 18.17690772], [-90.44841160, 18.17663436], [-90.73532024, 18.05249772], [-90.73767115, 18.05148972], [-91.02447335, 17.92963099], [-91.02928516, 17.92762436], [-91.31624930, 17.81019482], [-91.32677544, 17.80606334], [-91.61578108, 17.69739129], [-91.62297692, 17.69477379], [-91.63422798, 17.69101444], [-91.92636921, 17.59843653], [-91.93739561, 17.59512843], [-91.94865740, 17.59212478], [-92.24709438, 17.51743718], [-92.25635276, 17.51524513], [-92.26795698, 17.51283917], [-92.57443187, 17.45417049], [-92.58597937, 17.45214226], [-92.59759536, 17.45046497], [-92.91279804, 17.40983008], [-92.92889250, 17.40808961], [-92.94031228, 17.40726446], [-93.26231038, 17.38888814], [-93.26963858, 17.38854213], [-93.28082289, 17.38829321]]]}
    },
    {
      "type": "Feature",
      "properties": {"block_id": "ADC_NA_10", "basin_id": "BASIN_NA", "basin_label": "North American East and West Coasts", "domain_count": 1, "grid_cell_count": 88, "outer_area_km2": 2857897.416795, "shelf_width_km": 250.000000, "outer_buffer_km": 430.000000, "shelf_add_area_km2": 0.000000, "shelf_add_cell_count": 0, "shelf_add_component_count": 0, "bay_add_area_km2": 943368.115068, "bay_add_cell_count": 1220, "bay_add_core_cell_count": 1220, "bay_add_component_count": 3, "open_ocean_area_risk": 0},
      "geometry": {"type": "Polygon", "coordinates": [[[-83.02827930, 13.46054340], [-83.03337979, 13.46054374], [-83.04481389, 13.46082172], [-83.31871816, 13.47190887], [-83.33150137, 13.47264979], [-83.60897593, 13.49359480], [-83.62003802, 13.49459852], [-83.90086638, 13.52437591], [-83.91106914, 13.52560276], [-84.19485349, 13.56377610], [-84.20406867, 13.56513544], [-84.49040085, 13.61110992], [-84.49859370, 13.61252132], [-84.78707882, 13.66561282], [-84.79355183, 13.66686477], [-85.08343453, 13.72565968], [-85.08932790, 13.72690591], [-85.38041742, 13.79098593], [-85.38543938, 13.79212887], [-85.67751002, 13.86078529], [-85.68078611, 13.86157148], [-85.97316617, 13.93317541], [-85.97868620, 13.93457338], [-86.26964898, 14.01070267], [-86.27739424, 14.01282145], [-86.56618204, 14.09528619], [-86.57906576, 14.09922748], [-86.86340969, 14.19207714], [-86.86846463, 14.19377611], [-86.87908893, 14.19764598], [-87.15508883, 14.30336140], [-87.16143646, 14.30587153], [-87.17170287, 14.31025958], [-87.43787838, 14.42928595], [-87.44860031, 14.43429866], [-87.70508010, 14.55952064], [-87.70790963, 14.56091794], [-87.95601502, 14.68483459], [-87.96185001, 14.68781763], [-88.19682494, 14.81074276], [-88.20677318, 14.81615535], [-88.42558540, 14.93987886], [-88.43008334, 14.94247413], [-88.43961264, 14.94830245], [-88.63905417, 15.07496743], [-88.64826797, 15.08104636], [-88.65698746, 15.08724066], [-88.83859989, 15.22098291], [-88.85083878, 15.23046259], [-88.85871759, 15.23710768], [-89.02469770, 15.38208458], [-89.03179174, 15.38848031], [-89.03888827, 15.39531865], [-89.04623488, 15.40291149], [-89.19499708, 15.56216729], [-89.19944516, 15.56704024], [-89.20596184, 15.57461201], [-89.21251809, 15.58280070], [-89.34668559, 15.75663786], [-89.35231723, 15.76418443], [-89.35785469, 15.77216006], [-89.36348052, 15.78092104], [-89.47954104, 15.96906171], [-89.48651548, 15.98099204], [-89.49087363, 15.98922271], [-89.49537107, 15.99852488], [-89.58832473, 16.20015315], [-89.59188001, 16.20819891], [-89.59545958, 16.21711717], [-89.59893116, 16.22678808], [-89.67187253, 16.44249967], [-89.67577548, 16.45499782], [-89.67836139, 16.46469586], [-89.73535780, 16.69571933], [-89.73679520, 16.70186319], [-89.73887076, 16.71215479], [-89.78353371, 16.95726877], [-89.78546736, 16.96929526], [-89.82152801, 17.22783958], [-89.82246769, 17.23527284], [-89.85303784, 17.50487202], [-89.85428359, 17.51886231], [-89.87237719, 17.79814036], [-89.87270045, 17.80425306], [-89.87293212, 17.81473191], [-89.87386182, 18.10177714], [-89.87350794, 18.11709372], [-89.85909981, 18.40831716], [-89.85850443, 18.41744364], [-89.83470615, 18.71114895], [-89.83407086, 18.71798720], [-89.80307682, 19.01372887], [-89.77230893, 19.30597856], [-89.77211623, 19.30805944], [-89.74899363, 19.59723112], [-89.74884391, 19.59948995], [-89.73358691, 19.88941319], [-89.73349311, 19.89191020], [-89.72696140, 20.18196113], [-89.72694780, 20.18494626], [-89.73086966, 20.47744210], [-89.73091603, 20.47931887], [-89.74156936, 20.77515156], [-89.74162933, 20.77650866], [-89.75709613, 21.07177032], [-89.75721612, 21.07365230], [-89.77933961, 21.36804498], [-89.77945689, 21.36944689], [-89.80636019, 21.66132900], [-89.80663322, 21.66386553], [-89.84176977, 21.94917285], [-89.84236675, 21.95320560], [-89.89149078, 22.23705125], [-89.89211674, 22.24028754], [-89.95326082, 22.52613824], [-89.95378868, 22.52844640], [-90.02384364, 22.81606899], [-90.02417678, 22.81739015], [-90.09977228, 23.10727329], [-90.09985368, 23.10758300], [-90.17713874, 23.39939932], [-90.17783421, 23.40207597], [-90.25210797, 23.69354025], [-90.25245895, 23.69487195], [-90.33026151, 23.98059024], [-90.33097240, 23.98305284], [-90.41709525, 24.26526697], [-90.41792357, 24.26783422], [-90.51419638, 24.55075241], [-90.51482536, 24.55253557], [-90.61904553, 24.83786630], [-90.61941228, 24.83885149], [-90.72816991, 25.12559401], [-90.72851766, 25.12649547], [-90.84154029, 25.41461887], [-90.95581206, 25.70453919], [-90.95636540, 25.70595360], [-91.06887315, 25.99569782], [-91.07049289, 25.99996541], [-91.17772746, 26.28913840], [-91.17969481, 26.29460641], [-91.28052914, 26.58367745], [-91.28316693, 26.59159490], [-91.37463294, 26.87956066], [-91.37771047, 26.88989832], [-91.45729805, 27.17622633], [-91.46099369, 27.19098812], [-91.52402626, 27.47358192], [-91.52573481, 27.48185169], [-91.52747586, 27.49204193], [-91.56896428, 27.76577154], [-91.57033104, 27.77612995], [-91.57127738, 27.78626489], [-91.59111321, 28.05290002], [-91.59167091, 28.06290186], [-91.59185739, 28.07310312], [-91.59170270, 28.33591230], [-91.59153688, 28.34518552], [-91.59098290, 28.35542835], [-91.57196205, 28.61592704], [-91.57085619, 28.62760981], [-91.56950096, 28.63761188], [-91.52982256, 28.89409319], [-91.52721726, 28.90843247], [-91.52500831, 28.91809809], [-91.46278820, 29.16866054], [-91.45875747, 29.18320699], [-91.45567838, 29.19263115], [-91.37052715, 29.43772371], [-91.36829950, 29.44388947], [-91.36469959, 29.45296767], [-91.36054733, 29.46240617], [-91.25188701, 29.69756152], [-91.24875536, 29.70410872], [-91.24426205, 29.71278733], [-91.23915993, 29.72181854], [-91.10759255, 29.94512188], [-91.09968181, 29.95779833], [-91.09396307, 29.96613354], [-90.94050159, 30.18140915], [-90.93651681, 30.18685905], [-90.93041402, 30.19470271], [-90.92367095, 30.20276053], [-90.74817866, 30.40507451], [-90.74309726, 30.41077897], [-90.73625265, 30.41800288], [-90.72870718, 30.42542695], [-90.53231317, 30.61202574], [-90.52135234, 30.62195538], [-90.51340051, 30.62858713], [-90.29722059, 30.80264935], [-90.29327707, 30.80576806], [-90.28505367, 30.81193234], [-90.27625847, 30.81806751], [-90.04117047, 30.97617809], [-90.03595519, 30.97960766], [-90.02723137, 30.98500952], [-90.01786909, 30.99037876], [-89.76730322, 31.12853670], [-89.75501511, 31.13497717], [-89.74542163, 31.13955237], [-89.47988037, 31.26081199], [-89.46658810, 31.26653677], [-89.45666335, 31.27036935], [-89.17937241, 31.37222942], [-89.16863644, 31.37596626], [-89.15822605, 31.37920366], [-88.86783834, 31.46431928], [-88.85545131, 31.46769634], [-88.84490683, 31.47017559], [-88.54588605, 31.53536454], [-88.53513245, 31.53752654], [-88.52429252, 31.53934211], [-88.21819053, 31.58552195], [-88.20195127, 31.58760126], [-87.89095475, 31.62037155], [-87.88577294, 31.62088038], [-87.57316402, 31.64933656], [-87.56591513, 31.64992400], [-87.25224731, 31.67221592], [-87.24058403, 31.67285848], [-86.92415520, 31.68524614], [-86.90636955, 31.68551141], [-86.58569468, 31.68252951], [-86.57398614, 31.68223391], [-86.24899651, 31.66884147], [-86.24385397, 31.66859343], [-85.91650168, 31.65050271], [-85.91543353, 31.65044212], [-85.58764341, 31.63136880], [-85.58204652, 31.63100020], [-85.25553119, 31.60698884], [-85.24495366, 31.60605685], [-84.92110679, 31.57278948], [-84.90690402, 31.57104942], [-84.58438235, 31.52511743], [-84.57428038, 31.52353420], [-84.25383499, 31.46870358], [-84.24547654, 31.46717290], [-83.92802617, 31.40520316], [-83.91591256, 31.40262354], [-83.60177524, 31.33010653], [-83.59297148, 31.32795795], [-83.28140827, 31.24777549], [-83.27619668, 31.24639274], [-82.96714311, 31.16191999], [-82.95842629, 31.15941925], [-82.65294809, 31.06760464], [-82.64685125, 31.06571300], [-82.34464909, 30.96899812], [-82.33517801, 30.96582089], [-82.03703471, 30.86115285], [-82.03144507, 30.85913814], [-81.73639201, 30.75000558], [-81.72954099, 30.74739106], [-81.43902427, 30.63307815], [-81.42891974, 30.62892134], [-81.14437435, 30.50669743], [-81.13007598, 30.50017431], [-80.85242436, 30.36592655], [-80.83778424, 30.35841756], [-80.56753839, 30.21164373], [-80.55334800, 30.20349656], [-80.29080900, 30.04436757], [-80.28043081, 30.03782044], [-80.02526368, 29.87037349], [-80.01194913, 29.86117538], [-79.76511653, 29.68179584], [-79.75955410, 29.67765478], [-79.75096720, 29.67087055], [-79.51271367, 29.47588018], [-79.50638758, 29.47055675], [-79.49834847, 29.46335407], [-79.26804452, 29.24968104], [-79.25806221, 29.24001717], [-79.03532839, 29.01500089], [-79.02886982, 29.00828589], [-78.81284290, 28.77711094], [-78.80681707, 28.77048009], [-78.59746083, 28.53355231], [-78.59210367, 28.52733065], [-78.38890510, 28.28511656], [-78.38427645, 28.27946889], [-78.18662132, 28.03256716], [-78.18276346, 28.02764945], [-77.98993270, 27.77677851], [-77.98644101, 27.77214839], [-77.79801394, 27.51744367], [-77.79527578, 27.51368453], [-77.61032518, 27.25577851], [-77.60817547, 27.25274295], [-77.42596980, 26.99218548], [-77.42486511, 26.99059529], [-77.24401852, 26.72853998], [-77.24351469, 26.72780768], [-77.06352889, 26.46540516], [-77.06339700, 26.46521342], [-76.88352044, 26.20443091], [-76.88313750, 26.20388016], [-76.70242849, 25.94605497], [-76.70182742, 25.94520790], [-76.51927454, 25.69107810], [-76.51847214, 25.68997878], [-76.33330963, 25.44029420], [-76.33223698, 25.43887722], [-76.14321678, 25.19422672], [-76.14201980, 25.19271119], [-75.94813151, 24.95253066], [-75.94691858, 24.95105997], [-75.74798761, 24.71493516], [-75.74674771, 24.71349415], [-75.54245140, 24.48099363], [-75.54129538, 24.47970281], [-75.33159965, 24.24995257], [-75.33059544, 24.24886989], [-75.11592751, 24.02111027], [-75.11511173, 24.02025575], [-74.89622359, 23.79388367], [-74.89557039, 23.79321492], [-74.67288657, 23.56751606], [-74.67252139, 23.56714800], [-74.44688562, 23.34099612], [-74.22070121, 23.11395718], [-74.21914336, 23.11238276], [-73.99551375, 22.88482747], [-73.99276785, 22.88199920], [-73.77335387, 22.65323657], [-73.76897084, 22.64857533], [-73.55643400, 22.41801210], [-73.55052601, 22.41142341], [-73.34741639, 22.17853176], [-73.34036723, 22.17016394], [-73.14889837, 21.93479270], [-73.14035773, 21.92380962], [-72.96349470, 21.68572349], [-72.95441569, 21.67283735], [-72.79293121, 21.43089858], [-72.78920497, 21.42516450], [-72.78367652, 21.41606266], [-72.64060709, 21.17058216], [-72.63601736, 21.16239795], [-72.63124139, 21.15313849], [-72.50876429, 20.90461555], [-72.50370571, 20.89378160], [-72.49976469, 20.88438932], [-72.39968287, 20.63295040], [-72.39488895, 20.61999392], [-72.39182367, 20.61046725], [-72.31516533, 20.35606231], [-72.31381079, 20.35140700], [-72.31133057, 20.34188987], [-72.30912420, 20.33190618], [-72.25754878, 20.07583450], [-72.25639834, 20.06974917], [-72.25488839, 20.06015749], [-72.25368234, 20.05002855], [-72.22803818, 19.79360777], [-72.22741414, 19.78635588], [-72.22690335, 19.77675303], [-72.22674626, 19.76656387], [-72.22762780, 19.51109475], [-72.22777191, 19.50322998], [-72.22827003, 19.49366884], [-72.22918397, 19.48351378], [-72.25678112, 19.23038804], [-72.25776916, 19.22243948], [-72.25927212, 19.21297851], [-72.26125309, 19.20295445], [-72.31540882, 18.95359951], [-72.31722934, 18.94578380], [-72.31972321, 18.93650325], [-72.32275210, 18.92670585], [-72.40326186, 18.68249035], [-72.40578105, 18.67520074], [-72.40924018, 18.66616309], [-72.41327694, 18.65668181], [-72.51972016, 18.41892952], [-72.52284528, 18.41219625], [-72.52723190, 18.40348431], [-72.53222868, 18.39440283], [-72.66407736, 18.16477594], [-72.66697076, 18.15985798], [-72.67225412, 18.15143978], [-72.67811409, 18.14281115], [-72.83410407, 17.92178003], [-72.83741704, 17.91718699], [-72.84349924, 17.90923689], [-72.85017267, 17.90112960], [-73.02870072, 17.69192126], [-73.03766954, 17.68187318], [-73.04486624, 17.67442870], [-73.24418382, 17.47535293], [-73.25358098, 17.46635642], [-73.26140588, 17.45942179], [-73.48041048, 17.27200471], [-73.48906640, 17.26486482], [-73.49751299, 17.25838392], [-73.73427576, 17.08308144], [-73.74025784, 17.07876379], [-73.74933860, 17.07260411], [-74.00146295, 16.90776367], [-74.00609589, 16.90479551], [-74.01563944, 16.89902750], [-74.28070255, 16.74486446], [-74.29385553, 16.73759204], [-74.56988391, 16.59268385], [-74.58176911, 16.58673027], [-74.86824015, 16.44997330], [-74.87816087, 16.44542505], [-75.17284150, 16.31581329], [-75.18086736, 16.31240079], [-75.48197713, 16.18873110], [-75.48785888, 16.18637656], [-75.79370575, 16.06709597], [-75.79707044, 16.06580335], [-76.10576263, 15.94900228], [-76.10709097, 15.94850269], [-76.41674894, 15.83274455], [-76.72520475, 15.71697868], [-76.72577182, 15.71676392], [-77.03147054, 15.59994915], [-77.03228177, 15.59963517], [-77.33562765, 15.48073335], [-77.33653710, 15.48037181], [-77.63775687, 15.35893817], [-77.63876742, 15.35852443], [-77.93801011, 15.23412029], [-77.93902839, 15.23369042], [-78.23649534, 15.10619194], [-78.23758610, 15.10571679], [-78.53454850, 14.97426736], [-78.53508328, 14.97402878], [-78.83165477, 14.84068481], [-78.83260917, 14.84024969], [-79.12891487, 14.70329221], [-79.12912064, 14.70319682], [-79.42690523, 14.56473887], [-79.72494449, 14.42577148], [-79.72719484, 14.42473185], [-80.02527851, 14.28829353], [-80.02939476, 14.28644126], [-80.32802955, 14.15435196], [-80.33229056, 14.15250070], [-80.63157571, 14.02480459], [-80.63670709, 14.02266268], [-80.93684883, 13.90013679], [-80.94296535, 13.89770579], [-81.24388516, 13.78132185], [-81.25709982, 13.77650847], [-81.55316229, 13.67522622], [-81.55991053, 13.67300095], [-81.57065196, 13.66978308], [-81.85384544, 13.58996927], [-81.86437530, 13.58718543], [-81.87507005, 13.58472702], [-82.14951736, 13.52632453], [-82.16261089, 13.52380384], [-82.17330719, 13.52213789], [-82.44343199, 13.48453831], [-82.45608184, 13.48301637], [-82.46692690, 13.48209216], [-82.73631028, 13.46351516], [-82.74592097, 13.46299002], [-82.75703177, 13.46272136], [-83.02827930, 13.46054340]]]}
    },
    {
      "type": "Feature",
      "properties": {"block_id": "ADC_NA_11", "basin_id": "BASIN_NA", "basin_label": "North American East and West Coasts", "domain_count": 3, "grid_cell_count": 174, "outer_area_km2": 4637482.267115, "shelf_width_km": 250.000000, "outer_buffer_km": 430.000000, "shelf_add_area_km2": 0.000000, "shelf_add_cell_count": 0, "shelf_add_component_count": 0, "bay_add_area_km2": 2341987.982783, "bay_add_cell_count": 2797, "bay_add_core_cell_count": 2797, "bay_add_component_count": 6, "open_ocean_area_risk": 0},
      "geometry": {"type": "Polygon", "coordinates": [[[-79.20015661, 8.04697345], [-79.21495503, 8.04713546], [-79.54508768, 8.05741772], [-79.55668348, 8.05796286], [-79.88499424, 8.07861510], [-79.89244392, 8.07916006], [-80.21918439, 8.10641604], [-80.22918487, 8.10738873], [-80.55223330, 8.14329664], [-80.56604260, 8.14509876], [-80.88243139, 8.19254422], [-80.89754690, 8.19513746], [-81.20658196, 8.25488791], [-81.22203191, 8.25822578], [-81.52442153, 8.33049433], [-81.52934707, 8.33171420], [-81.54030339, 8.33471467], [-81.83349141, 8.42018712], [-81.84672160, 8.42432289], [-82.13302543, 8.51993966], [-82.14356733, 8.52364467], [-82.42384834, 8.62711421], [-82.43064680, 8.62971252], [-82.44092768, 8.63397499], [-82.70894823, 8.75033885], [-82.72191647, 8.75630344], [-82.73134975, 8.76108718], [-82.98474205, 8.89496145], [-82.98984347, 8.89771932], [-82.99878086, 8.90286003], [-83.00791980, 8.90853531], [-83.24582197, 9.06191349], [-83.25807226, 9.07021571], [-83.26644426, 9.07639381], [-83.48693494, 9.24501420], [-83.49837354, 9.25418963], [-83.50617359, 9.26098402], [-83.70946364, 9.44436092], [-83.71974298, 9.45406737], [-83.72694834, 9.46144382], [-83.91389643, 9.65967810], [-83.92268953, 9.66941567], [-83.92929676, 9.67733932], [-84.10097715, 9.89082580], [-84.10430231, 9.89504421], [-84.11028467, 9.90308065], [-84.11621006, 9.91166714], [-84.26692718, 10.13870881], [-84.27492477, 10.15145118], [-84.27988514, 10.16018144], [-84.41152182, 10.40201274], [-84.41624620, 10.41107777], [-84.42068615, 10.42041129], [-84.53680207, 10.67653136], [-84.54258925, 10.69017953], [-84.64793489, 10.95672862], [-84.65040732, 10.96320263], [-84.75068611, 11.23519356], [-84.75178713, 11.23823042], [-84.84981777, 11.51325602], [-84.85024595, 11.51446551], [-84.94680280, 11.78908645], [-84.94715576, 11.79007095], [-85.04413342, 12.05543991], [-85.04515314, 12.05809260], [-85.14620725, 12.30848272], [-85.14760906, 12.31175870], [-85.25458533, 12.54811358], [-85.25624745, 12.55157887], [-85.36888925, 12.77366553], [-85.37114718, 12.77783272], [-85.49135773, 12.98602981], [-85.49365399, 12.98978678], [-85.62060920, 13.18633036], [-85.62317123, 13.19008301], [-85.75785264, 13.37696317], [-85.75983983, 13.37961601], [-85.90254816, 13.56300132], [-85.90511780, 13.56615481], [-86.05628283, 13.74342074], [-86.05944003, 13.74693537], [-86.22133774, 13.91810735], [-86.22473691, 13.92151919], [-86.40221909, 14.09067605], [-86.40436983, 14.09266270], [-86.59488331, 14.26321354], [-86.59668380, 14.26478473], [-86.79791172, 14.43595236], [-86.79879771, 14.43669671], [-87.00457838, 14.60745232], [-87.00632090, 14.60886390], [-87.22222016, 14.77959103], [-87.22309439, 14.78027414], [-87.44783984, 14.95379481], [-87.44948931, 14.95507656], [-87.67267513, 15.12962692], [-87.67549619, 15.13185780], [-87.89439124, 15.30688267], [-87.89813941, 15.30992439], [-88.11232856, 15.48633454], [-88.11869243, 15.49171138], [-88.32608602, 15.67145636], [-88.33068511, 15.67552801], [-88.33865548, 15.68299189], [-88.53031349, 15.86884952], [-88.54090007, 15.87963102], [-88.54773873, 15.88721022], [-88.71720140, 16.08182815], [-88.72262730, 16.08824391], [-88.72872686, 16.09594662], [-88.73492034, 16.10436929], [-88.88112722, 16.31085598], [-88.88634406, 16.31848048], [-88.89153944, 16.32665955], [-88.89678417, 16.33561771], [-89.02032891, 16.55571868], [-89.02338125, 16.56130879], [-89.02783182, 16.57007485], [-89.03216337, 16.57944227], [-89.13518323, 16.81343657], [-89.13983856, 16.82465894], [-89.14334768, 16.83417882], [-89.22999695, 17.08339309], [-89.23200890, 17.08941128], [-89.23504053, 17.09949594], [-89.30896867, 17.36314120], [-89.31098032, 17.37074148], [-89.31330377, 17.38087474], [-89.37152644, 17.65857038], [-89.37369784, 17.67006261], [-89.42134838, 17.95308984], [-89.42255572, 17.96090428], [-89.46296914, 18.24815239], [-89.46382171, 18.25475682], [-89.49808954, 18.54634818], [-89.49895888, 18.55480674], [-89.52504356, 18.85098292], [-89.52568853, 18.85985190], [-89.54280227, 19.15799452], [-89.54324609, 19.17017910], [-89.54787389, 19.46923424], [-89.54780090, 19.48166374], [-89.53968498, 19.77978214], [-89.53950430, 19.78466861], [-89.53881194, 19.79521812], [-89.51394194, 20.08930370], [-89.51213693, 20.10534776], [-89.47173179, 20.39274771], [-89.46968534, 20.40531453], [-89.41780695, 20.68537667], [-89.41476001, 20.69979513], [-89.34954671, 20.97420899], [-89.34838487, 20.97889872], [-89.34553912, 20.98913957], [-89.26497103, 21.25943973], [-89.26348712, 21.26424539], [-89.26006065, 21.27431858], [-89.16386062, 21.54080750], [-89.16082022, 21.54886452], [-89.05661207, 21.81342833], [-88.95240185, 22.07824256], [-88.84889801, 22.34320757], [-88.74592335, 22.60868285], [-88.74512115, 22.61072870], [-88.64022901, 22.87537531], [-88.63795057, 22.88095941], [-88.52752970, 23.14400520], [-88.52376454, 23.15259724], [-88.40390863, 23.41493606], [-88.40162564, 23.41981754], [-88.27629746, 23.68169658], [-88.27328698, 23.68780992], [-88.14116536, 23.94868764], [-88.13725490, 23.95615121], [-87.99613789, 24.21668109], [-87.99160317, 24.22475909], [-87.83974062, 24.48596970], [-87.83559748, 24.49288623], [-87.67435048, 24.75426533], [-87.67257631, 24.75710669], [-87.50739008, 25.01849775], [-87.34314956, 25.27792862], [-87.34241478, 25.27910971], [-87.18625001, 25.53459152], [-87.18463095, 25.53735176], [-87.04195499, 25.79106837], [-87.03973355, 25.79528382], [-86.91380473, 26.05097891], [-86.91275550, 26.05318744], [-86.91148834, 26.05609510], [-86.80320060, 26.31763703], [-86.80247537, 26.31944656], [-86.80138719, 26.32241574], [-86.70791043, 26.59289515], [-86.70680965, 26.59631253], [-86.62302983, 26.87660223], [-86.62238472, 26.87887580], [-86.54427807, 27.16956650], [-86.46559702, 27.46495091], [-86.46440393, 27.46929651], [-86.38175338, 27.76159269], [-86.37966347, 27.76864772], [-86.29078353, 28.05555975], [-86.28763835, 28.06513498], [-86.19058950, 28.34454032], [-86.18658721, 28.35538129], [-86.08090124, 28.62547212], [-86.07515406, 28.63915364], [-85.95986128, 28.89572024], [-85.95289420, 28.91018595], [-85.82746323, 29.15392139], [-85.82448039, 29.15955393], [-85.81921319, 29.16881829], [-85.68305239, 29.39849340], [-85.67416607, 29.41260130], [-85.52799151, 29.63140404], [-85.51986665, 29.64298901], [-85.36416318, 29.85467120], [-85.35761829, 29.86325711], [-85.19374527, 30.07078283], [-85.19032543, 30.07503785], [-85.02194597, 30.28088990], [-85.01909837, 30.28432189], [-84.84717535, 30.48860156], [-84.84221232, 30.49435828], [-84.66482679, 30.69523886], [-84.65798267, 30.70274696], [-84.47285052, 30.89951767], [-84.46574330, 30.90683712], [-84.27160222, 31.10058752], [-84.26481012, 31.10717208], [-84.06111759, 31.29900033], [-84.05108250, 31.30806851], [-83.83334624, 31.49685577], [-83.82028081, 31.50761305], [-83.58550491, 31.69111125], [-83.57481361, 31.69912965], [-83.32682440, 31.87753741], [-83.32096812, 31.88165710], [-83.06570988, 32.05721785], [-82.81260076, 32.23214023], [-82.81151285, 32.23290317], [-82.56305989, 32.40970153], [-82.56249935, 32.41010344], [-82.31331730, 32.59011809], [-82.06295467, 32.77076038], [-82.06114275, 32.77205865], [-81.81214170, 32.94923087], [-81.81121057, 32.94990178], [-81.56386909, 33.13036570], [-81.56333618, 33.13075734], [-81.31617786, 33.31370391], [-81.31531368, 33.31435112], [-81.06777041, 33.50192730], [-80.81849023, 33.69032066], [-80.81295814, 33.69441327], [-80.56290462, 33.87547814], [-80.55379534, 33.88184862], [-80.30040080, 34.05293946], [-80.28723513, 34.06139555], [-80.02705853, 34.22021540], [-80.01963405, 34.22460854], [-80.01004406, 34.22989459], [-79.74213289, 34.37176396], [-79.73388904, 34.37597757], [-79.72398640, 34.38065612], [-79.45425118, 34.50264712], [-79.44355423, 34.50725846], [-79.43347003, 34.51120231], [-79.16577459, 34.61083408], [-79.15019149, 34.61620672], [-79.14010584, 34.61923163], [-78.87858279, 34.69302355], [-78.86903529, 34.69556480], [-78.85911151, 34.69787759], [-78.84835360, 34.70001806], [-78.59565017, 34.74604020], [-78.58412303, 34.74793522], [-78.57411509, 34.74923888], [-78.56317210, 34.75030521], [-78.31843229, 34.77016094], [-78.30838722, 34.77082536], [-78.29817109, 34.77118287], [-78.28716773, 34.77121204], [-78.05073863, 34.76801711], [-78.03953536, 34.76768138], [-78.02941643, 34.76704734], [-78.01847074, 34.76600505], [-77.78774379, 34.74025833], [-77.77351891, 34.73837057], [-77.76376691, 34.73670666], [-77.75302181, 34.73451168], [-77.52582153, 34.68423355], [-77.51129078, 34.68068343], [-77.50185888, 34.67799317], [-77.49146239, 34.67465565], [-77.26579076, 34.59809862], [-77.25271162, 34.59335782], [-77.24360578, 34.58966799], [-77.23368521, 34.58525983], [-77.01036459, 34.48154977], [-77.00019006, 34.47660849], [-76.99139891, 34.47196208], [-76.98203849, 34.46660533], [-76.76630992, 34.33827727], [-76.75755163, 34.33287334], [-76.74926872, 34.32737493], [-76.74055470, 34.32115279], [-76.53852031, 34.17161408], [-76.53257934, 34.16710236], [-76.52474350, 34.16077804], [-76.51670562, 34.15381891], [-76.33038151, 33.98676305], [-76.32549824, 33.98228405], [-76.31828713, 33.97527732], [-76.31097815, 33.96766003], [-76.13877795, 33.78176082], [-76.12969523, 33.77150018], [-76.12320660, 33.76354426], [-75.96334193, 33.56024664], [-75.95595012, 33.55043456], [-75.95007315, 33.54196991], [-75.80162593, 33.31972721], [-75.79783900, 33.31390186], [-75.79231610, 33.30480921], [-75.65340166, 33.06646566], [-75.64678941, 33.05451709], [-75.51515738, 32.80359310], [-75.51061891, 32.79458181], [-75.38393317, 32.53229423], [-75.38098538, 32.52600826], [-75.25740522, 32.25441855], [-75.25651512, 32.25244364], [-75.13466339, 31.97947514], [-75.13425353, 31.97857100], [-75.01207521, 31.71311568], [-75.01108357, 31.71103461], [-74.88633513, 31.45795940], [-74.88442214, 31.45430011], [-74.75151143, 31.21407577], [-74.75057184, 31.21242025], [-74.74891372, 31.20968645], [-74.60112629, 30.97568491], [-74.59924880, 30.97283501], [-74.43843776, 30.73863821], [-74.43719685, 30.73687688], [-74.26684372, 30.50115777], [-74.26654989, 30.50075358], [-74.09233398, 30.26249557], [-73.91734512, 30.02369556], [-73.74217707, 29.78541780], [-73.74198516, 29.78515773], [-73.56595899, 29.54750853], [-73.39019527, 29.31142736], [-73.38942036, 29.31040188], [-73.21059603, 29.07723022], [-73.20970885, 29.07609235], [-73.02452895, 28.84245322], [-73.02424887, 28.84210164], [-72.83569136, 28.60661072], [-72.83397100, 28.60444283], [-72.64807340, 28.36807298], [-72.64613256, 28.36557967], [-72.46377382, 28.12888136], [-72.46126922, 28.12558597], [-72.28305399, 27.88787988], [-72.28065539, 27.88463752], [-72.10599419, 27.64534117], [-72.10351873, 27.64190110], [-71.93221312, 27.40041848], [-71.92986110, 27.39705645], [-71.76141852, 27.15288625], [-71.75923241, 27.14967476], [-71.59310386, 26.90232599], [-71.59152667, 26.89995435], [-71.42679510, 26.64977059], [-71.42580777, 26.64826159], [-71.26182336, 26.39603914], [-71.26138018, 26.39535552], [-71.09788609, 26.14243786], [-71.09608431, 26.13961733], [-70.93467179, 25.88390929], [-70.93408856, 25.88298172], [-70.77332440, 25.62629354], [-70.61263050, 25.36914775], [-70.61205329, 25.36822045], [-70.45246728, 25.11082999], [-70.45210374, 25.11024219], [-70.29316489, 24.85261161], [-70.29233200, 24.85125373], [-70.13489547, 24.59308970], [-70.13455652, 24.59253257], [-69.97773325, 24.33414821], [-69.97687942, 24.33273290], [-69.82189450, 24.07426615], [-69.81938026, 24.06999568], [-69.66963355, 23.81090034], [-69.66703872, 23.80632055], [-69.52260217, 23.54621780], [-69.52113287, 23.54354051], [-69.37973528, 23.28281667], [-69.37926028, 23.28193738], [-69.23903045, 23.02133808], [-69.23699624, 23.01749237], [-69.10210489, 22.75802010], [-69.09932868, 22.75254577], [-68.97139561, 22.49384083], [-68.96740540, 22.48545085], [-68.84922784, 22.22680806], [-68.84523790, 22.21767995], [-68.73671206, 21.95776577], [-68.73143228, 21.94420460], [-68.63645556, 21.68153304], [-68.63427709, 21.67526520], [-68.63113517, 21.66523070], [-68.55303419, 21.39847625], [-68.55054942, 21.38941369], [-68.54818707, 21.37939966], [-68.48929866, 21.10706064], [-68.48697134, 21.09500506], [-68.48547162, 21.08505833], [-68.44888055, 20.80702367], [-68.44740153, 20.79304897], [-68.44679515, 20.78314996], [-68.43481823, 20.50045191], [-68.43458090, 20.49058609], [-68.43471456, 20.48037364], [-68.44383595, 20.19482236], [-68.44411153, 20.18856690], [-68.44489596, 20.17812114], [-68.47198532, 19.89011274], [-68.47365617, 19.87602804], [-68.51542902, 19.58456632], [-68.51683744, 19.57570829], [-68.56818101, 19.28188357], [-68.56900191, 19.27739232], [-68.62541184, 18.98179707], [-68.62562956, 18.98066820], [-68.68328025, 18.68487062], [-68.68333356, 18.68459463], [-68.73940562, 18.39166944], [-68.73963871, 18.39039876], [-68.79017277, 18.10242365], [-68.79048632, 18.10050638], [-68.83375625, 17.81515128], [-68.83400149, 17.81341071], [-68.87106563, 17.52868649], [-68.87125863, 17.52708279], [-68.90266228, 17.24298307], [-68.90281621, 17.24146311], [-68.92878939, 16.95922195], [-68.92896579, 16.95697132], [-68.94730198, 16.67380927], [-68.94737761, 16.67247549], [-68.96123140, 16.38774510], [-68.96129884, 16.38596801], [-68.96904556, 16.10172617], [-68.96907523, 16.09990842], [-68.97059605, 15.81803630], [-68.97056565, 15.81529409], [-68.96291849, 15.53798199], [-68.96272273, 15.53412819], [-68.94248841, 15.26093005], [-68.94208053, 15.25681320], [-68.90817520, 14.98380230], [-68.90769654, 14.98049155], [-68.86188552, 14.70296523], [-68.86139305, 14.70025917], [-68.80462260, 14.41497601], [-68.80436138, 14.41371406], [-68.74144359, 14.12108711], [-68.74102856, 14.11912424], [-68.68006857, 13.82587450], [-68.67869092, 13.81881426], [-68.62627351, 13.53148617], [-68.62442156, 13.52006029], [-68.58503947, 13.24242506], [-68.58434657, 13.23714369], [-68.58328135, 13.22665178], [-68.56153177, 12.96316140], [-68.56088931, 12.95308887], [-68.56062227, 12.94289452], [-68.55877748, 12.69168090], [-68.55902606, 12.67777980], [-68.55964056, 12.66787130], [-68.57934954, 12.42439074], [-68.57982892, 12.41914577], [-68.58100149, 12.40944822], [-68.58260686, 12.39936706], [-68.62485510, 12.16275100], [-68.62580039, 12.15774718], [-68.62789632, 12.14817061], [-68.63045714, 12.13826022], [-68.69428655, 11.90899490], [-68.69862795, 11.89485178], [-68.70197013, 11.88548217], [-68.78630517, 11.66221413], [-68.78953854, 11.65405109], [-68.79338789, 11.64523130], [-68.79786478, 11.63592266], [-68.90381652, 11.42557745], [-68.90846917, 11.41673366], [-68.91324143, 11.40840194], [-68.91873377, 11.39957196], [-69.04515837, 11.20428202], [-69.04963579, 11.19757701], [-69.05534343, 11.18959807], [-69.06173679, 11.18130448], [-69.20696827, 10.99969531], [-69.21245698, 10.99303685], [-69.21896378, 10.98564645], [-69.22621058, 10.97797835], [-69.38677396, 10.81394718], [-69.39615964, 10.80476098], [-69.40328586, 10.79830736], [-69.41141664, 10.79144142], [-69.58885349, 10.64677758], [-69.59821674, 10.63943613], [-69.60613334, 10.63367799], [-69.61501878, 10.62766737], [-69.81299581, 10.49859048], [-69.81875503, 10.49492688], [-69.82753136, 10.48968414], [-69.83698050, 10.48446269], [-70.05625747, 10.36805055], [-70.06806838, 10.36208276], [-70.07776650, 10.35762240], [-70.32137535, 10.25044879], [-70.32755410, 10.24780912], [-70.33794980, 10.24369895], [-70.60449215, 10.14337193], [-70.61777486, 10.13867000], [-70.90185309, 10.04437550], [-70.90981780, 10.04183458], [-71.20554081, 9.95127749], [-71.20889218, 9.95026907], [-71.50898349, 9.86156347], [-71.50939786, 9.86144004], [-71.80624437, 9.77233233], [-71.80727553, 9.77201688], [-72.09946333, 9.68094755], [-72.10079607, 9.68052215], [-72.39053789, 9.58585222], [-72.39169455, 9.58546664], [-72.68151917, 9.48692722], [-72.68241619, 9.48661758], [-72.97354596, 9.38460383], [-72.97683046, 9.38347083], [-73.27004234, 9.28391987], [-73.27684415, 9.28168618], [-73.57117178, 9.18827965], [-73.57863547, 9.18600006], [-73.87450206, 9.09913852], [-73.88289677, 9.09678405], [-74.18125572, 9.01698503], [-74.18233444, 9.01669830], [-74.48087068, 8.93784100], [-74.48115890, 8.93776443], [-74.77975771, 8.85796543], [-74.78080019, 8.85768850], [-75.07989520, 8.77871461], [-75.37922250, 8.69945761], [-75.67840544, 8.62014315], [-75.97708913, 8.54053545], [-75.97744183, 8.54044077], [-76.27485907, 8.46004016], [-76.27546860, 8.45987337], [-76.57257765, 8.37759577], [-76.57864716, 8.37597177], [-76.87753809, 8.29878199], [-76.88730916, 8.29640311], [-77.18838763, 8.22752059], [-77.20175957, 8.22472529], [-77.50760992, 8.16677363], [-77.52317381, 8.16417284], [-77.83643506, 8.11877576], [-77.85220315, 8.11683996], [-78.17400805, 8.08441720], [-78.18759798, 8.08330334], [-78.51623984, 8.06252094], [-78.52639449, 8.06202016], [-78.85859270, 8.05025507], [-78.86817903, 8.05004107], [-79.20015661, 8.04697345]]]}
    },
    {
      "type": "Feature",
      "properties": {"block_id": "ADC_NA_12", "basin_id": "BASIN_NA", "basin_label": "North American East and West Coasts", "domain_count": 6, "grid_cell_count": 244, "outer_area_km2": 3362152.240631, "shelf_width_km": 250.000000, "outer_buffer_km": 430.000000, "shelf_add_area_km2": 35537.263412, "shelf_add_cell_count": 47, "shelf_add_component_count": 1, "bay_add_area_km2": 944359.198133, "bay_add_cell_count": 767, "bay_add_core_cell_count": 767, "bay_add_component_count": 3, "open_ocean_area_risk": 0},
      "geometry": {"type": "Polygon", "coordinates": [[[-86.28315435, 15.51170531], [-86.29369689, 15.51201879], [-86.30528544, 15.51271921], [-86.60473438, 15.53543086], [-86.61790160, 15.53665945], [-86.62839922, 15.53798670], [-86.63983161, 15.53979145], [-86.93157382, 15.59047315], [-86.94241252, 15.59252179], [-86.95284760, 15.59482401], [-86.96400710, 15.59765276], [-87.24336065, 15.67312261], [-87.25109452, 15.67530581], [-87.26143321, 15.67852796], [-87.27223661, 15.68227235], [-87.53604734, 15.77841011], [-87.54259122, 15.78087044], [-87.55261311, 15.78494016], [-87.56297779, 15.78954096], [-87.80998791, 15.90398005], [-87.82445775, 15.91108498], [-87.83404563, 15.91626628], [-88.06412143, 16.04551229], [-88.07785280, 16.05364642], [-88.08691453, 16.05951276], [-88.30058572, 16.20295758], [-88.30686674, 16.20728352], [-88.31529824, 16.21345600], [-88.32395160, 16.22025409], [-88.51905142, 16.37899362], [-88.52492812, 16.38389699], [-88.53264839, 16.39073726], [-88.54052819, 16.39822434], [-88.71642502, 16.57132057], [-88.72691039, 16.58214800], [-88.73385781, 16.58995354], [-88.89531079, 16.77802527], [-88.90148246, 16.78545700], [-88.90805122, 16.79394752], [-89.05854727, 16.99597296], [-89.06757326, 17.00874599], [-89.21090593, 17.22284405], [-89.21749644, 17.23312530], [-89.35562227, 17.45839172], [-89.36119469, 17.46786089], [-89.49438103, 17.70391401], [-89.49887917, 17.71218751], [-89.62764793, 17.95820081], [-89.63114340, 17.96509594], [-89.75626584, 18.22011076], [-89.76115384, 18.23058868], [-89.87892658, 18.49661227], [-89.88484525, 18.51101035], [-89.98964955, 18.78682418], [-89.99471223, 18.80130075], [-90.08484514, 19.08306105], [-90.08885037, 19.09675860], [-90.16429280, 19.38119756], [-90.16681894, 19.39150130], [-90.23083020, 19.67568406], [-90.23234588, 19.68284865], [-90.28832943, 19.96571482], [-90.28931653, 19.97096557], [-90.33957125, 20.25314398], [-90.34026991, 20.25724398], [-90.38612152, 20.53901035], [-90.38669993, 20.54272278], [-90.42857920, 20.82399894], [-90.42928125, 20.82902959], [-90.46580609, 21.10947463], [-90.46634547, 21.11389265], [-90.49823312, 21.39374633], [-90.49879113, 21.39910690], [-90.52508562, 21.67805116], [-90.52554470, 21.68349653], [-90.54617855, 21.96098792], [-90.54657802, 21.96735302], [-90.56065871, 22.24250125], [-90.56101248, 22.25465944], [-90.56293131, 22.52713268], [-90.56291366, 22.53216643], [-90.56255529, 22.54272040], [-90.54798483, 22.81313478], [-90.54753617, 22.81978898], [-90.54648552, 22.83019027], [-90.51363692, 23.10145100], [-90.51294946, 23.10665324], [-90.51124320, 23.11709058], [-90.46091490, 23.39086094], [-90.45813358, 23.40416343], [-90.39296619, 23.68202592], [-90.39030547, 23.69246740], [-90.31240795, 23.97545593], [-90.31002348, 23.98363539], [-90.22101639, 24.27272950], [-90.21996928, 24.27605782], [-90.12616710, 24.56795381], [-90.12598123, 24.56853012], [-90.03182207, 24.85941377], [-90.03159929, 24.86011274], [-89.94178009, 25.14637037], [-89.94108470, 25.14870912], [-89.86222363, 25.42934382], [-89.86131517, 25.43288263], [-89.79703874, 25.70918167], [-89.79613082, 25.71366046], [-89.74886001, 25.98680428], [-89.74820357, 25.99138912], [-89.71768466, 26.26032613], [-89.71750681, 26.26206457], [-89.71728414, 26.26519402], [-89.70380952, 26.52836149], [-89.70370868, 26.53299362], [-89.70567982, 26.79133282], [-89.70571654, 26.79321116], [-89.70587754, 26.79634352], [-89.72404925, 27.05101683], [-89.72451824, 27.05565657], [-89.75809833, 27.31209948], [-89.75846915, 27.31461709], [-89.80158396, 27.57799408], [-89.80179449, 27.57922000], [-89.85023850, 27.84866864], [-89.89899797, 28.12010815], [-89.89938826, 28.12233262], [-89.94545483, 28.39128813], [-89.94612091, 28.39535793], [-89.98722425, 28.65873091], [-89.98810039, 28.66478094], [-90.02238025, 28.92137481], [-90.02347458, 28.93078980], [-90.04785967, 29.17729610], [-90.04892254, 29.19207324], [-90.05941371, 29.42515645], [-90.05963391, 29.43238498], [-90.05959263, 29.44278658], [-90.05427487, 29.66558712], [-90.05377911, 29.67655359], [-90.05290440, 29.68665861], [-90.02999734, 29.90154400], [-90.02910926, 29.90885347], [-90.02761795, 29.91837303], [-90.02563579, 29.92841377], [-89.98126587, 30.13197514], [-89.97922314, 30.14062714], [-89.97667995, 30.14986448], [-89.97356044, 30.15968034], [-89.91054813, 30.34536443], [-89.90621843, 30.35720674], [-89.90261593, 30.36589544], [-89.89826682, 30.37534445], [-89.81745441, 30.54245830], [-89.81385156, 30.54963336], [-89.80914290, 30.55827050], [-89.80418207, 30.56660934], [-89.79845161, 30.57547324], [-89.69623797, 30.72733831], [-89.68990353, 30.73637192], [-89.68398322, 30.74417857], [-89.67773621, 30.75182335], [-89.67064311, 30.75989313], [-89.54440901, 30.89843976], [-89.53681633, 30.90647472], [-89.52969970, 30.91348672], [-89.52229459, 30.92028932], [-89.51398391, 30.92740885], [-89.36112967, 31.05385897], [-89.35221344, 31.06097254], [-89.34405369, 31.06703243], [-89.33493145, 31.07334116], [-89.15590364, 31.19276792], [-89.15087435, 31.19605380], [-89.14105880, 31.20210661], [-88.93660644, 31.32356231], [-88.93004199, 31.32736017], [-88.91993133, 31.33283919], [-88.68918639, 31.45305162], [-88.68133996, 31.45701127], [-88.67093296, 31.46188904], [-88.41277703, 31.57785251], [-88.40378890, 31.58173958], [-88.39310402, 31.58598557], [-88.10722964, 31.69435294], [-88.09711308, 31.69801513], [-88.08618607, 31.70159477], [-87.77989366, 31.79662519], [-87.77192115, 31.79899698], [-87.76059348, 31.80203292], [-87.43945873, 31.88275289], [-87.12162073, 31.96273115], [-87.11992577, 31.96317158], [-86.81252653, 32.04558710], [-86.81018308, 32.04624249], [-86.51026808, 32.13361401], [-86.50761302, 32.13442314], [-86.21745864, 32.22678190], [-86.21371925, 32.22804535], [-85.93493500, 32.32777769], [-85.93082010, 32.32934280], [-85.65640795, 32.44004094], [-85.65380544, 32.44112999], [-85.37962509, 32.56004977], [-85.37786470, 32.56083191], [-85.10642491, 32.68432918], [-85.10429633, 32.68532571], [-84.83865745, 32.81323897], [-84.83543650, 32.81485727], [-84.57706907, 32.95018278], [-84.57537719, 32.95108854], [-84.57237782, 32.95279392], [-84.32270015, 33.10024673], [-84.32055041, 33.10155159], [-84.31767393, 33.10341279], [-84.07716532, 33.26479123], [-84.07312726, 33.26764575], [-83.83730032, 33.44317600], [-83.83410029, 33.44566041], [-83.59924120, 33.63581079], [-83.59772575, 33.63706301], [-83.35830623, 33.83896537], [-83.35500133, 33.84171715], [-83.11013122, 34.04302437], [-83.10675233, 34.04576661], [-82.85977292, 34.24364325], [-82.85654113, 34.24620112], [-82.60866296, 34.44000701], [-82.60833596, 34.44026378], [-82.36300621, 34.63373856], [-82.36201758, 34.63452853], [-82.11796430, 34.83211251], [-82.11749841, 34.83249205], [-81.87263645, 35.03321465], [-81.85932728, 35.04359351], [-81.60469134, 35.23244252], [-81.59961757, 35.23612650], [-81.59018283, 35.24259662], [-81.45548707, 35.33168965], [-81.43840061, 35.35638230], [-81.42886184, 35.36964005], [-81.40337905, 35.40372524], [-81.39331866, 35.41668288], [-81.36649540, 35.44996713], [-81.35592565, 35.46260887], [-81.32779459, 35.49505163], [-81.31672836, 35.50736207], [-81.28732377, 35.53892382], [-81.27577454, 35.55088796], [-81.26060582, 35.56632639], [-81.13560582, 35.69132639], [-81.11432270, 35.71210293], [-81.09773554, 35.72791084], [-81.05960740, 35.76277219], [-81.04697046, 35.77385799], [-81.01354600, 35.80217366], [-81.00047574, 35.81286582], [-80.96594518, 35.84014091], [-80.95245751, 35.85042641], [-80.91686290, 35.87662771], [-80.90297427, 35.88649400], [-80.86635899, 35.91158960], [-80.85208631, 35.92102467], [-80.81449496, 35.94498397], [-80.79985563, 35.95397632], [-80.76133401, 35.97677014], [-80.74634586, 35.98530883], [-80.70694091, 36.00690940], [-80.69162219, 36.01498400], [-80.65138192, 36.03536500], [-80.63575130, 36.04296570], [-80.59472474, 36.06210230], [-80.57880126, 36.06921982], [-80.53703839, 36.08708870], [-80.52084146, 36.09371438], [-80.47839315, 36.11029378], [-80.46194251, 36.11641954], [-80.41886048, 36.13168926], [-80.40217616, 36.13730764], [-80.35851289, 36.15124907], [-80.34161522, 36.15635322], [-80.29742396, 36.16894937], [-80.28033353, 36.17353308], [-80.23566804, 36.18476862], [-80.21840566, 36.18882630], [-80.17332043, 36.19868752], [-80.15590715, 36.20221423], [-80.11045706, 36.21068913], [-80.09291407, 36.21368057], [-80.04715454, 36.22075882], [-80.02950323, 36.22321135], [-79.98348997, 36.22888433], [-79.96575184, 36.23079496], [-79.96374820, 36.23097970], [-79.77504072, 36.36290618], [-79.77140436, 36.36557136], [-79.56005961, 36.52790096], [-79.55773845, 36.52973947], [-79.34699580, 36.70185860], [-79.33520419, 36.71107217], [-79.11497798, 36.87566211], [-79.10458743, 36.88311864], [-79.09543057, 36.88920265], [-78.86513070, 37.03674194], [-78.85542920, 37.04272785], [-78.84571297, 37.04828446], [-78.60764926, 37.17929467], [-78.59890818, 37.18394091], [-78.58869362, 37.18897437], [-78.34558999, 37.30391960], [-78.33635443, 37.30812296], [-78.32579338, 37.31254550], [-78.07997280, 37.41090143], [-78.07003094, 37.41470797], [-78.05918260, 37.41848369], [-77.81511989, 37.49913304], [-77.80663165, 37.50182089], [-77.79541151, 37.50502947], [-77.55570478, 37.56953982], [-77.54810676, 37.57149530], [-77.53661253, 37.57413048], [-77.30555603, 37.62334022], [-77.29144843, 37.62606574], [-77.28021480, 37.62783775], [-77.05683977, 37.65955338], [-77.04103593, 37.66146406], [-77.02978195, 37.66241469], [-76.81135510, 37.67749538], [-76.80228330, 37.67801029], [-76.79049334, 37.67835409], [-76.57651356, 37.68131548], [-76.56122578, 37.68124098], [-76.34986108, 37.67625470], [-76.33696127, 37.67574624], [-76.12741509, 37.66416530], [-76.11304040, 37.66311572], [-75.90743012, 37.64444105], [-75.89219686, 37.64275050], [-75.88100398, 37.64110581], [-75.67407504, 37.60743242], [-75.65889646, 37.60464583], [-75.64876838, 37.60240897], [-75.63760969, 37.59957776], [-75.41980613, 37.54068374], [-75.41144104, 37.53831279], [-75.40115496, 37.53508558], [-75.39036059, 37.53132119], [-75.16074235, 37.44714493], [-75.14641740, 37.44154875], [-75.13626685, 37.43714213], [-74.89432878, 37.32745828], [-74.88366206, 37.32240508], [-74.87367538, 37.31726297], [-74.62043838, 37.18160460], [-74.60940587, 37.17543221], [-74.59993590, 37.16969149], [-74.33939626, 37.00578523], [-74.32804084, 36.99831912], [-74.31916367, 36.99200005], [-74.06019984, 36.80098998], [-74.05464913, 36.79679960], [-74.04584057, 36.78975081], [-73.79784305, 36.58422839], [-73.79328126, 36.58037079], [-73.78487900, 36.57286315], [-73.55084773, 36.35631651], [-73.54520282, 36.35095704], [-73.53742728, 36.34311046], [-73.31968403, 36.11547292], [-73.31490381, 36.11035433], [-73.30763020, 36.10208424], [-73.10589257, 35.86423885], [-73.10174798, 35.85923769], [-73.09500394, 35.85059154], [-72.91006972, 35.60438573], [-72.90684915, 35.60000785], [-72.90060546, 35.59099574], [-72.73438047, 35.34135206], [-72.72592299, 35.32790670], [-72.57593699, 35.07505688], [-72.56932730, 35.06332402], [-72.43356259, 34.80914178], [-72.42754794, 34.79724627], [-72.30552310, 34.54177315], [-72.30292301, 34.53615889], [-72.29873968, 34.52633674], [-72.19523752, 34.26974893], [-72.19103635, 34.25863683], [-72.18782802, 34.24895589], [-72.10784121, 33.99088075], [-72.10426623, 33.97825912], [-72.10195766, 33.96847758], [-72.04534923, 33.70559533], [-72.04316717, 33.69425081], [-72.04167336, 33.68423997], [-72.00683531, 33.41423481], [-72.00590354, 33.40593814], [-72.00512460, 33.39563814], [-71.98986574, 33.12151333], [-71.98951001, 33.11178420], [-71.98953467, 33.10156144], [-71.99569268, 32.82555099], [-71.99596538, 32.81819682], [-71.99671029, 32.80782480], [-72.02227084, 32.52944024], [-72.02425068, 32.51317655], [-72.06702281, 32.23144141], [-72.06944832, 32.21777073], [-72.12761234, 31.93154055], [-72.12985566, 31.92145736], [-72.20010916, 31.63100881], [-72.20201050, 31.62359097], [-72.28106824, 31.33169392], [-72.28372478, 31.32250384], [-72.37343390, 31.03070117], [-72.37634193, 31.02176903], [-72.47692508, 30.72925900], [-72.47817125, 30.72571089], [-72.58331400, 30.43250839], [-72.79370786, 29.84631092], [-72.79384839, 29.84591621], [-72.89623566, 29.55599360], [-72.89672526, 29.55456540], [-72.99291498, 29.26528724], [-72.99329445, 29.26411658], [-73.08482640, 28.97429600], [-73.08527123, 28.97284017], [-73.17090910, 28.68285860], [-73.17134949, 28.68131090], [-73.25031982, 28.39290568], [-73.25101525, 28.39018001], [-73.31834776, 28.10558817], [-73.31923682, 28.10131319], [-73.37019514, 27.81757582], [-73.37086260, 27.81314495], [-73.40559248, 27.52817736], [-73.40596854, 27.52429817], [-73.42666470, 27.23725319], [-73.42682576, 27.23419059], [-73.43639082, 26.94528337], [-73.43643177, 26.94208591], [-73.43424154, 26.64930772], [-73.43419063, 26.64700415], [-73.42331585, 26.35093981], [-73.42319964, 26.34866895], [-73.40375517, 26.05242634], [-73.40355725, 26.04998914], [-73.37494784, 25.75444571], [-73.37469366, 25.75216527], [-73.33776899, 25.45948170], [-73.33733219, 25.45648215], [-73.29015874, 25.17086501], [-73.28928811, 25.16639271], [-73.22671923, 24.88760968], [-73.22630988, 24.88587607], [-73.22548959, 24.88282422], [-73.14587706, 24.60817966], [-73.14455465, 24.60403587], [-73.04965114, 24.33193365], [-73.04842499, 24.32864578], [-72.94088016, 24.05801515], [-72.93977335, 24.05536465], [-72.82107269, 23.78437018], [-72.82034661, 23.78275913], [-72.69338711, 23.50880891], [-72.69311645, 23.50823065], [-72.56223619, 23.23135840], [-72.56162615, 23.23005969], [-72.43205764, 22.95246388], [-72.43002220, 22.94800626], [-72.30662109, 22.67166176], [-72.30468414, 22.66722577], [-72.18710186, 22.39172688], [-72.18498496, 22.38663362], [-72.07365825, 22.11143229], [-72.07098351, 22.10457019], [-71.96770855, 21.82928615], [-71.96307226, 21.81593728], [-71.87482445, 21.54003322], [-71.87327439, 21.53500313], [-71.87045145, 21.52475200], [-71.80066708, 21.25045089], [-71.79717030, 21.23486348], [-71.74459440, 20.96463035], [-71.74202369, 20.94908488], [-71.70593685, 20.68449364], [-71.70527713, 20.67922482], [-71.70428978, 20.66872087], [-71.68539660, 20.41338820], [-71.68487943, 20.40409391], [-71.68470089, 20.39384167], [-71.68530938, 20.14869571], [-71.68567626, 20.13550938], [-71.68640447, 20.12555408], [-71.70849196, 19.88843652], [-71.71025520, 19.87390262], [-71.71191465, 19.86413666], [-71.75607367, 19.63210537], [-71.75935089, 19.61721986], [-71.76194606, 19.60765206], [-71.82912508, 19.37786345], [-71.83179709, 19.36927570], [-71.83498968, 19.36019980], [-71.83880015, 19.35057347], [-71.93287621, 19.12565700], [-71.93770229, 19.11478909], [-71.94191602, 19.10625436], [-71.94690186, 19.09705058], [-72.07055048, 18.87871025], [-72.07732224, 18.86737396], [-72.08256019, 18.85938090], [-72.08869744, 18.85072910], [-72.24247109, 18.64215641], [-72.25086659, 18.63130298], [-72.25709188, 18.62390294], [-72.26431142, 18.61591993], [-72.44643769, 18.42159806], [-72.45564818, 18.41218073], [-72.46281475, 18.40539893], [-72.47100430, 18.39817219], [-72.67899816, 18.22092817], [-72.68935400, 18.21246664], [-72.69733792, 18.20642886], [-72.70639541, 18.20004875], [-72.93499358, 18.04470136], [-72.94547464, 18.03786106], [-72.95422255, 18.03258051], [-72.96401595, 18.02710055], [-73.20862905, 17.89543739], [-73.21679066, 17.89118595], [-73.22631312, 17.88657996], [-73.23667489, 17.88197410], [-73.49391225, 17.77253768], [-73.50857611, 17.76667213], [-73.51903683, 17.76293620], [-73.78625804, 17.67223753], [-73.80032334, 17.66777468], [-73.81116697, 17.66475391], [-74.08920672, 17.59195977], [-74.10447455, 17.58830048], [-74.11550205, 17.58607703], [-74.40687351, 17.53200703], [-74.41293655, 17.53093667], [-74.42388437, 17.52927562], [-74.43539258, 17.52789046], [-74.73849774, 17.49612520], [-74.75481443, 17.49476439], [-74.76607325, 17.49423830], [-75.07624233, 17.48450348], [-75.09187131, 17.48432925], [-75.10319605, 17.48460552], [-75.41581006, 17.49702474], [-75.42722179, 17.49765078], [-75.43879604, 17.49863987], [-75.75334332, 17.53039033], [-75.75965199, 17.53108392], [-75.77150501, 17.53267935], [-76.08639778, 17.58001282], [-76.10006152, 17.58230701], [-76.41518071, 17.64080031], [-76.42479692, 17.64270688], [-76.74070240, 17.70935956], [-76.74932052, 17.71127740], [-77.06668476, 17.78558964], [-77.07477598, 17.78757364], [-77.39502014, 17.86966080], [-77.40182860, 17.87147053], [-77.72615476, 17.96077042], [-77.72797031, 17.96127497], [-78.05179318, 18.05209730], [-78.05270111, 18.05234788], [-78.37059715, 18.13865923], [-78.37307373, 18.13930173], [-78.68185460, 18.21570830], [-78.68606337, 18.21666561], [-78.98581465, 18.27891896], [-78.98763434, 18.27928155], [-78.99113963, 18.27989460], [-79.28055276, 18.32591966], [-79.28424981, 18.32644653], [-79.28779606, 18.32683839], [-79.56680309, 18.35333784], [-79.57155081, 18.35369095], [-79.57512164, 18.35382843], [-79.84639147, 18.36011370], [-79.85119404, 18.36012615], [-79.85476574, 18.36000718], [-80.11721631, 18.34723780], [-80.12179017, 18.34692497], [-80.12533972, 18.34655688], [-80.37549900, 18.31672308], [-80.38057666, 18.31600316], [-80.38407767, 18.31537161], [-80.61606571, 18.26980686], [-80.61852895, 18.26929493], [-80.62198083, 18.26848147], [-80.62539826, 18.26756283], [-80.83839525, 18.20671967], [-80.84181973, 18.20568233], [-80.84515517, 18.20455541], [-80.84844375, 18.20332705], [-81.05174823, 18.12368345], [-81.05393868, 18.12279807], [-81.05713983, 18.12140326], [-81.06028354, 18.11991129], [-81.26537041, 18.01848134], [-81.26855775, 18.01683776], [-81.27157287, 18.01515387], [-81.48668646, 17.89033586], [-81.49039221, 17.88808117], [-81.71469894, 17.74508809], [-81.71724766, 17.74340953], [-81.94810490, 17.58638246], [-81.94923493, 17.58560261], [-82.18541606, 17.42024460], [-82.18591664, 17.41989187], [-82.42381553, 17.25117827], [-82.42429059, 17.25083930], [-82.66327071, 17.07927578], [-82.90336960, 16.90728292], [-82.90536523, 16.90586379], [-83.14516125, 16.73658682], [-83.14870157, 16.73411974], [-83.38894172, 16.56886580], [-83.39498172, 16.56480119], [-83.63638843, 16.40589075], [-83.64481066, 16.40051270], [-83.88841415, 16.24966076], [-83.89962043, 16.24299585], [-84.14678797, 16.10189684], [-84.16105273, 16.09416418], [-84.41402808, 15.96410465], [-84.41904726, 15.96157902], [-84.42964122, 15.95657395], [-84.68997097, 15.83867667], [-84.69741358, 15.83541169], [-84.70816933, 15.83104556], [-84.97706011, 15.72685250], [-84.99101071, 15.72177012], [-85.00167314, 15.71831500], [-85.28147034, 15.63248588], [-85.28907077, 15.63024704], [-85.29957885, 15.62745530], [-85.31080696, 15.62484385], [-85.59951449, 15.56240562], [-85.61118588, 15.56007556], [-85.62169365, 15.55831842], [-85.63317317, 15.55676081], [-85.93100930, 15.52100586], [-85.94469190, 15.51961286], [-85.95522807, 15.51889400], [-85.96683350, 15.51845889], [-86.26910870, 15.51175970], [-86.28315435, 15.51170531]]]}
    },
    {
      "type": "Feature",
      "properties": {"block_id": "ADC_NA_13", "basin_id": "BASIN_NA", "basin_label": "North American East and West Coasts", "domain_count": 3, "grid_cell_count": 129, "outer_area_km2": 4575436.350681, "shelf_width_km": 250.000000, "outer_buffer_km": 430.000000, "shelf_add_area_km2": 0.000000, "shelf_add_cell_count": 0, "shelf_add_component_count": 0, "bay_add_area_km2": 1613687.925918, "bay_add_cell_count": 1913, "bay_add_core_cell_count": 1913, "bay_add_component_count": 4, "open_ocean_area_risk": 0},
      "geometry": {"type": "Polygon", "coordinates": [[[-78.32174081, 7.53828803], [-78.59549876, 7.54187346], [-78.60330124, 7.54207166], [-78.61426086, 7.54266652], [-78.89573325, 7.56261431], [-78.90383584, 7.56329269], [-78.91471227, 7.56452535], [-79.19878734, 7.60149112], [-79.21094151, 7.60329034], [-79.49639868, 7.65068894], [-79.50233804, 7.65173517], [-79.51319359, 7.65394448], [-79.79538241, 7.71627134], [-79.80454793, 7.71842621], [-80.08284310, 7.78784506], [-80.08752471, 7.78904753], [-80.36249022, 7.86171649], [-80.37015661, 7.86383696], [-80.63946666, 7.94166433], [-80.64456290, 7.94317959], [-80.90935116, 8.02412845], [-80.91385293, 8.02553835], [-81.17420809, 8.10903501], [-81.17885495, 8.11056167], [-81.43347904, 8.19621923], [-81.44191151, 8.19917827], [-81.68795632, 8.28912231], [-81.70213045, 8.29466298], [-81.93648179, 8.39232394], [-81.94578687, 8.39637820], [-81.95544061, 8.40096837], [-82.17545630, 8.51017434], [-82.17989144, 8.51242318], [-82.18888103, 8.51727323], [-82.19804254, 8.52262539], [-82.40208396, 8.64653247], [-82.41028878, 8.65169305], [-82.41842982, 8.65719461], [-82.42696817, 8.66340162], [-82.61567370, 8.80560660], [-82.62545033, 8.81328724], [-82.63274843, 8.81947655], [-82.64051110, 8.82653736], [-82.81453421, 8.99045077], [-82.82351136, 8.99926419], [-82.83002750, 9.00617060], [-82.83691399, 9.01400346], [-82.99398080, 9.19913310], [-83.00136431, 9.20819103], [-83.00708561, 9.21577239], [-83.01303371, 9.22426614], [-83.15190756, 9.43029471], [-83.15762772, 9.43912202], [-83.16251628, 9.44729781], [-83.16748877, 9.45633600], [-83.28695896, 9.68306330], [-83.29057449, 9.69016841], [-83.29467558, 9.69891665], [-83.29869600, 9.70836966], [-83.39855810, 9.95553764], [-83.40077347, 9.96120454], [-83.40405723, 9.97039576], [-83.40714801, 9.98015700], [-83.48439483, 10.24055871], [-83.48810594, 10.25432144], [-83.49027273, 10.26401008], [-83.54552638, 10.53427155], [-83.54778895, 10.54676698], [-83.54916941, 10.55669378], [-83.58242106, 10.83299246], [-83.58375325, 10.84699404], [-83.58426371, 10.85689599], [-83.59369470, 11.14198053], [-83.59384437, 11.15187865], [-83.59362720, 11.16208758], [-83.58222775, 11.44902343], [-83.58174469, 11.45769957], [-83.58081924, 11.46795978], [-83.54957529, 11.75512362], [-83.54855736, 11.76332125], [-83.54693938, 11.77353564], [-83.49615755, 12.05994052], [-83.49490863, 12.06650641], [-83.49263658, 12.07672419], [-83.42388296, 12.36119231], [-83.42249178, 12.36668889], [-83.41960571, 12.37684231], [-83.33408254, 12.65806198], [-83.32892358, 12.67351572], [-83.22768125, 12.95162509], [-83.22254551, 12.96477350], [-83.10763690, 13.23993798], [-83.10208466, 13.25243810], [-82.97358370, 13.52512694], [-82.96848279, 13.53544483], [-82.82841211, 13.80589899], [-82.82431707, 13.81354060], [-82.67552813, 14.08205718], [-82.67188621, 14.08844910], [-82.51558953, 14.35534072], [-82.51225318, 14.36090364], [-82.34914027, 14.62654134], [-82.34670373, 14.63044432], [-82.17852379, 14.89546312], [-82.17821085, 14.89595523], [-82.00996479, 15.15998426], [-82.00960589, 15.16055220], [-81.84542963, 15.42253929], [-81.84463888, 15.42382532], [-81.68742669, 15.68444322], [-81.68640190, 15.68618675], [-81.53806449, 15.94529257], [-81.53669439, 15.94777755], [-81.40019259, 16.20506350], [-81.39859680, 16.20822348], [-81.27610943, 16.46344398], [-81.27437651, 16.46729006], [-81.16782024, 16.71992087], [-81.16713901, 16.72158375], [-81.16602635, 16.72453713], [-81.07718791, 16.97402685], [-81.07638669, 16.97638379], [-81.07547100, 16.97939717], [-81.00561353, 17.22536776], [-81.00480731, 17.22841852], [-81.00411627, 17.23148508], [-80.95430412, 17.47312796], [-80.95361236, 17.47691249], [-80.95317477, 17.48002056], [-80.92425579, 17.71693180], [-80.92383590, 17.72130816], [-80.92367479, 17.72443999], [-80.91603297, 17.95620804], [-80.91599417, 17.95788997], [-80.91601068, 17.96102546], [-80.91614279, 17.96415851], [-80.92990306, 18.19103884], [-80.93003714, 18.19290860], [-80.93035355, 18.19602980], [-80.93078485, 18.19913865], [-80.96586198, 18.42180069], [-80.96618071, 18.42368628], [-80.96679571, 18.42676731], [-80.96752393, 18.42982615], [-81.02387912, 18.64865892], [-81.02433062, 18.65034132], [-81.02523294, 18.65335830], [-81.02624596, 18.65634364], [-81.10383742, 18.87200233], [-81.10547811, 18.87621451], [-81.10675489, 18.87910780], [-81.20549265, 19.09231468], [-81.20725698, 19.09590687], [-81.20877104, 19.09869575], [-81.32841746, 19.30993141], [-81.33009781, 19.31277314], [-81.33181754, 19.31545307], [-81.47170704, 19.52511382], [-81.47322862, 19.52732186], [-81.47512660, 19.52989175], [-81.63479495, 19.73824458], [-81.63592393, 19.73968724], [-81.63796802, 19.74215470], [-81.81658982, 19.95019074], [-81.81927079, 19.95317762], [-82.01416194, 20.16094605], [-82.01638534, 20.16323530], [-82.22507237, 20.37077531], [-82.22665563, 20.37231265], [-82.44613863, 20.58039702], [-82.44709628, 20.58129215], [-82.67406731, 20.79045755], [-82.67437345, 20.79073841], [-82.90469340, 21.00109065], [-82.90668742, 21.00292712], [-83.13406292, 21.21409947], [-83.14096857, 21.22070543], [-83.35566793, 21.43225087], [-83.36371725, 21.44047028], [-83.56531844, 21.65383636], [-83.57525124, 21.66484900], [-83.76062355, 21.88022643], [-83.77113196, 21.89310231], [-83.94084634, 22.11256365], [-83.94506608, 22.11816214], [-83.95119535, 22.12682611], [-84.10404865, 22.35126624], [-84.10985628, 22.36013751], [-84.11519124, 22.36896834], [-84.24833243, 22.59856194], [-84.25448606, 22.60973052], [-84.25901322, 22.61878612], [-84.37145845, 22.85425164], [-84.37696438, 22.86650636], [-84.38069559, 22.87582642], [-84.47239570, 23.11752986], [-84.47696798, 23.13051332], [-84.47988317, 23.14006304], [-84.55076282, 23.38842893], [-84.55413487, 23.40139621], [-84.55624070, 23.41115887], [-84.60637917, 23.66623813], [-84.60855919, 23.67883199], [-84.60986048, 23.68876231], [-84.63920371, 23.94992197], [-84.64045551, 23.96441419], [-84.64087028, 23.97428564], [-84.64712748, 24.23987647], [-84.64717176, 24.25066997], [-84.64682893, 24.26081186], [-84.63269103, 24.53127347], [-84.63206444, 24.54036142], [-84.63099925, 24.55057939], [-84.59724431, 24.82523481], [-84.59566452, 24.83626403], [-84.59384293, 24.84623915], [-84.53818789, 25.12221855], [-84.53629400, 25.13088646], [-84.53374561, 25.14088552], [-84.45774602, 25.41779059], [-84.45620434, 25.42318266], [-84.45300639, 25.43325695], [-84.35929328, 25.71080309], [-84.35592306, 25.72022670], [-84.35211473, 25.72977650], [-84.23748216, 26.00271472], [-84.23219057, 26.01455861], [-84.22769812, 26.02360890], [-84.09099361, 26.28696543], [-84.08473531, 26.29838832], [-84.07950874, 26.30707763], [-83.92188364, 26.55881086], [-83.91549346, 26.56857654], [-83.90954487, 26.57695857], [-83.73332759, 26.81613607], [-83.72950992, 26.82119669], [-83.72282467, 26.82954328], [-83.53580288, 27.05476603], [-83.53005970, 27.06147307], [-83.52293628, 27.06926152], [-83.32417194, 27.27906768], [-83.31848009, 27.28491042], [-83.31081896, 27.29229622], [-83.10259572, 27.48614944], [-83.09421260, 27.49366835], [-83.08617775, 27.50037105], [-82.86753387, 27.67644346], [-82.85829014, 27.68360202], [-82.84978034, 27.68971317], [-82.62049702, 27.84847772], [-82.61088841, 27.85487041], [-82.60191985, 27.86038717], [-82.36427113, 28.00104825], [-82.35388081, 28.00693488], [-82.34452945, 28.01179832], [-82.09926634, 28.13412895], [-82.08728058, 28.13980008], [-82.07764244, 28.14392542], [-81.82499293, 28.24707675], [-81.81176534, 28.25214300], [-81.80186693, 28.25550284], [-81.54199696, 28.33889555], [-81.52786735, 28.34308154], [-81.51774852, 28.34565351], [-81.25077931, 28.40880394], [-81.23650990, 28.41184730], [-81.22619102, 28.41363377], [-80.95232433, 28.45638616], [-80.94063636, 28.45799517], [-80.93000722, 28.45908545], [-80.65214002, 28.48295183], [-80.63891886, 28.48382044], [-80.62833553, 28.48412755], [-80.34412024, 28.48767750], [-80.33200297, 28.48760533], [-80.32134348, 28.48716885], [-80.03014779, 28.47042166], [-80.02171760, 28.46982483], [-80.01084776, 28.46872927], [-79.71584864, 28.43405835], [-79.70830536, 28.43307952], [-79.69746589, 28.43135629], [-79.39787737, 28.37862455], [-79.39166296, 28.37746499], [-79.38085434, 28.37514634], [-79.07523695, 28.30425603], [-79.06185736, 28.30087117], [-78.75412216, 28.21647461], [-78.74525943, 28.21391666], [-78.43737769, 28.12059441], [-78.43182752, 28.11886099], [-78.12385931, 28.01982510], [-78.11936649, 28.01834625], [-77.81141785, 27.91463779], [-77.80818035, 27.91352957], [-77.50044085, 27.80647777], [-77.19291386, 27.69979398], [-77.19264776, 27.69970209], [-76.88660544, 27.59451298], [-76.88576807, 27.59422937], [-76.58011607, 27.49223266], [-76.57940158, 27.49199726], [-76.27402125, 27.39267447], [-76.27285929, 27.39230448], [-75.96666947, 27.29688581], [-75.96595973, 27.29666756], [-75.65962325, 27.20372374], [-75.65822458, 27.20331062], [-75.35319081, 27.11565356], [-75.35122551, 27.11511064], [-75.04609196, 27.03418620], [-75.04395778, 27.03364547], [-74.73732190, 26.95956358], [-74.73519682, 26.95907478], [-74.42614569, 26.89154844], [-74.42422862, 26.89114929], [-74.11265630, 26.82946698], [-74.11081196, 26.82911987], [-73.79631747, 26.77299049], [-73.79488075, 26.77274488], [-73.47805236, 26.72096267], [-73.47655432, 26.72072949], [-73.15819758, 26.67364814], [-73.15673687, 26.67344313], [-72.83561989, 26.63078678], [-72.83480893, 26.63068243], [-72.51137584, 26.59040713], [-72.51064656, 26.59031904], [-72.18581737, 26.55229038], [-72.18536367, 26.55223832], [-71.85865583, 26.51550071], [-71.85799122, 26.51542533], [-71.53064359, 26.47798242], [-71.52956097, 26.47785688], [-71.20251384, 26.43941664], [-71.20127305, 26.43926855], [-70.87476393, 26.39970952], [-70.87050956, 26.39916760], [-70.54495874, 26.35567039], [-70.54142375, 26.35517970], [-70.21655522, 26.30839514], [-70.21212255, 26.30772776], [-69.88816088, 26.25682557], [-69.88414593, 26.25617075], [-69.56087718, 26.20151312], [-69.55668453, 26.20077792], [-69.23411481, 26.14218467], [-69.23166351, 26.14173035], [-68.90960655, 26.08085012], [-68.90626565, 26.08020167], [-68.58503148, 26.01622398], [-68.57983785, 26.01514845], [-68.25961852, 25.94628949], [-68.25459331, 25.94516994], [-67.93520629, 25.87153120], [-67.93018977, 25.87033534], [-67.61176974, 25.79192794], [-67.60693814, 25.79070138], [-67.28968980, 25.70773502], [-67.28461333, 25.70636625], [-66.96871702, 25.61861649], [-66.96430996, 25.61736085], [-66.64985441, 25.52551367], [-66.64417660, 25.52380233], [-66.33179003, 25.42671732], [-66.32482668, 25.42447207], [-66.01496308, 25.32092169], [-66.00868682, 25.31875687], [-65.70158516, 25.20950732], [-65.69400136, 25.20670859], [-65.39056822, 25.09065557], [-65.38256640, 25.08747945], [-65.08351626, 24.96440764], [-65.07468073, 24.96062536], [-64.78105745, 24.83001267], [-64.77120658, 24.82544122], [-64.48405413, 24.68656987], [-64.47356492, 24.68127095], [-64.19385821, 24.53382172], [-64.18291915, 24.52779383], [-63.91166585, 24.37169726], [-63.89988003, 24.36458930], [-63.63795592, 24.19919072], [-63.62606597, 24.19132201], [-63.37430697, 24.01683927], [-63.36098181, 24.00710385], [-63.12131572, 23.82264411], [-63.10883303, 23.81254143], [-62.88058208, 23.61836127], [-62.86812457, 23.60719959], [-62.65163743, 23.40294471], [-62.64719366, 23.39866053], [-62.63965630, 23.39097095], [-62.43631726, 23.17612402], [-62.43158700, 23.17100306], [-62.42458042, 23.16294999], [-62.23586551, 22.93816667], [-62.23120006, 22.93246204], [-62.22473764, 22.92404748], [-62.05086960, 22.68914502], [-62.04680132, 22.68350448], [-62.04085984, 22.67472005], [-61.88168106, 22.43007523], [-61.87829539, 22.42473944], [-61.87287177, 22.41561018], [-61.72816488, 22.16176302], [-61.72542000, 22.15682915], [-61.72051456, 22.14738932], [-61.59004255, 21.88484156], [-61.58786439, 21.88035282], [-61.58347642, 21.87063800], [-61.46732448, 21.60053462], [-61.46142890, 21.58577448], [-61.35897181, 21.30841226], [-61.35419034, 21.29442723], [-61.26473230, 21.01026470], [-61.26086734, 20.99692169], [-61.18397485, 20.70655567], [-61.18100013, 20.69428575], [-61.11585481, 20.39853616], [-61.11389408, 20.38888165], [-61.05804342, 20.08862595], [-61.05681879, 20.08157383], [-61.00787797, 19.77824258], [-61.00673449, 19.77051377], [-60.96555406, 19.46457452], [-60.96478688, 19.45838655], [-60.92986626, 19.15038399], [-60.92933562, 19.14531742], [-60.89958406, 18.83572889], [-60.89934460, 18.83311643], [-60.87224804, 18.52245532], [-60.87219458, 18.52183487], [-60.84579457, 18.21167285], [-60.84575646, 18.21123830], [-60.81784775, 17.90210511], [-60.81781295, 17.90172891], [-60.78860215, 17.59345548], [-60.78853234, 17.59274996], [-60.75684559, 17.28559833], [-60.75677677, 17.28495523], [-60.72290789, 16.97939915], [-60.72275425, 16.97810371], [-60.68435150, 16.67420865], [-60.68420538, 16.67310988], [-60.64180724, 16.36939772], [-60.64164182, 16.36826799], [-60.59502452, 16.06411954], [-60.59492794, 16.06350443], [-60.54602454, 15.75927835], [-60.54585932, 15.75828774], [-60.49333301, 15.45437929], [-60.49323421, 15.45381880], [-60.43840565, 15.14871591], [-60.43834634, 15.14838951], [-60.38210017, 14.84223053], [-60.32572618, 14.53551604], [-60.32549438, 14.53423933], [-60.27054554, 14.22780713], [-60.27002306, 14.22480548], [-60.21840970, 13.91907177], [-60.21751318, 13.91343352], [-60.17203599, 13.60867479], [-60.17082002, 13.59956805], [-60.13505348, 13.29615930], [-60.13415370, 13.28742098], [-60.10762518, 12.98629045], [-60.10687967, 12.97565293], [-60.09136031, 12.67782977], [-60.09097557, 12.66566545], [-60.08769845, 12.37228742], [-60.08791402, 12.35716080], [-60.09938942, 12.06803063], [-60.09968986, 12.06213368], [-60.10053489, 12.05166770], [-60.12872426, 11.76782819], [-60.12963163, 11.75988342], [-60.13114729, 11.74963600], [-60.17733702, 11.47264472], [-60.17927872, 11.46222683], [-60.18151837, 11.45228795], [-60.24689849, 11.18509733], [-60.25094523, 11.17029223], [-60.25397511, 11.16089457], [-60.33956784, 10.91111617], [-60.34155304, 10.90552605], [-60.34509436, 10.89640988], [-60.34916010, 10.88697425], [-60.45246103, 10.65871320], [-60.45673105, 10.64970299], [-60.46111824, 10.64123801], [-60.46619423, 10.63225151], [-60.58823097, 10.42498151], [-60.59432281, 10.41509240], [-60.59959097, 10.40722287], [-60.60566716, 10.39881074], [-60.74623115, 10.21131751], [-60.75341016, 10.20212540], [-60.75954971, 10.19484217], [-60.76655395, 10.18710339], [-60.92685283, 10.01612589], [-60.93167171, 10.01110888], [-60.93874925, 10.00416323], [-60.94648904, 9.99707995], [-61.12428089, 9.83995802], [-61.13496815, 9.83093610], [-61.14308852, 9.82461767], [-61.33966730, 9.67702600], [-61.34690138, 9.67175985], [-61.35573887, 9.66574794], [-61.56830260, 9.52640643], [-61.57829386, 9.52012346], [-61.58739917, 9.51484355], [-61.81618125, 9.38732281], [-61.82822816, 9.38094199], [-61.83762984, 9.37641388], [-62.08227442, 9.26362988], [-62.09294199, 9.25894659], [-62.10280155, 9.25502414], [-62.36174866, 9.15700399], [-62.37325703, 9.15289546], [-62.38336083, 9.14968946], [-62.65409019, 9.06873192], [-62.66865654, 9.06473847], [-62.67880761, 9.06238309], [-62.95922275, 9.00220819], [-62.97213186, 8.99970759], [-62.98258463, 8.99807712], [-63.27047089, 8.95804279], [-63.27905669, 8.95696717], [-63.28991881, 8.95593709], [-63.58422557, 8.93293017], [-63.59942132, 8.93207355], [-63.89996573, 8.92166536], [-63.90931357, 8.92146627], [-64.21494465, 8.91902977], [-64.22259636, 8.91905218], [-64.53171587, 8.92332818], [-64.54166121, 8.92360681], [-64.85375457, 8.93678089], [-64.86426039, 8.93738235], [-65.17806862, 8.96007573], [-65.19077046, 8.96122692], [-65.50436354, 8.99541339], [-65.51035733, 8.99611913], [-65.82175507, 9.03550878], [-65.82564386, 9.03602285], [-66.13502826, 9.07868691], [-66.13591251, 9.07881000], [-66.44432472, 9.12214248], [-66.44472796, 9.12219830], [-66.75247054, 9.16415916], [-66.75304510, 9.16423581], [-67.06131157, 9.20444880], [-67.06155386, 9.20448011], [-67.37067209, 9.24403629], [-67.37370685, 9.24443813], [-67.68385511, 9.28688721], [-67.68560088, 9.28713063], [-67.99639791, 9.33126516], [-68.00072167, 9.33190675], [-68.31210653, 9.38010347], [-68.31254124, 9.38017104], [-68.62328459, 9.42866918], [-68.62373727, 9.42873877], [-68.93420355, 9.47573623], [-68.93667819, 9.47611990], [-69.24549944, 9.52513421], [-69.24646184, 9.52528215], [-69.55232402, 9.57077419], [-69.55447162, 9.57106984], [-69.85913019, 9.60964908], [-69.86156393, 9.60992704], [-70.16603524, 9.64092989], [-70.16840715, 9.64114294], [-70.47284061, 9.66484247], [-70.47444267, 9.66495427], [-70.77780168, 9.68368353], [-70.77965214, 9.68378062], [-71.07585325, 9.69657618], [-71.07964088, 9.69666815], [-71.36333604, 9.69819443], [-71.36513048, 9.69818803], [-71.36844165, 9.69809185], [-71.63800893, 9.68580198], [-71.64165742, 9.68556889], [-71.64495221, 9.68524302], [-71.90491305, 9.65518190], [-71.90828869, 9.65473317], [-71.91155085, 9.65418743], [-72.17269170, 9.60603710], [-72.17533773, 9.60551208], [-72.17855682, 9.60477183], [-72.44250158, 9.53943787], [-72.44528714, 9.53870529], [-72.44844826, 9.53776758], [-72.70953673, 9.45555569], [-72.71230061, 9.45464034], [-72.71538980, 9.45350804], [-72.97090543, 9.35496484], [-72.97290326, 9.35416905], [-72.97591826, 9.35286989], [-73.22612368, 9.24002594], [-73.23017919, 9.23808275], [-73.47657235, 9.11292003], [-73.47941158, 9.11141788], [-73.72849520, 8.97428136], [-73.72901864, 8.97399105], [-73.97979415, 8.83388473], [-73.98138862, 8.83297383], [-74.23201996, 8.68659655], [-74.23486000, 8.68495640], [-74.48681911, 8.54108148], [-74.49462301, 8.53676125], [-74.74362049, 8.40318755], [-74.74582218, 8.40201690], [-74.99350939, 8.27149082], [-74.99803228, 8.26915067], [-75.24119816, 8.14564618], [-75.24975605, 8.14144980], [-75.48630564, 8.02954707], [-75.50048316, 8.02323129], [-75.73064057, 7.92691027], [-75.73820494, 7.92386049], [-75.74840554, 7.92009781], [-75.97656764, 7.84024882], [-75.98423740, 7.83767549], [-75.99467013, 7.83451552], [-76.22350679, 7.76934795], [-76.22969785, 7.76765460], [-76.24042041, 7.76503168], [-76.47210249, 7.71242317], [-76.47777888, 7.71119098], [-76.48868089, 7.70912099], [-76.72571341, 7.66817450], [-76.74043809, 7.66595286], [-76.98520830, 7.63433645], [-76.99453262, 7.63325893], [-77.24640061, 7.60756854], [-77.25191258, 7.60705028], [-77.50706801, 7.58509166], [-77.50953879, 7.58488782], [-77.76570268, 7.56466649], [-77.77174053, 7.56424227], [-78.03078977, 7.54828706], [-78.03995496, 7.54784281], [-78.30474078, 7.53847723], [-78.32174081, 7.53828803]]]}
    },
    {
      "type": "Feature",
      "properties": {"block_id": "ADC_NA_14", "basin_id": "BASIN_NA", "basin_label": "North American East and West Coasts", "domain_count": 3, "grid_cell_count": 240, "outer_area_km2": 1954496.018110, "shelf_width_km": 250.000000, "outer_buffer_km": 430.000000, "shelf_add_area_km2": 0.000000, "shelf_add_cell_count": 0, "shelf_add_component_count": 0, "bay_add_area_km2": 279854.568218, "bay_add_cell_count": 267, "bay_add_core_cell_count": 267, "bay_add_component_count": 1, "open_ocean_area_risk": 0},
      "geometry": {"type": "Polygon", "coordinates": [[[-79.41064882, 27.70638367], [-79.69273703, 27.70744190], [-79.70234271, 27.70758076], [-79.71435490, 27.70805046], [-79.72709316, 27.70890460], [-79.99549043, 27.73066810], [-80.00954472, 27.73202545], [-80.02110190, 27.73348590], [-80.03364996, 27.73543164], [-80.29221592, 27.77927238], [-80.29943432, 27.78056033], [-80.31124527, 27.78294713], [-80.32257497, 27.78557534], [-80.33471695, 27.78876236], [-80.57960445, 27.85683905], [-80.58939531, 27.85968807], [-80.60050136, 27.86324386], [-80.61129074, 27.86705202], [-80.62279174, 27.87150028], [-80.85511937, 27.96538586], [-80.86342932, 27.96885412], [-80.87392249, 27.97356502], [-80.88399542, 27.97846400], [-80.89466899, 27.98407171], [-81.11571224, 28.10466689], [-81.13142008, 28.11372011], [-81.14030420, 28.11932256], [-81.15004681, 28.12591984], [-81.36065158, 28.27365330], [-81.37193900, 28.28190722], [-81.38019532, 28.28842363], [-81.38895987, 28.29584163], [-81.58658523, 28.46906475], [-81.59544425, 28.47712102], [-81.60287069, 28.48438236], [-81.61059757, 28.49250029], [-81.79068371, 28.68871983], [-81.79835489, 28.69740453], [-81.80477947, 28.70525742], [-81.81138454, 28.71398196], [-81.97069918, 28.93296881], [-81.97394542, 28.93753120], [-81.97969543, 28.94614734], [-81.98530168, 28.95530528], [-82.12648918, 29.19653113], [-82.13401355, 29.21027715], [-82.13846751, 29.21946134], [-82.25863963, 29.48072817], [-82.26442037, 29.49429661], [-82.26792093, 29.50378930], [-82.36206742, 29.77660106], [-82.36595372, 29.78888426], [-82.36855024, 29.79868112], [-82.43516291, 30.07366067], [-82.43762317, 30.08500392], [-82.43931763, 30.09500892], [-82.48054098, 30.37521515], [-82.48213109, 30.38865698], [-82.48280313, 30.39859608], [-82.49576281, 30.68232857], [-82.49599499, 30.69576733], [-82.49566644, 30.70572181], [-82.48019361, 30.98741630], [-82.47912404, 31.00038101], [-82.47781018, 31.01031586], [-82.43447214, 31.29095066], [-82.43328034, 31.29794717], [-82.43113598, 31.30821975], [-82.36646659, 31.58779272], [-82.36390181, 31.59794074], [-82.28692643, 31.87856400], [-82.28506805, 31.88501301], [-82.19975118, 32.16742795], [-82.19771539, 32.17386727], [-82.10424120, 32.45688394], [-82.10155140, 32.46462498], [-81.99862742, 32.74677130], [-81.99399345, 32.75859985], [-81.87623010, 33.03961267], [-81.87369008, 33.04548040], [-81.62310335, 33.60634716], [-81.49756575, 33.88698044], [-81.49681650, 33.88864063], [-81.36961101, 34.16803638], [-81.36939921, 34.16850565], [-81.24483064, 34.44691984], [-81.24461650, 34.44740279], [-81.12290728, 34.72440816], [-81.12236901, 34.72566285], [-81.00610300, 35.00335220], [-81.00590695, 35.00382480], [-80.89128873, 35.28271505], [-80.89100011, 35.28342733], [-80.77979008, 35.56184490], [-80.77944239, 35.56273116], [-80.67223325, 35.84105175], [-80.67174465, 35.84235528], [-80.56874668, 36.12492497], [-80.56824632, 36.12628621], [-80.46295925, 36.41034665], [-80.46288778, 36.41054026], [-80.35900506, 36.69314671], [-80.35862546, 36.69420330], [-80.25877748, 36.97868627], [-80.25847436, 36.97956713], [-80.16097150, 37.26866568], [-80.16073679, 37.26935847], [-80.06213950, 37.55906329], [-80.05860509, 37.56882172], [-79.94952952, 37.85268934], [-79.94314728, 37.86790185], [-79.90342090, 37.95512870], [-79.90342090, 38.25000000], [-79.90305529, 38.27608863], [-79.90249289, 38.29615180], [-79.90003129, 38.34258013], [-79.89881003, 38.35822757], [-79.89474452, 38.39886053], [-79.89283895, 38.41446446], [-79.88699700, 38.45495956], [-79.88440945, 38.47050097], [-79.87679817, 38.51080889], [-79.87353179, 38.52626885], [-79.86416046, 38.56634044], [-79.86021923, 38.58170011], [-79.84909926, 38.62148661], [-79.84448798, 38.63672727], [-79.83163293, 38.67618015], [-79.82635722, 38.69128325], [-79.81178274, 38.73035448], [-79.80584903, 38.74530160], [-79.78957288, 38.78394356], [-79.78298839, 38.79871650], [-79.76503041, 38.83688212], [-79.75780317, 38.85146288], [-79.73818523, 38.88910564], [-79.73032404, 38.90347645], [-79.70907004, 38.94055052], [-79.70058449, 38.95469388], [-79.67772032, 38.99115408], [-79.66862073, 39.00505275], [-79.64417426, 39.04085464], [-79.63447174, 39.05449169], [-79.60847274, 39.08959166], [-79.59817909, 39.10295048], [-79.57065925, 39.13730579], [-79.55978701, 39.15037010], [-79.53077986, 39.18393886], [-79.51934229, 39.19669274], [-79.48888316, 39.22943407], [-79.47689419, 39.24186198], [-79.46113165, 39.25790986], [-78.58613165, 40.13290986], [-78.57456772, 40.14432591], [-78.56560352, 40.15306260], [-78.53725532, 40.17986035], [-78.52435253, 40.19169245], [-78.49338067, 40.21911268], [-78.46865967, 40.24895789], [-78.46037593, 40.25856639], [-78.24759362, 40.49582974], [-78.23734123, 40.50675278], [-78.01020084, 40.73811202], [-77.99715950, 40.75070736], [-77.75302856, 40.97439183], [-77.74768057, 40.97919206], [-77.49482474, 41.20153498], [-77.48950765, 41.20611816], [-77.22948042, 41.42583783], [-77.22475463, 41.42976248], [-76.95921682, 41.64649997], [-76.95427672, 41.65046118], [-76.68416566, 41.86323482], [-76.67729185, 41.86851992], [-76.40189319, 42.07519557], [-76.39288421, 42.08174997], [-76.11077086, 42.28071314], [-75.82837958, 42.47988114], [-75.82819312, 42.48001294], [-75.54833974, 42.67827223], [-75.54739236, 42.67895107], [-75.27361402, 42.87736710], [-75.27189379, 42.87864015], [-75.00569252, 43.07979545], [-75.00344400, 43.08154259], [-74.74150050, 43.29083003], [-74.74058859, 43.29156707], [-74.47719569, 43.50691983], [-74.47068193, 43.51212246], [-74.19843975, 43.72454126], [-74.18605371, 43.73379793], [-73.90248918, 43.93675625], [-73.88967822, 43.94553784], [-73.59683797, 44.13773044], [-73.58382536, 44.14591117], [-73.28383013, 44.32649334], [-73.27078332, 44.33401847], [-72.96567223, 44.50254396], [-72.95284924, 44.50933524], [-72.64585930, 44.66512501], [-72.63017216, 44.67268334], [-72.31786761, 44.81536582], [-72.31076290, 44.81853455], [-72.02699200, 44.94204951], [-71.83613165, 45.13290986], [-71.82456771, 45.14432592], [-71.81560352, 45.15306260], [-71.78725532, 45.17986035], [-71.77435252, 45.19169246], [-71.74013685, 45.22198452], [-71.72672390, 45.23345046], [-71.69120287, 45.26277219], [-71.67729611, 45.27385799], [-71.64051301, 45.30217366], [-71.62612939, 45.31286582], [-71.58812903, 45.34014091], [-71.57328606, 45.35042641], [-71.53411474, 45.37662771], [-71.51883052, 45.38649400], [-71.47853596, 45.41158960], [-71.46282909, 45.42102467], [-71.42146039, 45.44498397], [-71.40535003, 45.45397632], [-71.36295758, 45.47677014], [-71.34646334, 45.48530883], [-71.30309881, 45.50690940], [-71.28624079, 45.51498400], [-71.24195699, 45.53536500], [-71.22475573, 45.54296570], [-71.17960663, 45.56210230], [-71.16208309, 45.56921982], [-71.11612368, 45.58708870], [-71.09829921, 45.59371438], [-71.05158550, 45.61029378], [-71.03348182, 45.61641954], [-70.98607071, 45.63168926], [-70.96770986, 45.63730764], [-70.91965912, 45.65124907], [-70.90106349, 45.65635322], [-70.85243168, 45.66894937], [-70.83362391, 45.67353308], [-70.78447024, 45.68476862], [-70.76547325, 45.68882630], [-70.71585765, 45.69868752], [-70.69669459, 45.70221423], [-70.64667747, 45.71068913], [-70.62737168, 45.71368057], [-70.57701400, 45.72075882], [-70.55758901, 45.72321135], [-70.50695214, 45.72888433], [-70.48743161, 45.73079496], [-70.43657718, 45.73505575], [-70.41698490, 45.73642215], [-70.36597495, 45.73926556], [-70.34633478, 45.74008607], [-70.29523139, 45.74150864], [-70.27556726, 45.74178225], [-70.25000000, 45.74196011], [-70.00000000, 45.74196011], [-69.98159338, 45.74186793], [-69.96743556, 45.74172612], [-69.92347826, 45.74075967], [-69.90382896, 45.74009227], [-69.85278656, 45.73764654], [-69.85112821, 45.73754390], [-69.65174987, 45.78576368], [-69.64389500, 45.78758422], [-69.63215518, 45.79001253], [-69.61967718, 45.79222612], [-69.31152467, 45.84240947], [-69.30115923, 45.84397203], [-69.28934295, 45.84544215], [-69.27665150, 45.84666121], [-68.97276585, 45.87156994], [-68.96227715, 45.87230653], [-68.95033504, 45.87283848], [-68.93755457, 45.87305158], [-68.63496902, 45.87388643], [-68.62664511, 45.87383110], [-68.61453536, 45.87346804], [-68.60178568, 45.87272992], [-68.29815796, 45.85089937], [-68.29170004, 45.85038584], [-68.27954833, 45.84915533], [-68.26693092, 45.84751917], [-67.96271199, 45.80371227], [-67.94586368, 45.80096507], [-67.93376000, 45.79858073], [-67.63039183, 45.73432098], [-67.61317559, 45.73031950], [-67.60141090, 45.72715805], [-67.30397235, 45.64259300], [-67.29195690, 45.63898647], [-67.28016214, 45.63506552], [-66.98921652, 45.53355883], [-66.97821638, 45.52954650], [-66.96673608, 45.52497620], [-66.68549619, 45.40808274], [-66.67671588, 45.40430874], [-66.66548620, 45.39911340], [-66.39482909, 45.26880950], [-66.38572480, 45.26427790], [-66.37498437, 45.25853942], [-66.11729316, 45.11560032], [-66.11243141, 45.11285261], [-66.10181066, 45.10650964], [-65.85619481, 44.95441548], [-65.84548389, 44.94752310], [-65.83588674, 44.94087668], [-65.60659264, 44.77639634], [-65.60006504, 44.77159474], [-65.59143773, 44.76485618], [-65.58262478, 44.75747472], [-65.37128731, 44.57416235], [-65.36522891, 44.56877088], [-65.35745451, 44.56141692], [-65.34956296, 44.55340027], [-65.15440345, 44.34785952], [-65.14943343, 44.34249414], [-65.14252544, 44.33456019], [-65.13560751, 44.32599113], [-64.95731824, 44.09644176], [-64.95322070, 44.09103047], [-64.94724525, 44.08260052], [-64.94134880, 44.07355913], [-64.78515328, 43.82348491], [-64.77850696, 43.81225942], [-64.77357718, 43.80302987], [-64.63725271, 43.53491460], [-64.63294072, 43.52601718], [-64.62872126, 43.51634876], [-64.51261900, 43.23455955], [-64.50781250, 43.22201725], [-64.40732476, 42.93878850], [-64.40449226, 42.93036009], [-64.31456575, 42.64710573], [-64.31107732, 42.63513945], [-64.23606885, 42.35294133], [-64.23282094, 42.33922772], [-64.17415598, 42.05734318], [-64.17289986, 42.05083624], [-64.17128510, 42.04046791], [-64.13367657, 41.75886979], [-64.13271611, 41.75052462], [-64.13194681, 41.74022332], [-64.11703499, 41.45741923], [-64.11671059, 41.44587344], [-64.11689637, 41.43578142], [-64.12829786, 41.15297890], [-64.12902617, 41.14168483], [-64.13014141, 41.13161375], [-64.16773494, 40.84861184], [-64.16904250, 40.84000610], [-64.17101175, 40.82982751], [-64.23163613, 40.54909063], [-64.23381396, 40.53989530], [-64.23662223, 40.52989307], [-64.32152090, 40.25048231], [-64.32386568, 40.24318829], [-64.32748350, 40.23321664], [-64.43434035, 39.95685794], [-64.43846925, 39.94682610], [-64.44287143, 39.93728719], [-64.57431037, 39.66712473], [-64.57851732, 39.65885842], [-64.58375611, 39.64946387], [-64.73711811, 39.38688920], [-64.74222372, 39.37850271], [-64.74822356, 39.36943444], [-64.92450574, 39.11390810], [-64.92795458, 39.10902697], [-64.93474471, 39.10000859], [-65.12827246, 38.85285332], [-65.13793452, 38.84110646], [-65.34624199, 38.59978630], [-65.35443146, 38.59065256], [-65.57578363, 38.35286959], [-65.58084024, 38.34755633], [-65.81049997, 38.11148250], [-65.81195857, 38.10999244], [-66.04409566, 37.87431146], [-66.04591955, 37.87247387], [-66.28106764, 37.63736462], [-66.28386402, 37.63460087], [-66.52344205, 37.40053492], [-66.52362814, 37.40035263], [-66.76171716, 37.16649503], [-66.76206165, 37.16615498], [-66.99576173, 36.93431188], [-66.99713075, 36.93292608], [-67.22054072, 36.70215368], [-67.22211415, 36.70048881], [-67.43538186, 36.46929421], [-67.43728733, 36.46716426], [-67.64099088, 36.23230298], [-67.64202614, 36.23108828], [-67.84099627, 35.99347248], [-67.84241739, 35.99173210], [-68.03390756, 35.75118757], [-68.03508878, 35.74967063], [-68.22232901, 35.50379581], [-68.22281050, 35.50315758], [-68.40860207, 35.25456199], [-68.40930949, 35.25360196], [-68.59210246, 35.00197734], [-68.59228087, 35.00173085], [-68.77414668, 34.74954365], [-68.77486671, 34.74853005], [-68.95240047, 34.49479100], [-68.95319934, 34.49362916], [-69.12713528, 34.23617851], [-69.12787157, 34.23507023], [-69.29864089, 33.97362837], [-69.29931481, 33.97257989], [-69.46765941, 33.70638506], [-69.46797972, 33.70587453], [-69.63589204, 33.43611238], [-69.63671879, 33.43479196], [-69.80623910, 33.16562697], [-69.81109974, 33.15816006], [-69.98713552, 32.89636157], [-69.99477085, 32.88552630], [-70.18086991, 32.63324444], [-70.19092566, 32.62033684], [-70.38960228, 32.37855328], [-70.40069803, 32.36575271], [-70.61136514, 32.13513490], [-70.62221710, 32.12380424], [-70.84493172, 31.90188273], [-70.85582273, 31.89149698], [-71.09131323, 31.67651118], [-71.10197150, 31.66716661], [-71.35125047, 31.45724328], [-71.36062600, 31.44961187], [-71.62253378, 31.24354852], [-71.63366928, 31.23512207], [-71.90955782, 31.03434386], [-71.92051384, 31.02666193], [-72.20780195, 30.83262117], [-72.22057684, 30.82435144], [-72.51920760, 30.63914089], [-72.53231171, 30.63135572], [-72.84213546, 30.45512881], [-72.85020234, 30.45066019], [-73.16650861, 30.28006003], [-73.17389938, 30.27616952], [-73.49690387, 30.11026091], [-73.49915653, 30.10911245], [-73.82411345, 29.94467558], [-73.82433036, 29.94456554], [-74.14734937, 29.78028389], [-74.14806965, 29.77991449], [-74.46764189, 29.61464823], [-74.46840075, 29.61425232], [-74.78689759, 29.44662358], [-75.10660943, 29.27826526], [-75.10988488, 29.27655897], [-75.43184734, 29.11064908], [-75.43412632, 29.10948352], [-75.75642867, 28.94588836], [-75.75719645, 28.94549516], [-76.07762069, 28.77993103], [-76.07792729, 28.77977205], [-76.39887135, 28.61275757], [-76.40452867, 28.60986806], [-76.72572894, 28.44887310], [-76.73537265, 28.44419158], [-77.05268175, 28.29507543], [-77.06544060, 28.28933142], [-77.38096531, 28.15338215], [-77.39772872, 28.14656614], [-77.71331901, 28.02572120], [-77.72349882, 28.02197645], [-77.73537927, 28.01797868], [-78.05001977, 27.91722246], [-78.06447998, 27.91286868], [-78.07642159, 27.90968404], [-78.39146061, 27.83051416], [-78.40723825, 27.82685246], [-78.41939044, 27.82444308], [-78.72998781, 27.76743116], [-78.74563483, 27.76484020], [-78.75801727, 27.76318797], [-79.06111285, 27.72706784], [-79.07539591, 27.72559215], [-79.08800995, 27.72466515], [-79.38167528, 27.70719806], [-79.39813064, 27.70651088], [-79.41064882, 27.70638367]]]}
    },
    {
      "type": "Feature",
      "properties": {"block_id": "ADC_NA_15", "basin_id": "BASIN_NA", "basin_label": "North American East and West Coasts", "domain_count": 3, "grid_cell_count": 214, "outer_area_km2": 2165388.697941, "shelf_width_km": 250.000000, "outer_buffer_km": 430.000000, "shelf_add_area_km2": 0.000000, "shelf_add_cell_count": 0, "shelf_add_component_count": 0, "bay_add_area_km2": 795716.098596, "bay_add_cell_count": 740, "bay_add_core_cell_count": 740, "bay_add_component_count": 3, "open_ocean_area_risk": 0},
      "geometry": {"type": "Polygon", "coordinates": [[[-71.62273654, 37.58813728], [-72.03943973, 37.59067908], [-72.04722389, 37.59078067], [-72.06223724, 37.59126483], [-72.47407896, 37.60959690], [-72.48809100, 37.61038745], [-72.50257626, 37.61155676], [-72.89855736, 37.64843831], [-72.91136425, 37.64977455], [-72.92578518, 37.65162309], [-73.30382208, 37.70487433], [-73.31322398, 37.70628085], [-73.32769629, 37.70875974], [-73.69159211, 37.77582560], [-73.70397072, 37.77825193], [-73.71795718, 37.78134566], [-74.05796843, 37.86115185], [-74.06830060, 37.86368569], [-74.08211481, 37.86741289], [-74.39000697, 37.95483760], [-74.40501599, 37.95933921], [-74.41805282, 37.96365458], [-74.69279214, 38.05874068], [-74.70022552, 38.06138194], [-74.71241561, 38.06601824], [-74.72494925, 38.07118988], [-74.96461306, 38.17406837], [-74.98124669, 38.18158754], [-74.99191596, 38.18685392], [-75.00350725, 38.19301044], [-75.21258987, 38.30814174], [-75.22288073, 38.31399762], [-75.23308302, 38.32021141], [-75.24290221, 38.32662687], [-75.25318718, 38.33383295], [-75.43437490, 38.46529110], [-75.44669107, 38.47461939], [-75.45525094, 38.48163121], [-75.46361624, 38.48898873], [-75.47227622, 38.49717625], [-75.62281100, 38.64481698], [-75.63427190, 38.65664756], [-75.64112425, 38.66439321], [-75.64779475, 38.67255647], [-75.65457631, 38.68157149], [-75.77307008, 38.84598513], [-75.77995509, 38.85600542], [-75.78529658, 38.86456268], [-75.79024348, 38.87330714], [-75.79512753, 38.88290577], [-75.88187465, 39.06328343], [-75.88592565, 39.07217747], [-75.88959951, 39.08128812], [-75.89279651, 39.09042373], [-75.89576483, 39.10039951], [-75.94905678, 39.29657947], [-75.95137911, 39.30596370], [-75.95323298, 39.31532780], [-75.95461224, 39.32468418], [-75.95560058, 39.33485084], [-75.97069626, 39.54389632], [-75.97101404, 39.54938081], [-75.97119676, 39.55912203], [-75.97090451, 39.56852594], [-75.97008056, 39.57869978], [-75.94672627, 39.79900610], [-75.94477997, 39.81292834], [-75.94297885, 39.82197541], [-75.94046804, 39.83201265], [-75.87752497, 40.06014154], [-75.87532015, 40.06759683], [-75.87213131, 40.07692328], [-75.86825135, 40.08674430], [-75.76843701, 40.32325903], [-75.76390498, 40.33332642], [-75.75905307, 40.34290530], [-75.63136511, 40.58168598], [-75.62861555, 40.58667889], [-75.62282258, 40.59640191], [-75.47096240, 40.83927256], [-75.46245593, 40.85208553], [-75.28828711, 41.09971810], [-75.27812046, 41.11332436], [-75.07961866, 41.36389176], [-75.06994502, 41.37550985], [-74.85322884, 41.62344501], [-74.84410570, 41.63345296], [-74.61128021, 41.87853020], [-74.60243465, 41.88750006], [-74.35190685, 42.13235905], [-74.34948669, 42.13470163], [-74.09750291, 42.37626026], [-74.09583462, 42.37789771], [-73.85848859, 42.61646069], [-73.85582865, 42.61924345], [-73.63776029, 42.85684433], [-73.63455083, 42.86053335], [-73.43827404, 43.09885060], [-73.43545199, 43.10246622], [-73.26017569, 43.33980731], [-73.25763702, 43.34344338], [-73.10548489, 43.57441014], [-73.10433439, 43.57620816], [-73.10262038, 43.57910468], [-72.97533882, 43.80527965], [-72.97435381, 43.80708677], [-72.97287578, 43.81004641], [-72.86530590, 44.03814213], [-72.86343937, 44.04246133], [-72.77187622, 44.27527611], [-72.77077241, 44.27828497], [-72.68913673, 44.51793033], [-72.68829430, 44.52058004], [-72.61492223, 44.76898800], [-72.61436781, 44.77097797], [-72.54690246, 45.02855673], [-72.54668646, 45.02940425], [-72.48138040, 45.29294283], [-72.48127349, 45.29338066], [-72.41721209, 45.55970431], [-72.41673278, 45.56165930], [-72.35033641, 45.82744531], [-72.34965283, 45.83011390], [-72.28024818, 46.09449513], [-72.27845033, 46.10096200], [-72.20168143, 46.36246664], [-72.20058249, 46.36610108], [-72.12020150, 46.62440279], [-72.11992248, 46.62532251], [-72.04299901, 46.88557374], [-72.04246844, 46.88734316], [-71.96328132, 47.14770311], [-71.96060123, 47.15596694], [-71.87306836, 47.40997230], [-71.86981394, 47.41884710], [-71.77278494, 47.66830286], [-71.77087988, 47.67303133], [-71.76639907, 47.68312162], [-71.65272873, 47.92417932], [-71.64963468, 47.93048863], [-71.64438093, 47.94026014], [-71.51103900, 48.17572187], [-71.50765076, 48.18151480], [-71.50158966, 48.19108628], [-71.34707617, 48.42403341], [-71.34106448, 48.43271669], [-71.33424916, 48.44176283], [-71.15242272, 48.67322659], [-71.14570128, 48.68146158], [-71.13802078, 48.69017469], [-70.92529684, 48.92233478], [-70.91739038, 48.93064686], [-70.90889847, 48.93893808], [-70.66423518, 49.16922532], [-70.65616148, 49.17657612], [-70.64685106, 49.18449045], [-70.37418451, 49.40819849], [-70.36230632, 49.41753673], [-70.35238123, 49.42475812], [-70.05121857, 49.63636221], [-70.04162274, 49.64289016], [-70.03079082, 49.64977905], [-69.71056025, 49.84640783], [-69.69292000, 49.85669270], [-69.36132667, 50.04017574], [-69.34750756, 50.04752304], [-69.00619588, 50.22181152], [-68.99866722, 50.22557338], [-68.65286717, 50.39462219], [-68.63807419, 50.40155252], [-68.28555695, 50.55970818], [-68.27954586, 50.56235099], [-68.26656555, 50.56772610], [-67.90863519, 50.71009830], [-67.90089087, 50.71309953], [-67.88760501, 50.71790647], [-67.52036821, 50.84513840], [-67.50253507, 50.85097940], [-67.12776274, 50.96678366], [-67.10949346, 50.97209511], [-66.72712896, 51.07640195], [-66.70569299, 51.08181470], [-66.31238981, 51.17329298], [-66.29524479, 51.17701578], [-65.89489119, 51.25783623], [-65.88502264, 51.25974330], [-65.48129654, 51.33430195], [-65.47248464, 51.33586262], [-65.06463982, 51.40502550], [-64.65667409, 51.47477661], [-64.24874703, 51.54496826], [-63.84070347, 51.61522753], [-63.43267001, 51.68530150], [-63.42596354, 51.68641507], [-63.01460445, 51.75238588], [-63.00848085, 51.75333644], [-62.59432945, 51.81550127], [-62.58730634, 51.81651441], [-62.17080207, 51.87417290], [-62.16873475, 51.87445556], [-61.33408307, 51.98715141], [-60.91713696, 52.04338764], [-60.90956654, 52.04436162], [-60.49411798, 52.09523599], [-60.47703162, 52.09709146], [-60.06309445, 52.13633838], [-60.04922514, 52.13749972], [-59.63991043, 52.16725552], [-59.62952543, 52.16792514], [-59.22839101, 52.19050064], [-59.21088684, 52.19124498], [-58.82252249, 52.20242994], [-58.81481132, 52.20259879], [-58.79977713, 52.20264040], [-58.43107176, 52.19915265], [-58.42024361, 52.19894918], [-58.40545658, 52.19835200], [-58.05802166, 52.18005381], [-58.04518219, 52.17923622], [-58.03062991, 52.17796856], [-57.70078364, 52.14513070], [-57.68759970, 52.14366593], [-57.67323364, 52.14172147], [-57.35853570, 52.09512145], [-57.34413126, 52.09280100], [-57.33009462, 52.09017258], [-57.02727621, 52.02948255], [-57.01093422, 52.02595442], [-56.99737711, 52.02263010], [-56.70254382, 51.94626276], [-56.68609163, 51.94172473], [-56.67297661, 51.93769322], [-56.38130801, 51.84374931], [-56.36944117, 51.83976572], [-56.35645235, 51.83502602], [-56.06309516, 51.72337578], [-56.05615968, 51.72067233], [-56.04324213, 51.71530550], [-55.74464039, 51.58625888], [-55.72814775, 51.57877723], [-55.42500217, 51.43456506], [-55.40818056, 51.42615994], [-55.10534926, 51.26735388], [-55.09984407, 51.26441265], [-55.08809049, 51.25778199], [-54.79004387, 51.08354844], [-54.78295278, 51.07930406], [-54.77189673, 51.07228660], [-54.48407698, 50.88309080], [-54.47576444, 50.87746994], [-54.46547343, 50.87005761], [-54.19305153, 50.66686167], [-54.18185177, 50.65816802], [-54.17261537, 50.65043689], [-53.92125091, 50.43241682], [-53.91105579, 50.42320722], [-53.90266276, 50.41501284], [-53.67293748, 50.18225335], [-53.66286749, 50.17156357], [-53.65547409, 50.16300574], [-53.45277349, 49.91886070], [-53.44525698, 49.90941033], [-53.43866676, 49.90037632], [-53.26314629, 49.64903806], [-53.25948600, 49.64365092], [-53.25343286, 49.63405399], [-53.09971655, 49.37836455], [-53.09382258, 49.36805530], [-52.95345686, 49.10939433], [-52.95051282, 49.10381059], [-52.81716107, 48.84333199], [-52.81652577, 48.84208277], [-52.68480634, 48.58133679], [-52.68301616, 48.57772329], [-52.55690548, 48.31807913], [-52.55270618, 48.30898207], [-52.43987089, 48.05122097], [-52.43483792, 48.03882236], [-52.33875277, 47.78223878], [-52.33688565, 47.77704690], [-52.33360975, 47.76676411], [-52.25889410, 47.51134744], [-52.25634126, 47.50181515], [-52.25414080, 47.49170667], [-52.20515964, 47.23693661], [-52.20310140, 47.22413243], [-52.20206131, 47.21416143], [-52.18179443, 46.95856785], [-52.18117672, 46.94584388], [-52.18124748, 46.93583542], [-52.18957287, 46.67557970], [-52.19013679, 46.66559500], [-52.19121571, 46.65541870], [-52.22637771, 46.38722951], [-52.22730725, 46.38092464], [-52.22926901, 46.37054983], [-52.28875572, 46.09322353], [-52.29186740, 46.08050025], [-52.37002028, 45.79614555], [-52.37348817, 45.78468270], [-52.46883052, 45.49615368], [-52.47322174, 45.48397705], [-52.58661450, 45.19405703], [-52.58998139, 45.18588409], [-52.71568100, 44.89555758], [-52.71852381, 44.88923250], [-52.85312509, 44.60042147], [-52.85785879, 44.59079559], [-53.00558201, 44.30548985], [-53.00917757, 44.29878483], [-53.16559977, 44.01688366], [-53.16889585, 44.01111310], [-53.33227126, 43.73308523], [-53.33858617, 43.72285747], [-53.51413430, 43.45182215], [-53.52225813, 43.43994689], [-53.71315434, 43.17526833], [-53.72385172, 43.16132046], [-53.93345048, 42.90380448], [-53.94389080, 42.89162534], [-54.17073978, 42.64005331], [-54.18091713, 42.62926473], [-54.42170980, 42.38508101], [-54.42995393, 42.37699696], [-54.68059274, 42.13925776], [-54.68820912, 42.13224136], [-54.94717321, 41.90049290], [-54.95415462, 41.89440261], [-55.22023731, 41.66809931], [-55.22637318, 41.66299221], [-55.49822704, 41.44153385], [-55.50408866, 41.43685339], [-55.78112072, 41.22001489], [-55.78748329, 41.21513885], [-56.07077069, 41.00256606], [-56.07835132, 40.99701525], [-56.36965371, 40.78886426], [-56.38194023, 40.78041533], [-56.68622349, 40.57905396], [-56.70001330, 40.57030026], [-57.02064859, 40.37508849], [-57.03487111, 40.36678389], [-57.37150003, 40.17833079], [-57.38121435, 40.17304366], [-57.72774141, 39.98972165], [-57.74177044, 39.98259366], [-58.10105441, 39.80736025], [-58.11555122, 39.80057869], [-58.48652515, 39.63424401], [-58.49592779, 39.63014181], [-58.87361347, 39.46986196], [-58.88250378, 39.46618639], [-59.26546771, 39.31198760], [-59.27354466, 39.30881267], [-59.66097651, 39.16017986], [-59.67024006, 39.15672404], [-60.06049525, 39.01521508], [-60.07237859, 39.01106111], [-60.46652415, 38.87834809], [-60.47860576, 38.87443351], [-60.87530403, 38.75086823], [-60.89322249, 38.74560928], [-61.29277582, 38.63540220], [-61.30603002, 38.63191449], [-61.70793747, 38.53119502], [-61.71859479, 38.52862952], [-62.12315060, 38.43520346], [-62.13051953, 38.43355091], [-62.53768606, 38.34494353], [-62.54151369, 38.34412365], [-62.95044679, 38.25792556], [-62.95246821, 38.25750310], [-63.36224940, 38.17259559], [-63.36540506, 38.17195053], [-63.77573872, 38.08921328], [-63.78614158, 38.08721024], [-64.19927712, 38.01139146], [-64.21424123, 38.00883663], [-64.63224828, 37.94277191], [-64.64692593, 37.94063198], [-65.06773881, 37.88439949], [-65.08752628, 37.88207517], [-65.51109839, 37.83911591], [-65.52858763, 37.83758709], [-65.95463782, 37.80628240], [-65.97252582, 37.80522096], [-66.40265013, 37.78575864], [-66.41334391, 37.78536445], [-66.84648531, 37.77302616], [-66.84915666, 37.77295565], [-67.28351841, 37.76239760], [-67.28607996, 37.76234047], [-67.72115099, 37.75350737], [-68.15630288, 37.74439101], [-68.15782316, 37.74436096], [-68.59033413, 37.73632745], [-68.59195110, 37.73629026], [-69.01839645, 37.72459616], [-69.02098632, 37.72450676], [-69.44311257, 37.70693647], [-69.44595423, 37.70679598], [-69.86788252, 37.68263437], [-69.86980933, 37.68251377], [-70.29695006, 37.65350335], [-70.29774329, 37.65344773], [-70.72794569, 37.62233699], [-70.74132486, 37.62151099], [-71.16617990, 37.59976404], [-71.18241637, 37.59913986], [-71.60235978, 37.58833712], [-71.62273654, 37.58813728]]]}
    },
    {
      "type": "Feature",
      "properties": {"block_id": "ADC_NA_16", "basin_id": "BASIN_NA", "basin_label": "North American East and West Coasts", "domain_count": 1, "grid_cell_count": 136, "outer_area_km2": 1972248.915446, "shelf_width_km": 250.000000, "outer_buffer_km": 430.000000, "shelf_add_area_km2": 0.000000, "shelf_add_cell_count": 0, "shelf_add_component_count": 0, "bay_add_area_km2": 193579.195138, "bay_add_cell_count": 256, "bay_add_core_cell_count": 256, "bay_add_component_count": 1, "open_ocean_area_risk": 0},
      "geometry": {"type": "Polygon", "coordinates": [[[-55.24843994, 40.72247056], [-55.27180331, 40.72250925], [-55.72176962, 40.73064421], [-55.74392888, 40.73139088], [-56.19448001, 40.75362518], [-56.21521219, 40.75495397], [-56.66543010, 40.79047589], [-56.68419499, 40.79221041], [-57.13305305, 40.83980938], [-57.15184985, 40.84206226], [-57.59903609, 40.90188013], [-57.61661172, 40.90446337], [-58.06136694, 40.97575910], [-58.07840303, 40.97871410], [-58.51990248, 41.06115812], [-58.53536407, 41.06423549], [-58.97320922, 41.15682047], [-58.98704549, 41.15990325], [-59.42042427, 41.26143138], [-59.43501104, 41.26502898], [-59.86318133, 41.37598944], [-59.87775642, 41.37995361], [-60.30062451, 41.50046739], [-60.31401081, 41.50444677], [-60.73120842, 41.63366326], [-60.74420471, 41.63785022], [-61.15546490, 41.77553724], [-61.16694601, 41.77951289], [-61.57212907, 41.92453853], [-61.58550646, 41.92951418], [-61.98376692, 42.08333033], [-62.00178332, 42.09065098], [-62.38582550, 42.25463761], [-62.39458918, 42.25848214], [-62.40740912, 42.26447807], [-62.76737807, 42.43915898], [-62.77796185, 42.44446134], [-62.79001153, 42.45091947], [-63.12509722, 42.63701865], [-63.13172835, 42.64078044], [-63.14345763, 42.64781982], [-63.45868759, 42.84375183], [-63.47395566, 42.85368064], [-63.77549793, 43.05883287], [-63.78546063, 43.06582189], [-64.07883819, 43.27804755], [-64.08802592, 43.28489160], [-64.37294794, 43.50346992], [-64.37975426, 43.50881037], [-64.65855985, 43.73257296], [-64.66398277, 43.73700667], [-64.93801542, 43.96525884], [-64.93986523, 43.96680961], [-65.21167853, 44.19615958], [-65.21218022, 44.19658030], [-65.48244167, 44.42183836], [-65.48392394, 44.42305199], [-65.75322630, 44.63966809], [-65.75571839, 44.64161552], [-66.02562665, 44.84655110], [-66.02862958, 44.84875639], [-66.30681549, 45.04637406], [-66.30805288, 45.04725647], [-66.58983216, 45.24897246], [-66.59602797, 45.25349528], [-66.87123068, 45.45835584], [-66.87813027, 45.46360797], [-67.14590163, 45.67206284], [-67.15403903, 45.67857310], [-67.41231487, 45.89095688], [-67.42030316, 45.89771253], [-67.66879447, 46.11387630], [-67.67839144, 46.12252736], [-67.91388814, 46.34259123], [-67.92485070, 46.35329543], [-68.14487954, 46.57794843], [-68.14975348, 46.58303068], [-68.36294563, 46.81010741], [-68.36460526, 46.81188830], [-68.57368019, 47.03791895], [-68.57825640, 47.04297191], [-68.77459746, 47.26444239], [-68.78217964, 47.27332152], [-68.96016455, 47.48986756], [-68.97107136, 47.50397152], [-69.12506315, 47.71609655], [-69.13238350, 47.72671297], [-69.13818601, 47.73603001], [-69.26087478, 47.94318860], [-69.26716039, 47.95447117], [-69.27187485, 47.96402917], [-69.36707686, 48.16906009], [-69.36911089, 48.17358065], [-69.37296282, 48.18303728], [-69.37645044, 48.19296028], [-69.44235726, 48.39644665], [-69.44469638, 48.40418631], [-69.44708959, 48.41362337], [-69.44910872, 48.42372480], [-69.48417463, 48.62615548], [-69.48502316, 48.63151671], [-69.48615937, 48.64123649], [-69.48676257, 48.65063408], [-69.48688112, 48.66082397], [-69.48395923, 48.86063431], [-69.48358239, 48.87019892], [-69.48272842, 48.87963246], [-69.48138604, 48.88899618], [-69.47940003, 48.89910051], [-69.43495937, 49.09810168], [-69.43311890, 49.10564564], [-69.43037172, 49.11505834], [-69.42719353, 49.12422417], [-69.42323117, 49.13406811], [-69.33601054, 49.33653499], [-69.33374972, 49.34159803], [-69.32919328, 49.35087293], [-69.32433386, 49.35970706], [-69.31857011, 49.36914961], [-69.18730512, 49.57386641], [-69.18019019, 49.58438636], [-69.17397800, 49.59273061], [-69.16670319, 49.60170037], [-68.99129474, 49.80922257], [-68.98260823, 49.81904868], [-68.97506460, 49.82690467], [-68.96637057, 49.83529770], [-68.75279526, 50.03396448], [-68.74412304, 50.04175371], [-68.73528867, 50.04914727], [-68.72534097, 50.05690078], [-68.47829914, 50.24278104], [-68.46981656, 50.24897912], [-68.45982836, 50.25582359], [-68.44877691, 50.26288589], [-68.16947996, 50.43523454], [-68.16324938, 50.43900177], [-68.15214851, 50.44535056], [-68.14018578, 50.45172311], [-67.83224750, 50.60997543], [-67.81369143, 50.61901728], [-67.80140516, 50.62448004], [-67.46442942, 50.76871351], [-67.44786810, 50.77546748], [-67.43475224, 50.78035629], [-67.07218338, 50.91002418], [-67.05775823, 50.91495788], [-67.04394173, 50.91927437], [-66.65898466, 51.03413200], [-66.64434421, 51.03829050], [-66.63008140, 51.04194916], [-66.22327454, 51.14091547], [-66.20062948, 51.14599703], [-65.77795185, 51.23300292], [-65.76807502, 51.23495790], [-65.33869679, 51.31657277], [-65.33412467, 51.31742535], [-64.90123859, 51.39659083], [-64.47326680, 51.47513198], [-64.47070814, 51.47561963], [-64.05325722, 51.55814497], [-64.05117857, 51.55856802], [-63.64156098, 51.64433544], [-63.63874160, 51.64494846], [-63.24458557, 51.73384520], [-63.24073844, 51.73475618], [-62.87179746, 51.82631873], [-62.86536619, 51.82804102], [-62.53162670, 51.92410224], [-62.52790254, 51.92521891], [-62.52366809, 51.92660060], [-62.22533864, 52.02827721], [-62.22117091, 52.02975940], [-62.21709193, 52.03133426], [-61.95926509, 52.13492090], [-61.95622765, 52.13617804], [-61.95230170, 52.13791626], [-61.94846940, 52.13974450], [-61.72744515, 52.24912118], [-61.72288184, 52.25148191], [-61.71927459, 52.25350236], [-61.71577561, 52.25560526], [-61.53047358, 52.37094302], [-61.52858600, 52.37214085], [-61.52526361, 52.37436670], [-61.52206010, 52.37666826], [-61.51897939, 52.37904274], [-61.36473523, 52.50220985], [-61.36126536, 52.50509955], [-61.35846502, 52.50762278], [-61.35579886, 52.51020944], [-61.21330627, 52.65376395], [-61.21101455, 52.65615393], [-61.20861270, 52.65885258], [-61.06420341, 52.82776569], [-61.06260348, 52.82969163], [-60.91462025, 53.01310084], [-60.91346318, 53.01456719], [-60.76640771, 53.20518044], [-60.76536009, 53.20656776], [-60.61948330, 53.40398183], [-60.61870181, 53.40505742], [-60.47325495, 53.60868813], [-60.47267615, 53.60950914], [-60.32706753, 53.81879249], [-60.32669381, 53.81933436], [-60.18076322, 54.03278691], [-60.17952499, 54.03458307], [-60.03223835, 54.24647385], [-60.02749823, 54.25308953], [-59.87704081, 54.45692657], [-59.87105490, 54.46475761], [-59.71567392, 54.66119014], [-59.70406281, 54.67501246], [-59.53957180, 54.85974338], [-59.53088064, 54.86909952], [-59.52240788, 54.87752276], [-59.34454219, 55.04783899], [-59.33757086, 55.05431997], [-59.32883845, 55.06192236], [-59.31911568, 55.06980092], [-59.12352845, 55.22276506], [-59.11239964, 55.23114049], [-59.10272439, 55.23790775], [-59.09178227, 55.24504486], [-58.87273051, 55.38301882], [-58.85659519, 55.39269978], [-58.84605721, 55.39851152], [-58.83392464, 55.40474058], [-58.58603465, 55.52748035], [-58.56787395, 55.53601596], [-58.55640038, 55.54093939], [-58.54323844, 55.54616402], [-58.26251315, 55.65322474], [-58.24733997, 55.65875230], [-58.23481373, 55.66292285], [-58.22087556, 55.66716574], [-57.90466686, 55.75901918], [-57.89169862, 55.76262204], [-57.87838151, 55.76597757], [-57.86386573, 55.76925480], [-57.51836599, 55.84281348], [-57.50890086, 55.84474769], [-57.49488551, 55.84731688], [-57.47997373, 55.84968150], [-57.10267057, 55.90490417], [-57.08257900, 55.90752579], [-57.06779239, 55.90904638], [-56.65583445, 55.94652921], [-56.63473202, 55.94811164], [-56.61986168, 55.94881648], [-56.18467586, 55.96437507], [-56.16838081, 55.96475703], [-56.15312026, 55.96475005], [-55.70898126, 55.95939362], [-55.70000117, 55.95922115], [-55.68424315, 55.95862259], [-55.24180279, 55.93666131], [-55.23335992, 55.93618460], [-55.21763955, 55.93500513], [-54.77916178, 55.89694464], [-54.76954975, 55.89603539], [-54.75404548, 55.89426288], [-54.32052464, 55.83950666], [-54.31096357, 55.83822276], [-54.29564318, 55.83585608], [-53.86871603, 55.76466242], [-53.85987779, 55.76312027], [-53.84474160, 55.76017186], [-53.42644087, 55.67339288], [-53.41587603, 55.67110058], [-53.40117066, 55.66757714], [-52.99220819, 55.56419328], [-52.98247799, 55.56164201], [-52.96807102, 55.55753115], [-52.56990097, 55.43840578], [-52.56224630, 55.43605317], [-52.54807299, 55.43137715], [-52.16276726, 55.29863771], [-52.15112878, 55.29447767], [-52.13774046, 55.28931052], [-51.76521438, 55.13969746], [-51.75649069, 55.13609737], [-51.74340948, 55.13033622], [-51.38477903, 54.96633251], [-51.37767013, 54.96300840], [-51.36500214, 54.95672670], [-51.02129617, 54.78000349], [-51.01490245, 54.77664855], [-51.00273934, 54.76989989], [-50.67512742, 54.58158028], [-50.66668878, 54.57659884], [-50.65533320, 54.56947025], [-50.34382274, 54.36696348], [-50.33635526, 54.36198686], [-50.32562560, 54.35439557], [-50.03103893, 54.13854571], [-50.02583952, 54.13466239], [-50.01561433, 54.12659765], [-49.73740657, 53.89923467], [-49.73278673, 53.89538837], [-49.72320139, 53.88695877], [-49.46197983, 53.64870082], [-49.45774901, 53.64476859], [-49.44884073, 53.63600944], [-49.20607858, 53.38809365], [-49.19463696, 53.37579991], [-48.96799490, 53.11927893], [-48.95760031, 53.10688140], [-48.74742284, 52.84233383], [-48.73761151, 52.82925725], [-48.54527508, 52.55726166], [-48.53823734, 52.54681968], [-48.35973068, 52.26850205], [-48.35312811, 52.25765222], [-48.18955626, 51.97377031], [-48.18385867, 51.96333400], [-48.03484479, 51.67458409], [-48.02995309, 51.66456107], [-47.89509653, 51.37160466], [-47.89092523, 51.36199993], [-47.76979688, 51.06548092], [-47.76632142, 51.05644525], [-47.65822791, 50.75697773], [-47.65540886, 50.74867374], [-47.55935101, 50.44673887], [-47.55704288, 50.43900609], [-47.47226070, 50.13505193], [-47.47034415, 50.12769447], [-47.39637396, 49.82219444], [-47.39478865, 49.81513749], [-47.33123108, 49.50842702], [-47.32989432, 49.50138986], [-47.27675250, 49.19375019], [-47.27548513, 49.18544090], [-47.23469569, 48.87727761], [-47.23413110, 48.87261514], [-47.20020378, 48.56372419], [-47.19965941, 48.55806586], [-47.17411432, 48.24878087], [-47.17370571, 48.24279052], [-47.15704818, 47.93340712], [-47.15678718, 47.92633344], [-47.15060998, 47.61687777], [-47.15057797, 47.61070087], [-47.15354775, 47.30123145], [-47.15371953, 47.29453009], [-47.16659317, 46.98564261], [-47.16704766, 46.97805181], [-47.19113651, 46.66956740], [-47.19188825, 46.66179939], [-47.22742569, 46.35409138], [-47.22837169, 46.34696391], [-47.27431023, 46.04069935], [-47.27606469, 46.03064489], [-47.33672300, 45.72596208], [-47.33901285, 45.71575204], [-47.41446528, 45.41344141], [-47.41733823, 45.40302106], [-47.50775817, 45.10360467], [-47.51149040, 45.09232382], [-47.61788720, 44.79672710], [-47.62256225, 44.78478014], [-47.74561321, 44.49389131], [-47.75139975, 44.48123942], [-47.89177583, 44.19601382], [-47.89898488, 44.18242755], [-48.05768224, 43.90386161], [-48.06645693, 43.88953380], [-48.24418127, 43.61861956], [-48.25447622, 43.60396697], [-48.45176918, 43.34102262], [-48.45552733, 43.33613653], [-48.46312005, 43.32689914], [-48.68011011, 43.07351894], [-48.68430771, 43.06873009], [-48.69265017, 43.05978760], [-48.92808765, 42.81698229], [-48.94196258, 42.80345965], [-49.19382055, 42.57122242], [-49.20140971, 42.56443693], [-49.21106287, 42.55636167], [-49.48429940, 42.33580341], [-49.49288132, 42.32908755], [-49.50328236, 42.32146795], [-49.79649222, 42.11405996], [-49.80633097, 42.10732218], [-49.81743422, 42.10021318], [-50.12927457, 41.90741321], [-50.13910888, 41.90151632], [-50.15093550, 41.89487786], [-50.48011746, 41.71655101], [-50.49093400, 41.71087820], [-50.50336771, 41.70479208], [-50.85037231, 41.54106914], [-50.86155894, 41.53596354], [-50.87458273, 41.53043122], [-51.23725383, 41.38223460], [-51.24936282, 41.37746369], [-51.26288405, 41.37253639], [-51.64114037, 41.24034912], [-51.65402941, 41.23602387], [-51.66799912, 41.23172521], [-52.06032050, 41.11648592], [-52.07021635, 41.11367783], [-52.08479430, 41.10988140], [-52.49008718, 41.00972133], [-52.50084466, 41.00717072], [-52.51570130, 41.00398716], [-52.93262081, 40.91995746], [-52.94281299, 40.91799510], [-52.95798551, 40.91539818], [-53.38431438, 40.84767870], [-53.39258123, 40.84642474], [-53.40809596, 40.84436971], [-53.84305401, 40.79198555], [-53.85117279, 40.79106315], [-53.86685077, 40.78957458], [-54.30722886, 40.75296312], [-54.33159089, 40.75136215], [-54.77640167, 40.72984031], [-54.80023593, 40.72908823], [-55.24843994, 40.72247056]]]}
    },
    {
      "type": "Feature",
      "properties": {"block_id": "ADC_NIO_01", "basin_id": "BASIN_NIO", "basin_label": "North Indian Ocean", "domain_count": 1, "grid_cell_count": 15, "outer_area_km2": 3903185.192479, "shelf_width_km": 250.000000, "outer_buffer_km": 430.000000, "shelf_add_area_km2": 0.000000, "shelf_add_cell_count": 0, "shelf_add_component_count": 0, "bay_add_area_km2": 1493321.159886, "bay_add_cell_count": 2056, "bay_add_core_cell_count": 2056, "bay_add_component_count": 4, "open_ocean_area_risk": 0},
      "geometry": {"type": "Polygon", "coordinates": [[[51.65245336, 7.74430041], [51.36941554, 7.74826841], [51.35678531, 7.74868296], [51.34605635, 7.74941320], [51.07203401, 7.77257173], [51.06078485, 7.77371495], [51.05004484, 7.77516971], [50.78145620, 7.81604379], [50.77282341, 7.81747649], [50.76202547, 7.81960167], [50.49629996, 7.87645178], [50.48028344, 7.88026908], [50.21478560, 7.95010446], [50.20410646, 7.95309338], [49.93699582, 8.03239875], [49.93158493, 8.03405264], [49.66286810, 8.11855486], [49.66103167, 8.11913789], [49.39219744, 8.20529789], [49.39175573, 8.20543833], [49.12372695, 8.28997915], [49.12074664, 8.29093379], [48.85198503, 8.37834284], [48.84392786, 8.38107163], [48.57530224, 8.47569525], [48.57170236, 8.47698545], [48.30315943, 8.57488948], [48.29370153, 8.57849361], [48.02807132, 8.68415387], [48.01699975, 8.68878051], [47.75518165, 8.80354211], [47.74441870, 8.80848096], [47.48693443, 8.93201873], [47.47677011, 8.93710351], [47.22441892, 9.06860544], [47.21289567, 9.07489415], [46.96691394, 9.21533802], [46.95600308, 9.22184079], [46.71705457, 9.37038289], [46.70569852, 9.37776214], [46.47420225, 9.53489815], [46.47029876, 9.53758824], [46.24298605, 9.69662130], [46.24222407, 9.69714893], [46.01061408, 9.85587445], [46.00935886, 9.85673887], [45.77854094, 10.01646701], [45.77444397, 10.01934767], [45.54983946, 10.17979486], [45.54234374, 10.18530882], [45.32741246, 10.34808746], [45.31625330, 10.35692183], [45.11335524, 10.52477410], [45.10617782, 10.53090247], [45.09832411, 10.53806908], [44.91219619, 10.71394710], [44.90772739, 10.71826208], [44.90072524, 10.72541710], [44.89365736, 10.73316568], [44.73128985, 10.91759346], [44.72258992, 10.92793450], [44.71682455, 10.93537614], [44.71074551, 10.94382830], [44.57812983, 11.13534533], [44.57420261, 11.14117137], [44.56896701, 11.14947404], [44.56416448, 11.15773558], [44.55929838, 11.16685035], [44.45595172, 11.36918466], [44.45298713, 11.37516822], [44.44891924, 11.38404876], [44.44528407, 11.39281742], [44.44170234, 11.40243990], [44.36510314, 11.62039477], [44.36314899, 11.62616572], [44.36029845, 11.63549302], [44.35787349, 11.64462097], [44.35561656, 11.65458963], [44.30892037, 11.88018018], [44.30798769, 11.88491091], [44.30636110, 11.89458224], [44.30514563, 11.90391926], [44.30420665, 11.91407147], [44.28747825, 12.14093789], [44.28703684, 12.14832014], [44.28677557, 12.15792299], [44.28687035, 12.16732871], [44.28735276, 12.17750889], [44.30226770, 12.40322161], [44.30263328, 12.40805225], [44.30364718, 12.41779433], [44.30496984, 12.42711858], [44.30677838, 12.43716708], [44.35068919, 12.65759435], [44.35358232, 12.67051601], [44.35597602, 12.67942936], [44.35899672, 12.68921915], [44.42998842, 12.90509406], [44.43410775, 12.91675331], [44.43756922, 12.92542404], [44.44173318, 12.93483882], [44.53934462, 13.14508275], [44.54305657, 13.15276772], [44.54754702, 13.16132179], [44.55268567, 13.17030445], [44.67522920, 13.37581813], [44.67822504, 13.38072373], [44.68363133, 13.38903372], [44.68961395, 13.39754599], [44.83522217, 13.59705094], [44.84465547, 13.60929979], [44.85115995, 13.61702727], [45.01923360, 13.80968899], [45.02995554, 13.82135370], [45.03713248, 13.82851202], [45.22780044, 14.01215443], [45.23483153, 14.01871281], [45.24284445, 14.02570251], [45.45275856, 14.20250569], [45.46550048, 14.21271051], [45.69164968, 14.38486372], [45.69592261, 14.38805453], [45.70491899, 14.39441037], [45.94501778, 14.55795937], [45.95923067, 14.56712721], [46.21390578, 14.72251922], [46.21883768, 14.72546337], [46.22847953, 14.73087704], [46.49818675, 14.87637988], [46.50460742, 14.87974667], [46.51447940, 14.88456887], [46.79933562, 15.01784412], [46.81301982, 15.02388967], [47.10999234, 15.14750771], [47.11972570, 15.15138855], [47.42417383, 15.26750637], [47.42448135, 15.26762424], [47.72679822, 15.38407396], [47.72793895, 15.38452143], [48.02554409, 15.50337934], [48.02690331, 15.50393385], [48.31956249, 15.62585558], [48.32110977, 15.62651562], [48.60934463, 15.75237058], [48.61110279, 15.75315872], [48.89305289, 15.88286365], [48.89601738, 15.88428776], [49.17508649, 16.02413401], [49.17624022, 16.02472171], [49.45975452, 16.17150574], [49.46082439, 16.17205726], [49.74675628, 16.31882395], [49.74765789, 16.31928506], [50.03381012, 16.46510047], [50.03559552, 16.46600372], [50.32239077, 16.61004997], [50.32378270, 16.61074514], [50.61090429, 16.75333279], [50.61110747, 16.75343399], [50.89735287, 16.89641137], [50.89772638, 16.89659892], [51.18376208, 17.04099507], [51.47005828, 17.18586723], [51.47026197, 17.18597060], [51.75422668, 17.33049375], [51.75518069, 17.33098588], [52.03731212, 17.47848574], [52.31985270, 17.62647644], [52.32057114, 17.62685656], [52.59787755, 17.77505231], [52.60003144, 17.77623846], [52.86957370, 17.92913388], [52.87228046, 17.93072760], [53.12779717, 18.08679696], [53.12980171, 18.08805527], [53.13252591, 18.08987868], [53.36813286, 18.25347097], [53.37175985, 18.25611782], [53.59732764, 18.42902306], [53.59998991, 18.43114073], [53.81824438, 18.61125661], [53.81981687, 18.61258346], [54.03282778, 18.79634785], [54.03446125, 18.79779050], [54.24190590, 18.98534551], [54.24307856, 18.98642405], [54.44828103, 19.17842103], [54.44893851, 19.17904222], [54.65180434, 19.37258529], [54.65308937, 19.37383518], [54.85029304, 19.56939187], [54.85206713, 19.57120002], [55.04520868, 19.77353177], [55.04647366, 19.77488393], [55.23681639, 19.98249949], [55.23856483, 19.98446242], [55.41490617, 20.18826287], [55.41746974, 20.19136147], [55.41941498, 20.19391370], [55.56798150, 20.39621531], [55.57049413, 20.39981866], [55.57220723, 20.40251283], [55.69573818, 20.60473570], [55.69694482, 20.60677178], [55.69847984, 20.60955848], [55.69991005, 20.61239364], [55.79695870, 20.81380474], [55.79796553, 20.81596975], [55.79920790, 20.81888150], [55.80034099, 20.82183208], [55.87289780, 21.02165665], [55.87358168, 21.02361339], [55.87453077, 21.02662035], [55.87536719, 21.02965650], [55.92506617, 21.22402268], [55.92581284, 21.22719505], [55.92641690, 21.23027915], [55.92690565, 21.23338111], [55.95218009, 21.41578453], [55.95241445, 21.41762445], [55.95271857, 21.42074703], [55.95290612, 21.42387765], [55.95297688, 21.42701249], [55.95364820, 21.59792378], [55.95362135, 21.60040480], [55.95348277, 21.60353765], [55.95322751, 21.60666407], [55.95285588, 21.60978023], [55.93090442, 21.76865320], [55.93047981, 21.77139362], [55.92989038, 21.77448020], [55.92918627, 21.77754564], [55.92836834, 21.78058620], [55.88605702, 21.92703300], [55.88553035, 21.92878528], [55.88453460, 21.93177899], [55.88342788, 21.93473833], [55.88221153, 21.93765970], [55.82194045, 22.07526999], [55.82074376, 22.07788365], [55.81932258, 22.08072279], [55.81779646, 22.08351376], [55.75048280, 22.20149427], [55.74944621, 22.20326301], [55.74775170, 22.20596746], [55.74595742, 22.20861489], [55.74406556, 22.21120207], [55.66985558, 22.30898114], [55.66855487, 22.31065381], [55.66650619, 22.31313407], [55.66436631, 22.31554586], [55.66213785, 22.31788626], [55.57711578, 22.40410140], [55.57548377, 22.40571578], [55.57311025, 22.40792761], [55.57065575, 22.41006053], [55.56812325, 22.41211195], [55.47196034, 22.48730004], [55.46944825, 22.48919796], [55.46677162, 22.49108212], [55.46402640, 22.49287766], [55.46121592, 22.49458240], [55.34813954, 22.56057629], [55.34658835, 22.56146261], [55.34368396, 22.56302324], [55.34072317, 22.56448800], [55.33770960, 22.56585512], [55.19837358, 22.62627692], [55.19545204, 22.62748890], [55.19234596, 22.62866049], [55.18919810, 22.62972987], [55.01842237, 22.68460626], [55.01404027, 22.68590538], [55.01080872, 22.68672724], [54.80391863, 22.73573078], [54.79933240, 22.73670573], [54.55634611, 22.78252657], [54.55374136, 22.78298280], [54.27573411, 22.82796491], [54.27513037, 22.82806074], [53.97543333, 22.87470960], [53.97390383, 22.87493581], [53.67080305, 22.91741910], [53.66956524, 22.91758488], [53.36116726, 22.95696978], [53.36089397, 22.95700430], [53.05001104, 22.99585457], [53.04500776, 22.99651574], [52.73729368, 23.03939241], [52.72913910, 23.04062485], [52.42891202, 23.08955469], [52.41639026, 23.09182567], [52.12435547, 23.15019934], [52.11900095, 23.15131910], [52.10807353, 23.15389475], [51.82575378, 23.22536736], [51.81602621, 23.22799026], [51.80562446, 23.23115483], [51.53218120, 23.31931475], [51.52239639, 23.32264211], [51.51226901, 23.32645784], [51.24541837, 23.43210356], [51.23509663, 23.43639735], [51.22534086, 23.44085062], [50.96641366, 23.56432711], [50.95394249, 23.57060662], [50.94477201, 23.57567449], [50.69431795, 23.71965928], [50.68733705, 23.72379555], [50.67817048, 23.72960707], [50.43438851, 23.89004335], [50.42306096, 23.89783486], [50.18446907, 24.06926033], [50.17527024, 24.07611242], [49.94094986, 24.25701491], [49.93068551, 24.26527016], [49.70081570, 24.45781711], [49.69687165, 24.46118241], [49.68874013, 24.46850139], [49.46777289, 24.67445582], [49.46330785, 24.67870777], [49.45567982, 24.68639348], [49.24505649, 24.90618002], [49.24115098, 24.91033881], [49.23396507, 24.91842901], [49.03390817, 25.15182956], [49.02626039, 25.16110068], [48.83397411, 25.40340221], [48.82774856, 25.41151309], [48.64257886, 25.66102898], [48.63883481, 25.66618235], [48.45923930, 25.91872694], [48.45024720, 25.93208706], [48.28645596, 26.18955843], [48.28128025, 26.19801324], [48.27617839, 26.20705025], [48.13354412, 26.47073853], [48.12769911, 26.48214225], [48.12344921, 26.49133210], [48.00581218, 26.75839438], [48.00203083, 26.76740116], [47.99838373, 26.77704094], [47.90286068, 27.04424822], [47.90098662, 27.04967598], [47.89783143, 27.05976295], [47.82049774, 27.32400687], [47.81866441, 27.33058107], [47.81616869, 27.34074881], [47.75713302, 27.60207564], [47.75571085, 27.60877015], [47.75386137, 27.61905600], [47.71235021, 27.87737928], [47.71118695, 27.88538332], [47.71004365, 27.89566891], [47.68650105, 28.15060801], [47.68565066, 28.16270562], [47.68535287, 28.17275376], [47.68259245, 28.42392475], [47.68274213, 28.43657585], [47.68327559, 28.44657765], [47.70101030, 28.69275473], [47.70203141, 28.70381248], [47.70335387, 28.71386173], [47.73958728, 28.95451533], [47.74098083, 28.96287911], [47.74287217, 28.97224253], [47.74526660, 28.98218302], [47.80534706, 29.21277931], [47.80900745, 29.22558030], [47.81192003, 29.23435349], [47.81551125, 29.24397287], [47.90229134, 29.46401442], [47.90426621, 29.46887888], [47.90823241, 29.47790731], [47.91237575, 29.48647606], [47.91720772, 29.49560673], [48.02991342, 29.69955338], [48.03313666, 29.70522571], [48.03825192, 29.71363209], [48.04352651, 29.72163722], [48.04956053, 29.73011762], [48.18722206, 29.91645945], [48.19095829, 29.92140115], [48.19718207, 29.92915740], [48.20349288, 29.93647563], [48.21062107, 29.94417562], [48.36627584, 30.10650390], [48.37152773, 30.11184202], [48.37871079, 30.11871388], [48.38598358, 30.12520228], [48.39411981, 30.13196977], [48.56272447, 30.26735575], [48.57138793, 30.27406293], [48.57933144, 30.27978137], [48.58750408, 30.28525069], [48.59657341, 30.29088297], [48.78084656, 30.40103424], [48.79089856, 30.40679680], [48.79959403, 30.41138453], [48.80851252, 30.41571313], [48.81834332, 30.42008395], [49.01923614, 30.50541124], [49.02983776, 30.50969523], [49.03915362, 30.51309375], [49.04863526, 30.51620044], [49.05902645, 30.51922837], [49.27419647, 30.57809105], [49.28347988, 30.58048426], [49.29333482, 30.58269967], [49.30317853, 30.58457494], [49.31391200, 30.58625681], [49.54253638, 30.61825058], [49.54798533, 30.61896393], [49.55834980, 30.62005565], [49.56836533, 30.62078026], [49.57923835, 30.62121023], [49.81286390, 30.62662630], [49.82442162, 30.62669442], [49.83441435, 30.62641721], [49.84527442, 30.62576014], [50.08258540, 30.60750291], [50.09652658, 30.60613905], [50.10707546, 30.60471004], [50.34643980, 30.56828015], [50.36139226, 30.56565958], [50.37169575, 30.56343736], [50.61275391, 30.50728103], [50.62301461, 30.50471589], [50.63344385, 30.50174402], [50.87697017, 30.42797769], [50.89031294, 30.42362615], [50.90022389, 30.41997426], [51.14425041, 30.32541990], [51.15338288, 30.32171929], [51.16328023, 30.31733436], [51.40873484, 30.20363714], [51.42344755, 30.19639218], [51.67229587, 30.06638953], [51.68135936, 30.06147954], [51.93390659, 29.91969964], [51.94111195, 29.91553804], [52.19653354, 29.76381893], [52.20069030, 29.76130945], [52.45842569, 29.60318329], [52.45889016, 29.60290012], [52.71453974, 29.44802290], [52.71545977, 29.44747246], [52.96569011, 29.29963355], [52.96854060, 29.29801360], [53.21631902, 29.16266055], [53.21856875, 29.16146934], [53.46702080, 29.03402097], [53.47054557, 29.03230079], [53.71881177, 28.91719968], [53.72047469, 28.91644730], [53.72352812, 28.91516006], [53.98260296, 28.81099478], [53.98477393, 28.81015125], [54.25395058, 28.70916365], [54.25582114, 28.70848304], [54.53126409, 28.61135473], [54.53247766, 28.61093552], [54.81367517, 28.51581145], [54.81466416, 28.51548260], [55.10160650, 28.42172511], [55.10240712, 28.42146245], [55.39036425, 28.32660854], [55.39120696, 28.32632977], [55.67848342, 28.23089473], [55.67937867, 28.23059598], [55.96389556, 28.13522782], [55.96506231, 28.13484465], [56.24896698, 28.04352939], [56.25033912, 28.04309886], [56.53173607, 27.95701121], [56.53497419, 27.95607949], [56.82081695, 27.87897709], [56.82212117, 27.87863461], [57.11391763, 27.80408751], [57.11523472, 27.80376042], [57.40921824, 27.73283959], [57.40999862, 27.73265460], [57.70662800, 27.66357553], [57.71042935, 27.66266816], [58.00748100, 27.59002985], [58.01201575, 27.58888919], [58.30882441, 27.51214322], [58.31411648, 27.51073105], [58.61196108, 27.42877529], [58.61616810, 27.42758962], [58.91470551, 27.34145413], [58.92003973, 27.33986939], [59.21998879, 27.24817412], [59.22056141, 27.24799854], [59.52047683, 27.15575555], [59.52070804, 27.15568474], [59.81824193, 27.06495622], [59.81943389, 27.06460078], [60.11069102, 26.97970315], [60.11373637, 26.97886695], [60.40022289, 26.90499848], [60.40414804, 26.90406938], [60.68981684, 26.84242459], [60.69365073, 26.84167410], [60.98719406, 26.79004499], [60.98948621, 26.78966873], [61.28801559, 26.74415218], [61.29169281, 26.74365974], [61.59577036, 26.70854961], [61.59945348, 26.70819176], [61.90933218, 26.68373403], [61.91286576, 26.68351655], [62.22559306, 26.66969143], [62.22918161, 26.66959576], [62.54302632, 26.66672908], [62.54610222, 26.66674716], [62.86491859, 26.67340829], [62.86537214, 26.67341877], [63.19028369, 26.68164688], [63.19128244, 26.68167078], [63.51618182, 26.68899280], [63.52188647, 26.68907596], [63.84410616, 26.69120954], [63.85583625, 26.69109533], [64.17297861, 26.68281779], [64.18259823, 26.68243740], [64.49249223, 26.66601269], [64.50311806, 26.66529100], [64.80741518, 26.64007354], [64.82005464, 26.63879988], [65.11956254, 26.60323647], [65.13262385, 26.60144063], [65.42728267, 26.55536911], [65.44173775, 26.55280298], [65.73078518, 26.49532003], [65.74173707, 26.49296202], [66.02800968, 26.42658378], [66.03705917, 26.42435973], [66.32180243, 26.35039422], [66.32897185, 26.34844217], [66.33955879, 26.34523611], [66.61894760, 26.25555584], [66.62397423, 26.25389389], [66.63450629, 26.25011335], [66.90956744, 26.14618761], [66.92304020, 26.14077405], [67.19753912, 26.02376690], [67.20239463, 26.02165328], [67.47487468, 25.90055845], [67.47607144, 25.90003601], [67.74965454, 25.78274335], [67.75076963, 25.78226297], [68.02576639, 25.66322369], [68.03266744, 25.66014665], [68.30503066, 25.53512483], [68.32027471, 25.52766806], [68.58690655, 25.38899043], [68.59466319, 25.38481653], [68.60403808, 25.37939075], [68.86479075, 25.22252425], [68.87228434, 25.21786968], [68.88126558, 25.21189384], [69.13597132, 25.03607677], [69.14496077, 25.02963314], [69.15333736, 25.02317387], [69.39228849, 24.83226666], [69.40481648, 24.82173816], [69.63076901, 24.62204847], [69.63951318, 24.61403358], [69.85752802, 24.40678392], [69.85989081, 24.40451504], [70.07584776, 24.19503977], [70.07853963, 24.19239817], [70.28989404, 23.98256449], [70.29841957, 23.97377346], [70.49692493, 23.76115328], [70.50741458, 23.74934789], [70.69011344, 23.53320696], [70.70039705, 23.52038192], [70.86784166, 23.30006927], [70.87083162, 23.29605915], [70.87704563, 23.28723617], [71.02778328, 23.06486142], [71.03378077, 23.05564277], [71.03908301, 23.04679334], [71.16910745, 22.82062095], [71.17643999, 22.80705021], [71.18077395, 22.79809535], [71.28786175, 22.56614541], [71.29202707, 22.55667047], [71.29581345, 22.54712121], [71.38269667, 22.31570172], [71.38742968, 22.30205369], [71.39027278, 22.29252570], [71.45491958, 22.06031356], [71.45718376, 22.05163306], [71.45926440, 22.04233927], [71.46112411, 22.03229896], [71.50003175, 21.79802863], [71.50178661, 21.78578181], [71.50272404, 21.77657224], [71.50337789, 21.76640044], [71.51426787, 21.52753986], [71.51455578, 21.51465295], [71.51437589, 21.50544129], [71.51379731, 21.49526551], [71.49522393, 21.24948948], [71.49414422, 21.23826350], [71.49288784, 21.22900911], [71.49113953, 21.21895127], [71.44315375, 20.97034049], [71.44106783, 20.96050325], [71.43876854, 20.95133501], [71.43591240, 20.94150201], [71.35889255, 20.69351538], [71.35694290, 20.68749168], [71.35366022, 20.67830789], [71.34984808, 20.66876334], [71.24795074, 20.42660810], [71.24584005, 20.42173019], [71.24166665, 20.41278863], [71.23696314, 20.40359933], [71.11188598, 20.16979420], [71.10402878, 20.15601657], [71.09870047, 20.14757916], [70.94999793, 19.92122013], [70.94520183, 19.91415215], [70.93899646, 19.90562336], [70.77518913, 19.68871795], [70.76972950, 19.68171440], [70.76295972, 19.67359763], [70.58319130, 19.46564652], [70.57640870, 19.45806734], [70.56912068, 19.45047064], [70.36985648, 19.24992032], [70.36308381, 19.24331641], [70.35523257, 19.23615361], [70.13378777, 19.04106352], [70.12075159, 19.03016359], [69.88235242, 18.84103938], [69.87219953, 18.83329828], [69.62227397, 18.65021264], [69.61380190, 18.64420625], [69.35497116, 18.46666755], [69.34738929, 18.46161660], [69.08034102, 18.28888040], [69.07532635, 18.28569891], [68.80282216, 18.11615043], [68.79988101, 18.11434122], [68.52412140, 17.94664139], [68.52295552, 17.94593557], [68.24624040, 17.77917375], [68.24603340, 17.77904864], [67.97117403, 17.61246889], [67.97055009, 17.61208752], [67.69960200, 17.44506810], [67.69848210, 17.44436716], [67.43307962, 17.27571748], [67.43150638, 17.27469615], [67.17282298, 17.10315863], [67.17083357, 17.10180322], [66.91970437, 16.92605036], [66.91738658, 16.92437604], [66.67411608, 16.74303273], [66.67160670, 16.74109618], [66.43590438, 16.55282793], [66.43346069, 16.55080786], [66.20496391, 16.35535451], [66.20244442, 16.35311976], [65.98165149, 16.15006011], [65.97915095, 16.14767319], [65.76546427, 15.93595365], [65.76327483, 15.93370950], [65.55576539, 15.71365052], [65.55385049, 15.71155588], [65.35184705, 15.48360109], [65.35026996, 15.48177325], [65.15301191, 15.24693550], [65.15163259, 15.24525289], [64.95871839, 15.00407838], [64.95767361, 15.00274688], [64.76802598, 14.75633768], [64.76713458, 14.75515965], [64.58050931, 14.50427287], [64.57984105, 14.50336261], [64.39507448, 14.24834482], [64.39467203, 14.24778484], [64.21042532, 13.98932561], [64.02561554, 13.72954918], [64.02478621, 13.72838903], [63.83899365, 13.46972769], [63.83723620, 13.46730540], [63.64936685, 13.21094153], [63.64659511, 13.20721717], [63.45546595, 12.95431097], [63.45160793, 12.94931072], [63.25604204, 12.70101241], [63.25116409, 12.69497281], [63.05018698, 12.45226523], [63.04429729, 12.44535547], [62.83706856, 12.20912549], [62.83030677, 12.20165757], [62.61624120, 11.97256628], [62.60898985, 11.96505359], [62.38790562, 11.74328774], [62.38002032, 11.73564144], [62.15168449, 11.52158857], [62.14287969, 11.51363003], [61.90714576, 11.30819086], [61.89815401, 11.30063278], [61.65495441, 11.10349234], [61.64459378, 11.09542863], [61.39347176, 10.90782693], [61.38294225, 10.90027463], [61.12395375, 10.72200301], [61.11293154, 10.71473064], [60.84626131, 10.54618336], [60.83593213, 10.53990987], [60.56233213, 10.38033269], [60.55083149, 10.37391928], [60.27002793, 10.22434531], [60.25994037, 10.21918400], [59.97286195, 10.07822102], [59.96228480, 10.07324792], [59.66894238, 9.94133523], [59.65902361, 9.93705931], [59.36004406, 9.81364772], [59.35232867, 9.81057016], [59.04867019, 9.69361839], [59.04159663, 9.69098145], [58.73398301, 9.58007336], [58.72804998, 9.57799420], [58.41705737, 9.47213171], [58.41236181, 9.47057017], [58.09873468, 9.36871879], [58.09500438, 9.36753028], [57.77934517, 9.26888920], [57.77669756, 9.26807326], [57.45956971, 9.17170528], [57.45861954, 9.17141801], [57.14087019, 9.07583814], [56.82256739, 8.98044276], [56.50449698, 8.88521560], [56.50382256, 8.88501442], [56.18562217, 8.79044006], [55.86764280, 8.69587256], [55.54974769, 8.60084631], [55.54845212, 8.60046174], [55.23006425, 8.50661608], [54.91146112, 8.41292766], [54.90949339, 8.41235523], [54.59086346, 8.32066659], [54.58846040, 8.31998429], [54.26963364, 8.23067693], [54.26553598, 8.22955565], [53.94635702, 8.14427405], [53.94220217, 8.14319088], [53.62303833, 8.06204962], [53.61631901, 8.06041102], [53.29725000, 7.98589146], [53.29103814, 7.98449929], [52.97208483, 7.91601376], [52.96432806, 7.91443835], [52.64614759, 7.85349331], [52.63605106, 7.85170964], [52.31870566, 7.80034222], [52.30227595, 7.79807309], [51.99096342, 7.76241858], [51.98206094, 7.76152213], [51.97107144, 7.76074794], [51.67508225, 7.74475482], [51.66326890, 7.74432554], [51.65245336, 7.74430041]]]}
    },
    {
      "type": "Feature",
      "properties": {"block_id": "ADC_NIO_02", "basin_id": "BASIN_NIO", "basin_label": "North Indian Ocean", "domain_count": 2, "grid_cell_count": 113, "outer_area_km2": 3089586.622233, "shelf_width_km": 250.000000, "outer_buffer_km": 430.000000, "shelf_add_area_km2": 0.000000, "shelf_add_cell_count": 0, "shelf_add_component_count": 0, "bay_add_area_km2": 943535.463072, "bay_add_cell_count": 1043, "bay_add_core_cell_count": 1043, "bay_add_component_count": 3, "open_ocean_area_risk": 0},
      "geometry": {"type": "Polygon", "coordinates": [[[74.70351023, 9.56196518], [74.69271088, 9.56204038], [74.41357222, 9.56844674], [74.39986438, 9.56902823], [74.38896155, 9.56987870], [74.09716563, 9.59734508], [74.08951124, 9.59815401], [74.07825796, 9.59965692], [73.77973848, 9.64441055], [73.76588924, 9.64675487], [73.46217012, 9.70408974], [73.45008114, 9.70658092], [73.13947580, 9.77600316], [73.12901155, 9.77850253], [72.81270663, 9.85894427], [72.80509316, 9.86096749], [72.48544516, 9.94958796], [72.48354158, 9.95012124], [72.16322279, 10.04078765], [72.16248321, 10.04099783], [71.84220670, 10.13237745], [71.84120360, 10.13266519], [71.52239327, 10.22460801], [71.52179707, 10.22477804], [71.20498041, 10.31411996], [71.20354096, 10.31451485], [70.88566325, 10.39929657], [70.88438382, 10.39962921], [70.56350491, 10.48090620], [70.56247940, 10.48116049], [70.23769391, 10.55996948], [69.91094202, 10.63913382], [69.90875425, 10.63967094], [69.58317465, 10.72065954], [69.58296171, 10.72071228], [69.25772758, 10.80089619], [69.25735646, 10.80098697], [68.93119106, 10.88014742], [68.93004932, 10.88042645], [68.60388990, 10.96068664], [68.59994058, 10.96168164], [68.27533222, 11.04537502], [68.27114139, 11.04648189], [67.94767344, 11.13395741], [67.94705787, 11.13412445], [67.62365094, 11.22218594], [67.62204735, 11.22262649], [67.29977822, 11.31194676], [67.29556508, 11.31314158], [66.97564880, 11.40593420], [66.96776920, 11.40831601], [66.65127896, 11.50788332], [66.63975338, 11.51172134], [66.32806738, 11.62132324], [66.31609255, 11.62577266], [66.00935251, 11.74595184], [65.99715035, 11.75099252], [65.69584402, 11.88199336], [65.68173384, 11.88849651], [65.38767629, 12.03187977], [65.37687705, 12.03737614], [65.08821859, 12.19058083], [65.08192910, 12.19400145], [64.79684601, 12.35283335], [64.79015798, 12.35665657], [64.50904909, 12.52149018], [64.50268892, 12.52531122], [64.22541486, 12.69594391], [64.21913841, 12.69989967], [63.94589284, 12.87623754], [63.93950223, 12.88046306], [63.66983643, 13.06311708], [63.66742048, 13.06476857], [63.39873975, 13.25011977], [63.13011054, 13.43540685], [62.86271208, 13.61928275], [62.86194369, 13.61980578], [62.59571905, 13.79918022], [62.59454564, 13.79995867], [62.32630582, 13.97515806], [62.32582611, 13.97546939], [62.05505673, 14.15008823], [62.05475504, 14.15028201], [61.78256006, 14.32442314], [61.78214149, 14.32469135], [61.51000241, 14.49934906], [61.50978753, 14.49948658], [61.23737023, 14.67333055], [60.96408331, 14.84710080], [60.69177741, 15.02031022], [60.69118850, 15.02068191], [60.41981074, 15.19062830], [60.41858773, 15.19138190], [60.14639881, 15.35639447], [60.14472254, 15.35738837], [59.86955742, 15.51692442], [59.86785419, 15.51788976], [59.58563157, 15.67421821], [59.58505108, 15.67453725], [59.29782536, 15.83116782], [59.29539319, 15.83250663], [59.00977590, 15.99120309], [59.00495265, 15.99393317], [58.72471349, 16.15549924], [58.71666602, 16.16028392], [58.44659038, 16.32581740], [58.43683172, 16.33202520], [58.18050506, 16.50117895], [58.16807155, 16.50978325], [57.93019137, 16.68230746], [57.92520563, 16.68600273], [57.91649986, 16.69283386], [57.69705271, 16.87120220], [57.69018047, 16.87695686], [57.68212203, 16.88415541], [57.48030873, 17.07083858], [57.47143157, 17.07938563], [57.46415285, 17.08694121], [57.28112894, 17.28374623], [57.27067299, 17.29558757], [57.26428785, 17.30348955], [57.10248016, 17.51122236], [57.09373488, 17.52303844], [57.08804613, 17.53145497], [56.94487057, 17.75178615], [56.93712111, 17.76439829], [56.93222509, 17.77320711], [56.81040795, 18.00217763], [56.80350723, 18.01603391], [56.79947620, 18.02514450], [56.70001348, 18.26172386], [56.69443369, 18.27607598], [56.69127082, 18.28546921], [56.61471537, 18.52776625], [56.61145328, 18.53890317], [56.60899372, 18.54874309], [56.55164466, 18.79811109], [56.55026231, 18.80448734], [56.54836537, 18.81479585], [56.50625748, 19.07081416], [56.50448279, 19.08329613], [56.47300686, 19.34558923], [56.47215582, 19.35363149], [56.44759048, 19.62159674], [56.44715382, 19.62689700], [56.42717443, 19.90018801], [56.42698902, 19.90290006], [56.40935770, 20.17998463], [56.40926557, 20.18149496], [56.39299189, 20.46033886], [56.37712735, 20.73715329], [56.37703717, 20.73852601], [56.35725097, 21.00558676], [56.35699258, 21.00841290], [56.32963241, 21.25986151], [56.32940715, 21.26173277], [56.32893706, 21.26483861], [56.28954360, 21.49543968], [56.28882325, 21.49914608], [56.28809427, 21.50220973], [56.23416692, 21.71124142], [56.23347427, 21.71376261], [56.23253332, 21.71677743], [56.23147805, 21.71976034], [56.15820591, 21.91517584], [56.15644857, 21.91949806], [56.15511660, 21.92238663], [56.06210695, 22.11465776], [56.06072569, 22.11738864], [56.05918122, 22.12018708], [55.95039486, 22.30903637], [55.94864626, 22.31194068], [55.94688646, 22.31463039], [55.82250456, 22.49742484], [55.82078195, 22.49986745], [55.81882867, 22.50244275], [55.67189065, 22.68913287], [55.67083893, 22.69044393], [55.51274826, 22.88382250], [55.51159350, 22.88520684], [55.34696741, 23.07864437], [55.34534082, 23.08050422], [55.17032293, 23.27526918], [55.16902322, 23.27668555], [54.98099945, 23.47735429], [54.79001323, 23.68075581], [54.78792960, 23.68299602], [54.60162471, 23.88520982], [54.59785957, 23.88936843], [54.41869119, 24.09075734], [54.41020109, 24.10070155], [54.24648276, 24.30060417], [54.24220336, 24.30595990], [54.23574064, 24.31456543], [54.09112595, 24.51451574], [54.08294238, 24.52643328], [54.07756158, 24.53503413], [53.95641480, 24.73676195], [53.95364933, 24.74147520], [53.94886601, 24.75018805], [53.94421776, 24.75944663], [53.84717533, 24.96198035], [53.84417519, 24.96845970], [53.84036064, 24.97743533], [53.83668915, 24.98705490], [53.76459167, 25.18709847], [53.75996544, 25.20107489], [53.75748655, 25.20987753], [53.75508556, 25.21982770], [53.71163320, 25.41610128], [53.70970641, 25.42561460], [53.70817258, 25.43495247], [53.70700014, 25.44429713], [53.70611656, 25.45445516], [53.69278985, 25.65093220], [53.69228903, 25.66127200], [53.69219499, 25.67066632], [53.69245936, 25.68006935], [53.69313382, 25.69024081], [53.71034000, 25.89157620], [53.71140437, 25.90174182], [53.71274110, 25.91106638], [53.71443265, 25.92034409], [53.71664715, 25.93033047], [53.76593135, 26.13426301], [53.76810735, 26.14266806], [53.77083149, 26.15185235], [53.77386818, 26.16083803], [53.77752699, 26.17046165], [53.85927002, 26.37395832], [53.86187002, 26.38020116], [53.86591515, 26.38911929], [53.87018390, 26.39767466], [53.87515889, 26.40678974], [53.98796396, 26.60475235], [53.99625971, 26.61842722], [54.00141158, 26.62611077], [54.00756158, 26.63460328], [54.15009494, 26.82415932], [54.16007359, 26.83671933], [54.16621148, 26.84377942], [54.17344198, 26.85152531], [54.34537736, 27.02933707], [54.35678982, 27.04054727], [54.36382532, 27.04688725], [54.37202438, 27.05377682], [54.56929178, 27.21382158], [54.58061532, 27.22259388], [54.58850926, 27.22822566], [54.59752080, 27.23420396], [54.80938898, 27.36965885], [54.82257255, 27.37765873], [54.83107740, 27.38236409], [54.84079686, 27.38732595], [55.06587167, 27.49755797], [55.07111319, 27.50006451], [55.08067937, 27.50433884], [55.09006225, 27.50816601], [55.10037907, 27.51198481], [55.33760759, 27.59541493], [55.35218284, 27.60017975], [55.36169385, 27.60288970], [55.37242808, 27.60557572], [55.62275545, 27.66393541], [55.63069961, 27.66568595], [55.64096180, 27.66764520], [55.65192795, 27.66937558], [55.91093369, 27.70599448], [55.92537956, 27.70773357], [55.93621646, 27.70863706], [56.20517617, 27.72673283], [56.21426933, 27.72722324], [56.22553729, 27.72750047], [56.50685948, 27.72992394], [56.51269562, 27.72992212], [56.52419712, 27.72963200], [56.81204075, 27.71776447], [56.82681735, 27.71686246], [57.12189633, 27.69298639], [57.13244225, 27.69198257], [57.43228880, 27.65914845], [57.44799624, 27.65709027], [57.75133454, 27.61076931], [57.76850757, 27.60773332], [58.07365191, 27.54636566], [58.08375766, 27.54418612], [58.38955646, 27.47374789], [58.39661003, 27.47205002], [58.70376934, 27.39491017], [58.71048897, 27.39315508], [59.01964971, 27.30928153], [59.02237011, 27.30853227], [59.33233653, 27.22187910], [59.64120003, 27.13556187], [59.64185201, 27.13538193], [59.94717821, 27.05217048], [59.94884298, 27.05173140], [60.24747685, 26.97557444], [60.25094648, 26.97475186], [60.54514241, 26.91023145], [60.54852812, 26.90954663], [60.84676623, 26.85426583], [60.84983330, 26.85374367], [61.15479804, 26.80640551], [61.15699209, 26.80608829], [61.46488947, 26.76483892], [61.46864571, 26.76440332], [61.78011122, 26.73386344], [61.78385338, 26.73356276], [62.09999583, 26.71373821], [62.10378417, 26.71356796], [62.42414538, 26.70485150], [62.42663236, 26.70481272], [62.75408008, 26.70350953], [62.75450641, 26.70350868], [63.08697228, 26.70350868], [63.08776837, 26.70350784], [63.42019085, 26.70280199], [63.42804993, 26.70270292], [63.75789509, 26.69508597], [63.77092877, 26.69455793], [64.09688741, 26.67566380], [64.10552743, 26.67506266], [64.42059706, 26.64947544], [64.42449535, 26.64923040], [64.72652468, 26.63577344], [64.72826157, 26.63571017], [64.73168528, 26.63566802], [65.03014133, 26.63676419], [65.03366312, 26.63683505], [65.33436769, 26.64783435], [65.33671436, 26.64794598], [65.63995382, 26.66570835], [65.64133249, 26.66579804], [65.94784108, 26.68772671], [65.94823865, 26.68775590], [66.25723597, 26.71102050], [66.25990472, 26.71121184], [66.56940853, 26.73229119], [66.57657391, 26.73271026], [66.88646798, 26.74785703], [66.89858219, 26.74825289], [67.20978729, 26.75338748], [67.21821921, 26.75343177], [67.52896965, 26.75156929], [67.52942853, 26.75156626], [67.83716936, 26.74934504], [67.83879332, 26.74934563], [68.14741940, 26.75179693], [68.14798276, 26.75180098], [68.45935756, 26.75380618], [68.46574795, 26.75379288], [68.77541458, 26.75050870], [68.78905362, 26.75011570], [69.09557073, 26.73569550], [69.10464055, 26.73642215], [69.14904444, 26.73926556], [69.16614110, 26.74008607], [69.21062632, 26.74150864], [69.22774384, 26.74178225], [69.25000000, 26.74196011], [69.75000000, 26.74196011], [69.76689525, 26.74185762], [69.77989046, 26.74169994], [69.81902596, 26.74067469], [69.83612956, 26.73998586], [69.88055799, 26.73748446], [69.89762491, 26.73624943], [69.94193095, 26.73232966], [69.95894041, 26.73054994], [70.00307008, 26.72521658], [70.02000135, 26.72289434], [70.06390088, 26.71615389], [70.08073333, 26.71329195], [70.12434924, 26.70515261], [70.14106238, 26.70175447], [70.18434151, 26.69222617], [70.20091496, 26.68829596], [70.24380460, 26.67739030], [70.26021817, 26.67293281], [70.30266607, 26.66066308], [70.31889977, 26.65568375], [70.36085421, 26.64206489], [70.37688825, 26.63656978], [70.41829810, 26.62161840], [70.43411295, 26.61561420], [70.47492779, 26.59934850], [70.49050418, 26.59284253], [70.53067425, 26.57528234], [70.54599321, 26.56828253], [70.58546959, 26.54944923], [70.60051245, 26.54196410], [70.63924703, 26.52188066], [70.65399547, 26.51391933], [70.68435155, 26.49687225], [70.70692184, 26.49196011], [71.25000000, 26.49196011], [71.26689525, 26.49185762], [71.27989046, 26.49169994], [71.31902596, 26.49067469], [71.33612955, 26.48998586], [71.38055799, 26.48748446], [71.39762492, 26.48624943], [71.44193095, 26.48232966], [71.45894041, 26.48054994], [71.50307007, 26.47521658], [71.52000134, 26.47289434], [71.56390089, 26.46615388], [71.58073334, 26.46329195], [71.62434924, 26.45515261], [71.64106237, 26.45175447], [71.68434151, 26.44222617], [71.70091496, 26.43829596], [71.74380460, 26.42739030], [71.76021817, 26.42293281], [71.80266607, 26.41066308], [71.81889977, 26.40568375], [71.86085421, 26.39206489], [71.87688825, 26.38656978], [71.91829810, 26.37161840], [71.93411295, 26.36561420], [71.97492778, 26.34934850], [71.99050418, 26.34284253], [72.03067425, 26.32528234], [72.04599321, 26.31828253], [72.08546959, 26.29944923], [72.10051246, 26.29196410], [72.13924703, 26.27188066], [72.15399547, 26.26391933], [72.19194107, 26.24261019], [72.20637711, 26.23418237], [72.24348750, 26.21167350], [72.25759356, 26.20278945], [72.29382350, 26.17910830], [72.30758239, 26.16977884], [72.34288779, 26.14495422], [72.35628275, 26.13519072], [72.39062055, 26.10925290], [72.40363525, 26.09906727], [72.43696364, 26.07204784], [72.44958224, 26.06145247], [72.48186059, 26.03338436], [72.49406771, 26.02239217], [72.52525672, 25.99330957], [72.53703749, 25.98193394], [72.55221155, 25.96702323], [72.92721155, 25.59202323], [72.94564207, 25.57318720], [72.95964641, 25.55855906], [72.99178437, 25.52363485], [73.00255842, 25.51145099], [73.02996294, 25.47933010], [73.04026609, 25.46680934], [73.06642978, 25.43383219], [73.07624948, 25.42098978], [73.10114045, 25.38719655], [73.11046474, 25.37404813], [73.13405268, 25.33948000], [73.14287020, 25.32604159], [73.16512637, 25.29074066], [73.17342637, 25.27702864], [73.19432364, 25.24103794], [73.20209601, 25.22706901], [73.22160893, 25.19043237], [73.22884421, 25.17622355], [73.24694900, 25.13898562], [73.25363837, 25.12455423], [73.27031298, 25.08676036], [73.27644829, 25.07212397], [73.29167240, 25.03382023], [73.29724617, 25.01899668], [73.31100123, 24.98022971], [73.31600667, 24.96523706], [73.32827593, 24.92605411], [73.33270695, 24.91091063], [73.34347545, 24.87135943], [73.34732664, 24.85608356], [73.35658128, 24.81621231], [73.35984795, 24.80082266], [73.36757744, 24.76067993], [73.37025561, 24.74519526], [73.37645053, 24.70482994], [73.37853695, 24.68926911], [73.37901778, 24.68507973], [73.38408925, 24.67740204], [73.38927979, 24.66874489], [73.52528334, 24.43221480], [73.53278438, 24.41835241], [73.65986872, 24.16820403], [73.66249953, 24.16287959], [73.66693232, 24.15319518], [73.70689073, 24.06143749], [73.70964641, 24.05855905], [73.74178437, 24.02363485], [73.75255841, 24.01145099], [73.77996294, 23.97933010], [73.79026609, 23.96680934], [73.81642978, 23.93383219], [73.82624948, 23.92098978], [73.85114045, 23.88719655], [73.86046474, 23.87404813], [73.88405268, 23.83947999], [73.89287020, 23.82604159], [73.91512637, 23.79074066], [73.92342637, 23.77702864], [73.94432364, 23.74103794], [73.95209601, 23.72706901], [73.97160893, 23.69043237], [73.97884421, 23.67622356], [73.99694901, 23.63898561], [74.00363837, 23.62455422], [74.02031298, 23.58676036], [74.02644828, 23.57212398], [74.04167240, 23.53382022], [74.04724617, 23.51899667], [74.06100123, 23.48022971], [74.06600667, 23.46523706], [74.07827593, 23.42605411], [74.08270695, 23.41091062], [74.09347545, 23.37135943], [74.09732664, 23.35608356], [74.10658128, 23.31621231], [74.10984795, 23.30082266], [74.11757744, 23.26067993], [74.12025561, 23.24519526], [74.12645053, 23.20482995], [74.12853695, 23.18926911], [74.13318976, 23.14873041], [74.13468187, 23.13311238], [74.13778690, 23.09244968], [74.13868289, 23.07679347], [74.14023635, 23.03605630], [74.14053514, 23.02038100], [74.14072937, 23.00000000], [74.14072937, 22.54428898], [74.16610452, 22.40464968], [74.16674014, 22.40102104], [74.21653283, 22.10573711], [74.21751403, 22.09950519], [74.26088520, 21.80305574], [74.26154571, 21.79826141], [74.29991778, 21.50138050], [74.30039992, 21.49743721], [74.33476779, 21.19935403], [74.33503225, 21.19697359], [74.36700044, 20.89792540], [74.36760463, 20.89161935], [74.39314179, 20.59027105], [74.39364050, 20.58341593], [74.41207974, 20.28000713], [74.41213627, 20.27905068], [74.42949942, 19.97675124], [74.42955676, 19.97584110], [74.45006671, 19.67667122], [74.45016275, 19.67541181], [74.47498908, 19.37978431], [74.47522074, 19.37743109], [74.50803720, 19.08685698], [74.50839551, 19.08410111], [74.55075422, 18.79625325], [74.55126913, 18.79316176], [74.60474173, 18.50577123], [74.60535414, 18.50278565], [74.67144472, 18.20813212], [74.73847514, 17.90953575], [74.73870574, 17.90853731], [74.80847867, 17.61468969], [74.80895955, 17.61276645], [74.88543780, 17.32163070], [74.88587143, 17.32004366], [74.96886204, 17.02764047], [74.96906507, 17.02693684], [75.05555726, 16.73203086], [75.05569187, 16.73157665], [75.14426679, 16.43576492], [75.23373154, 16.13912312], [75.23398257, 16.13828627], [75.32145513, 15.84509946], [75.32207513, 15.84311162], [75.41496018, 15.55778032], [75.41603275, 15.55469035], [75.52052839, 15.27145768], [75.52109325, 15.26996979], [75.63304863, 14.98320143], [75.63328751, 14.98259639], [75.74790690, 14.69550742], [75.74827944, 14.69458984], [75.86557891, 14.41042903], [75.86625276, 14.40884223], [75.99021784, 14.12492276], [75.99037055, 14.12457511], [76.11705658, 13.83789859], [76.11746462, 13.83697100], [76.24318529, 13.54985594], [76.24560690, 13.54416626], [76.36399556, 13.25781793], [76.36934348, 13.24390582], [76.47095768, 12.95835088], [76.47594500, 12.94302251], [76.55958062, 12.65983902], [76.56327474, 12.64611379], [76.63170181, 12.36480497], [76.63502589, 12.34931711], [76.68693660, 12.07065494], [76.68837607, 12.06216610], [76.68974205, 12.05193779], [76.72097695, 11.77853222], [76.72208004, 11.76650586], [76.72258393, 11.75646051], [76.73071493, 11.49481013], [76.73077499, 11.48004965], [76.73036094, 11.47019341], [76.71523120, 11.22261597], [76.71487750, 11.21764544], [76.71389976, 11.20790816], [76.71249475, 11.19779951], [76.67621740, 10.96878251], [76.67399416, 10.95655671], [76.67178082, 10.94673089], [76.62076885, 10.73868943], [76.61867442, 10.73068622], [76.61592400, 10.72147825], [76.61261524, 10.71174894], [76.54598164, 10.52722247], [76.54351444, 10.52066156], [76.53979307, 10.51164565], [76.53582831, 10.50296848], [76.53117741, 10.49371101], [76.44636390, 10.33236939], [76.44015394, 10.32117061], [76.43524270, 10.31310272], [76.42993135, 10.30505173], [76.42384836, 10.29651885], [76.31997697, 10.15622519], [76.31532539, 10.15011627], [76.30906811, 10.14241126], [76.30265463, 10.13506402], [76.29596506, 10.12792623], [76.28842758, 10.12042977], [76.16217733, 9.99918325], [76.15779802, 9.99506405], [76.15018215, 9.98828860], [76.14256955, 9.98197372], [76.13472093, 9.97590599], [76.12597273, 9.96960821], [75.97461457, 9.86450795], [75.96275379, 9.85665166], [75.95440601, 9.85157541], [75.94565613, 9.84664870], [75.93597925, 9.84161752], [75.76231768, 9.75496237], [75.75122527, 9.74968103], [75.74203202, 9.74569137], [75.73260216, 9.74196230], [75.72223852, 9.73825134], [75.52753719, 9.67209736], [75.51164522, 9.66711947], [75.50218075, 9.66456692], [75.49140308, 9.66203095], [75.27381741, 9.61452428], [75.26646175, 9.61300508], [75.25612759, 9.61116402], [75.24513712, 9.60956833], [75.00555741, 9.57869919], [74.99046818, 9.57708333], [74.97966185, 9.57633395], [74.71921926, 9.56245433], [74.70351023, 9.56196518]]]}
    },
    {
      "type": "Feature",
      "properties": {"block_id": "ADC_NIO_03", "basin_id": "BASIN_NIO", "basin_label": "North Indian Ocean", "domain_count": 3, "grid_cell_count": 128, "outer_area_km2": 4328113.751673, "shelf_width_km": 250.000000, "outer_buffer_km": 430.000000, "shelf_add_area_km2": 43392.212373, "shelf_add_cell_count": 44, "shelf_add_component_count": 1, "bay_add_area_km2": 749261.390249, "bay_add_cell_count": 1012, "bay_add_core_cell_count": 1012, "bay_add_component_count": 2, "open_ocean_area_risk": 0},
      "geometry": {"type": "Polygon", "coordinates": [[[80.55126074, -0.87002403], [80.24077832, -0.86724636], [80.22991993, -0.86697277], [79.92068109, -0.85415179], [79.90864864, -0.85343540], [79.60062527, -0.82951510], [79.58516996, -0.82795263], [79.27964530, -0.78986828], [79.26469732, -0.78766027], [78.96353812, -0.73618057], [78.94744103, -0.73301935], [78.65019033, -0.66700196], [78.63421964, -0.66303803], [78.34006143, -0.58224764], [78.33465902, -0.58070751], [78.32433060, -0.57746260], [78.03441408, -0.48092551], [78.01882702, -0.47529789], [77.73523024, -0.36479495], [77.73070843, -0.36298811], [77.72073391, -0.35870223], [77.44536274, -0.23476026], [77.44077905, -0.23264796], [77.43106467, -0.22786098], [77.16421260, -0.09062957], [77.15961324, -0.08821080], [77.15018667, -0.08293204], [76.89188391, 0.06760394], [76.88742149, 0.07025980], [76.87830003, 0.07602012], [76.62853575, 0.23983913], [76.62381497, 0.24300329], [76.61506346, 0.24922141], [76.37442098, 0.42654366], [76.36911630, 0.43054760], [76.36080631, 0.43720488], [76.13108756, 0.62787467], [76.11963365, 0.63784804], [75.89920568, 0.83915153], [75.89497302, 0.84309754], [75.88737025, 0.85059005], [75.67922782, 1.06300524], [75.67511679, 1.06729035], [75.66796627, 1.07517533], [75.47240176, 1.29857166], [75.46308402, 1.30972159], [75.27767932, 1.54223784], [75.26944618, 1.55303163], [75.09331933, 1.79455808], [75.08589000, 1.80520103], [74.91913231, 2.05493928], [74.91297092, 2.06454085], [74.75466387, 2.32142435], [74.74733009, 2.33396951], [74.60068498, 2.59879928], [74.59442022, 2.61071427], [74.45830069, 2.88380350], [74.45426664, 2.89221105], [74.32566937, 3.17089901], [74.32300642, 3.17683304], [74.19993186, 3.45899079], [74.19699745, 3.46594885], [74.08050685, 3.75188014], [74.07809045, 3.75799702], [73.96735700, 4.04729310], [73.96404264, 4.05637626], [73.86228251, 4.34946036], [73.85950888, 4.35783434], [73.76619807, 4.65370520], [73.76420284, 4.66028767], [73.67763495, 4.95784584], [73.67577113, 4.96453339], [73.59603985, 5.26366236], [73.59433736, 5.27035125], [73.52139852, 5.57104404], [73.51983987, 5.57780276], [73.45372198, 5.88010274], [73.45243210, 5.88630732], [73.39257649, 6.18997129], [73.39140624, 6.19625352], [73.33803034, 6.50040997], [73.33655380, 6.50965323], [73.29266021, 6.81432236], [73.29208936, 6.81848763], [73.25240262, 7.12366665], [73.25204951, 7.12648438], [73.21521521, 7.43191816], [73.21472519, 7.43624031], [73.18225170, 7.74212566], [73.18175730, 7.74718352], [73.15436998, 8.05370636], [73.15382531, 8.06071157], [73.13353797, 8.36728629], [73.13302624, 8.37773830], [73.12328459, 8.68435398], [73.12314915, 8.69069272], [73.11978794, 8.99718833], [73.11978169, 9.00324555], [73.12251055, 9.30980592], [73.12259869, 9.31490873], [73.13047080, 9.62186298], [73.13082086, 9.63061053], [73.14752652, 9.93767271], [73.14815401, 9.94672289], [73.17401246, 10.25349006], [73.17507578, 10.26394870], [73.21159466, 10.57056361], [73.21285020, 10.57988133], [73.25865955, 10.88435449], [73.26047174, 10.89509460], [73.31664942, 11.19533152], [73.31922454, 11.20768013], [73.38701120, 11.50223446], [73.39098167, 11.51764512], [73.47271441, 11.80391915], [73.47452955, 11.81000774], [73.47782388, 11.81997372], [73.57429949, 12.09520992], [73.57758821, 12.10411368], [73.58148328, 12.11363435], [73.69194285, 12.37045978], [73.69563892, 12.37869128], [73.70018779, 12.38797327], [73.81726307, 12.61649077], [73.82158242, 12.62459840], [73.82675130, 12.63355790], [73.94693730, 12.83360674], [73.94976477, 12.83820912], [73.95557729, 12.84711011], [74.07106658, 13.01731786], [74.08010568, 13.02992283], [74.08624094, 13.03773688], [74.20107190, 13.17881118], [74.20626735, 13.18501401], [74.21272230, 13.19224419], [74.21932325, 13.19913637], [74.22673879, 13.20635650], [74.34593385, 13.31842878], [74.35202233, 13.32399352], [74.35940238, 13.33032387], [74.36688765, 13.33630621], [74.37458366, 13.34203159], [74.38313933, 13.34794826], [74.50943610, 13.43210353], [74.52123915, 13.43958673], [74.52934535, 13.44428369], [74.53784059, 13.44882366], [74.54649405, 13.45307336], [74.55602881, 13.45735723], [74.69235581, 13.51582719], [74.70594387, 13.52128194], [74.71477024, 13.52441704], [74.72398923, 13.52734200], [74.73330787, 13.52995318], [74.74349895, 13.53243864], [74.88661011, 13.56477715], [74.89727400, 13.56699069], [74.90679720, 13.56862686], [74.91640158, 13.56994359], [74.92604750, 13.57093449], [74.93652974, 13.57165367], [75.08447190, 13.57929040], [75.09822475, 13.57970013], [75.10769189, 13.57961560], [75.11738235, 13.57920079], [75.12785800, 13.57839639], [75.28439747, 13.56370615], [75.29658543, 13.56232124], [75.30604563, 13.56089465], [75.31636659, 13.55897836], [75.48431418, 13.52483866], [75.49641863, 13.52214243], [75.67154930, 13.47969257], [75.84590730, 13.43739649], [76.02019203, 13.39511270], [76.02091160, 13.39493727], [76.19720514, 13.35175017], [76.19862017, 13.35140024], [76.37711223, 13.30684427], [76.54360056, 13.26536179], [76.54472273, 13.26508942], [76.69142400, 13.23042489], [76.69479798, 13.22969205], [76.81792317, 13.20527924], [76.82067417, 13.20477566], [76.82386936, 13.20429465], [76.91110388, 13.19267037], [76.91534939, 13.19220111], [76.91857424, 13.19197250], [76.92180536, 13.19185316], [76.92503881, 13.19184324], [76.95987740, 13.19232607], [76.96210719, 13.19238302], [76.96533561, 13.19255796], [76.96855578, 13.19284206], [76.97176375, 13.19323496], [76.97495563, 13.19373619], [76.97812753, 13.19434514], [76.98127558, 13.19506106], [76.98439595, 13.19588308], [76.99676125, 13.19936638], [77.00084638, 13.20061719], [77.00388776, 13.20168180], [77.00688897, 13.20284869], [77.00984635, 13.20411644], [77.01275631, 13.20548350], [77.01561530, 13.20694821], [77.01841983, 13.20850879], [77.04791045, 13.22558901], [77.04951318, 13.22653879], [77.05222468, 13.22824698], [77.05487305, 13.23004590], [77.05745507, 13.23193336], [77.05996758, 13.23390704], [77.06240754, 13.23596456], [77.11680940, 13.28348153], [77.11961127, 13.28603286], [77.12188216, 13.28826497], [77.12407133, 13.29057256], [77.12617612, 13.29295284], [77.19701334, 13.37595010], [77.19928084, 13.37871583], [77.20119777, 13.38124094], [77.20302265, 13.38382939], [77.28370400, 13.50266924], [77.28587777, 13.50603043], [77.28748609, 13.50875058], [77.37293244, 13.65929506], [77.37435312, 13.66189824], [77.37576801, 13.66471766], [77.46133151, 13.84306269], [77.46201534, 13.84452195], [77.46327497, 13.84740978], [77.54977170, 14.05577586], [77.55095823, 14.05878923], [77.63784349, 14.29192350], [77.63902783, 14.29531089], [77.72156673, 14.54780684], [77.72265062, 14.55137781], [77.80043696, 14.82874444], [77.80073106, 14.82978604], [77.88280263, 15.11851273], [77.88570925, 15.12813640], [77.95754211, 15.35263435], [77.95754211, 15.50000000], [77.95774804, 15.52159506], [77.95806481, 15.53820380], [77.95964297, 15.58015196], [77.96052268, 15.59580642], [77.96354209, 15.63646313], [77.96498465, 15.65207828], [77.96946543, 15.69260803], [77.97146909, 15.70816486], [77.97740579, 15.74851828], [77.97996811, 15.76399782], [77.98735348, 15.80412575], [77.99047135, 15.81950914], [77.99929640, 15.85936268], [78.00296600, 15.87463119], [78.01321998, 15.91416179], [78.01743686, 15.92929681], [78.02910728, 15.96845630], [78.03386628, 15.98343939], [78.04693892, 16.02218008], [78.05223425, 16.03699298], [78.06669319, 16.07526766], [78.07251841, 16.08989233], [78.08834600, 16.12765435], [78.09469401, 16.14207297], [78.11187100, 16.17927636], [78.11873406, 16.19347136], [78.13723951, 16.23007076], [78.14460926, 16.24402486], [78.16442063, 16.27997569], [78.17228809, 16.29367188], [78.19338125, 16.32893035], [78.20173683, 16.34235193], [78.22408607, 16.37687507], [78.23291959, 16.39000571], [78.25649768, 16.42375145], [78.26579838, 16.43657514], [78.27210270, 16.44495282], [78.27910728, 16.46845631], [78.28386628, 16.48343940], [78.29693891, 16.52218007], [78.30223425, 16.53699297], [78.31669318, 16.57526766], [78.32251840, 16.58989233], [78.33834600, 16.62765435], [78.34469401, 16.64207297], [78.36187101, 16.67927636], [78.36873406, 16.69347137], [78.38723951, 16.73007076], [78.39460926, 16.74402485], [78.41442064, 16.77997570], [78.42228809, 16.79367188], [78.44338124, 16.82893034], [78.45173682, 16.84235192], [78.47408607, 16.87687507], [78.48291959, 16.89000571], [78.50649768, 16.92375146], [78.51579839, 16.93657514], [78.54057660, 16.96950239], [78.55033316, 16.98200351], [78.57628132, 17.01407215], [78.58648184, 17.02623546], [78.61356832, 17.05740640], [78.62420038, 17.06921709], [78.65239218, 17.09945238], [78.66344283, 17.11089606], [78.67794254, 17.12565127], [78.78299846, 17.23070719], [78.78386628, 17.23343939], [78.79693892, 17.27218008], [78.80223426, 17.28699298], [78.81669318, 17.32526765], [78.82251840, 17.33989232], [78.83834600, 17.37765435], [78.84469401, 17.39207297], [78.86187100, 17.42927635], [78.86873406, 17.44347136], [78.88723952, 17.48007078], [78.89460926, 17.49402487], [78.91442063, 17.52997569], [78.92228809, 17.54367188], [78.94338125, 17.57893035], [78.95173683, 17.59235193], [78.97408606, 17.62687506], [78.98291958, 17.64000569], [79.00649768, 17.67375146], [79.01579839, 17.68657514], [79.04057661, 17.71950240], [79.05033316, 17.73200351], [79.07628132, 17.76407215], [79.08648184, 17.77623546], [79.11356832, 17.80740640], [79.12420038, 17.81921709], [79.15239218, 17.84945238], [79.16344283, 17.86089606], [79.17794254, 17.87565126], [79.30294254, 18.00065127], [79.31681880, 18.01430156], [79.32758099, 18.02471615], [79.35693256, 18.05217366], [79.36875658, 18.06286582], [79.39999467, 18.09014091], [79.41219629, 18.10042640], [79.44439697, 18.12662771], [79.45696132, 18.13649400], [79.49008536, 18.16158960], [79.50299714, 18.17102467], [79.53700417, 18.19498397], [79.55024765, 18.20397632], [79.58509625, 18.22677015], [79.59865529, 18.23530883], [79.63430299, 18.25690939], [79.64816107, 18.26498400], [79.68456446, 18.28536501], [79.69870470, 18.29296570], [79.73581940, 18.31210230], [79.75022457, 18.31921982], [79.78800538, 18.33708871], [79.80265794, 18.34371438], [79.84105882, 18.36029378], [79.85594090, 18.36641954], [79.89491508, 18.38168926], [79.91000856, 18.38730764], [79.94950854, 18.40124907], [79.96479503, 18.40635322], [79.99665837, 18.41639272], [80.00299714, 18.42102467], [80.00821109, 18.42469810], [80.20191154, 18.58721914], [80.20868234, 18.59274519], [80.44765777, 18.78244504], [80.45647164, 18.78919769], [80.70257357, 18.97112113], [80.71393948, 18.97915117], [80.96804653, 19.15062346], [80.97943715, 19.15796897], [81.23942132, 19.31805976], [81.25242407, 19.32565821], [81.51938938, 19.47351617], [81.53350801, 19.48089279], [81.80878968, 19.61631094], [81.81484299, 19.61921227], [82.09504627, 19.75000969], [82.09818735, 19.75145587], [82.37972444, 19.87928795], [82.38033097, 19.87956595], [82.65596286, 20.00708490], [82.65826925, 20.00819032], [82.92474718, 20.14040523], [82.92703352, 20.14157896], [83.07465883, 20.21994323], [83.08509625, 20.22677014], [83.09865529, 20.23530883], [83.13430299, 20.25690940], [83.14816108, 20.26498400], [83.18456446, 20.28536500], [83.19870470, 20.29296570], [83.23581940, 20.31210230], [83.25022458, 20.31921982], [83.28031359, 20.33345078], [83.43871678, 20.42489516], [83.44121081, 20.42638724], [83.68982157, 20.58043900], [83.69133379, 20.58139631], [83.94237239, 20.74372131], [83.94451269, 20.74509343], [84.19803709, 20.90622994], [84.19891012, 20.90679170], [84.44813861, 21.06913493], [84.44946757, 21.07001694], [84.69493726, 21.23598859], [84.69597967, 21.23670381], [84.94145559, 21.40760388], [84.94589039, 21.41063717], [85.19601141, 21.57869124], [85.20176696, 21.58247044], [85.45486665, 21.74485082], [85.46582418, 21.75157919], [85.72257228, 21.90234246], [85.73550636, 21.90954839], [85.99335544, 22.04565042], [86.00215875, 22.05012886], [86.26134159, 22.17710600], [86.26440764, 22.17858843], [86.52288266, 22.30191178], [86.52369042, 22.30230193], [86.77900395, 22.42712706], [86.78049128, 22.42787065], [87.03188322, 22.55635285], [87.03413744, 22.55754394], [87.28636476, 22.69524483], [87.54292145, 22.83521245], [87.54676008, 22.83727363], [87.80409818, 22.97325477], [87.81215617, 22.97737145], [88.07291523, 23.10608415], [88.08325618, 23.11096655], [88.35045257, 23.23148373], [88.35689110, 23.23429612], [88.36682332, 23.23829618], [88.64260296, 23.34392864], [88.65369251, 23.34793571], [88.66357842, 23.35110975], [88.94644836, 23.43664745], [88.95547925, 23.43922755], [88.96572806, 23.44180015], [89.25023606, 23.50810051], [89.26134495, 23.51047609], [89.27162112, 23.51229770], [89.55618051, 23.55777854], [89.56517133, 23.55907915], [89.57571059, 23.56026347], [89.85437904, 23.58680738], [89.86862510, 23.58784033], [89.87885767, 23.58817684], [90.15265913, 23.59254396], [90.16111668, 23.59256164], [90.17095882, 23.59227918], [90.18144541, 23.59162244], [90.44959828, 23.57026585], [90.45741054, 23.56954172], [90.46722203, 23.56833556], [90.47759455, 23.56670196], [90.73983577, 23.52083189], [90.74499085, 23.51988190], [90.75483557, 23.51780126], [90.76501864, 23.51528513], [91.01678700, 23.44851726], [91.02917162, 23.44495804], [91.03896106, 23.44174099], [91.28377867, 23.35664065], [91.29705846, 23.35170315], [91.53744035, 23.25641250], [91.53998959, 23.25538965], [91.77991592, 23.15796092], [91.78345015, 23.15650183], [92.02152556, 23.05659378], [92.03448396, 23.05082450], [92.26780801, 22.94085818], [92.27494113, 22.93737960], [92.28433690, 22.93243783], [92.51215733, 22.80757575], [92.52209630, 22.80188357], [92.53088123, 22.79642346], [92.75192780, 22.65369788], [92.76414570, 22.64538717], [92.77223893, 22.63937856], [92.98667840, 22.47433839], [92.99098728, 22.47095488], [92.99862593, 22.46461485], [93.00636604, 22.45772249], [93.20803965, 22.27174316], [93.21651833, 22.26361090], [93.22364105, 22.25625281], [93.41489334, 22.05163851], [93.42152476, 22.04430022], [93.42819623, 22.03638705], [93.60894697, 21.81419123], [93.61383975, 21.80800479], [93.62007541, 21.79959100], [93.79150065, 21.55955549], [93.79974204, 21.54742627], [93.96274616, 21.29502209], [93.96652825, 21.28901737], [94.12525125, 21.03055936], [94.12649782, 21.02851193], [94.28340481, 20.76855926], [94.28369541, 20.76808120], [94.43946963, 20.51362401], [94.44076673, 20.51156850], [94.59899609, 20.26821780], [94.60095402, 20.26533116], [94.76362976, 20.03525522], [94.76474188, 20.03371707], [94.76667130, 20.03120092], [94.93835048, 19.81528958], [94.94133615, 19.81172678], [95.12446882, 19.60425991], [95.12690633, 19.60160659], [95.32404720, 19.39537303], [95.32475197, 19.39464394], [95.52933295, 19.18534603], [95.53293552, 19.18159975], [95.73403935, 18.96902754], [95.74322110, 18.95889413], [95.93267371, 18.74053056], [95.94225283, 18.72894492], [96.12079699, 18.50223197], [96.12528785, 18.49639043], [96.29826272, 18.26586453], [96.30407058, 18.25786564], [96.46811718, 18.02429545], [96.47279208, 18.01744884], [96.62940005, 17.78145036], [96.63140374, 17.77839234], [96.78405559, 17.54242377], [96.78452038, 17.54171273], [96.94010832, 17.30613888], [96.94127912, 17.30435298], [97.09563637, 17.06714203], [97.09622172, 17.06623908], [97.24947510, 16.82894473], [97.25188155, 16.82515937], [97.40079253, 16.58717115], [97.40329389, 16.58310476], [97.54779028, 16.34412970], [97.55255007, 16.33598204], [97.68849536, 16.09497525], [97.69566342, 16.08150624], [97.81835291, 15.83666104], [97.82314669, 15.82661706], [97.82718640, 15.81727787], [97.92953347, 15.56858612], [97.93206408, 15.56221403], [97.93536316, 15.55311360], [97.93850012, 15.54338804], [98.01460468, 15.29213007], [98.01749476, 15.28190758], [98.01971829, 15.27278198], [98.02177630, 15.26278911], [98.06914285, 15.00989043], [98.07120962, 14.99732612], [98.07234135, 14.98816652], [98.07322657, 14.97801255], [98.09091561, 14.72193900], [98.09152160, 14.70881433], [98.09157043, 14.69961899], [98.09125776, 14.68943329], [98.07882794, 14.43431521], [98.07796856, 14.42207386], [98.07695674, 14.41286849], [98.07547899, 14.40277955], [98.03463611, 14.15506943], [98.03264260, 14.14427649], [98.03060069, 14.13513775], [98.02801841, 14.12526000], [97.96213387, 13.89051678], [97.95934072, 13.88118306], [97.95631006, 13.87221237], [97.95269196, 13.86264521], [97.86633362, 13.64606235], [97.86330903, 13.63877602], [97.85933886, 13.63001125], [97.85477954, 13.62083015], [97.75280493, 13.42433245], [97.74717028, 13.41399127], [97.74237756, 13.40593755], [97.73681079, 13.39729463], [97.61783472, 13.21955459], [97.60923716, 13.20738030], [97.60362561, 13.20011171], [97.59703809, 13.19217235], [97.45765590, 13.03006325], [97.45157357, 13.02320981], [97.44494929, 13.01622680], [97.43756933, 13.00897248], [97.28223030, 12.86151635], [97.27746637, 12.85709631], [97.27005949, 12.85061068], [97.26201912, 12.84404951], [97.09156955, 12.70981469], [97.08464015, 12.70452120], [97.07673361, 12.69887282], [97.06806080, 12.69311874], [96.88017868, 12.57307980], [96.87136841, 12.56766091], [96.86299684, 12.56289950], [96.85375245, 12.55805395], [96.64653794, 12.45393006], [96.63674794, 12.44922658], [96.62793591, 12.44536491], [96.61821470, 12.44149508], [96.39450103, 12.35683212], [96.38850331, 12.35463662], [96.37905747, 12.35147496], [96.36901051, 12.34848832], [96.12727669, 12.28108088], [96.11581453, 12.27811854], [96.10566173, 12.27588106], [95.84695764, 12.22345463], [95.84040266, 12.22220271], [95.82976796, 12.22048062], [95.55396215, 12.18060388], [95.54022216, 12.17890738], [95.24904536, 12.14906918], [95.23961755, 12.14823784], [94.93654911, 12.12583393], [94.93277933, 12.12557667], [94.62672716, 12.10642861], [94.62605244, 12.10638400], [94.32608525, 12.08548321], [94.32386092, 12.08530208], [94.03417171, 12.05830026], [94.03124880, 12.05798233], [93.75088548, 12.02310802], [93.74763843, 12.02264729], [93.47383129, 11.97897974], [93.47021359, 11.97833099], [93.20291027, 11.92505199], [93.19867175, 11.92410609], [92.93851725, 11.85977644], [92.93666626, 11.85929892], [92.93356579, 11.85840890], [92.67867378, 11.78052265], [92.67662955, 11.77987260], [92.67358764, 11.77880941], [92.42315578, 11.68645971], [92.42091516, 11.68560095], [92.41794565, 11.68436016], [92.17363485, 11.57733603], [92.17136144, 11.57630394], [92.16847692, 11.57488709], [91.93026615, 11.45276891], [91.92623168, 11.45057395], [91.69012381, 11.31449361], [91.68734346, 11.31282609], [91.45448810, 11.16760051], [91.45115384, 11.16542038], [91.22648343, 11.01153567], [91.22504849, 11.01053278], [91.22247733, 11.00863144], [91.00653901, 10.84308860], [91.00474470, 10.84167743], [91.00229542, 10.83963037], [90.79270260, 10.65817901], [90.79095739, 10.65662882], [90.78864013, 10.65444200], [90.58701458, 10.45740593], [90.58547671, 10.45586677], [90.58329589, 10.45355175], [90.39127817, 10.24243321], [90.38990156, 10.24088449], [90.38786196, 10.23845142], [90.20734144, 10.01525793], [90.20612363, 10.01371829], [90.20422900, 10.01117741], [90.03611915, 9.77723391], [90.03360879, 9.77355071], [89.87659106, 9.53038712], [89.87448625, 9.52696071], [89.72816731, 9.27627403], [89.72659893, 9.27347210], [89.58821251, 9.01542314], [89.58731738, 9.01370949], [89.45349447, 8.75057260], [89.45281947, 8.74921682], [89.32486402, 8.48661229], [89.32356000, 8.48381312], [89.20673900, 8.22117033], [89.20539952, 8.21799327], [89.09922726, 7.95175804], [89.09802714, 7.94857099], [89.00216027, 7.67824826], [89.00106855, 7.67496633], [88.91545506, 7.39961336], [88.91460516, 7.39670355], [88.83716606, 7.11347329], [88.83680988, 7.11212872], [88.76268656, 6.82306481], [88.76242851, 6.82203243], [88.69172360, 6.53167995], [88.69142027, 6.53039201], [88.62529605, 6.23980855], [88.62489133, 6.23793543], [88.56468019, 5.94367881], [88.56444058, 5.94246408], [88.50763593, 5.64334089], [88.50753183, 5.64278283], [88.45211320, 5.34024737], [88.39650738, 5.03694052], [88.39571583, 5.03278514], [88.33629119, 4.73215207], [88.33542136, 4.72790963], [88.27200229, 4.42934515], [88.27039833, 4.42221398], [88.20029521, 4.12703495], [88.19737356, 4.11570021], [88.11664545, 3.82553752], [88.11271503, 3.81253174], [88.02010401, 3.52888378], [88.01502216, 3.51453229], [87.90921615, 3.23766797], [87.90351849, 3.22378108], [87.78494935, 2.95366769], [87.77868650, 2.94027798], [87.64841329, 2.67822646], [87.64156319, 2.66522753], [87.49965333, 2.41069747], [87.49674077, 2.40560224], [87.49122742, 2.39656290], [87.33542278, 2.15099974], [87.33116810, 2.14449245], [87.32516633, 2.13591232], [87.15462721, 1.90104019], [87.15041490, 1.89538829], [87.14386406, 1.88712850], [86.95891769, 1.66217063], [86.95431104, 1.65670850], [86.94726649, 1.64884789], [86.74783816, 1.43400793], [86.74276175, 1.42867787], [86.73525043, 1.42125468], [86.52228509, 1.21800842], [86.51020359, 1.20705238], [86.28703351, 1.01478232], [86.27449575, 1.00451907], [86.03986887, 0.82211275], [86.02830399, 0.81352840], [85.78357489, 0.64018406], [85.77000370, 0.63107589], [85.51484534, 0.46898502], [85.50301214, 0.46181595], [85.23861117, 0.30920062], [85.22730344, 0.30296808], [84.95439170, 0.15949144], [84.94552709, 0.15500123], [84.66636345, 0.01886852], [84.65579537, 0.01394514], [84.37168039, -0.11233680], [84.35800425, -0.11805070], [84.06719731, -0.23194491], [84.05419996, -0.23672369], [83.75714192, -0.33893662], [83.74603614, -0.34254031], [83.44439375, -0.43457984], [83.43526901, -0.43722189], [83.13056748, -0.52074155], [83.12188372, -0.52299620], [82.81462927, -0.59836133], [82.80564817, -0.60043280], [82.49597972, -0.66735516], [82.48557054, -0.66943166], [82.17492056, -0.72627295], [82.16408517, -0.72807165], [81.85227547, -0.77457120], [81.84281708, -0.77584374], [81.53007828, -0.81337713], [81.52053292, -0.81438380], [81.20819051, -0.84279288], [81.19753306, -0.84359061], [80.88542039, -0.86193975], [80.87386938, -0.86241857], [80.56232124, -0.86994002], [80.55126074, -0.87002403]]]}
    },
    {
      "type": "Feature",
      "properties": {"block_id": "ADC_NIO_04", "basin_id": "BASIN_NIO", "basin_label": "North Indian Ocean", "domain_count": 3, "grid_cell_count": 280, "outer_area_km2": 3813873.719838, "shelf_width_km": 250.000000, "outer_buffer_km": 430.000000, "shelf_add_area_km2": 43171.336254, "shelf_add_cell_count": 58, "shelf_add_component_count": 1, "bay_add_area_km2": 1119854.957277, "bay_add_cell_count": 1601, "bay_add_core_cell_count": 1601, "bay_add_component_count": 3, "open_ocean_area_risk": 0},
      "geometry": {"type": "Polygon", "coordinates": [[[97.82348798, 3.75167963], [97.81252353, 3.75194489], [97.50429535, 3.76439627], [97.48761599, 3.76547204], [97.47710353, 3.76657633], [97.16617781, 3.80434510], [97.15029518, 3.80664956], [97.13987628, 3.80858409], [96.83237493, 3.87087437], [96.82495394, 3.87246786], [96.81409394, 3.87511972], [96.51417817, 3.95356993], [96.50665622, 3.95563433], [96.49600453, 3.95888588], [96.20321235, 4.05354717], [96.19561211, 4.05610897], [96.18521113, 4.05995309], [95.89821837, 4.17144427], [95.89185125, 4.17399782], [95.88163299, 4.17842548], [95.59944988, 4.30630849], [95.59045639, 4.31053905], [95.31145877, 4.44665488], [95.30827367, 4.44822894], [95.03117217, 4.58693182], [95.02201221, 4.59168810], [94.75170439, 4.73718680], [94.73757093, 4.74522920], [94.47681275, 4.90187507], [94.46290397, 4.91069307], [94.21196557, 5.07841848], [94.20329621, 5.08441009], [93.95869183, 5.25915596], [93.95076030, 5.26499940], [93.71140626, 5.44681424], [93.70258071, 5.45375490], [93.46805992, 5.64466363], [93.45915478, 5.65217648], [93.22902314, 5.85336747], [93.22344568, 5.85835639], [92.99653912, 6.06601326], [92.99337372, 6.06894863], [92.76821452, 6.28052023], [92.76533890, 6.28325535], [92.54143191, 6.49882708], [92.53815180, 6.50202981], [92.31530470, 6.72270324], [92.31159168, 6.72644011], [92.09132160, 6.95175190], [92.09107893, 6.95199919], [91.87344148, 7.17295974], [91.87159439, 7.17478337], [91.65366540, 7.38402783], [91.65074585, 7.38671447], [91.42588235, 7.58503338], [91.42303979, 7.58744243], [91.19101340, 7.77637360], [91.18781928, 7.77886355], [90.94955924, 7.95661909], [90.94609373, 7.95908726], [90.70154694, 8.12526145], [90.69813404, 8.12747757], [90.44815213, 8.28247992], [90.44451507, 8.28462803], [90.19152065, 8.42681282], [90.18778962, 8.42880592], [89.93530327, 8.55683950], [89.93275337, 8.55808719], [89.92971332, 8.55946009], [89.67833286, 8.66799382], [89.67440070, 8.66959418], [89.67125299, 8.67073965], [89.41826056, 8.75811128], [89.41654269, 8.75868751], [89.41333315, 8.75967447], [89.41008842, 8.76055696], [89.15337452, 8.82588739], [89.15158837, 8.82632500], [89.14829702, 8.82704388], [89.14498062, 8.82765580], [88.88666660, 8.87098702], [88.88166478, 8.87170149], [88.87830352, 8.87204341], [88.62061834, 8.89404352], [88.61594830, 8.89433693], [88.61256803, 8.89441856], [88.35494461, 8.89646915], [88.35060699, 8.89641361], [88.34723043, 8.89624546], [88.08810519, 8.87913098], [88.08437335, 8.87881713], [88.08101926, 8.87841924], [87.81765071, 8.84283336], [87.81521434, 8.84247472], [87.81189226, 8.84188990], [87.54405053, 8.79023213], [87.53923526, 8.78918383], [87.26957342, 8.72369939], [87.26529547, 8.72256256], [86.99688602, 8.64500612], [86.99213430, 8.64350682], [86.72240818, 8.55110481], [86.71826394, 8.54958373], [86.44710598, 8.44330579], [86.44313293, 8.44165001], [86.17364616, 8.32251670], [86.16959693, 8.32061746], [85.90265284, 8.18804092], [85.89918707, 8.18623383], [85.63161126, 8.03993541], [85.62942903, 8.03870603], [85.35701929, 7.88064790], [85.35680256, 7.88052178], [85.08040325, 7.71920527], [85.07735308, 7.71744593], [84.80213321, 7.56056772], [84.79442780, 7.55630478], [84.52066341, 7.40936668], [84.51396810, 7.40586643], [84.24040428, 7.26661496], [84.23320298, 7.26305321], [83.95851713, 7.13110704], [83.95067447, 7.12745836], [83.67353450, 7.00265887], [83.66546024, 6.99914388], [83.38454469, 6.88100835], [83.37675441, 6.87784089], [83.09095559, 6.76557954], [83.08242072, 6.76235321], [82.79149135, 6.65662971], [82.77723983, 6.65178904], [82.48048753, 6.55792446], [82.46627039, 6.55374882], [82.16412958, 6.47174314], [82.15771728, 6.47007397], [82.14675648, 6.46753112], [81.84231644, 6.40211581], [81.83550966, 6.40072967], [81.82443011, 6.39878361], [81.52023592, 6.35043690], [81.51402222, 6.34951167], [81.50279476, 6.34813743], [81.19877760, 6.31592080], [81.19063504, 6.31515964], [81.17947244, 6.31443700], [80.87728909, 6.29978318], [80.86659488, 6.29943377], [80.85558498, 6.29942622], [80.55851984, 6.30403077], [80.54691125, 6.30440866], [80.53599425, 6.30512782], [80.24427231, 6.32909656], [80.22788962, 6.33083504], [80.21742375, 6.33237096], [79.93426967, 6.37863633], [79.92593287, 6.38010847], [79.91585772, 6.38219169], [79.90522185, 6.38475521], [79.63115864, 6.45556884], [79.62340364, 6.45767500], [79.61356311, 6.46065375], [79.60324172, 6.46415216], [79.33855739, 6.55875401], [79.33208590, 6.56114677], [79.32251257, 6.56498808], [79.31258546, 6.56935885], [79.06095723, 6.68517992], [79.04781006, 6.69158732], [79.03853704, 6.69656220], [78.80275705, 6.82820117], [78.79279669, 6.83399878], [78.78375132, 6.83969520], [78.56651810, 6.98169958], [78.55659579, 6.98845673], [78.54805821, 6.99473272], [78.35369389, 7.14280527], [78.34806458, 7.14720071], [78.34030832, 7.15362953], [78.33237563, 7.16068158], [78.16512661, 7.31464713], [78.15479860, 7.32460696], [78.14825637, 7.33145263], [78.14125939, 7.33931034], [78.00085976, 7.50270779], [77.99637770, 7.50805461], [77.99023561, 7.51584509], [77.98453840, 7.52362751], [77.97868737, 7.53225325], [77.86367051, 7.70856850], [77.86006740, 7.71424091], [77.85504238, 7.72270721], [77.85046449, 7.73110098], [77.84585027, 7.74034939], [77.75431362, 7.93255202], [77.74808903, 7.94657398], [77.74476349, 7.95508310], [77.74138209, 7.96477890], [77.67200230, 8.17625572], [77.66883805, 8.18657561], [77.66642448, 8.19567197], [77.66417300, 8.20564601], [77.61652105, 8.43678981], [77.61551884, 8.44191561], [77.61392094, 8.45156455], [77.61263305, 8.46168453], [77.58612211, 8.70666767], [77.58522884, 8.71664323], [77.58469841, 8.72683445], [77.57612658, 8.98505569], [77.57603451, 9.00104615], [77.58181440, 9.26773557], [77.58196473, 9.27254292], [77.58259548, 9.28310141], [77.60404160, 9.55582078], [77.60485974, 9.56443952], [77.60619233, 9.57466525], [77.64780963, 9.85312354], [77.64864130, 9.85832068], [77.65061379, 9.86870372], [77.70975160, 10.15106546], [77.71201482, 10.16100985], [77.78212088, 10.44615794], [77.78414656, 10.45393876], [77.86338750, 10.74217564], [77.86442875, 10.74586933], [77.94813730, 11.03561240], [77.94851595, 11.03691188], [78.03368936, 11.32675522], [78.11817904, 11.61667606], [78.11835265, 11.61726949], [78.20355318, 11.90737626], [78.28812697, 12.19566970], [78.28839748, 12.19661195], [78.36891596, 12.48333350], [78.36919350, 12.48434591], [78.44606769, 12.77175442], [78.44640922, 12.77307386], [78.51890139, 13.06275868], [78.51921424, 13.06405214], [78.58810408, 13.35904535], [78.58847731, 13.36062392], [78.65935885, 13.65677833], [78.66034879, 13.66079012], [78.73485837, 13.95390961], [78.73695015, 13.96169265], [78.81810844, 14.24804699], [78.82040960, 14.25576508], [78.90811690, 14.53599131], [78.91091400, 14.54447869], [79.00606964, 14.81927655], [79.01107636, 14.83268764], [79.11803731, 15.09955292], [79.12355739, 15.11244686], [79.24285527, 15.37411888], [79.24710697, 15.38305509], [79.37509117, 15.64112118], [79.37910176, 15.64892373], [79.51363389, 15.90165009], [79.51842164, 15.91030425], [79.66042753, 16.15749758], [79.66632658, 16.16733750], [79.81820660, 16.41033178], [79.82109736, 16.41485595], [79.82715532, 16.42377729], [79.99337120, 16.65933724], [79.99448405, 16.66090414], [80.16256742, 16.89603614], [80.16324042, 16.89697396], [80.33260999, 17.13207173], [80.33485157, 17.13514383], [80.50875867, 17.37048120], [80.51139216, 17.37399345], [80.69003791, 17.60882623], [80.69406660, 17.61400939], [80.87935157, 17.84735448], [80.88330371, 17.85223192], [81.07528185, 18.08443137], [81.07669124, 18.08612408], [81.27098940, 18.31784828], [81.27328717, 18.32055787], [81.47041950, 18.55041674], [81.47360500, 18.55407460], [81.67482575, 18.78163089], [81.67511718, 18.78196000], [81.87679676, 19.00940598], [81.87842872, 19.01123235], [82.07933684, 19.23435565], [82.08050264, 19.23567564], [82.27426550, 19.45936558], [82.27575151, 19.46112551], [82.46541883, 19.69160602], [82.46593158, 19.69223481], [82.65501099, 19.92623060], [82.65580573, 19.92722842], [82.84217062, 20.16462673], [82.84264781, 20.16524001], [83.02857061, 20.40631465], [83.03640978, 20.41650448], [83.05196476, 20.44766453], [83.05933369, 20.46177477], [83.07918048, 20.49814574], [83.08707597, 20.51200891], [83.10827953, 20.54771546], [83.11669198, 20.56131467], [83.13922647, 20.59631326], [83.14814561, 20.60963195], [83.17198360, 20.64387997], [83.18139857, 20.65690191], [83.20651101, 20.69035764], [83.21641035, 20.70306695], [83.24276662, 20.73568960], [83.25313825, 20.74807082], [83.28070628, 20.77982067], [83.29153758, 20.79185870], [83.32028375, 20.82269706], [83.33156152, 20.83437724], [83.34636551, 20.84944282], [83.41412092, 20.91719822], [83.56255363, 21.13215514], [83.56360172, 21.13370758], [83.72763728, 21.38227826], [83.72876019, 21.38402392], [83.88959006, 21.64060119], [83.89208572, 21.64451712], [84.05981268, 21.90340309], [84.06204893, 21.90680571], [84.23415954, 22.16498817], [84.23773500, 22.17023519], [84.41629145, 22.42662868], [84.42015200, 22.43204846], [84.60492712, 22.68571494], [84.60815567, 22.69006793], [84.79743461, 22.94073142], [84.80251020, 22.94727299], [84.99818434, 23.19276514], [85.00470436, 23.20067973], [85.20754324, 23.43898301], [85.21413604, 23.44648798], [85.42257739, 23.67644725], [85.43027274, 23.68464506], [85.64372122, 23.90424753], [85.65208054, 23.91254172], [85.87048422, 24.12154871], [85.87732329, 24.12790918], [86.09876138, 24.32804985], [86.10874217, 24.33671379], [86.18584783, 24.40099107], [86.19521441, 24.43377325], [86.19982903, 24.44885568], [86.21256327, 24.48786985], [86.21774273, 24.50279375], [86.23193756, 24.54137205], [86.23767555, 24.55611924], [86.25331367, 24.59421467], [86.25960319, 24.60876719], [86.27666556, 24.64633334], [86.28349894, 24.66067345], [86.30196476, 24.69766453], [86.30933369, 24.71177477], [86.32918048, 24.74814574], [86.33707597, 24.76200891], [86.35827953, 24.79771545], [86.36669197, 24.81131466], [86.38922647, 24.84631327], [86.39814562, 24.85963196], [86.42198360, 24.89387997], [86.43139857, 24.90690190], [86.45651101, 24.94035763], [86.46641034, 24.95306695], [86.49276662, 24.98568961], [86.50313826, 24.99807082], [86.53070628, 25.02982067], [86.54153758, 25.04185870], [86.57028374, 25.07269706], [86.58156151, 25.08437723], [86.59636551, 25.09944282], [86.72136551, 25.22444282], [86.73008638, 25.23307557], [86.73683083, 25.23968448], [86.76105156, 25.26277219], [86.77300668, 25.27385799], [86.80462775, 25.30217366], [86.81699281, 25.31286582], [86.84966031, 25.34014092], [86.86242025, 25.35042641], [86.89609437, 25.37662771], [86.90923365, 25.38649400], [86.94387339, 25.41158960], [86.95737600, 25.42102467], [86.99293912, 25.44498397], [87.00678860, 25.45397632], [87.04323181, 25.47677014], [87.05741130, 25.48530883], [87.09469017, 25.50690940], [87.10918238, 25.51498400], [87.14725152, 25.53536501], [87.16203880, 25.54296570], [87.20085180, 25.56210230], [87.21591613, 25.56921982], [87.25542572, 25.58708870], [87.27074876, 25.59371438], [87.31090679, 25.61029378], [87.32646985, 25.61641954], [87.36722742, 25.63168926], [87.38301156, 25.63730764], [87.42431900, 25.65124907], [87.44030497, 25.65635322], [87.48211192, 25.66894937], [87.49828025, 25.67353308], [87.54053584, 25.68476862], [87.55686684, 25.68882630], [87.59951953, 25.69868752], [87.61599329, 25.70221423], [87.65899115, 25.71068913], [87.67558762, 25.71368057], [87.71887824, 25.72075882], [87.73557718, 25.72321135], [87.77910782, 25.72888433], [87.79588890, 25.73079496], [87.83960654, 25.73505575], [87.85644930, 25.73642215], [87.90030065, 25.73926556], [87.91718458, 25.74008607], [87.96111625, 25.74150864], [87.97802078, 25.74178225], [88.00000000, 25.74196011], [88.70884246, 25.74196011], [88.80061047, 25.76587947], [88.81283117, 25.76882319], [88.82344888, 25.77099212], [89.12134950, 25.82680924], [89.13766907, 25.82946447], [89.14816942, 25.83074294], [89.45415528, 25.86297178], [89.47016180, 25.86428366], [89.48077690, 25.86473437], [89.79039068, 25.87286254], [89.80589578, 25.87292277], [89.81655484, 25.87255315], [90.12533033, 25.85683772], [90.14168857, 25.85561731], [90.15220999, 25.85440933], [90.45613611, 25.81450974], [90.47243720, 25.81197310], [90.48279924, 25.80993170], [90.77761533, 25.74684489], [90.78673682, 25.74475799], [90.79742448, 25.74196760], [90.79745134, 25.74196011], [91.50000000, 25.74196011], [91.51275618, 25.74190021], [91.52256812, 25.74180805], [91.55729381, 25.74103765], [91.57418888, 25.74044656], [91.61808045, 25.73819908], [91.63494298, 25.73706159], [91.67872325, 25.73339506], [91.69553270, 25.73171257], [91.73914829, 25.72663147], [91.75588418, 25.72440602], [91.79928198, 25.71791654], [91.81592391, 25.71515084], [91.85905101, 25.70726089], [91.87557872, 25.70395831], [91.91838262, 25.69467749], [91.93477596, 25.69084206], [91.97720449, 25.68018168], [91.99344350, 25.67581807], [92.03544495, 25.66379112], [92.05150984, 25.65890465], [92.09303307, 25.64552578], [92.10890426, 25.64012240], [92.14989865, 25.62540792], [92.16555681, 25.61949421], [92.20597244, 25.60346204], [92.22139849, 25.59704520], [92.26118612, 25.57971488], [92.27636127, 25.57280274], [92.31547239, 25.55419538], [92.33037815, 25.54679635], [92.36876514, 25.52693463], [92.38338334, 25.51905773], [92.42099944, 25.49796582], [92.43531229, 25.48962065], [92.47211164, 25.46732428], [92.48610169, 25.45852100], [92.52203948, 25.43504731], [92.53568968, 25.42579666], [92.57072211, 25.40117426], [92.58401584, 25.39148750], [92.61810024, 25.36574639], [92.63102129, 25.35563532], [92.66411613, 25.32880686], [92.67664877, 25.31828379], [92.70871373, 25.29040067], [92.72084269, 25.27947844], [92.75183869, 25.25057462], [92.76354919, 25.23926653], [92.77863449, 25.22444282], [92.90363449, 25.09944282], [92.92456604, 25.07798408], [92.94044426, 25.06129494], [92.97477709, 25.02363485], [92.98541707, 25.01145100], [93.01248060, 24.97933010], [93.02265554, 24.96680934], [93.04849367, 24.93383219], [93.05819118, 24.92098978], [93.08277244, 24.88719655], [93.09198070, 24.87404813], [93.11527513, 24.83947999], [93.12398292, 24.82604159], [93.14596215, 24.79074066], [93.15415887, 24.77702865], [93.17479611, 24.74103793], [93.18247178, 24.72706901], [93.20174189, 24.69043237], [93.20888713, 24.67622356], [93.22676665, 24.63898562], [93.23337277, 24.62455423], [93.24983990, 24.58676036], [93.25589886, 24.57212397], [93.27093354, 24.53382022], [93.27643795, 24.51899667], [93.29002185, 24.48022971], [93.29496501, 24.46523706], [93.29659602, 24.45996266], [93.49796651, 24.28084222], [93.50691686, 24.27257853], [93.72276989, 24.06572011], [93.73238488, 24.05611289], [93.94193118, 23.83778000], [93.95285961, 23.82580462], [94.15361523, 23.59434449], [94.16343281, 23.58245644], [94.35493334, 23.33875997], [94.36256464, 23.32863670], [94.54548935, 23.07553257], [94.55282325, 23.06493188], [94.72576426, 22.80358269], [94.72604220, 22.80316194], [94.89723185, 22.54354667], [94.89776069, 22.54275393], [95.07038096, 22.28697113], [95.07083450, 22.28630560], [95.24503767, 22.03313860], [95.24590138, 22.03190575], [95.42303708, 21.78353655], [95.42428363, 21.78183153], [95.60984201, 21.53418736], [95.61103360, 21.53258653], [95.79755403, 21.28034224], [95.80124543, 21.27524409], [95.98196075, 21.02031456], [95.98563235, 21.01502045], [96.15942423, 20.75882710], [96.15981718, 20.75825268], [96.33548144, 20.50359829], [96.51182178, 20.24752203], [96.51307186, 20.24569283], [96.68687997, 19.98941909], [96.68713697, 19.98904224], [96.86176913, 19.73436726], [96.86207535, 19.73392356], [97.03889850, 19.47936260], [97.03952126, 19.47846270], [97.21577411, 19.22281710], [97.21738988, 19.22045034], [97.39085908, 18.96383287], [97.39560060, 18.95660428], [97.56094725, 18.69671543], [97.56629630, 18.68799278], [97.72180520, 18.42471471], [97.72467389, 18.41975306], [97.87482541, 18.15437492], [97.87547145, 18.15322736], [98.02447278, 17.88722574], [98.02654499, 17.88346482], [98.17100304, 17.61687988], [98.17118150, 17.61655221], [98.31686264, 17.35042643], [98.31971414, 17.34509289], [98.46128017, 17.07388094], [98.46479430, 17.06693364], [98.60002514, 16.79087421], [98.60366652, 16.78316854], [98.73096443, 16.50367512], [98.73521109, 16.49389703], [98.85244734, 16.21032785], [98.85482932, 16.20438793], [98.96631871, 15.91755178], [98.96802338, 15.91305972], [99.07475637, 15.62484893], [99.07668898, 15.61947309], [99.17753335, 15.33029863], [99.17782478, 15.32945893], [99.27768352, 15.04034268], [99.28011184, 15.03300492], [99.37233552, 14.74169654], [99.37567948, 14.73035320], [99.45639470, 14.43493770], [99.45941269, 14.42290347], [99.52730360, 14.12584713], [99.53007156, 14.11227173], [99.58377352, 13.81301256], [99.58579948, 13.80006415], [99.62592756, 13.49974043], [99.62704232, 13.49020850], [99.65733173, 13.18833790], [99.65784635, 13.18264972], [99.68229059, 12.87945198], [99.68234297, 12.87879294], [99.70606816, 12.57595490], [99.70611278, 12.57540843], [99.73164277, 12.27491331], [99.73174553, 12.27379330], [99.76124533, 11.97446069], [99.76131549, 11.97377759], [99.79292677, 11.67797032], [99.79321525, 11.67559372], [99.83279474, 11.38444382], [99.83296836, 11.38323306], [99.87711307, 11.09062166], [99.87720377, 11.09003461], [99.92327528, 10.79868291], [99.92349091, 10.79738543], [99.97362012, 10.50972467], [99.97380963, 10.50867663], [100.02735709, 10.22290917], [100.02771431, 10.22111140], [100.08748179, 9.93660331], [100.08767936, 9.93568819], [100.15047937, 9.65245591], [100.15091257, 9.65060162], [100.21954887, 9.37110785], [100.21997387, 9.36945000], [100.29486753, 9.08914649], [100.29508299, 9.08835547], [100.37292021, 8.80796912], [100.37332266, 8.80656645], [100.45619952, 8.52682828], [100.45640412, 8.52614819], [100.54225289, 8.24504703], [100.54244176, 8.24443685], [100.63098336, 7.96214296], [100.63280604, 7.95610814], [100.71354537, 7.67814442], [100.71469957, 7.67406190], [100.79030646, 7.39912341], [100.79160045, 7.39425617], [100.86158540, 7.12168194], [100.86294667, 7.11615981], [100.92689768, 6.84553638], [100.92963540, 6.83267403], [100.98020911, 6.56590382], [100.98116679, 6.56054166], [100.98271519, 6.55011004], [101.01567828, 6.29517232], [101.01693811, 6.28345215], [101.01761050, 6.27339475], [101.02936755, 6.02835390], [101.02955822, 6.02333781], [101.02964836, 6.01356254], [101.02935876, 6.00337587], [101.01818595, 5.76703861], [101.01754837, 5.75729208], [101.01658492, 5.74789790], [101.01516337, 5.73779331], [100.97837504, 5.50768161], [100.97619588, 5.49574369], [100.97415483, 5.48666989], [100.97153686, 5.47677307], [100.91009490, 5.26085982], [100.90545076, 5.24609033], [100.90232227, 5.23753388], [100.89843265, 5.22800333], [100.81371396, 5.03088408], [100.80987801, 5.02235662], [100.80563207, 5.01373940], [100.80109715, 5.00532560], [100.79584414, 4.99637500], [100.68466671, 4.81457038], [100.68146844, 4.80946759], [100.67595304, 4.80121064], [100.67031394, 4.79339192], [100.66388971, 4.78512432], [100.52968027, 4.61861089], [100.52541759, 4.61344803], [100.51884067, 4.60594412], [100.51217217, 4.59885620], [100.50466322, 4.59141593], [100.34786263, 4.44138587], [100.34155776, 4.43552469], [100.33406162, 4.42898658], [100.32643475, 4.42278511], [100.31792430, 4.41633819], [100.13884971, 4.28544866], [100.13459214, 4.28239508], [100.12608261, 4.27662116], [100.11769233, 4.27133493], [100.10839266, 4.26590570], [99.90486371, 4.15163365], [99.89705021, 4.14739004], [99.88801604, 4.14283759], [99.87818315, 4.13828739], [99.65360181, 4.03886301], [99.64877684, 4.03677672], [99.63910159, 4.03287970], [99.62887546, 4.02914854], [99.38445081, 3.94450395], [99.37802055, 3.94235378], [99.36810121, 3.93933308], [99.35754722, 3.93649343], [99.09329176, 3.87000697], [99.07734700, 3.86639665], [99.06694961, 3.86447647], [98.78440178, 3.81703406], [98.77444035, 3.81551493], [98.76347959, 3.81419223], [98.46679317, 3.78326142], [98.45566038, 3.78227289], [98.15609283, 3.76028957], [98.13854764, 3.75942549], [97.83477214, 3.75177652], [97.82348798, 3.75167963]]]}
    },
    {
      "type": "Feature",
      "properties": {"block_id": "ADC_NIO_05", "basin_id": "BASIN_NIO", "basin_label": "North Indian Ocean", "domain_count": 1, "grid_cell_count": 83, "outer_area_km2": 2397151.529757, "shelf_width_km": 250.000000, "outer_buffer_km": 430.000000, "shelf_add_area_km2": 0.000000, "shelf_add_cell_count": 0, "shelf_add_component_count": 0, "bay_add_area_km2": 1085262.014835, "bay_add_cell_count": 1676, "bay_add_core_cell_count": 1676, "bay_add_component_count": 3, "open_ocean_area_risk": 0},
      "geometry": {"type": "Polygon", "coordinates": [[[99.12537641, 3.03511510], [99.11466886, 3.03537063], [98.85255326, 3.04601275], [98.84551601, 3.04637942], [98.83465890, 3.04725273], [98.56120214, 3.07385972], [98.54666746, 3.07558852], [98.26511146, 3.11520578], [98.25330162, 3.11707884], [97.96250556, 3.16843447], [97.95108512, 3.17065282], [97.65407613, 3.23362234], [97.64236834, 3.23632123], [97.34359556, 3.31077368], [97.32977289, 3.31452945], [97.03181101, 3.40228160], [97.02312525, 3.40496678], [96.72784045, 3.50061509], [96.72286706, 3.50226876], [96.42989408, 3.60221149], [96.42122645, 3.60530077], [96.13220944, 3.71277476], [96.11932166, 3.71787149], [95.83640292, 3.83655528], [95.82269797, 3.84266853], [95.54621272, 3.97350197], [95.53524127, 3.97894208], [95.26361828, 4.11989448], [95.25520643, 4.12441397], [94.98948630, 4.27213646], [94.98006685, 4.27757715], [94.72197019, 4.43236099], [94.71663029, 4.43563256], [94.46257484, 4.59461528], [94.46129266, 4.59542175], [94.20917829, 4.75480478], [94.20857009, 4.75518604], [93.95469942, 4.91298744], [93.95346438, 4.91375890], [93.69960597, 5.07310942], [93.69508189, 5.07600085], [93.44444653, 5.23907725], [93.43842592, 5.24308945], [93.19172766, 5.41144082], [93.18350819, 5.41723655], [92.94134088, 5.59361993], [92.93290759, 5.59997335], [92.69528298, 5.78509388], [92.68517016, 5.79330271], [92.45271978, 5.98984904], [92.44835756, 5.99361392], [92.44040723, 6.00086688], [92.21675633, 6.21215175], [92.20534940, 6.22348134], [91.99037363, 6.44798438], [91.98158376, 6.45754566], [91.77445907, 6.69226980], [91.76725478, 6.70072761], [91.56875086, 6.94221020], [91.56358838, 6.94866024], [91.37198412, 7.19457009], [91.36459370, 7.20444781], [91.18384813, 7.45616031], [91.17810308, 7.46443835], [91.00565569, 7.72164620], [91.00229629, 7.72676436], [90.83502768, 7.98712600], [90.83286325, 7.99054352], [90.66920558, 8.25269393], [90.66578711, 8.25830033], [90.50788644, 8.52351298], [90.50597581, 8.52676684], [90.35143611, 8.79364909], [90.34925425, 8.79747950], [90.19911413, 9.06546587], [90.19722643, 9.06888556], [90.05080592, 9.33813170], [90.04799581, 9.34342030], [89.90698559, 9.61511316], [89.90370437, 9.62162192], [89.76884948, 9.89716978], [89.76569459, 9.90381583], [89.63721225, 10.18303498], [89.63412048, 10.18997876], [89.51239883, 10.47271068], [89.50811018, 10.48320177], [89.39703322, 10.76995356], [89.39301374, 10.78095074], [89.29290728, 11.07202481], [89.28930450, 11.08319518], [89.20019791, 11.37885227], [89.19759045, 11.38802173], [89.11738911, 11.68785994], [89.11651193, 11.69121602], [89.03952233, 11.99281213], [89.03930091, 11.99368494], [88.96337199, 12.29485224], [88.96323918, 12.29537224], [88.88651341, 12.59194342], [88.88601186, 12.59379723], [88.80418561, 12.88348642], [88.80351410, 12.88574611], [88.71588130, 13.16663621], [88.71461774, 13.17038467], [88.61634374, 13.44144898], [88.61505699, 13.44478372], [88.50639605, 13.71011898], [88.50518318, 13.71293888], [88.38748792, 13.97390848], [88.38637002, 13.97629145], [88.26119408, 14.23306768], [88.26007009, 14.23529296], [88.12748185, 14.48883199], [88.12650201, 14.49065348], [87.98826338, 14.74059243], [87.98694024, 14.74290219], [87.84027017, 14.99026523], [87.83938819, 14.99172078], [87.68645114, 15.23875834], [87.68562024, 15.24007465], [87.52821877, 15.48467761], [87.52719601, 15.48623120], [87.36530573, 15.72666218], [87.36404969, 15.72847884], [87.19503648, 15.96660333], [87.19441577, 15.96746697], [87.02023158, 16.20681995], [87.01985638, 16.20733171], [86.66373535, 16.68950081], [86.66213305, 16.69168992], [86.48813012, 16.93158151], [86.48371487, 16.93782722], [86.32127038, 17.17366257], [86.31590014, 17.18172307], [86.16527440, 17.41557273], [86.15920323, 17.42539285], [86.02076314, 17.65888447], [86.01290484, 17.67295853], [85.88990354, 17.90737169], [85.88603724, 17.91501927], [85.88165997, 17.92443955], [85.77700881, 18.16067269], [85.77156036, 18.17383289], [85.76814714, 18.18318455], [85.68581185, 18.42207392], [85.68425066, 18.42674513], [85.68139530, 18.43613890], [85.67877964, 18.44601631], [85.61886679, 18.69005801], [85.61770063, 18.69501517], [85.61572550, 18.70460145], [85.61403118, 18.71466159], [85.57678012, 18.96337690], [85.57504563, 18.97727438], [85.57423859, 18.98716236], [85.55819107, 19.24064519], [85.55770023, 19.25206777], [85.55765537, 19.26216911], [85.56121264, 19.52029225], [85.56165214, 19.53263624], [85.56241040, 19.54264568], [85.58686804, 19.80256409], [85.58834674, 19.81522586], [85.58991186, 19.82512085], [85.63588256, 20.08504135], [85.63837857, 20.09752164], [85.64074264, 20.10727247], [85.70825862, 20.36523057], [85.71252647, 20.37993509], [85.71569679, 20.38928183], [85.80643461, 20.64171617], [85.80915762, 20.64897169], [85.81283206, 20.65788537], [85.81708214, 20.66722711], [85.93226517, 20.90879903], [85.93654789, 20.91740459], [85.94109375, 20.92579516], [85.94632065, 20.93467067], [86.08774209, 21.16530939], [86.09188432, 21.17186168], [86.09733051, 21.17990512], [86.10342738, 21.18825596], [86.27101891, 21.40948120], [86.27947401, 21.42012913], [86.28609628, 21.42781119], [86.47648210, 21.64097575], [86.48266125, 21.64768134], [86.49002388, 21.65515991], [86.69743213, 21.85860079], [86.70896417, 21.86937050], [86.92977069, 22.06569243], [86.93676906, 22.07173797], [87.16616880, 22.26425742], [87.17004751, 22.26746167], [87.40224232, 22.45627437], [87.41260963, 22.46436252], [87.65179121, 22.64332561], [87.65714810, 22.64723954], [87.66601660, 22.65333832], [87.91481946, 22.81821139], [87.92219044, 22.82294331], [87.93132107, 22.82840502], [88.18810856, 22.97610567], [88.19449484, 22.97967562], [88.20404342, 22.98465212], [88.46772263, 23.11641574], [88.48197328, 23.12312208], [88.75081670, 23.24199650], [88.75966969, 23.24574769], [88.76960094, 23.24958075], [89.04377581, 23.35011001], [89.05614829, 23.35435979], [89.06612333, 23.35737404], [89.34297519, 23.43597140], [89.35732527, 23.43969050], [89.36740611, 23.44187917], [89.64788553, 23.49786374], [89.65502376, 23.49920084], [89.66495047, 23.50076789], [89.67550156, 23.50207308], [89.95676403, 23.53209562], [89.96404298, 23.53278526], [89.97407691, 23.53344706], [89.98470952, 23.53379188], [90.26103365, 23.53813065], [90.26919877, 23.53815181], [90.27919164, 23.53787960], [90.28980902, 23.53723461], [90.55864637, 23.51638513], [90.56610902, 23.51571515], [90.57607718, 23.51452923], [90.58658258, 23.51292104], [90.84781421, 23.46843932], [90.86350617, 23.46536776], [90.87345508, 23.46298840], [91.12566674, 23.39817083], [91.13353515, 23.39603755], [91.14384411, 23.39290720], [91.38813641, 23.31420740], [91.40280960, 23.30910526], [91.64181753, 23.21978136], [91.65529653, 23.21441008], [91.89109043, 23.11449969], [91.90442475, 23.10850349], [92.13931760, 22.99664796], [92.14604336, 22.99334196], [92.15555007, 22.98831583], [92.38688324, 22.86091641], [92.39530464, 22.85610322], [92.40430204, 22.85055950], [92.63243022, 22.70454531], [92.64287223, 22.69755887], [92.65123587, 22.69149617], [92.87547396, 22.52297334], [92.88062785, 22.51900895], [92.88894703, 22.51222369], [93.11057768, 22.32496933], [93.11453288, 22.32156411], [93.12252755, 22.31430083], [93.33764527, 22.11191578], [93.34270507, 22.10705034], [93.55138120, 21.90195820], [93.55282368, 21.90057107], [93.75688989, 21.70856511], [93.75852168, 21.70706634], [93.96013124, 21.52630919], [93.96144300, 21.52515529], [94.16072885, 21.35316458], [94.16286910, 21.35137301], [94.35983432, 21.19147289], [94.36280740, 21.18915758], [94.56178732, 21.04056244], [94.56482760, 21.03838531], [94.76653813, 20.89994732], [94.77027170, 20.89751304], [94.97789510, 20.76903938], [94.98169600, 20.76680827], [95.20027819, 20.64524960], [95.20347126, 20.64355259], [95.43544663, 20.52586416], [95.43742463, 20.52488925], [95.67924599, 20.40915509], [95.68079456, 20.40843091], [95.93125134, 20.29402304], [95.93168473, 20.29382637], [96.18179467, 20.18107695], [96.18395814, 20.18013355], [96.43790179, 20.07309970], [96.43843319, 20.07287759], [96.64203173, 19.98849869], [96.65348121, 19.98926556], [96.66982651, 19.99008607], [96.71235670, 19.99150864], [96.72872194, 19.99178225], [96.75000000, 19.99196011], [97.00000000, 19.99196011], [97.02376278, 19.99173828], [97.04203837, 19.99139704], [97.08704677, 19.98975958], [97.10338845, 19.98887526], [97.14582845, 19.98586610], [97.16212795, 19.98443604], [97.20443244, 19.98001003], [97.22066991, 19.97803598], [97.26278737, 19.97219849], [97.27894302, 19.96968286], [97.32082214, 19.96244102], [97.33687629, 19.95938686], [97.37846603, 19.95074950], [97.39439912, 19.94716054], [97.43564882, 19.93713816], [97.45144144, 19.93301877], [97.49230083, 19.92162360], [97.50793374, 19.91697881], [97.54835306, 19.90422472], [97.56380720, 19.89906018], [97.60373720, 19.88496272], [97.61899376, 19.87928471], [97.65838578, 19.86386105], [97.67342617, 19.85767651], [97.71223223, 19.84094544], [97.72703811, 19.83426189], [97.76521092, 19.81624381], [97.77976426, 19.80906939], [97.81725732, 19.78978623], [97.83154039, 19.78212970], [97.86830801, 19.76160496], [97.88230342, 19.75347564], [97.91830082, 19.73173433], [97.93199150, 19.72314211], [97.96717481, 19.70021071], [97.98054409, 19.69116608], [98.01487045, 19.66707254], [98.02790204, 19.65758651], [98.06132962, 19.63236018], [98.07400764, 19.62244430], [98.10649573, 19.59611592], [98.11880474, 19.58578227], [98.15031375, 19.55838391], [98.16223875, 19.54764509], [98.19273028, 19.51921013], [98.20425674, 19.50807923], [98.21910930, 19.49348380], [98.34410930, 19.36848380], [98.35700435, 19.35538816], [98.36684198, 19.34524197], [98.39362456, 19.31669246], [98.40436277, 19.30486035], [98.43171731, 19.27363485], [98.44201786, 19.26145099], [98.46821802, 19.22933010], [98.47806837, 19.21680934], [98.50308222, 19.18383219], [98.51247037, 19.17098978], [98.53626744, 19.13719655], [98.54518195, 19.12404813], [98.56773325, 19.08947999], [98.57616326, 19.07604159], [98.59744132, 19.04074066], [98.60447759, 19.02858204], [98.69365022, 18.96403126], [98.70395898, 18.95623367], [98.71128883, 18.95023392], [98.71913051, 18.94334742], [98.74336429, 18.92130763], [98.75793374, 18.91697881], [98.79835306, 18.90422472], [98.81380721, 18.89906018], [98.85373720, 18.88496272], [98.86899376, 18.87928471], [98.90838578, 18.86386105], [98.92342617, 18.85767651], [98.96223222, 18.84094545], [98.97703810, 18.83426190], [99.01521092, 18.81624380], [99.02976427, 18.80906939], [99.06725731, 18.78978623], [99.08154039, 18.78212970], [99.11830801, 18.76160496], [99.13230342, 18.75347564], [99.16830082, 18.73173432], [99.18199150, 18.72314211], [99.21717481, 18.70021071], [99.23054409, 18.69116608], [99.26487045, 18.66707254], [99.27790204, 18.65758651], [99.31132963, 18.63236018], [99.32400765, 18.62244430], [99.35649573, 18.59611592], [99.36880474, 18.58578227], [99.40031375, 18.55838391], [99.41223874, 18.54764510], [99.44273029, 18.51921013], [99.45425674, 18.50807922], [99.46910930, 18.49348380], [99.59410930, 18.36848380], [99.60700435, 18.35538817], [99.61684198, 18.34524197], [99.64362456, 18.31669246], [99.65436277, 18.30486035], [99.68171731, 18.27363485], [99.69201786, 18.26145099], [99.71821802, 18.22933010], [99.72806837, 18.21680934], [99.75308222, 18.18383219], [99.76247037, 18.17098978], [99.78626744, 18.13719655], [99.79518195, 18.12404813], [99.81773325, 18.08947999], [99.82616326, 18.07604159], [99.84744132, 18.04074066], [99.85537655, 18.02702864], [99.87535544, 17.99103794], [99.88278623, 17.97706901], [99.90144160, 17.94043237], [99.90835891, 17.92622356], [99.92566804, 17.88898562], [99.93206342, 17.87455423], [99.94800522, 17.83676036], [99.95387089, 17.82212397], [99.96842594, 17.78382022], [99.97375476, 17.76899667], [99.98690531, 17.73022971], [99.99169078, 17.71523706], [100.00342083, 17.67605411], [100.00765712, 17.66091062], [100.01795237, 17.62135944], [100.02163431, 17.60608356], [100.03048222, 17.56621230], [100.03360533, 17.55082265], [100.04099512, 17.51067993], [100.04355560, 17.49519526], [100.04947827, 17.45482994], [100.05147299, 17.43926911], [100.05592132, 17.39873041], [100.05734786, 17.38311238], [100.06031642, 17.34244968], [100.06117305, 17.32679347], [100.06265823, 17.28605630], [100.06294389, 17.27038100], [100.06312958, 17.25000000], [100.06312958, 16.75000000], [100.06298473, 16.73199906], [100.06276189, 16.71815383], [100.06148587, 16.67979132], [100.06069589, 16.66413190], [100.05790042, 16.62345795], [100.05654036, 16.60783447], [100.05226461, 16.56727874], [100.05033613, 16.55171025], [100.04458531, 16.51132216], [100.04209076, 16.49582761], [100.03487188, 16.45565635], [100.03181429, 16.44025464], [100.02313615, 16.40034917], [100.01951926, 16.38505904], [100.00939242, 16.34546799], [100.00522063, 16.33030808], [99.99365744, 16.29107965], [99.98893582, 16.27606844], [99.97595037, 16.23725045], [99.97068469, 16.22240622], [99.95629279, 16.18404595], [99.95048946, 16.16938678], [99.93470864, 16.13153098], [99.92837474, 16.11707473], [99.91122424, 16.07976952], [99.90436746, 16.06553381], [99.88586818, 16.02882463], [99.87849690, 16.01482680], [99.86961081, 15.99866043], [99.87397479, 15.94422356], [99.87479503, 15.92943788], [99.88337172, 15.65139285], [99.88350017, 15.63913007], [99.88069970, 15.35589380], [99.88045218, 15.34630620], [99.86844526, 15.05876210], [99.86828362, 15.05535417], [99.85291218, 14.76591819], [99.85273589, 14.76288718], [99.83440472, 14.47292832], [99.83424286, 14.47052117], [99.81355093, 14.18016060], [99.79273991, 13.88989036], [99.79229465, 13.88438716], [99.76623543, 13.59527333], [99.76616258, 13.59447688], [99.73938753, 13.30598360], [99.73934730, 13.30553753], [99.71438910, 13.02052083], [99.71424167, 13.01858685], [99.69595968, 12.73693314], [99.69581586, 12.73387886], [99.68758422, 12.45292811], [99.68756090, 12.44887845], [99.69255547, 12.16796739], [99.69260793, 12.16612618], [99.69278784, 12.16299538], [99.71427133, 11.87942424], [99.71467433, 11.87537642], [99.75052992, 11.58495331], [99.75067090, 11.58386811], [99.79094310, 11.28854439], [99.79100982, 11.28806513], [99.83317298, 10.99132022], [99.83329259, 10.99046971], [99.87418286, 10.69668405], [99.87451534, 10.69450038], [99.92199917, 10.40737830], [99.92237350, 10.40527655], [99.97682111, 10.12003271], [99.97728394, 10.11777226], [100.03876275, 9.83664184], [100.03951341, 9.83349251], [100.11053713, 9.55841091], [100.11146604, 9.55508759], [100.19439830, 9.27961106], [100.19463862, 9.27882624], [100.28218645, 8.99765950], [100.28234950, 8.99713417], [100.36955544, 8.71527241], [100.36971447, 8.71476391], [100.45831380, 8.43448872], [100.45853409, 8.43380175], [100.54899688, 8.15567355], [100.54948763, 8.15420900], [100.64465018, 7.87835492], [100.64513794, 7.87697849], [100.74657511, 7.59816276], [100.74674647, 7.59769590], [100.85101664, 7.31609524], [100.85141488, 7.31501346], [100.95465731, 7.03292594], [100.95543479, 7.03077678], [101.05601684, 6.74945567], [101.05825054, 6.74297985], [101.15099813, 6.46396773], [101.15376876, 6.45519228], [101.23675452, 6.17781761], [101.24091697, 6.16244972], [101.30779778, 5.88709937], [101.31031885, 5.87570364], [101.31211678, 5.86576579], [101.35627063, 5.59355449], [101.35810281, 5.58029815], [101.35905477, 5.57037717], [101.37970159, 5.30433097], [101.38043067, 5.29072551], [101.38054400, 5.28078128], [101.37882736, 5.02927590], [101.37871038, 5.02298058], [101.37824029, 5.01330667], [101.37737507, 5.00315022], [101.35317928, 4.76951058], [101.35175491, 4.75804888], [101.35024934, 4.74885177], [101.34823553, 4.73884579], [101.29978685, 4.51884973], [101.29696939, 4.50722553], [101.29442400, 4.49826991], [101.29127288, 4.48853697], [101.22024568, 4.28196808], [101.21525988, 4.26855516], [101.21169942, 4.26010020], [101.20737788, 4.25078860], [101.11298141, 4.05659653], [101.10994946, 4.05054860], [101.10532127, 4.04197161], [101.10051061, 4.03377142], [101.09497845, 4.02506731], [100.97478830, 3.84318878], [100.96982209, 3.83591833], [100.96411688, 3.82813095], [100.95819894, 3.82062468], [100.95149531, 3.81271199], [100.80598450, 3.64695510], [100.80263189, 3.64320579], [100.79578530, 3.63594827], [100.78895119, 3.62919361], [100.78128529, 3.62212786], [100.61841939, 3.47717012], [100.61232299, 3.47189196], [100.60470396, 3.46569826], [100.59699962, 3.45986577], [100.58842793, 3.45382996], [100.40952637, 3.33240449], [100.40160002, 3.32720379], [100.39325579, 3.32211175], [100.38479460, 3.31733757], [100.37544524, 3.31247500], [100.18171683, 3.21587207], [100.17294715, 3.21167042], [100.16396756, 3.20772404], [100.15490459, 3.20410220], [100.14494919, 3.20050905], [99.93881689, 3.13002095], [99.93285685, 3.12805245], [99.92319072, 3.12515034], [99.91372332, 3.12265192], [99.90337440, 3.12028975], [99.68036483, 3.07331114], [99.67017363, 3.07133849], [99.66046961, 3.06979211], [99.64992060, 3.06847160], [99.41221283, 3.04274850], [99.40704832, 3.04223546], [99.39686904, 3.04148582], [99.38623964, 3.04105971], [99.13500506, 3.03519312], [99.12537641, 3.03511510]]]}
    },
    {
      "type": "Feature",
      "properties": {"block_id": "ADC_SIO_01", "basin_id": "BASIN_SIO", "basin_label": "South Indian Ocean", "domain_count": 3, "grid_cell_count": 128, "outer_area_km2": 3376514.859450, "shelf_width_km": 250.000000, "outer_buffer_km": 430.000000, "shelf_add_area_km2": 0.000000, "shelf_add_cell_count": 0, "shelf_add_component_count": 0, "bay_add_area_km2": 639765.939668, "bay_add_cell_count": 533, "bay_add_core_cell_count": 533, "bay_add_component_count": 2, "open_ocean_area_risk": 0},
      "geometry": {"type": "Polygon", "coordinates": [[[33.37899825, -32.62601429], [33.36608230, -32.62594275], [33.05758599, -32.61852698], [33.04632938, -32.61807458], [32.73603930, -32.60058525], [32.72078263, -32.59938917], [32.40839752, -32.56799008], [32.39720754, -32.56668231], [32.08432243, -32.52497642], [32.06962677, -32.52269697], [31.75942429, -32.46776408], [31.74258302, -32.46434973], [31.43604131, -32.39425174], [31.42741684, -32.39215195], [31.41697960, -32.38926866], [31.11712590, -32.30101920], [31.10875813, -32.29842945], [31.09852959, -32.29491666], [30.80950870, -32.19020969], [30.80337724, -32.18791343], [30.79323233, -32.18379167], [30.51489337, -32.06520947], [30.50586754, -32.06119528], [30.49625352, -32.05653787], [30.23261456, -31.92326659], [30.22238225, -31.91785577], [30.21325716, -31.91260892], [29.96578959, -31.76465346], [29.95352811, -31.75693561], [29.94505912, -31.75111806], [29.71762372, -31.58907256], [29.70517101, -31.57972521], [29.69731835, -31.57329557], [29.49012423, -31.39756977], [29.48014139, -31.38872311], [29.47273368, -31.38162112], [29.28663589, -31.19686297], [29.27604896, -31.18581192], [29.26939792, -31.17824775], [29.10511745, -30.98464146], [29.09524277, -30.97236878], [29.08932726, -30.96431726], [28.94626911, -30.76217199], [28.94159997, -30.75536815], [28.93637503, -30.74720099], [28.93112602, -30.73831088], [28.81232156, -30.52859275], [28.80905303, -30.52265464], [28.80460887, -30.51396853], [28.80025867, -30.50465177], [28.70580505, -30.29243645], [28.70268520, -30.28514875], [28.69918213, -30.27617217], [28.69580664, -30.26649840], [28.62538016, -30.05219918], [28.62225491, -30.04204763], [28.61982213, -30.03295757], [28.61754370, -30.02299934], [28.57156775, -29.80365790], [28.56977457, -29.79430561], [28.56832347, -29.78495135], [28.56713130, -29.77482413], [28.54449417, -29.54646725], [28.54395581, -29.54030478], [28.54340274, -29.53062657], [28.54319587, -29.52043825], [28.54273779, -29.28034133], [28.54296308, -29.26857105], [28.54355308, -29.25850947], [28.56299146, -29.00642078], [28.56381452, -28.99760502], [28.56512444, -28.98739443], [28.60346049, -28.72660160], [28.60626550, -28.71056269], [28.66126131, -28.43967065], [28.66382438, -28.42820143], [28.73156558, -28.15067858], [28.73405593, -28.14115475], [28.81273826, -27.85915338], [28.81494773, -27.85161498], [28.90219263, -27.56768205], [28.90506408, -27.55882498], [29.00185971, -27.27519866], [29.00490972, -27.26667951], [29.11136471, -26.98274087], [29.11448953, -26.97475092], [29.22938531, -26.69274783], [29.23384280, -26.68236186], [29.35925625, -26.40444402], [29.36253520, -26.39741647], [29.49481974, -26.12301006], [29.49830119, -26.11601695], [29.63721624, -25.84564290], [29.64109628, -25.83833412], [29.78668300, -25.57275464], [29.78921873, -25.56821978], [29.93921810, -25.30517292], [29.94049462, -25.30295568], [30.09196833, -25.04234876], [30.09240546, -25.04158803], [30.23915907, -24.78324034], [30.24025815, -24.78124608], [30.37835529, -24.52284049], [30.37970966, -24.52020010], [30.50798226, -24.25937715], [30.50933636, -24.25649254], [30.62800056, -23.99125744], [30.62898324, -23.98897435], [30.74053522, -23.71928378], [30.74126028, -23.71747372], [30.84717014, -23.44424807], [30.84763632, -23.44301787], [30.94953588, -23.16784198], [30.94995996, -23.16667104], [31.04811499, -22.88944797], [31.04829041, -22.88894767], [31.14538473, -22.60929378], [31.24274712, -22.32864029], [31.34050347, -22.04788575], [31.34166115, -22.04462105], [31.44262157, -21.76498777], [31.54326812, -21.48500411], [31.54394714, -21.48313445], [31.64636653, -21.20397783], [31.64761920, -21.20062474], [31.75308244, -20.92331764], [31.85887390, -20.64571860], [31.96451618, -20.36854050], [32.06939436, -20.09211923], [32.06962543, -20.09150319], [32.17286254, -19.81306389], [32.27650119, -19.53358006], [32.27760938, -19.53063835], [32.38351830, -19.25384742], [32.38660984, -19.24608837], [32.42395577, -19.15597104], [32.42556110, -19.13104385], [32.42685654, -19.11541442], [32.43097161, -19.07483988], [32.43284112, -19.05926287], [32.43844604, -19.01884930], [32.44088734, -19.00334368], [32.44797527, -18.96314033], [32.45098539, -18.94772501], [32.45954770, -18.90778088], [32.46312297, -18.89247463], [32.47314922, -18.85283836], [32.47728529, -18.83765982], [32.48876328, -18.79837971], [32.49345510, -18.78334738], [32.50637083, -18.74447131], [32.51161269, -18.72960350], [32.52595044, -18.69117880], [32.53173594, -18.67649364], [32.54747824, -18.63856714], [32.55380035, -18.62408251], [32.57092801, -18.58670041], [32.57777901, -18.57243395], [32.59627117, -18.53564180], [32.60364273, -18.52161091], [32.62347686, -18.48545354], [32.63135999, -18.47167530], [32.65251192, -18.43619675], [32.66089702, -18.42268796], [32.68334098, -18.38793147], [32.69221783, -18.37470857], [32.71592648, -18.34071648], [32.72528427, -18.32779559], [32.75022871, -18.29460931], [32.76005604, -18.28200617], [32.78620590, -18.24966614], [32.79649079, -18.23739611], [32.82381420, -18.20594172], [32.83454412, -18.19401974], [32.86300780, -18.16348932], [32.87416968, -18.15192992], [32.88881833, -18.13702287], [32.95659177, -18.06924943], [33.05909240, -17.89779313], [33.06564897, -17.88730503], [33.22785601, -17.63894030], [33.23517893, -17.62822046], [33.40925737, -17.38439129], [33.41210780, -17.38047357], [33.41868029, -17.37192926], [33.60629087, -17.13676427], [33.61708648, -17.12394194], [33.81840701, -16.89722344], [33.82959811, -16.88525251], [34.04489763, -16.66643032], [34.05543094, -16.65620130], [34.28408806, -16.44402550], [34.29040660, -16.43831489], [34.52694774, -16.23009928], [34.53107400, -16.22652806], [34.77309330, -16.02058184], [34.77414594, -16.01968993], [35.01531066, -15.81622262], [35.01656780, -15.81514270], [35.24878718, -15.61203999], [35.25067989, -15.61033825], [35.47245495, -15.40536790], [35.47473824, -15.40318410], [35.68488249, -15.19519146], [35.68720060, -15.19281266], [35.88562331, -14.98168103], [35.88815459, -14.97887346], [36.07249974, -14.76568283], [36.07533804, -14.76223228], [36.24279719, -14.54809193], [36.24403870, -14.54646670], [36.24590068, -14.54387630], [36.39454176, -14.32912866], [36.39602786, -14.32691163], [36.39771098, -14.32421330], [36.52947836, -14.10429945], [36.53065549, -14.10227466], [36.53216316, -14.09948448], [36.64933694, -13.87298334], [36.65118502, -13.86919039], [36.75807874, -13.63569353], [36.75959125, -13.63218931], [36.85635068, -13.39380830], [36.85769855, -13.39026823], [36.94430448, -13.14696966], [36.94537561, -13.14376386], [37.02362200, -12.89340388], [37.02426824, -12.89123688], [37.09646149, -12.63703166], [37.09733635, -12.63369875], [37.16047312, -12.37192815], [37.16096185, -12.36978150], [37.21931139, -12.09740162], [37.21953450, -12.09632659], [37.27580646, -11.81618266], [37.33200207, -11.53341648], [37.33288934, -11.52911662], [37.39219023, -11.25199007], [37.39363006, -11.24560245], [37.45765199, -10.97533485], [37.46045823, -10.96440593], [37.53207753, -10.70569802], [37.53678136, -10.69031292], [37.61880553, -10.44551888], [37.62184863, -10.43690738], [37.62562746, -10.42728434], [37.72051453, -10.19796284], [37.72658490, -10.18429943], [37.73102206, -10.17538494], [37.84076236, -9.96452144], [37.84370679, -9.95901798], [37.84858892, -9.95050331], [37.85404744, -9.94172752], [37.97909479, -9.74847278], [37.98457382, -9.74031279], [37.99020415, -9.73252641], [37.99658538, -9.72433016], [38.13868367, -9.54832720], [38.14850170, -9.53677308], [38.15481343, -9.52995667], [38.16217910, -9.52254085], [38.32333624, -9.36585755], [38.33505401, -9.35504066], [38.34215318, -9.34903328], [38.35041284, -9.34252040], [38.53303264, -9.20356181], [38.54444712, -9.19527716], [38.55234526, -9.19001033], [38.56134198, -9.18444559], [38.76323794, -9.06427798], [38.77493269, -9.05764998], [38.78345530, -9.05324085], [38.79305795, -9.04867803], [39.01485431, -8.94784359], [39.02523987, -8.94334397], [39.03435474, -8.93976451], [39.04441516, -8.93619862], [39.28174763, -8.85652690], [39.29056826, -8.85370908], [39.30015973, -8.85097330], [39.31054615, -8.84838213], [39.56189332, -8.79010723], [39.57098805, -8.78813824], [39.58081882, -8.78632928], [39.59142676, -8.78473958], [39.85589672, -8.74958334], [39.86218013, -8.74881368], [39.87235668, -8.74784365], [39.88307327, -8.74717956], [40.15888329, -8.73467045], [40.17314617, -8.73433226], [40.18363222, -8.73448398], [40.46794788, -8.74330900], [40.47832606, -8.74379811], [40.48905242, -8.74465515], [40.78309035, -8.77306070], [40.80000006, -8.77511252], [41.10143655, -8.81919402], [41.11277803, -8.82104444], [41.41952747, -8.87631210], [41.42753475, -8.87785206], [41.73749913, -8.94124938], [41.74322171, -8.94247022], [42.05381265, -9.01147636], [42.06261350, -9.01355265], [42.37355539, -9.09121182], [42.38175838, -9.09336783], [42.69169543, -9.17891105], [42.69991263, -9.18128906], [43.00773266, -9.27452585], [43.01403392, -9.27650065], [43.32071279, -9.37585575], [43.32152591, -9.37612029], [43.62836120, -9.47637014], [43.62885077, -9.47653050], [43.93495815, -9.57705054], [43.93530673, -9.57716429], [44.23809755, -9.67534424], [44.23987168, -9.67590101], [44.54118761, -9.76734183], [44.54274266, -9.76779980], [44.84676426, -9.85462221], [44.84752758, -9.85483688], [45.15507916, -9.93999772], [45.46425273, -10.02524812], [45.46672929, -10.02594094], [45.77435304, -10.11323607], [45.77797370, -10.11428493], [46.08350634, -10.20460760], [46.08578499, -10.20528978], [46.38963929, -10.29740232], [46.39459070, -10.29894414], [46.69455910, -10.39483732], [46.69969014, -10.39652214], [46.99557579, -10.49626175], [47.00682025, -10.50027138], [47.29379762, -10.60827624], [47.29944855, -10.61046816], [47.30957506, -10.61471282], [47.58203904, -10.73435474], [47.59150535, -10.73869967], [47.60101982, -10.74345852], [47.85772569, -10.87733859], [47.86858085, -10.88327324], [47.87756974, -10.88862449], [48.11830724, -11.03755806], [48.12987268, -11.04506860], [48.13829879, -11.05102170], [48.35937853, -11.21298246], [48.37051075, -11.22153019], [48.37838779, -11.22809417], [48.57722982, -11.39971450], [48.58725810, -11.40876268], [48.59458739, -11.41592065], [48.77092080, -11.59425686], [48.78064564, -11.60456211], [48.78730361, -11.61222315], [48.93938125, -11.79356946], [48.94355144, -11.79866136], [48.94957141, -11.80646831], [48.95560659, -11.81489725], [49.08374684, -12.00075988], [49.08912415, -12.00884686], [49.09415039, -12.01700631], [49.09924286, -12.02597802], [49.20450299, -12.21943420], [49.20989827, -12.22984850], [49.21389454, -12.23834589], [49.21792602, -12.24779084], [49.30044897, -12.45126147], [49.30425014, -12.46116192], [49.30730297, -12.47008486], [49.31026051, -12.47988103], [49.37116956, -12.69579349], [49.37443235, -12.70846973], [49.37635984, -12.71748797], [49.37812574, -12.72753947], [49.41396655, -12.95606786], [49.41561989, -12.96837923], [49.41647936, -12.97759062], [49.41705254, -12.98776630], [49.42614693, -13.22774028], [49.42634053, -13.23678112], [49.42621288, -13.24626849], [49.42570111, -13.25644711], [49.40864585, -13.50458551], [49.40722649, -13.51948218], [49.40585356, -13.52924510], [49.36513554, -13.78469888], [49.36359063, -13.79347507], [49.36145518, -13.80355601], [49.30143411, -14.06334629], [49.29739580, -14.07891600], [49.22127019, -14.34318512], [49.21708820, -14.35653318], [49.12602739, -14.62524470], [49.12128271, -14.63826037], [49.01542659, -14.90928077], [49.01025171, -14.92171229], [48.88915903, -15.19543440], [48.88439983, -15.20567739], [48.75085505, -15.47977318], [48.74875556, -15.48399957], [48.60993125, -15.75816004], [48.60826548, -15.76140196], [48.46559904, -16.03506306], [48.46341589, -16.03917471], [48.31582327, -16.31215274], [48.31509107, -16.31349897], [48.16595069, -16.58609746], [48.16429148, -16.58909068], [48.01235165, -16.85964872], [48.01025019, -16.86333147], [47.85489100, -17.13131538], [47.85341470, -17.13383448], [47.69601498, -17.39954062], [47.69466812, -17.40179250], [47.53528616, -17.66573217], [47.53412321, -17.66764246], [47.37282480, -17.93046326], [47.37257930, -17.93086261], [47.21081739, -18.19354984], [47.21033717, -18.19432712], [47.04869287, -18.45510479], [47.04820749, -18.45589707], [46.89152239, -18.71467967], [46.89041739, -18.71655633], [46.74086793, -18.97783576], [46.74005658, -18.97928468], [46.59451645, -19.24501993], [46.59389232, -19.24617996], [46.45209977, -19.51451050], [46.45150033, -19.51566548], [46.31404120, -19.78537458], [46.31347911, -19.78649721], [46.18095200, -20.05597975], [46.18020573, -20.05753569], [46.05502916, -20.32525144], [46.05408770, -20.32733552], [45.93704344, -20.59573656], [45.93642051, -20.59720135], [45.82496190, -20.86608078], [45.82404020, -20.86839753], [45.72168354, -21.13681506], [45.72085499, -21.13908202], [45.62730021, -21.40653815], [45.62641289, -21.40921385], [45.54270121, -21.67613249], [45.54206658, -21.67825066], [45.46493266, -21.94823559], [45.46453650, -21.94966894], [45.39184171, -22.22181588], [45.39144472, -22.22335929], [45.32359732, -22.49763851], [45.32320262, -22.49930522], [45.26050843, -22.77633100], [45.26009529, -22.77825914], [45.20239046, -23.06354199], [45.14404585, -23.35266026], [45.14359316, -23.35486100], [45.08343723, -23.64185856], [45.08214754, -23.64771928], [45.01713912, -23.92969135], [45.01476894, -23.93925383], [44.94219998, -24.21278576], [44.93882811, -24.22453005], [44.85782775, -24.48654592], [44.85254665, -24.50211715], [44.76078760, -24.75033033], [44.75511323, -24.76456673], [44.65378928, -25.00129488], [44.64715342, -25.01574812], [44.53553141, -25.24312070], [44.53286034, -25.24841456], [44.52780448, -25.25775340], [44.40412434, -25.47671791], [44.40061604, -25.48275101], [44.39502474, -25.49172621], [44.25779582, -25.70348130], [44.25264106, -25.71116209], [44.24652902, -25.71963508], [44.09315312, -25.92449242], [44.08602629, -25.93363198], [44.07938084, -25.94152940], [43.90841749, -26.13758379], [43.90075802, -26.14603561], [43.89351297, -26.15346475], [43.70725109, -26.33789530], [43.69654080, -26.34800227], [43.68884867, -26.35468222], [43.48472061, -26.52583463], [43.47403122, -26.53440106], [43.46574065, -26.54052565], [43.24117208, -26.70052979], [43.23317448, -26.70603854], [43.22422572, -26.71177687], [42.97890433, -26.86323750], [42.96489639, -26.87142362], [42.70357731, -27.01577107], [42.69375713, -27.02098574], [42.42040620, -27.16040896], [42.41587087, -27.16267947], [42.13689801, -27.29973311], [42.13540304, -27.30046301], [41.85466411, -27.43667486], [41.57714056, -27.57190423], [41.57565273, -27.57264510], [41.30464344, -27.71052166], [41.30372532, -27.71099496], [41.03587846, -27.85089561], [41.03417112, -27.85180937], [40.77393454, -27.99447481], [40.77163596, -27.99577639], [40.52028798, -28.14271523], [40.51682076, -28.14484252], [40.27644298, -28.29948071], [40.27244535, -28.30219887], [40.03949019, -28.46945298], [40.03662259, -28.47159554], [39.80726661, -28.64986367], [39.80461563, -28.65200259], [39.57938177, -28.84060770], [39.57792270, -28.84185527], [39.35292762, -29.03828718], [39.35209007, -29.03902732], [39.12811056, -29.23937065], [39.12732422, -29.24008214], [38.90623756, -29.44243499], [38.90506835, -29.44352381], [38.68727755, -29.64988121], [38.68632802, -29.65079382], [38.47120282, -29.86052993], [38.46963120, -29.86209960], [38.25669490, -30.07996904], [38.25612133, -30.08056120], [38.04109373, -30.30455978], [38.04073120, -30.30493683], [37.82452177, -30.52943366], [37.82232073, -30.53169671], [37.60496752, -30.75298923], [37.60133821, -30.75662581], [37.38171570, -30.97320665], [37.37394263, -30.98062120], [37.14960839, -31.18760647], [37.13798902, -31.19782595], [36.90589819, -31.39237584], [36.90200437, -31.39558093], [36.89340027, -31.40229272], [36.65237679, -31.58371249], [36.64811016, -31.58686243], [36.63915315, -31.59311613], [36.38990972, -31.76085306], [36.37718052, -31.76900559], [36.12178509, -31.92452527], [36.10708565, -31.93297381], [35.84373410, -32.07561194], [35.83744560, -32.07892289], [35.82767991, -32.08371213], [35.55849096, -32.21012760], [35.55032279, -32.21382077], [35.54037269, -32.21795037], [35.26424667, -32.32714416], [35.25427758, -32.33089430], [35.24416110, -32.33431753], [34.96009330, -32.42517049], [34.95293102, -32.42736620], [34.94239666, -32.43026695], [34.65292979, -32.50480286], [34.64112918, -32.50760697], [34.63072165, -32.50969455], [34.33594755, -32.56373965], [34.32598242, -32.56540520], [34.31530473, -32.56683698], [34.01782242, -32.60171342], [34.01061611, -32.60247379], [33.99966352, -32.60331852], [33.69956522, -32.62146785], [33.68301293, -32.62207523], [33.37899825, -32.62601429]]]}
    },
    {
      "type": "Feature",
      "properties": {"block_id": "ADC_SIO_02", "basin_id": "BASIN_SIO", "basin_label": "South Indian Ocean", "domain_count": 3, "grid_cell_count": 80, "outer_area_km2": 3868315.724901, "shelf_width_km": 250.000000, "outer_buffer_km": 430.000000, "shelf_add_area_km2": 0.000000, "shelf_add_cell_count": 0, "shelf_add_component_count": 0, "bay_add_area_km2": 601715.172571, "bay_add_cell_count": 599, "bay_add_core_cell_count": 599, "bay_add_component_count": 3, "open_ocean_area_risk": 0},
      "geometry": {"type": "Polygon", "coordinates": [[[42.96374801, -34.44961831], [42.65621720, -34.44834062], [42.64926798, -34.44823542], [42.63818511, -34.44776342], [42.32760312, -34.42941495], [42.32217317, -34.42904585], [42.31102610, -34.42800405], [42.00190680, -34.39397229], [41.98566163, -34.39180133], [41.67739061, -34.34329578], [41.66294003, -34.34071250], [41.35447747, -34.27890748], [41.34026450, -34.27575207], [41.03381990, -34.20101718], [41.02000714, -34.19734833], [40.71484276, -34.10957912], [40.70232860, -34.10572412], [40.40036768, -34.00645282], [40.38860966, -34.00235236], [40.09121011, -33.89261202], [40.07947835, -33.88803869], [39.78678029, -33.76774566], [39.77533463, -33.76279755], [39.48732608, -33.63203622], [39.47515307, -33.62621755], [39.19251433, -33.48419725], [39.18285767, -33.47914992], [38.90356480, -33.32742329], [38.89657615, -33.32351915], [38.61904510, -33.16414612], [38.61473439, -33.16162816], [38.33852263, -32.99753814], [38.33812238, -32.99730166], [38.06326948, -32.83580621], [38.06222105, -32.83519900], [37.78888949, -32.67917664], [37.78736195, -32.67832291], [37.51329110, -32.52838015], [37.51194128, -32.52765545], [37.23477530, -32.38165503], [37.23402144, -32.38126213], [36.95624266, -32.23802659], [36.95466421, -32.23723072], [36.67485578, -32.09931510], [36.67389465, -32.09884789], [36.39054317, -31.96301934], [36.38996189, -31.96274305], [36.10553093, -31.82869206], [36.10468679, -31.82829911], [35.81882564, -31.69688213], [35.81817438, -31.69658561], [35.53117657, -31.56717579], [35.53034164, -31.56680398], [35.24396237, -31.44086946], [35.24244337, -31.44021668], [34.95477997, -31.31944933], [34.95342382, -31.31889183], [34.66102763, -31.20122534], [34.36620512, -31.08232658], [34.36091565, -31.08014219], [34.07284329, -30.95836735], [34.06617367, -30.95546445], [33.78582919, -30.82990169], [33.77845611, -30.82649399], [33.50654343, -30.69688714], [33.49866447, -30.69300663], [33.23710979, -30.55997859], [33.22508586, -30.55355677], [32.97877973, -30.41558266], [32.97281285, -30.41215037], [32.96351960, -30.40644758], [32.73814597, -30.26280854], [32.72820522, -30.25620354], [32.71967802, -30.25008150], [32.51541407, -30.09805063], [32.51127637, -30.09491230], [32.50336873, -30.08857998], [32.49537618, -30.08171290], [32.31191921, -29.91847407], [32.30681310, -29.91382124], [32.29965767, -29.90690686], [32.29238139, -29.89936622], [32.12684894, -29.72168590], [32.12225662, -29.71663743], [32.11581529, -29.70912180], [32.10931777, -29.70097446], [31.96172347, -29.50901668], [31.95357722, -29.49789835], [31.94792969, -29.48948642], [31.81540472, -29.28424813], [31.81031503, -29.27606800], [31.80513770, -29.26706299], [31.68616470, -29.05121883], [31.68084587, -29.04109862], [31.67643913, -29.03187856], [31.57273899, -28.80438540], [31.56866258, -28.79499589], [31.56491774, -28.78543225], [31.47694104, -28.54807728], [31.47230070, -28.53452596], [31.46949032, -28.52498562], [31.40177189, -28.27848311], [31.39831668, -28.26453167], [31.39635658, -28.25481088], [31.34988855, -28.00019890], [31.34900935, -27.99509223], [31.34762599, -27.98541496], [31.34655737, -27.97527459], [31.32398204, -27.71489699], [31.32337741, -27.70636314], [31.32303031, -27.69684561], [31.32303644, -27.68665541], [31.32811225, -27.42134771], [31.32845565, -27.41191450], [31.32913791, -27.40247652], [31.33024905, -27.39234021], [31.36469684, -27.12401740], [31.36590245, -27.11565711], [31.36758570, -27.10625850], [31.36975648, -27.09627557], [31.43385792, -26.82560659], [31.43515698, -26.82036379], [31.43778339, -26.81093333], [31.44089199, -26.80117292], [31.53132992, -26.53423336], [31.53443305, -26.52555067], [31.53825108, -26.51593771], [31.64744231, -26.25498817], [31.65025618, -26.24850031], [31.65474246, -26.23897841], [31.78027853, -25.98460280], [31.78702662, -25.97170870], [31.92602291, -25.72075281], [31.93007849, -25.71365395], [32.07732719, -25.46364544], [32.07785811, -25.46274748], [32.22448932, -25.21569459], [32.22544197, -25.21404945], [32.36312995, -24.97026065], [32.36445682, -24.96782233], [32.49221378, -24.72395917], [32.49331245, -24.72178934], [32.61346767, -24.47607854], [32.61431311, -24.47429910], [32.72818739, -24.22747333], [32.72876821, -24.22618711], [32.83835117, -23.97817615], [32.83882633, -23.97708047], [32.94408965, -23.72970803], [32.94461362, -23.72844934], [33.04482943, -23.48227374], [33.04522789, -23.48127732], [33.14250083, -23.23358822], [33.14259767, -23.23334051], [33.23851746, -22.98687358], [33.23913362, -22.98524185], [33.32835667, -22.74154392], [33.32910487, -22.73941443], [33.41145695, -22.49483352], [33.41208894, -22.49287976], [33.48924425, -22.24425398], [33.48967427, -22.24282450], [33.56376336, -21.98853587], [33.56400409, -21.98769363], [33.63652956, -21.72895434], [33.63669810, -21.72834437], [33.70774035, -21.46749529], [33.70802396, -21.46642675], [33.77608805, -21.20314271], [33.77642132, -21.20180943], [33.84110494, -20.93389582], [33.84128358, -20.93314086], [33.90446186, -20.66063219], [33.90543644, -20.65655849], [33.97202256, -20.38660267], [33.97333435, -20.38147953], [34.04409687, -20.11493973], [34.04635295, -20.10689560], [34.12386744, -19.84461679], [34.12761496, -19.83283378], [34.21534533, -19.57541875], [34.22093131, -19.56035346], [34.32251879, -19.30720265], [34.32905400, -19.29211194], [34.44530113, -19.04239200], [34.44820104, -19.03635681], [34.45306665, -19.02697114], [34.58616821, -18.78119409], [34.59055991, -18.77338234], [34.59598396, -18.76445423], [34.74628350, -18.52677800], [34.75178388, -18.51840523], [34.75780354, -18.50990886], [34.92699958, -18.27989681], [34.93339425, -18.27152330], [34.94001005, -18.26347216], [35.13024106, -18.04013345], [35.13580515, -18.03378947], [35.14305521, -18.02603867], [35.35153602, -17.81084965], [35.35534175, -17.80699655], [35.36318410, -17.79947547], [35.58571942, -17.59337813], [35.59654862, -17.58378611], [35.83209719, -17.38426869], [35.84163235, -17.37649391], [36.08961956, -17.18188706], [36.09411819, -17.17841885], [36.34814052, -16.98603568], [36.34834981, -16.98587671], [36.59793943, -16.79575689], [36.59992519, -16.79420192], [36.83637904, -16.60388667], [36.83935926, -16.60138443], [37.06239911, -16.40607369], [37.06499865, -16.40370929], [37.27810241, -16.20239352], [37.28015720, -16.20039126], [37.48353630, -15.99596290], [37.48595882, -15.99343341], [37.67440506, -15.78900223], [37.67600082, -15.78722511], [37.67807223, -15.78477067], [37.84820253, -15.57579556], [37.85105832, -15.57209637], [38.00913705, -15.35597179], [38.01112704, -15.35313783], [38.16016042, -15.13191579], [38.16231022, -15.12856548], [38.29951649, -14.90381792], [38.30140312, -14.90057489], [38.42925111, -14.66965449], [38.43053729, -14.66724375], [38.55141224, -14.43194140], [38.55288846, -14.42892688], [38.66275527, -14.19321616], [38.66353363, -14.19149792], [38.66475430, -14.18858082], [38.76081859, -13.94672059], [38.76232460, -13.94263134], [38.84866701, -13.68857988], [38.84951870, -13.68593438], [38.92987415, -13.42176607], [38.93059220, -13.41927039], [39.00487895, -13.14553066], [39.00525591, -13.14409227], [39.07649658, -12.86228695], [39.07673275, -12.86132952], [39.14586928, -12.57392856], [39.21498973, -12.28476847], [39.21683937, -12.27744129], [39.29140627, -11.99701797], [39.29462270, -11.98580496], [39.37705903, -11.71815330], [39.37872936, -11.71292471], [39.38224187, -11.70292996], [39.47472875, -11.45438661], [39.47916307, -11.44320054], [39.48327547, -11.43391076], [39.58867201, -11.20705205], [39.59091158, -11.20235280], [39.59541050, -11.19355399], [39.60044200, -11.18453310], [39.71993554, -10.97908587], [39.72400777, -10.97230549], [39.72928698, -10.96412007], [39.73522308, -10.95560109], [39.86928578, -10.77033653], [39.87625445, -10.76109431], [39.88227877, -10.75369581], [39.88915815, -10.74583155], [40.03823340, -10.58134958], [40.04244623, -10.57680217], [40.04943590, -10.56967493], [40.05646356, -10.56299273], [40.06434059, -10.55600822], [40.23070486, -10.41356983], [40.23681325, -10.40847970], [40.24463957, -10.40235363], [40.25253760, -10.39659824], [40.26131978, -10.39064818], [40.44364542, -10.27161222], [40.44995385, -10.26760388], [40.45859024, -10.26246568], [40.46721374, -10.25772340], [40.47674072, -10.25289608], [40.66848934, -10.15976433], [40.67760393, -10.15551504], [40.68674061, -10.15161320], [40.69597346, -10.14803071], [40.70611364, -10.14448079], [40.90927110, -10.07713575], [40.91706228, -10.07466438], [40.92679749, -10.07188987], [40.93645019, -10.06948184], [40.94699779, -10.06721845], [41.16116770, -10.02494969], [41.17457841, -10.02258767], [41.18425828, -10.02124964], [41.19500976, -10.02012292], [41.41895699, -10.00037455], [41.42981705, -9.99959785], [41.43978897, -9.99921474], [41.45060660, -9.99915507], [41.68610628, -10.00172799], [41.69271691, -10.00186969], [41.70298932, -10.00236707], [41.71376691, -10.00324501], [41.96257870, -10.02764113], [41.97418247, -10.02898662], [41.98480272, -10.03058767], [42.24687824, -10.07452858], [42.25194918, -10.07542311], [42.26292115, -10.07764279], [42.53327044, -10.13700334], [42.54828544, -10.14064855], [42.82665647, -10.21476540], [42.84301859, -10.21955231], [43.12588907, -10.30987051], [43.14010007, -10.31474883], [43.42790258, -10.42056345], [43.44280694, -10.42643867], [43.73331475, -10.54882073], [43.74327265, -10.55320241], [44.03351487, -10.68644211], [44.04030952, -10.68965199], [44.32909403, -10.82997655], [44.33363041, -10.83222255], [44.62080253, -10.97706479], [44.62137290, -10.97735314], [44.90833838, -11.12276640], [44.91114622, -11.12420558], [45.19640353, -11.27208873], [45.19816725, -11.27300963], [45.48180100, -11.42216130], [45.48231733, -11.42243085], [45.76397721, -11.56839772], [45.76539989, -11.56912029], [46.04747634, -11.70949005], [46.04876981, -11.71012186], [46.33170897, -11.84575364], [46.33393697, -11.84678748], [46.62302763, -11.97655373], [46.62352797, -11.97677665], [46.91704354, -12.10656543], [46.92628763, -12.11081803], [47.20704171, -12.24506120], [47.22053781, -12.25188570], [47.47978384, -12.39028773], [47.48442463, -12.39281916], [47.49396987, -12.39835196], [47.73322533, -12.54251611], [47.73885181, -12.54599158], [47.74796334, -12.55197988], [47.97022600, -12.70355627], [47.97690530, -12.70824430], [47.98551340, -12.71468877], [48.19366277, -12.87618279], [48.20008378, -12.88130685], [48.20824237, -12.88824220], [48.40493919, -13.06140959], [48.41694845, -13.07253002], [48.60623425, -13.25687910], [48.61184968, -13.26248394], [48.79780783, -13.45270888], [48.80328434, -13.45845094], [48.98527204, -13.65403994], [48.99616112, -13.66636309], [49.16611502, -13.86899244], [49.17341943, -13.87805629], [49.17958705, -13.88632437], [49.33075923, -14.09669179], [49.33634657, -14.10475127], [49.34197230, -14.11350232], [49.47650290, -14.33125891], [49.48439722, -14.34479078], [49.60734822, -14.56838296], [49.61367105, -14.58051270], [49.72734640, -14.81097846], [49.73203096, -14.82092266], [49.83793177, -15.05664279], [49.84329132, -15.06933356], [49.93959203, -15.31261965], [49.94241504, -15.32006413], [49.94578692, -15.32991837], [50.02744814, -15.58365477], [50.03022453, -15.59282048], [50.03285100, -15.60275429], [50.09789693, -15.86846176], [50.10021371, -15.87876979], [50.10207323, -15.88878319], [50.14790490, -16.16377794], [50.14906437, -16.17140567], [50.15028649, -16.18170932], [50.17876944, -16.46686554], [50.17971919, -16.47880932], [50.19692725, -16.76943786], [50.19695106, -16.76982497], [50.21525012, -17.05660965], [50.21543981, -17.05903416], [50.24198767, -17.34543109], [50.24217819, -17.34726831], [50.27558577, -17.63847741], [50.27567294, -17.63920913], [50.31209206, -17.93402600], [50.31267777, -17.93913005], [50.34394602, -18.23412996], [50.34477475, -18.24330616], [50.36675982, -18.53773438], [50.36743006, -18.55029563], [50.37691602, -18.84592078], [50.37704744, -18.85894143], [50.37348214, -19.15874801], [50.37308941, -19.17087472], [50.35695088, -19.47593495], [50.35657929, -19.48184069], [50.33437610, -19.78620486], [50.33431211, -19.78715584], [50.31564035, -20.09005674], [50.31557128, -20.09133441], [50.30149378, -20.39417425], [50.30145281, -20.39518628], [50.29097556, -20.69888512], [50.29095926, -20.69940366], [50.28230546, -21.00451400], [50.27335966, -21.31071891], [50.26492772, -21.61655311], [50.25677265, -21.92194435], [50.25676472, -21.92226354], [50.24981654, -22.22530085], [50.24979709, -22.22655396], [50.24733792, -22.52960807], [50.24733516, -22.53023550], [50.24712135, -22.83584742], [50.24712133, -23.14262423], [50.24711351, -23.14477513], [50.24488942, -23.45101538], [50.24480257, -23.45635202], [50.23708632, -23.76147978], [50.23694229, -23.76588072], [50.22470355, -24.07055610], [50.22457555, -24.07340140], [50.20950595, -24.37598675], [50.20946080, -24.37702046], [50.19814326, -24.67837528], [50.19811057, -24.67941642], [50.19043868, -24.98343050], [50.19042062, -24.98411496], [50.18199916, -25.28980929], [50.18192565, -25.29214324], [50.17112180, -25.59699550], [50.17086084, -25.60276799], [50.15418284, -25.90609204], [50.15399694, -25.90917908], [50.13421131, -26.21144440], [50.13380577, -26.21687416], [50.10861166, -26.51706054], [50.10743055, -26.52847796], [50.07089694, -26.82541181], [50.06903814, -26.83821338], [50.01957915, -27.13350989], [50.01670997, -27.14832584], [49.95211624, -27.44186749], [49.94927657, -27.45363174], [49.87236988, -27.74616343], [49.86919393, -27.75735589], [49.78025381, -28.04913362], [49.77712681, -28.05880329], [49.67820820, -28.34793317], [49.67540161, -28.35578104], [49.56831450, -28.64267548], [49.56423995, -28.65300893], [49.44661864, -28.93600678], [49.44297352, -28.94441698], [49.31629473, -29.22504224], [49.31328279, -29.23151164], [49.17928143, -29.51076358], [49.17708755, -29.51524160], [49.03800361, -29.79337715], [49.03685094, -29.79565839], [48.89548988, -30.07255397], [48.89199191, -30.07920363], [48.74421144, -30.35199481], [48.73997652, -30.35955642], [48.58453693, -30.62818500], [48.57882294, -30.63766495], [48.41310115, -30.90183591], [48.40715022, -30.91096341], [48.23104352, -31.17103415], [48.22711325, -31.17670273], [48.04505332, -31.43321025], [48.03820812, -31.44248927], [47.84706072, -31.69191207], [47.84099448, -31.69957930], [47.64262432, -31.94250354], [47.63633135, -31.94997275], [47.43103404, -32.18619557], [47.42299319, -32.19510439], [47.20976013, -32.42264142], [47.20355370, -32.42908236], [46.98493982, -32.64974438], [46.97538341, -32.65900168], [46.74963622, -32.86888257], [46.73915028, -32.87821875], [46.50715368, -33.07601086], [46.49446189, -33.08629786], [46.25397941, -33.27153194], [46.25001349, -33.27453185], [46.24107731, -33.28093444], [45.99228789, -33.45281424], [45.97978434, -33.46104528], [45.72489426, -33.62079873], [45.71069089, -33.62922325], [45.44817008, -33.77638309], [45.43607713, -33.78284457], [45.16834575, -33.91903515], [45.15373652, -33.92603576], [44.87898412, -34.04979143], [44.87034532, -34.05352884], [44.86028496, -34.05750873], [44.57738815, -34.16399117], [44.56829619, -34.16725720], [44.55799226, -34.17059312], [44.26725802, -34.25940590], [44.25740884, -34.26224451], [44.24692664, -34.26490067], [43.94942694, -34.33506530], [43.94206106, -34.33671001], [43.93123739, -34.33880548], [43.63076765, -34.39184608], [43.62320608, -34.39308714], [43.61227534, -34.39456237], [43.30890258, -34.43042815], [43.29940187, -34.43141013], [43.28852572, -34.43219302], [42.98333275, -34.44912103], [42.97472199, -34.44948348], [42.96374801, -34.44961831]]]}
    },
    {
      "type": "Feature",
      "properties": {"block_id": "ADC_SIO_03", "basin_id": "BASIN_SIO", "basin_label": "South Indian Ocean", "domain_count": 5, "grid_cell_count": 172, "outer_area_km2": 5561390.063753, "shelf_width_km": 250.000000, "outer_buffer_km": 430.000000, "shelf_add_area_km2": 0.000000, "shelf_add_cell_count": 0, "shelf_add_component_count": 0, "bay_add_area_km2": 1032719.319758, "bay_add_cell_count": 1103, "bay_add_core_cell_count": 1103, "bay_add_component_count": 3, "open_ocean_area_risk": 0},
      "geometry": {"type": "Polygon", "coordinates": [[[45.37129239, -34.02462341], [45.35418740, -34.02430156], [45.04876786, -34.01093151], [45.04378921, -34.01067134], [45.03277507, -34.00981733], [44.72615772, -33.98087892], [44.71928179, -33.98015161], [44.70847527, -33.97870139], [44.40390463, -33.93262712], [44.38918735, -33.93007071], [44.08698267, -33.87074377], [44.07425641, -33.86799224], [43.77271641, -33.79674331], [43.75988757, -33.79344726], [43.46009086, -33.71016639], [43.44636453, -33.70603927], [43.14825405, -33.60949029], [43.13791354, -33.60595586], [42.84218289, -33.49950644], [42.83085942, -33.49519939], [42.53975661, -33.37844419], [42.52692704, -33.37298714], [42.24193236, -33.24471487], [42.22818959, -33.23814959], [41.95015341, -33.09745804], [41.93851987, -33.09127952], [41.66577505, -32.93943086], [41.65258480, -32.93168358], [41.38722692, -32.76746628], [41.37353364, -32.75851509], [41.11671677, -32.58137420], [41.10461668, -32.57261473], [40.85729161, -32.38482233], [40.84652096, -32.37628038], [40.60876575, -32.17940141], [40.59833748, -32.17038557], [40.36976256, -31.96410179], [40.36270448, -31.95753810], [40.14038508, -31.74450259], [40.13541019, -31.73963101], [39.91718229, -31.52125160], [39.91449702, -31.51853225], [39.69846355, -31.29713279], [39.69830183, -31.29696748], [39.48219270, -31.07660681], [39.48190776, -31.07631755], [39.26633593, -30.85844520], [39.26557932, -30.85768938], [39.05179658, -30.64660711], [39.04986932, -30.64475873], [38.83530213, -30.44487044], [38.83310240, -30.44288622], [38.61576215, -30.25306966], [38.61377627, -30.25138391], [38.39460494, -30.07057089], [38.39258822, -30.06895373], [38.17172133, -29.89683021], [38.16942148, -29.89509432], [37.94734875, -29.73279280], [37.94457289, -29.73084020], [37.72370304, -29.58137314], [37.72230698, -29.58044642], [37.71956666, -29.57872850], [37.50018382, -29.44637473], [37.49767623, -29.44491385], [37.49482321, -29.44337317], [37.27475686, -29.32933398], [37.27170807, -29.32782245], [37.26874736, -29.32648079], [37.04275568, -29.22865589], [37.04050843, -29.22771678], [37.03746774, -29.22655049], [36.80572110, -29.14212395], [36.80332235, -29.14128565], [36.80021189, -29.14030229], [36.56360557, -29.06985944], [36.56037837, -29.06895898], [36.55720308, -29.06818848], [36.31429692, -29.01354643], [36.31112082, -29.01288729], [36.30789728, -29.01232984], [36.05243922, -28.97254660], [36.05069221, -28.97229067], [36.04744203, -28.97189975], [35.77321497, -28.94356119], [35.77092311, -28.94335154], [35.47964429, -28.92015377], [35.47931466, -28.92012808], [35.18246211, -28.89749440], [35.18217960, -28.89747328], [34.88386395, -28.87559550], [34.88119186, -28.87538903], [34.58554523, -28.85138227], [34.57736051, -28.85061877], [34.29137483, -28.82047728], [34.27845226, -28.81886635], [34.00638121, -28.77968158], [34.00109493, -28.77887154], [33.99026027, -28.77692439], [33.73370783, -28.72636602], [33.72295826, -28.72405361], [33.71268654, -28.72147451], [33.47383133, -28.65721579], [33.45849635, -28.65268043], [33.44883378, -28.64937947], [33.22460442, -28.56852733], [33.21795917, -28.56604286], [33.20868465, -28.56226928], [33.19903852, -28.55795809], [32.98840964, -28.45949895], [32.98204635, -28.45643265], [32.97318215, -28.45184217], [32.96400134, -28.44668339], [32.76896418, -28.33266316], [32.76190031, -28.32840287], [32.75361888, -28.32305329], [32.74500773, -28.31706168], [32.56575282, -28.18770032], [32.55540941, -28.17989978], [32.54806915, -28.17390872], [32.54021443, -28.16703040], [32.37832399, -28.02021471], [32.37320232, -28.01545595], [32.36618198, -28.00853568], [32.35958649, -28.00156297], [32.35272099, -27.99377495], [32.21299550, -27.82954272], [32.20681988, -27.82203511], [32.20097790, -27.81441535], [32.19544400, -27.80664255], [32.18975947, -27.79802669], [32.07476010, -27.61679533], [32.07005064, -27.60910888], [32.06531508, -27.60076283], [32.06092933, -27.59234548], [32.05651337, -27.58307332], [31.96681641, -27.38568061], [31.96330736, -27.37762754], [31.95978320, -27.36873507], [31.95662059, -27.35982940], [31.95354821, -27.35007279], [31.89172711, -27.14059080], [31.88953989, -27.13275761], [31.88726833, -27.12345337], [31.88536745, -27.11422490], [31.88367390, -27.10416447], [31.85105152, -26.88622004], [31.84916264, -26.87074009], [31.84847735, -26.86174345], [31.84807421, -26.85156056], [31.84315462, -26.62102196], [31.84311926, -26.61111180], [31.84342494, -26.60169019], [31.84412654, -26.59152214], [31.86540833, -26.34784882], [31.86717756, -26.33242166], [31.86873655, -26.32272659], [31.91461874, -26.06714429], [31.91635433, -26.05830261], [31.91868378, -26.04827194], [31.98428936, -25.78735689], [31.98789736, -25.77425541], [32.06666497, -25.51135181], [32.07017709, -25.50038801], [32.16135914, -25.23322871], [32.16372343, -25.22655572], [32.26309239, -24.95609820], [32.26384575, -24.95406996], [32.36507686, -24.68445649], [32.36541521, -24.68353978], [32.46244134, -24.41606539], [32.46276180, -24.41516665], [32.55579659, -24.14967027], [32.55638056, -24.14794630], [32.64254012, -23.88456150], [32.64306179, -23.88291143], [32.72371171, -23.61869146], [32.72389826, -23.61807205], [32.80315286, -23.35132735], [32.96092506, -22.81615376], [32.96111026, -22.81551660], [33.03696257, -22.55077859], [33.03731703, -22.54950489], [33.10883925, -22.28470668], [33.10918656, -22.28337916], [33.17734134, -22.01419124], [33.17743363, -22.01382337], [33.24510947, -21.74152233], [33.31228296, -21.46830272], [33.31238376, -21.46788831], [33.37830912, -21.19393137], [33.37844072, -21.19337647], [33.44304852, -20.91689994], [33.50774016, -20.63927945], [33.50832692, -20.63680833], [33.57495256, -20.36135601], [33.57683159, -20.35399255], [33.64932934, -20.08405133], [33.65200594, -20.07468718], [33.73226404, -19.81002480], [33.73541809, -19.80022388], [33.82425631, -19.53936704], [33.82787161, -19.52932976], [33.92604050, -19.27101925], [33.93061627, -19.25966775], [34.03961197, -19.00411037], [34.04435515, -18.99354559], [34.16449533, -18.73889154], [34.16803462, -18.73163722], [34.29642064, -18.47699779], [34.29947814, -18.47109250], [34.43501205, -18.21607464], [34.43994174, -18.20715609], [34.58675546, -17.95155638], [34.59072786, -17.94483726], [34.74624304, -17.68916599], [34.74979492, -17.68346583], [34.91207532, -17.42917336], [34.91757998, -17.42084395], [35.08918626, -17.16996846], [35.09575453, -17.16072876], [35.27804908, -16.91384292], [35.28192694, -16.90870181], [35.47065294, -16.66374082], [35.65805487, -16.42098720], [35.65908327, -16.41962869], [35.83825137, -16.17823616], [35.83966772, -16.17627323], [36.01176244, -15.93085899], [36.01301331, -15.92902739], [36.18100414, -15.67637665], [36.18152767, -15.67558011], [36.34920201, -15.41747542], [36.51653901, -15.15872638], [36.51703468, -15.15795121], [36.67942567, -14.90107869], [36.68067092, -14.89904938], [36.83473245, -14.64028194], [36.83613618, -14.63783667], [36.98165418, -14.37474751], [36.98297890, -14.37225974], [37.11956755, -14.10558679], [37.12082654, -14.10302759], [37.24699622, -13.83571675], [37.24850419, -13.83233950], [37.36137870, -13.56452534], [37.36274497, -13.56108177], [37.46287057, -13.29224151], [37.46392968, -13.28923045], [37.55382132, -13.01789191], [37.55436362, -13.01619712], [37.63897273, -12.74215137], [37.63942697, -12.74063100], [37.71900724, -12.46511945], [37.71937917, -12.46379236], [37.79426100, -12.18820328], [37.79473638, -12.18637525], [37.86296677, -11.91174922], [37.86353841, -11.90929644], [37.92401342, -11.63158778], [37.92438749, -11.62977707], [37.98000806, -11.34521142], [37.98014254, -11.34450791], [38.03423056, -11.05505308], [38.03441747, -11.05406202], [38.08958306, -10.76420042], [38.09097447, -10.75732465], [38.15223355, -10.47168554], [38.15424172, -10.46295398], [38.22286401, -10.18356369], [38.22522051, -10.17456713], [38.30109196, -9.90201578], [38.30264276, -9.89663714], [38.38283852, -9.62781993], [38.38411141, -9.62366189], [38.46719099, -9.35904526], [38.47079952, -9.34826037], [38.56061988, -9.09557209], [38.56233406, -9.09089036], [38.56625986, -9.08101746], [38.66430070, -8.84683441], [38.66852783, -8.83723616], [38.67299943, -8.82800627], [38.78167580, -8.61357292], [38.78392155, -8.60924078], [38.78870724, -8.60059010], [38.79401454, -8.59175652], [38.91626409, -8.39625771], [38.92118863, -8.38865213], [38.92668901, -8.38075064], [38.93289774, -8.37247292], [39.07172825, -8.19403657], [39.07963958, -8.18429918], [39.08586183, -8.17721813], [39.09299460, -8.16965339], [39.25105240, -8.00779449], [39.26121763, -7.99786051], [39.26817246, -7.99159693], [39.27617577, -7.98487737], [39.45600424, -7.83912998], [39.46636566, -7.83109270], [39.47408166, -7.82557031], [39.48282497, -7.81975671], [39.68514726, -7.69018033], [39.69403959, -7.68469664], [39.70248470, -7.67987826], [39.71181392, -7.67496948], [39.93318713, -7.56325945], [39.94085250, -7.55952479], [39.94987954, -7.55546721], [39.95966783, -7.55146034], [40.19639359, -7.45919986], [40.20409446, -7.45631678], [40.21351359, -7.45311183], [40.22366282, -7.45003589], [40.47474777, -7.37852962], [40.48133883, -7.37673249], [40.49112667, -7.37435647], [40.50153085, -7.37219771], [40.76629351, -7.32187642], [40.77933496, -7.31967437], [40.78969894, -7.31831942], [41.06837493, -7.28661798], [41.07563305, -7.28587926], [41.08648649, -7.28508693], [41.37505913, -7.26886339], [41.38965277, -7.26835421], [41.68682921, -7.26431390], [41.69722469, -7.26433005], [42.00216869, -7.26942341], [42.00720526, -7.26954452], [42.31610639, -7.27924226], [42.31723999, -7.27927972], [42.62706170, -7.29003169], [42.62801933, -7.29006626], [42.93801356, -7.30169115], [42.94184095, -7.30185608], [43.25346823, -7.31702863], [43.25674189, -7.31720371], [43.56989593, -7.33545211], [43.88055538, -7.35331569], [43.88198802, -7.35338755], [44.18997170, -7.36657821], [44.19175253, -7.36663827], [44.50139080, -7.37426490], [44.50258922, -7.37428709], [44.81503562, -7.37816152], [44.81568269, -7.37816741], [45.12932270, -7.37998635], [45.13000352, -7.37998794], [45.44340156, -7.37962919], [45.44425503, -7.37962450], [45.75730831, -7.37654086], [45.75829582, -7.37652616], [46.07121787, -7.37029083], [46.07231789, -7.37026273], [46.38623758, -7.36048163], [46.38696180, -7.36045639], [46.70313358, -7.34826498], [46.70339090, -7.34825472], [47.02019470, -7.33520531], [47.02077913, -7.33517949], [47.33867338, -7.32018414], [47.34148582, -7.32006304], [47.65909716, -7.30769207], [47.66465428, -7.30752071], [47.98031583, -7.30034578], [47.98870597, -7.30025768], [48.30220910, -7.30079909], [48.31571467, -7.30108832], [48.62626739, -7.31385912], [48.64131854, -7.31480990], [48.95064322, -7.34119024], [48.96751150, -7.34305060], [49.27554368, -7.38477079], [49.28979419, -7.38700779], [49.59671874, -7.44184524], [49.61260856, -7.44507537], [49.91625455, -7.51435474], [49.93223013, -7.51840888], [50.23219886, -7.60231828], [50.24481593, -7.60611314], [50.54058343, -7.70137509], [50.55204387, -7.70529400], [50.84371625, -7.81090382], [50.85291871, -7.81438845], [51.14202790, -7.92871430], [51.14887481, -7.93150920], [51.43636235, -8.05256460], [51.44460960, -8.05616819], [51.72928851, -8.18513045], [51.74013504, -8.19028035], [52.02022990, -8.32948351], [52.03103572, -8.33510212], [52.30654330, -8.48481556], [52.31731507, -8.49093187], [52.58781840, -8.65127717], [52.60081876, -8.65939632], [52.86378229, -8.83224060], [52.87561980, -8.84039735], [53.13038004, -9.02429828], [53.14097919, -9.03228132], [53.38637761, -9.22504836], [53.39740809, -9.23411143], [53.63311315, -9.43661707], [53.64239222, -9.44490452], [53.86885098, -9.65514133], [53.87729102, -9.66326768], [54.09506818, -9.88073698], [54.10502285, -9.89113470], [54.31128562, -10.11652472], [54.31998214, -10.12643181], [54.51494680, -10.35805123], [54.52260065, -10.36750674], [54.70808639, -10.60588581], [54.71506388, -10.61520288], [54.89083771, -10.85918832], [54.89955948, -10.87194588], [55.06222617, -11.12296249], [55.06909252, -11.13406009], [55.22029115, -11.39027633], [55.22630712, -11.40094614], [55.36654235, -11.66156615], [55.37215795, -11.67251949], [55.50139375, -11.93747569], [55.50670057, -11.94894729], [55.62466297, -12.21833731], [55.63021262, -12.23188182], [55.73544959, -12.50730830], [55.74083182, -12.52260026], [55.83225344, -12.80620290], [55.83640352, -12.82022225], [55.91491388, -13.11096229], [55.91780106, -13.12255699], [55.98522340, -13.41804684], [55.98757838, -13.42935964], [56.04403257, -13.72914886], [56.04612100, -13.74168335], [56.09017343, -14.04537878], [56.09176091, -14.05827167], [56.12267933, -14.36346236], [56.12360782, -14.37473357], [56.14306652, -14.68116806], [56.14349892, -14.69004978], [56.15390896, -14.99722988], [56.15406240, -15.00402062], [56.15754437, -15.31195103], [56.15751677, -15.32066300], [56.15208741, -15.62838648], [56.15175002, -15.63828024], [56.13617238, -15.94628871], [56.13574575, -15.95316412], [56.11309598, -16.26114289], [56.11277156, -16.26518241], [56.08598024, -16.57282755], [56.08512272, -16.58129042], [56.04962632, -16.88833688], [56.04870042, -16.89557675], [56.00567885, -17.20241985], [56.00468555, -17.20897915], [55.95498381, -17.51447124], [55.95380068, -17.52125455], [55.89720947, -17.82520775], [55.89594927, -17.83159350], [55.83281297, -18.13433360], [55.83187637, -18.13866563], [55.76422331, -18.44085158], [55.76302668, -18.44598650], [55.69005247, -18.74724515], [55.68890025, -18.75184436], [55.61113548, -19.05226750], [55.60944629, -19.05851763], [55.52517833, -19.35761663], [55.52402735, -19.36159770], [55.43545381, -19.66031161], [55.43441405, -19.66374382], [55.34215610, -19.96193758], [55.34060163, -19.96681622], [55.24309804, -20.26416088], [55.24209409, -20.26716953], [55.14134019, -20.56395860], [55.04091577, -20.86122936], [54.94059480, -21.15815371], [54.94051435, -21.15839297], [54.84116547, -21.45527481], [54.84006312, -21.45850862], [54.73710705, -21.75508596], [54.63398055, -22.05184884], [54.63330490, -22.05377237], [54.52828024, -22.34960809], [54.52785525, -22.35079739], [54.42159734, -22.64622474], [54.42101358, -22.64783359], [54.31303226, -22.94285066], [54.20517663, -23.23791880], [54.09840992, -23.53079769], [54.09798643, -23.53198603], [53.99623715, -23.82416713], [53.99589648, -23.82516480], [53.89713600, -24.12021054], [53.89702195, -24.12055363], [53.79880949, -24.41806053], [53.70004980, -24.71611279], [53.60198813, -25.01415481], [53.60160576, -25.01530918], [53.50232034, -25.31306369], [53.50218671, -25.31346350], [53.40253993, -25.61092991], [53.40163324, -25.61359565], [53.29937120, -25.90976033], [53.29773440, -25.91438014], [53.19088408, -26.20844027], [53.18893101, -26.21366615], [53.07702496, -26.50496269], [53.07559221, -26.50862184], [52.96002449, -26.79828398], [52.95817596, -26.80281183], [52.83810347, -27.09034531], [52.83669886, -27.09365423], [52.71323938, -27.37982280], [52.71157834, -27.38360289], [52.58413289, -27.66842287], [52.58236852, -27.67229389], [52.45105935, -27.95518738], [52.44940557, -27.95869237], [52.31443628, -28.24014173], [52.31325764, -28.24257216], [52.17584881, -28.52278506], [52.17494659, -28.52460966], [52.03565993, -28.80397465], [52.03449781, -28.80628127], [51.89285822, -29.08451263], [51.89068970, -29.08869329], [51.74482594, -29.36473877], [51.74288654, -29.36835096], [51.59333049, -29.64253204], [51.58897737, -29.65024838], [51.43137579, -29.92052756], [51.42694489, -29.92789074], [51.26156061, -30.19433220], [51.25800903, -30.19992074], [51.08688924, -30.46298096], [51.08279467, -30.46911603], [50.90545778, -30.72816699], [50.89951103, -30.73655570], [50.71391739, -30.98948674], [50.70875855, -30.99632064], [50.51633728, -31.24415120], [50.51087963, -31.25098323], [50.31213627, -31.49284641], [50.30443611, -31.50186810], [50.09791090, -31.73488979], [50.09125055, -31.74217429], [49.87830542, -31.96796411], [49.87246736, -31.97399392], [49.65491142, -32.19288431], [49.64764983, -32.19996335], [49.42416466, -32.41106228], [49.41481071, -32.41955745], [49.18532333, -32.61993094], [49.17320747, -32.63000189], [48.93570049, -32.81788106], [48.93176297, -32.82093936], [48.92300614, -32.82738125], [48.67717596, -33.00177731], [48.66486915, -33.01009629], [48.41289925, -33.17225911], [48.39905202, -33.18069777], [48.13966134, -33.33018808], [48.12642266, -33.33742246], [47.85999038, -33.47527019], [47.85560768, -33.47749027], [47.84570675, -33.48219152], [47.57139389, -33.60678118], [47.56384799, -33.61008641], [47.55387891, -33.61409643], [47.27151684, -33.72216508], [47.26420329, -33.72485777], [47.25396525, -33.72828654], [46.96619053, -33.81929979], [46.95793556, -33.82178477], [46.94754638, -33.82456722], [46.65312430, -33.89814143], [46.64517753, -33.90001630], [46.63459471, -33.90218072], [46.33656625, -33.95794669], [46.32922213, -33.95922907], [46.31847175, -33.96078822], [46.01758233, -33.99929760], [46.00986149, -34.00018748], [45.99905388, -34.00111372], [45.69560086, -34.02201748], [45.68640226, -34.02251611], [45.67565714, -34.02276140], [45.37129239, -34.02462341]]]}
    },
    {
      "type": "Feature",
      "properties": {"block_id": "ADC_WNP_01", "basin_id": "BASIN_WNP", "basin_label": "Western North Pacific and East Asia", "domain_count": 4, "grid_cell_count": 158, "outer_area_km2": 5260019.101223, "shelf_width_km": 250.000000, "outer_buffer_km": 430.000000, "shelf_add_area_km2": 0.000000, "shelf_add_cell_count": 0, "shelf_add_component_count": 0, "bay_add_area_km2": 1673501.333656, "bay_add_cell_count": 2957, "bay_add_core_cell_count": 2957, "bay_add_component_count": 2, "open_ocean_area_risk": 0},
      "geometry": {"type": "Polygon", "coordinates": [[[107.31458836, -2.94112358], [107.30369485, -2.94101853], [106.98136197, -2.93258880], [106.97452275, -2.93233524], [106.96348982, -2.93162287], [106.64525407, -2.90579242], [106.63275801, -2.90455287], [106.31780765, -2.86761126], [106.30952015, -2.86653895], [105.99641004, -2.82222614], [105.98996909, -2.82125343], [105.68031095, -2.77153944], [105.66820757, -2.76937752], [105.36578433, -2.70985321], [105.35913052, -2.70846796], [105.34840177, -2.70592445], [105.05841527, -2.63206689], [105.05004783, -2.62981369], [105.03964007, -2.62666974], [104.76204654, -2.53773774], [104.75180174, -2.53426428], [104.74179751, -2.53049313], [104.47310865, -2.42403399], [104.46635287, -2.42126424], [104.45637604, -2.41683580], [104.19513764, -2.29557425], [104.19040360, -2.29332539], [104.18056056, -2.28833444], [103.92704943, -2.15435269], [103.91428845, -2.14725135], [103.66649026, -2.00223602], [103.65647074, -1.99613498], [103.41150538, -1.84103027], [103.40479471, -1.83666779], [103.16146989, -1.67430275], [103.15554681, -1.67025751], [102.91409524, -1.50150796], [102.90527021, -1.49512185], [102.66791754, -1.31734022], [102.65951590, -1.31083331], [102.42506490, -1.12312373], [102.41971028, -1.11874323], [102.18684832, -0.92410683], [102.18094835, -0.91905514], [101.95060534, -0.71703415], [101.94231909, -0.70951082], [101.71678190, -0.49753834], [101.71271701, -0.49365093], [101.48972524, -0.27665375], [101.48867248, -0.27562461], [101.26633725, -0.05728572], [101.04446401, 0.16080057], [101.04420317, 0.16105595], [100.82176657, 0.37797359], [100.59864283, 0.59522732], [100.37784268, 0.81065047], [100.37659620, 0.81184409], [100.15615750, 1.01902976], [100.15385041, 1.02112630], [99.92490393, 1.22227706], [99.92333095, 1.22362839], [99.68492457, 1.42388382], [99.68389206, 1.42473857], [99.44087588, 1.62300259], [99.43949570, 1.62410711], [99.19387144, 1.81691176], [99.19181437, 1.81848128], [98.94171949, 2.00392975], [98.93963598, 2.00543130], [98.68301779, 2.18513752], [98.68172292, 2.18602841], [98.41864346, 2.36384620], [98.15271093, 2.54298132], [98.15080189, 2.54427691], [97.88645976, 2.72501679], [97.88176089, 2.72828933], [97.62239909, 2.91226346], [97.61624935, 2.91673260], [97.36339695, 3.10496148], [97.35268125, 3.11328654], [97.11161294, 3.30867632], [97.10004238, 3.31850761], [96.87240431, 3.52122555], [96.86301081, 3.52992851], [96.64836356, 3.73682055], [96.64452340, 3.74059356], [96.63701055, 3.74838597], [96.44313498, 3.95666361], [96.43841791, 3.96185680], [96.43148207, 3.96996625], [96.26229216, 4.17500287], [96.25699633, 4.18161542], [96.25068457, 4.19004188], [96.10432345, 4.39285421], [96.09607547, 4.40489591], [96.09075716, 4.41341581], [95.96726072, 4.61938605], [95.96466864, 4.62380427], [95.95989803, 4.63247439], [95.95526062, 4.64167302], [95.85383585, 4.85224052], [95.84815136, 4.86479917], [95.84440823, 4.87409010], [95.76268874, 5.08808255], [95.76032881, 5.09450365], [95.75726507, 5.10370710], [95.75439008, 5.11352805], [95.69525173, 5.33018375], [95.69284082, 5.33967073], [95.69084233, 5.34891672], [95.68905419, 5.35896569], [95.65440958, 5.57683623], [95.65345593, 5.58335132], [95.65235047, 5.59295894], [95.65155949, 5.60312166], [95.63873354, 5.81943239], [95.63824243, 5.83456066], [95.63836820, 5.84439667], [95.64515026, 6.06139169], [95.64597096, 6.07581227], [95.64696726, 6.08565363], [95.67357548, 6.30757887], [95.67457045, 6.31500381], [95.67615423, 6.32448579], [95.67820596, 6.33448963], [95.72924123, 6.56200566], [95.73054884, 6.56755321], [95.73306461, 6.57698608], [95.73606298, 6.58677400], [95.81246007, 6.82080105], [95.81594985, 6.83084401], [95.81966534, 6.84038052], [95.91936303, 7.08312534], [95.92183317, 7.08894528], [95.92625028, 7.09854654], [96.04645557, 7.34784316], [96.05250215, 7.35971746], [96.18967870, 7.61525988], [96.19287050, 7.62105577], [96.33842338, 7.87878609], [96.34061606, 7.88260491], [96.49195455, 8.14189062], [96.49356179, 8.14461231], [96.64864055, 8.40418879], [96.65189634, 8.40951604], [96.81344827, 8.66798247], [96.97381084, 8.92396225], [96.97476766, 8.92552520], [97.12662350, 9.17943136], [97.12789274, 9.18162422], [97.27255869, 9.44003623], [97.27376788, 9.44227115], [97.41093556, 9.70477786], [97.41221055, 9.70731717], [97.54062410, 9.97375225], [97.54159757, 9.97584202], [97.66269910, 10.24503703], [97.66368158, 10.24730647], [97.77705123, 10.51972971], [97.77767180, 10.52126183], [97.88646003, 10.79737249], [97.88707828, 10.79898874], [97.99191130, 11.08146740], [98.09732425, 11.36752197], [98.09928666, 11.37270100], [98.20868775, 11.65365748], [98.21220613, 11.66229851], [98.32851663, 11.93586926], [98.33265193, 11.94516238], [98.45467184, 12.20752384], [98.45920537, 12.21685504], [98.58641340, 12.46779632], [98.59304912, 12.48017762], [98.72790189, 12.71859026], [98.73108321, 12.72406650], [98.73669103, 12.73309687], [98.88002637, 12.95495114], [98.88701715, 12.96528317], [98.89307818, 12.97352930], [99.04649502, 13.17467116], [99.05132595, 13.18082874], [99.05761515, 13.18834806], [99.06459139, 13.19611546], [99.22866191, 13.37246036], [99.23770389, 13.38177026], [99.24458145, 13.38832214], [99.25243593, 13.39529986], [99.42838979, 13.54623331], [99.43844055, 13.55449325], [99.44605455, 13.56027691], [99.45468696, 13.56637797], [99.64265089, 13.69445063], [99.65036821, 13.69954015], [99.65879226, 13.70471540], [99.66802909, 13.70996587], [99.86200975, 13.81591661], [99.87639154, 13.82330956], [99.88497010, 13.82727436], [99.89481207, 13.83142723], [100.09756192, 13.91299701], [100.10990840, 13.91767385], [100.11910956, 13.92077429], [100.12938177, 13.92385809], [100.34251759, 13.98399243], [100.35131319, 13.98633887], [100.36108396, 13.98862472], [100.37163001, 13.99072558], [100.59158988, 14.03076599], [100.60492665, 14.03291253], [100.61459661, 14.03410382], [100.62532595, 14.03506697], [100.85317804, 14.05173287], [100.85832326, 14.05206519], [100.86866417, 14.05247363], [100.87861225, 14.05253799], [100.88938560, 14.05225206], [101.12429782, 14.04213539], [101.13998416, 14.04108936], [101.14951790, 14.04006859], [101.16017820, 14.03856931], [101.40236377, 14.00041172], [101.41316622, 13.99852267], [101.42286434, 13.99649041], [101.43329880, 13.99393958], [101.68372303, 13.92829125], [101.69888807, 13.92392562], [101.70871333, 13.92065942], [101.96602954, 13.83031909], [101.97580029, 13.82670863], [101.98571615, 13.82266671], [102.24929217, 13.71003002], [102.25397715, 13.70797968], [102.26399412, 13.70328767], [102.53014446, 13.57310300], [102.54184452, 13.56709632], [102.80889884, 13.42337529], [102.81721877, 13.41874528], [103.08591307, 13.26420918], [103.08665870, 13.26377908], [103.35305327, 13.10965785], [103.35448403, 13.10884632], [103.60720265, 12.96834382], [103.60939849, 12.96715989], [103.84822855, 12.84234164], [103.85162191, 12.84065182], [104.07811405, 12.73332766], [104.08010470, 12.73241166], [104.08312756, 12.73112217], [104.29963072, 12.64303303], [104.30314501, 12.64168114], [104.30626139, 12.64060897], [104.51733187, 12.57191095], [104.52184953, 12.57055873], [104.52505074, 12.56973994], [104.72888502, 12.52119726], [104.73099122, 12.52071974], [104.73423705, 12.52007687], [104.73750462, 12.51954150], [104.92797653, 12.49156175], [104.93084464, 12.49118267], [104.93414223, 12.49085031], [104.93745009, 12.49062697], [105.11616059, 12.48152137], [105.12062914, 12.48139329], [105.12394522, 12.48142676], [105.12725806, 12.48156963], [105.28754743, 12.49113556], [105.28949760, 12.49127100], [105.29279695, 12.49158738], [105.29608261, 12.49201242], [105.29935059, 12.49254563], [105.43900582, 12.51771267], [105.44124678, 12.51814300], [105.44447583, 12.51885740], [105.44767655, 12.51967792], [105.45084503, 12.52060355], [105.55934858, 12.55427387], [105.56220712, 12.55520883], [105.56530325, 12.55633221], [105.56835604, 12.55755706], [105.57136175, 12.55888191], [105.57431672, 12.56030513], [105.65048178, 12.59858621], [105.65266988, 12.59972106], [105.65552730, 12.60131243], [105.65832424, 12.60299712], [105.66105730, 12.60477307], [105.66372314, 12.60663813], [105.66631851, 12.60859001], [105.72766919, 12.65640598], [105.72898616, 12.65745148], [105.73146851, 12.65953063], [105.73387261, 12.66169043], [105.73619552, 12.66392825], [105.73843441, 12.66624135], [105.74058657, 12.66862692], [105.80085698, 12.73784523], [105.80228512, 12.73952610], [105.80428500, 12.74202734], [105.80619133, 12.74459304], [105.80800180, 12.74722008], [105.80971420, 12.74990526], [105.86761291, 12.84438583], [105.86865137, 12.84612467], [105.87019879, 12.84889793], [105.87164291, 12.85172056], [105.87298197, 12.85458913], [105.87421432, 12.85750013], [105.92039211, 12.97234906], [105.92172738, 12.97589156], [105.92271997, 12.97888335], [105.92360152, 12.98190608], [105.92437096, 12.98495605], [105.95642217, 13.12260500], [105.95692587, 13.12491187], [105.95749681, 13.12800059], [105.95795339, 13.13110627], [105.95829506, 13.13422512], [105.97287940, 13.29462595], [105.97314755, 13.29861146], [105.97322662, 13.30174610], [105.97318993, 13.30488145], [105.96767754, 13.48761132], [105.96754593, 13.49042525], [105.96728975, 13.49355142], [105.96691834, 13.49666723], [105.93902500, 13.69888925], [105.93873282, 13.70084039], [105.93817479, 13.70393122], [105.93750301, 13.70700175], [105.88488208, 13.92800189], [105.88425252, 13.93048119], [105.88337668, 13.93350540], [105.81339771, 14.15957276], [105.81265152, 14.16186899], [105.81158028, 14.16483643], [105.72653162, 14.38763425], [105.72543736, 14.39036136], [105.72415725, 14.39325388], [105.62142197, 14.61447046], [105.62025180, 14.61689203], [105.61877703, 14.61970046], [105.49546886, 14.84457861], [105.49309785, 14.84864219], [105.34796127, 15.08286850], [105.34652078, 15.08511712], [105.18528149, 15.32869640], [105.18463065, 15.32966577], [105.01701358, 15.57582654], [105.01628220, 15.57688421], [104.84132550, 15.82605206], [104.83989892, 15.82810106], [104.66562452, 16.08054979], [104.66277781, 16.08474576], [104.49426202, 16.33752007], [104.48763074, 16.34790595], [104.33050241, 16.60508712], [104.32429537, 16.61571518], [104.22163374, 16.79981091], [103.88234269, 17.13910196], [103.87207667, 17.14949400], [103.86423150, 17.15753304], [103.83981622, 17.18330754], [103.82893786, 17.19513965], [103.80122626, 17.22636515], [103.79079126, 17.23854901], [103.76424911, 17.27066990], [103.75427019, 17.28319066], [103.72892983, 17.31616781], [103.71941914, 17.32901022], [103.69531144, 17.36280345], [103.68628058, 17.37595187], [103.66343491, 17.41052001], [103.65489487, 17.42395841], [103.63333907, 17.45925934], [103.62530026, 17.47297136], [103.60506059, 17.50896206], [103.59753280, 17.52293099], [103.57863393, 17.55956763], [103.57162633, 17.57377644], [103.55409127, 17.61101438], [103.54761241, 17.62544577], [103.53146252, 17.66323964], [103.52552028, 17.67787603], [103.51077525, 17.71617978], [103.50537688, 17.73100333], [103.49205467, 17.76977029], [103.48720674, 17.78476294], [103.47532357, 17.82394589], [103.47103200, 17.83908938], [103.46060236, 17.87864057], [103.45687236, 17.89391644], [103.44790896, 17.93378769], [103.44474508, 17.94917734], [103.43725883, 17.98932007], [103.43466493, 18.00480474], [103.42866496, 18.04517005], [103.42664419, 18.06073089], [103.42213781, 18.10126959], [103.42069264, 18.11688762], [103.41768533, 18.15755032], [103.41681753, 18.17320653], [103.41531296, 18.21394370], [103.41502357, 18.22961900], [103.41483546, 18.25000000], [103.41483546, 18.64691431], [103.35204175, 18.84627387], [103.34795610, 18.86044763], [103.27294053, 19.14690839], [103.27160735, 19.15222529], [103.26933643, 19.16253190], [103.21114299, 19.45184472], [103.20961125, 19.46011613], [103.20807456, 19.47033165], [103.16979282, 19.76114127], [103.16865769, 19.77117823], [103.16788430, 19.78134904], [103.15116373, 20.07210460], [103.15073692, 20.08382238], [103.15076807, 20.09390286], [103.15700262, 20.38317189], [103.15758816, 20.39622232], [103.15845180, 20.40617381], [103.18846973, 20.69098082], [103.19012144, 20.70381061], [103.19180958, 20.71367711], [103.24429433, 20.98977264], [103.24693305, 21.00213485], [103.24743820, 21.00410449], [103.24205467, 21.01977029], [103.23720674, 21.03476294], [103.22532357, 21.07394589], [103.22103200, 21.08908938], [103.21060236, 21.12864056], [103.20687236, 21.14391644], [103.19790896, 21.18378770], [103.19474508, 21.19917734], [103.18725883, 21.23932007], [103.18466493, 21.25480474], [103.17866496, 21.29517005], [103.17664419, 21.31073089], [103.17213781, 21.35126959], [103.17069264, 21.36688762], [103.16768533, 21.40755032], [103.16681753, 21.42320653], [103.16531296, 21.46394370], [103.16502357, 21.47961900], [103.16483546, 21.50000000], [103.16483546, 21.75000000], [103.16492702, 21.76421983], [103.16506789, 21.77515734], [103.16605555, 21.80974568], [103.16674857, 21.82540968], [103.16930188, 21.86610013], [103.17057265, 21.88173171], [103.17462633, 21.92231311], [103.17647331, 21.93789324], [103.18202243, 21.97831617], [103.18444337, 21.99382586], [103.19148117, 22.03404105], [103.19447310, 22.04946141], [103.20299101, 22.08941987], [103.20655030, 22.10473211], [103.21653793, 22.14438516], [103.22066025, 22.15957062], [103.23210544, 22.19886996], [103.23678576, 22.21391015], [103.24967456, 22.25280787], [103.25490718, 22.26768446], [103.26922389, 22.30613321], [103.27500244, 22.32082807], [103.29072960, 22.35878095], [103.29704704, 22.37327618], [103.31416552, 22.41068701], [103.32101414, 22.42496495], [103.33950306, 22.46178812], [103.34687453, 22.47583137], [103.36671137, 22.51202202], [103.37459670, 22.52581348], [103.39575730, 22.56132752], [103.40414689, 22.57485039], [103.42660546, 22.60964453], [103.43548907, 22.62288233], [103.45921827, 22.65691422], [103.46858509, 22.66985081], [103.49355598, 22.70307895], [103.50339461, 22.71569858], [103.52957678, 22.74808252], [103.53987521, 22.76036981], [103.56723676, 22.79187006], [103.57798246, 22.80381005], [103.60649005, 22.83438826], [103.61766993, 22.84596639], [103.63234269, 22.86089804], [103.75734269, 22.98589804], [103.77686044, 23.00497672], [103.79204856, 23.01948942], [103.82765650, 23.05217366], [103.83978336, 23.06286582], [103.87182151, 23.09014091], [103.88433564, 23.10042641], [103.91736104, 23.12662771], [103.93024719, 23.13649400], [103.96421959, 23.16158960], [103.97746207, 23.17102467], [104.01234008, 23.19498397], [104.02592275, 23.20397632], [104.06166388, 23.22677014], [104.07557020, 23.23530883], [104.11213090, 23.25690940], [104.12634392, 23.26498400], [104.16367965, 23.28536500], [104.17818206, 23.29296570], [104.21624733, 23.31210230], [104.23102145, 23.31921982], [104.26976989, 23.33708870], [104.28479773, 23.34371438], [104.32418212, 23.36029378], [104.33944537, 23.36641954], [104.37941774, 23.38168926], [104.39489779, 23.38730764], [104.43540944, 23.40124907], [104.45108745, 23.40635322], [104.49208900, 23.41894937], [104.50794585, 23.42353308], [104.54938738, 23.43476862], [104.56540377, 23.43882630], [104.60723475, 23.44868752], [104.62339115, 23.45221423], [104.66556066, 23.46068913], [104.68183740, 23.46368057], [104.72429402, 23.47075882], [104.74067126, 23.47321135], [104.78336330, 23.47888433], [104.79982108, 23.48079496], [104.84269651, 23.48505575], [104.85921479, 23.48642215], [104.90222136, 23.48926556], [104.91878002, 23.49008607], [104.96186535, 23.49150864], [104.97844420, 23.49178225], [105.00000000, 23.49196011], [105.56721096, 23.49196011], [105.60505335, 23.50618209], [105.61666810, 23.51029607], [105.62678464, 23.51347741], [105.90888815, 23.59704932], [105.92123533, 23.60044489], [105.93154673, 23.60288260], [106.22525615, 23.66719031], [106.23804393, 23.66972526], [106.24850797, 23.67140645], [106.54967104, 23.71469372], [106.56270557, 23.71630306], [106.57326968, 23.71721837], [106.87745837, 23.73851988], [106.89026431, 23.73916704], [106.90089436, 23.73932196], [107.20491255, 23.73873541], [107.21806565, 23.73844844], [107.22865311, 23.73783145], [107.52940220, 23.71531753], [107.53764107, 23.71459335], [107.54851362, 23.71331372], [107.78657993, 23.68129629], [107.79938738, 23.68476862], [107.81540377, 23.68882630], [107.85723475, 23.69868752], [107.87339115, 23.70221423], [107.91556066, 23.71068913], [107.93183740, 23.71368057], [107.97429402, 23.72075882], [107.99067126, 23.72321135], [108.03336330, 23.72888433], [108.04982108, 23.73079496], [108.09269651, 23.73505575], [108.10921479, 23.73642215], [108.15222136, 23.73926556], [108.16878002, 23.74008607], [108.21186535, 23.74150864], [108.22844420, 23.74178225], [108.25000000, 23.74196011], [108.75000000, 23.74196011], [108.77807151, 23.74165846], [108.79965940, 23.74119444], [108.84924138, 23.73918576], [108.86578996, 23.73820008], [108.90876241, 23.73492773], [108.92526452, 23.73339659], [108.96809001, 23.72870824], [108.98452555, 23.72663351], [109.02715189, 23.72053489], [109.04350084, 23.71791909], [109.08587611, 23.71041762], [109.10211855, 23.70726394], [109.14419111, 23.69836877], [109.16030725, 23.69468105], [109.20202585, 23.68440301], [109.21799606, 23.68018575], [109.25930988, 23.66853736], [109.27511469, 23.66379569], [109.31597338, 23.65079114], [109.33159354, 23.64553084], [109.37194733, 23.63118598], [109.38736382, 23.62541346], [109.42716354, 23.60974577], [109.44235757, 23.60346806], [109.48155472, 23.58649663], [109.49650777, 23.57972138], [109.53505463, 23.56146687], [109.54974849, 23.55420233], [109.58759805, 23.53468700], [109.60201482, 23.52694203], [109.60379412, 23.52594692], [109.81803844, 23.53887440], [109.82127917, 23.53912265], [110.09217855, 23.56429285], [110.36900286, 23.59061517], [110.37571886, 23.59118880], [110.65412139, 23.61227957], [110.66129226, 23.61274912], [110.94046411, 23.62816472], [110.95003140, 23.62856242], [111.22865187, 23.63634543], [111.23198794, 23.63642278], [111.51057537, 23.64155990], [111.78810669, 23.64730914], [111.78885351, 23.64732739], [112.06137493, 23.65500058], [112.06407117, 23.65511275], [112.32897139, 23.66970056], [112.33379157, 23.67008262], [112.59149099, 23.69677008], [112.59481604, 23.69717066], [112.59808899, 23.69767588], [112.85443695, 23.74160171], [112.85692085, 23.74205972], [112.86015474, 23.74275431], [113.12236514, 23.80364186], [113.12452601, 23.80416914], [113.12771151, 23.80504100], [113.39846635, 23.88401286], [113.40282058, 23.88539269], [113.68520211, 23.98211560], [113.68753730, 23.98294843], [113.97182165, 24.08838948], [113.97351336, 24.08903472], [114.25692734, 24.20013553], [114.25800229, 24.20056426], [114.54224422, 24.31587706], [114.54661257, 24.31761450], [114.83318350, 24.42932716], [114.84540044, 24.43382531], [115.13310875, 24.53362656], [115.14619315, 24.53785836], [115.15631146, 24.54071421], [115.44090188, 24.61594981], [115.44618204, 24.61729486], [115.45622285, 24.61958038], [115.46678272, 24.62161826], [115.74545761, 24.67062414], [115.76100022, 24.67298016], [115.77135226, 24.67412661], [116.04348999, 24.69972104], [116.05830043, 24.70078117], [116.06878049, 24.70112342], [116.32854953, 24.70531713], [116.34080563, 24.70528695], [116.35146912, 24.70488612], [116.59523249, 24.69169122], [116.60618338, 24.69091375], [116.61688113, 24.68979496], [116.84384470, 24.66225994], [116.84933899, 24.66154270], [116.86034030, 24.65981877], [117.07342217, 24.62280474], [117.08410791, 24.62076368], [117.09458208, 24.61839858], [117.29613527, 24.56935646], [117.30109598, 24.56810447], [117.31102334, 24.56533137], [117.32124641, 24.56210484], [117.51196422, 24.49839314], [117.51709102, 24.49662876], [117.52669812, 24.49304294], [117.53657864, 24.48897272], [117.71633095, 24.41136818], [117.72803310, 24.40603543], [117.73668343, 24.40170062], [117.74602427, 24.39661730], [117.91369721, 24.30164761], [117.92132772, 24.29717987], [117.92971992, 24.29190541], [117.93780759, 24.28642815], [117.94634508, 24.28020882], [118.09994543, 24.16422019], [118.10706807, 24.15867279], [118.11461976, 24.15238990], [118.12185441, 24.14593352], [118.12942916, 24.13868459], [118.27046754, 23.99891593], [118.28143719, 23.98746733], [118.28753740, 23.98051897], [118.29412753, 23.97245577], [118.42150292, 23.81085625], [118.42883492, 23.80115076], [118.43423601, 23.79339983], [118.43984787, 23.78470004], [118.55310161, 23.60203120], [118.55802279, 23.59378868], [118.56264346, 23.58540022], [118.56728522, 23.57620356], [118.66566695, 23.37219566], [118.66938539, 23.36416397], [118.67311500, 23.35533429], [118.67676056, 23.34574475], [118.75850155, 23.11833469], [118.76282644, 23.10533137], [118.76557396, 23.09573241], [118.83291931, 22.84303973], [118.83561547, 22.83203508], [118.83764531, 22.82210773], [118.88894307, 22.54539350], [118.89078953, 22.53416079], [118.89204159, 22.52412431], [118.92311721, 22.23115779], [118.92386785, 22.22287625], [118.92445255, 22.21256664], [118.93607486, 21.90845750], [118.93628121, 21.89960599], [118.93885482, 21.59384344], [118.93885967, 21.58950426], [118.93696390, 21.28274152], [118.93693298, 21.27991421], [118.93213429, 20.97411636], [118.93212445, 20.97310727], [118.93097911, 20.67249823], [118.93100193, 20.67017960], [118.93795647, 20.37417330], [118.93804640, 20.37178123], [118.95336084, 20.07564357], [118.95344992, 20.07416950], [118.97412225, 19.77524088], [118.97414807, 19.77487871], [118.99627180, 19.47366234], [119.01894517, 19.17192021], [119.01911694, 19.16950255], [119.03931122, 18.86788779], [119.03934300, 18.86743165], [119.06105397, 18.56738784], [119.06110676, 18.56669730], [119.08531683, 18.26615006], [119.10983639, 17.96540972], [119.10989031, 17.96477751], [119.13644546, 17.66656240], [119.13656198, 17.66535193], [119.16736688, 17.36765235], [119.16743192, 17.36704509], [119.20039229, 17.06939797], [119.20053498, 17.06818863], [119.23781760, 16.77050334], [119.23793725, 16.76958826], [119.27856895, 16.47140394], [119.27873284, 16.47025936], [119.32348284, 16.17214886], [119.32368385, 16.17087547], [119.37313400, 15.87227926], [119.37335311, 15.87101522], [119.42778231, 15.57045949], [119.42790495, 15.56979715], [119.48529146, 15.26657360], [119.54302745, 14.96214341], [119.54346594, 14.95977943], [119.59864621, 14.65547193], [119.59951693, 14.65042394], [119.64940375, 14.34561718], [119.65052296, 14.33819422], [119.69280408, 14.03165343], [119.69367730, 14.02472362], [119.72885349, 13.71648200], [119.72952335, 13.70997938], [119.75797568, 13.40048402], [119.75860133, 13.39250191], [119.77868047, 13.08290807], [119.77916387, 13.07278865], [119.78867347, 12.76309675], [119.78881160, 12.75504355], [119.78992464, 12.44615734], [119.78976891, 12.43540553], [119.77972457, 12.12711313], [119.77938491, 12.11960489], [119.76154486, 11.81153362], [119.76117162, 11.80598688], [119.73761326, 11.49876450], [119.73706358, 11.49247271], [119.70698772, 11.18577930], [119.70613956, 11.17814528], [119.66800198, 10.87101363], [119.66774710, 10.86901618], [119.62760352, 10.56267003], [119.62751599, 10.56198020], [119.59025716, 10.25842611], [119.59010257, 10.25707789], [119.55801902, 9.95607072], [119.55786657, 9.95450291], [119.53147921, 9.65428216], [119.53138228, 9.65308202], [119.50929243, 9.35310741], [119.50920148, 9.35171690], [119.49199748, 9.05080662], [119.49198044, 9.05049873], [119.47573032, 8.74694750], [119.47566953, 8.74584982], [119.45828286, 8.44210512], [119.45795325, 8.43708987], [119.43550751, 8.13462848], [119.43490335, 8.12761292], [119.40550081, 7.82772970], [119.40386964, 7.81425992], [119.36170530, 7.52198672], [119.36080224, 7.51618561], [119.35887801, 7.50584508], [119.30132629, 7.22534723], [119.29980242, 7.21838836], [119.29724761, 7.20826192], [119.22449325, 6.94066887], [119.22279623, 6.93470198], [119.21961474, 6.92466627], [119.13486072, 6.67335195], [119.13272207, 6.66725287], [119.12893871, 6.65742439], [119.03408275, 6.42377664], [119.03156845, 6.41778999], [119.02719049, 6.40818597], [118.92242669, 6.18897030], [118.91528630, 6.17496302], [118.80190172, 5.96591717], [118.79472243, 5.95338841], [118.67243657, 5.75106967], [118.66711885, 5.74258348], [118.53828361, 5.54414958], [118.53254516, 5.53562169], [118.39714000, 5.34136320], [118.38721233, 5.32789904], [118.24173450, 5.14118316], [118.23572077, 5.13372048], [118.22886589, 5.12578238], [118.06971065, 4.94790657], [118.06075925, 4.93832918], [118.05344810, 4.93109626], [117.87683185, 4.76236644], [117.87021978, 4.75623839], [117.86220122, 4.74927691], [117.66791605, 4.58642099], [117.65584972, 4.57678075], [117.44545673, 4.41663187], [117.43470397, 4.40878376], [117.20971253, 4.25139741], [117.19918444, 4.24432767], [116.95861030, 4.08933461], [116.95255496, 4.08552439], [116.70305972, 3.93222994], [116.69455163, 3.92717364], [116.43536645, 3.77825928], [116.42520541, 3.77265156], [116.15736641, 3.63078109], [116.14783303, 3.62592253], [115.87218318, 3.49087155], [115.86843075, 3.48906151], [115.59252959, 3.35805227], [115.59116088, 3.35738918], [115.32213260, 3.22444477], [115.31949246, 3.22308943], [115.06077659, 3.08522412], [115.05923191, 3.08438284], [115.05640373, 3.08274543], [114.80922378, 2.93396777], [114.80714789, 2.93268196], [114.80443060, 2.93088451], [114.56287241, 2.76508566], [114.55967141, 2.76278931], [114.31775913, 2.58149810], [114.31623274, 2.58032972], [114.07264187, 2.38989859], [114.07185298, 2.38927504], [113.82883136, 2.19506410], [113.82801757, 2.19440628], [113.58891045, 1.99891375], [113.58753530, 1.99776733], [113.35845312, 1.80304127], [113.35537421, 1.80030463], [113.14299028, 1.60293652], [113.14145548, 1.60147718], [113.13918607, 1.59919081], [112.94469523, 1.39626219], [112.94284938, 1.39427838], [112.94074009, 1.39185882], [112.76184475, 1.17919171], [112.75909547, 1.17575754], [112.58950347, 0.95301627], [112.58757540, 0.95038642], [112.42587867, 0.72122135], [112.42442480, 0.71909662], [112.26792687, 0.48316425], [112.26733105, 0.48225399], [112.11118292, 0.24049569], [112.10839927, 0.23626171], [111.94751235, -0.00417770], [111.94444067, -0.00868274], [111.78041306, -0.24480815], [111.77746594, -0.24897781], [111.61159120, -0.47965767], [111.60839161, -0.48402740], [111.44114221, -0.70836721], [111.43763986, -0.71297619], [111.27047610, -0.92881986], [111.26470686, -0.93604841], [111.09594731, -1.14128022], [111.08787740, -1.15071283], [110.91445100, -1.34561033], [110.91121131, -1.34918721], [110.90371148, -1.35704162], [110.72328893, -1.53948918], [110.71202386, -1.55034224], [110.52374843, -1.72316571], [110.51298001, -1.73262236], [110.31849940, -1.89599359], [110.30936498, -1.90339174], [110.11130832, -2.05801889], [110.10034535, -2.06621769], [109.89815596, -2.21100145], [109.89380894, -2.21405396], [109.88467359, -2.22011611], [109.67605464, -2.35347727], [109.66693708, -2.35908718], [109.65770946, -2.36433895], [109.43929224, -2.48378828], [109.42696076, -2.49018804], [109.41752417, -2.49463236], [109.18549233, -2.59917349], [109.17161792, -2.60504089], [109.16189886, -2.60870086], [108.91212119, -2.69801806], [108.90129326, -2.70167455], [108.89106880, -2.70473976], [108.62229579, -2.78046110], [108.61269166, -2.78300701], [108.60216633, -2.78543865], [108.31714313, -2.84632311], [108.30918494, -2.84791680], [108.29839135, -2.84975050], [107.99747956, -2.89576145], [107.99047006, -2.89675244], [107.97950696, -2.89799253], [107.66518462, -2.92829644], [107.65625421, -2.92903196], [107.64536337, -2.92959590], [107.32373348, -2.94093111], [107.31458836, -2.94112358]]]}
    },
    {
      "type": "Feature",
      "properties": {"block_id": "ADC_WNP_02", "basin_id": "BASIN_WNP", "basin_label": "Western North Pacific and East Asia", "domain_count": 1, "grid_cell_count": 38, "outer_area_km2": 4694179.798394, "shelf_width_km": 250.000000, "outer_buffer_km": 430.000000, "shelf_add_area_km2": 0.000000, "shelf_add_cell_count": 0, "shelf_add_component_count": 0, "bay_add_area_km2": 1547389.147856, "bay_add_cell_count": 2350, "bay_add_core_cell_count": 2350, "bay_add_component_count": 5, "open_ocean_area_risk": 0},
      "geometry": {"type": "Polygon", "coordinates": [[[118.86749984, -4.18123342], [118.85931047, -4.18121854], [118.58521103, -4.17727753], [118.58085241, -4.17718571], [118.30946677, -4.16965267], [118.30102815, -4.16930898], [118.03706152, -4.15513069], [118.02208247, -4.15397936], [117.77071621, -4.12881824], [117.76064135, -4.12763857], [117.75037036, -4.12608090], [117.51398107, -4.08607092], [117.50853303, -4.08509420], [117.49882311, -4.08308250], [117.48875122, -4.08063235], [117.26700496, -4.02263703], [117.25787509, -4.02009424], [117.24869299, -4.01720706], [117.23892731, -4.01376295], [117.03196683, -3.93674283], [117.01869351, -3.93144776], [117.01023228, -3.92766772], [117.00094304, -3.92312706], [116.80751839, -3.82440615], [116.80048445, -3.82069492], [116.79204454, -3.81590315], [116.78392494, -3.81091405], [116.77532594, -3.80521089], [116.59882840, -3.68369331], [116.59103359, -3.67813848], [116.58343372, -3.67232834], [116.57608584, -3.66629482], [116.56836260, -3.65948952], [116.40883072, -3.51390404], [116.40237390, -3.50782933], [116.39560602, -3.50103200], [116.38915290, -3.49408125], [116.38243372, -3.48631608], [116.24152033, -3.31758508], [116.23658340, -3.31150667], [116.23074110, -3.30383643], [116.22527522, -3.29611234], [116.21965469, -3.28754654], [116.09954253, -3.09728007], [116.09677496, -3.09280080], [116.09185107, -3.08432301], [116.08739891, -3.07599485], [116.08289918, -3.06681266], [115.98502944, -2.85784155], [115.98029432, -2.84718168], [115.97683207, -2.83852205], [115.97337911, -2.82891263], [115.89692148, -2.60368322], [115.89255384, -2.58968085], [115.89001573, -2.58012890], [115.83216277, -2.34573416], [115.82950393, -2.33390725], [115.82767802, -2.32401560], [115.78688883, -2.07872693], [115.78544422, -2.06901270], [115.78429485, -2.05885839], [115.76003061, -1.80406630], [115.75927965, -1.79446958], [115.75883506, -1.78424831], [115.75204847, -1.52021350], [115.75206100, -1.50387263], [115.75955496, -1.22874628], [115.76002730, -1.21812602], [115.77746075, -0.93574550], [115.77811381, -0.92712918], [115.80382317, -0.64108137], [115.80437227, -0.63553389], [115.83565937, -0.34610716], [115.83611876, -0.34210222], [115.87162686, -0.04941799], [115.87172621, -0.04860799], [115.90767234, 0.24128183], [115.90787219, 0.24303715], [115.93699871, 0.52383727], [115.93728535, 0.52724160], [115.95486210, 0.79876313], [115.95502860, 0.80269105], [115.96028321, 1.06432818], [115.96026145, 1.06874087], [115.95268178, 1.32179864], [115.95248980, 1.32554487], [115.93437476, 1.57510531], [115.93399651, 1.57907315], [115.90464866, 1.82742925], [115.90411034, 1.83126199], [115.86366878, 2.07956761], [115.86286654, 2.08383086], [115.80938506, 2.33408607], [115.80846902, 2.33794669], [115.74111430, 2.59591771], [115.74044583, 2.59833713], [115.66300702, 2.86389669], [115.66255426, 2.86539967], [115.57859185, 3.13543730], [115.57829879, 3.13636194], [115.49062224, 3.40783226], [115.49025405, 3.40894701], [115.39902477, 3.67913476], [115.39844818, 3.68078839], [115.30202971, 3.94877471], [115.30121982, 3.95093704], [115.19677172, 4.21913682], [115.19622370, 4.22051011], [115.08524419, 4.49203328], [114.97365753, 4.76462703], [114.97330531, 4.76547495], [114.85866104, 5.03749217], [114.85812066, 5.03878244], [114.74421074, 5.31248803], [114.74238020, 5.31698508], [114.63292418, 5.59201085], [114.63234557, 5.59347548], [114.52420017, 5.86926471], [114.52359136, 5.87082970], [114.41686664, 6.14738103], [114.41593320, 6.14983051], [114.31123239, 6.42810062], [114.31010291, 6.43115086], [114.20758102, 6.71253070], [114.20700370, 6.71412876], [114.10630734, 6.99526902], [114.10582424, 6.99658502], [114.00401703, 7.26728409], [114.00286306, 7.27019560], [113.89617904, 7.52610725], [113.89436060, 7.53017888], [113.77994389, 7.77004813], [113.77917807, 7.77161404], [113.77771824, 7.77440263], [113.65515714, 7.99880024], [113.65397879, 8.00089047], [113.65234719, 8.00358567], [113.52041781, 8.21310264], [113.51862509, 8.21583769], [113.51680259, 8.21841221], [113.37340317, 8.41362430], [113.37094126, 8.41682280], [113.36891622, 8.41924697], [113.21302910, 8.59935456], [113.20985058, 8.60283885], [113.20761874, 8.60508108], [113.03792594, 8.76971490], [113.03473993, 8.77266141], [113.03232700, 8.77471478], [112.84844289, 8.92576126], [112.84596014, 8.92772940], [112.84340728, 8.92961254], [112.64681516, 9.06942688], [112.64444547, 9.07105670], [112.64177077, 9.07276898], [112.43319053, 9.20125962], [112.43168787, 9.20216560], [112.42892267, 9.20373311], [112.20957983, 9.32310945], [112.20791264, 9.32399476], [112.20506297, 9.32540887], [111.97480737, 9.43475823], [111.97306675, 9.43556279], [111.97014103, 9.43681822], [111.72556374, 9.53681138], [111.72284917, 9.53787158], [111.46211771, 9.63499652], [111.46090282, 9.63543944], [111.18957698, 9.73221550], [111.18927286, 9.73232338], [110.91410343, 9.82939044], [110.91324236, 9.82969555], [110.63897730, 9.92731400], [110.63317790, 9.92944068], [110.36736032, 10.02980435], [110.35770647, 10.03362735], [110.10497867, 10.13843229], [110.09121557, 10.14451912], [109.85547159, 10.25541538], [109.84908717, 10.25851459], [109.83972114, 10.26340774], [109.61972931, 10.38322290], [109.61079454, 10.38829024], [109.60199152, 10.39369262], [109.39645268, 10.52478432], [109.39244380, 10.52739045], [109.38427255, 10.53301038], [109.37598618, 10.53914367], [109.18754496, 10.68375407], [109.17528769, 10.69367618], [109.16786811, 10.70023486], [108.99362101, 10.85975727], [108.98455722, 10.86841139], [108.97751268, 10.87567526], [108.81575212, 11.04841099], [108.80999244, 11.05474655], [108.80325553, 11.06265565], [108.65151777, 11.24724766], [108.64717684, 11.25266241], [108.64085989, 11.26104181], [108.49758946, 11.45819341], [108.49235270, 11.46564339], [108.48669897, 11.47428487], [108.35295844, 11.68676642], [108.34467469, 11.70071605], [108.21758964, 11.92793977], [108.21059474, 11.94118152], [108.09085790, 12.18164009], [108.08635329, 12.19107977], [107.97123560, 12.44310753], [107.96889675, 12.44835550], [107.85643460, 12.70709281], [107.85509491, 12.71022166], [107.74446669, 12.97254727], [107.74079793, 12.98164469], [107.63646174, 13.25260955], [107.63198154, 13.26502488], [107.53840149, 13.54269111], [107.53732419, 13.54594695], [107.44678085, 13.82474314], [107.44657097, 13.82538115], [107.35498852, 14.10027256], [107.35446806, 14.10178894], [107.25918392, 14.37144118], [107.25853376, 14.37322043], [107.15793523, 14.63967267], [107.15709614, 14.64181107], [107.05072482, 14.90291817], [107.04907633, 14.90670997], [106.93067545, 15.16262342], [106.92897929, 15.16609045], [106.79689582, 15.42189638], [106.79592172, 15.42373027], [106.65541556, 15.68098679], [106.65435651, 15.68287128], [106.50431015, 15.94246457], [106.35223772, 16.20574291], [106.35115001, 16.20764133], [106.20175291, 16.47051524], [106.19776589, 16.47775155], [106.05768109, 16.74014702], [106.05275953, 16.74976233], [105.92381555, 17.01280661], [105.91873516, 17.02369660], [105.80240875, 17.28613706], [105.79970673, 17.29244076], [105.79587762, 17.30216889], [105.69860818, 17.56272154], [105.69646663, 17.56866449], [105.69320069, 17.57862890], [105.61345088, 17.83734295], [105.61108750, 17.84543511], [105.60851665, 17.85543823], [105.54652288, 18.11571725], [105.54362850, 18.12928732], [105.54196082, 18.13907888], [105.50201566, 18.40170289], [105.50132005, 18.40657879], [105.50020011, 18.41629923], [105.49939404, 18.42645864], [105.48309664, 18.69152065], [105.48262183, 18.70290231], [105.48257935, 18.71300659], [105.48616025, 18.97691264], [105.48630103, 18.98271888], [105.48685420, 18.99320817], [105.50493704, 19.24943300], [105.50574034, 19.25867098], [105.50697636, 19.26885474], [105.54204122, 19.52033141], [105.54274463, 19.52506397], [105.54444386, 19.53471326], [105.54656786, 19.54468768], [105.60336718, 19.78997398], [105.60537204, 19.79808529], [105.60796351, 19.80727735], [105.61107954, 19.81699721], [105.69263818, 20.05671520], [105.69432391, 20.06152031], [105.69781561, 20.07066997], [105.70179395, 20.08008143], [105.80476918, 20.31216389], [105.80759054, 20.31832008], [105.81188627, 20.32700119], [105.81674454, 20.33600544], [105.94071743, 20.55639044], [105.94597529, 20.56535841], [105.95103719, 20.57333031], [105.95683155, 20.58178365], [106.10530271, 20.79043142], [106.11091288, 20.79804958], [106.11681884, 20.80552610], [106.12346124, 20.81335471], [106.29751966, 21.01136511], [106.30425905, 21.01877279], [106.31089598, 21.02557997], [106.31832935, 21.03268978], [106.51368997, 21.21313060], [106.51952375, 21.21837388], [106.52692043, 21.22461872], [106.53502006, 21.23098804], [106.75115301, 21.39495246], [106.76165381, 21.40256820], [106.77007696, 21.40819119], [107.00198226, 21.55725885], [107.01241885, 21.56367159], [107.02129775, 21.56867748], [107.26872578, 21.70259303], [107.27322136, 21.70497335], [107.28281890, 21.70973506], [107.54048907, 21.83207932], [107.55188905, 21.83722398], [107.81924249, 21.95170056], [107.82551310, 21.95430795], [108.09866599, 22.06453866], [108.10322959, 22.06634019], [108.37923949, 22.17288646], [108.38353588, 22.17451005], [108.66179238, 22.27741226], [108.67585080, 22.28224757], [108.96090156, 22.37303489], [108.97516881, 22.37722142], [109.26531891, 22.45519162], [109.27153887, 22.45678918], [109.28192364, 22.45914554], [109.57512859, 22.52040197], [109.58383861, 22.52208698], [109.59418488, 22.52374688], [109.88815034, 22.56575004], [109.89567114, 22.56672606], [109.90619310, 22.56777158], [110.19741751, 22.59167481], [110.20552017, 22.59222834], [110.21604992, 22.59262216], [110.50741149, 22.59852088], [110.51275815, 22.59857871], [110.52349244, 22.59840965], [110.81306900, 22.58888216], [110.82115504, 22.58850563], [110.83166171, 22.58769167], [111.11496668, 22.56085027], [111.12510611, 22.55971660], [111.13538109, 22.55821217], [111.41169851, 22.51290000], [111.41897329, 22.51161289], [111.42933353, 22.50946034], [111.69763102, 22.44889314], [111.70438324, 22.44728415], [111.71462649, 22.44452612], [111.97277745, 22.37023751], [111.98076702, 22.36781593], [111.99071586, 22.36445716], [112.23858950, 22.27599429], [112.24385953, 22.27405446], [112.25378633, 22.27009164], [112.48888771, 22.17150851], [112.49593856, 22.16844250], [112.50546446, 22.16395139], [112.72872583, 22.05394276], [112.74033592, 22.04790796], [112.74913892, 22.04288880], [112.95898260, 21.91838455], [112.97110418, 21.91080189], [112.97938476, 21.90513864], [113.17522029, 21.76615648], [113.18146435, 21.76159886], [113.18911708, 21.75564452], [113.19702032, 21.74904154], [113.37778530, 21.59259476], [113.38575699, 21.58543942], [113.39257098, 21.57887151], [113.39971819, 21.57148412], [113.56544990, 21.39408269], [113.57266852, 21.38606667], [113.57872974, 21.37883082], [113.58503811, 21.37074013], [113.73601737, 21.16993892], [113.73938951, 21.16535655], [113.74496848, 21.15731540], [113.75050832, 21.14869906], [113.88781704, 20.92664501], [113.89326283, 20.91746690], [113.89814972, 20.90851264], [114.02615198, 20.66381025], [114.02865448, 20.65890654], [114.03319245, 20.64937008], [114.15105868, 20.38996693], [114.15577770, 20.37903062], [114.26641047, 20.10852654], [114.26870222, 20.10275955], [114.37542526, 19.82619120], [114.37563020, 19.82565865], [114.48138987, 19.55008220], [114.48175959, 19.54913506], [114.58925002, 19.27835386], [114.58961843, 19.27744056], [114.69878490, 19.01108160], [114.69935863, 19.00971432], [114.80924515, 18.75384157], [114.81069795, 18.75063512], [114.92457250, 18.51196867], [114.92665297, 18.50788211], [115.04642359, 18.28686024], [115.04731889, 18.28524803], [115.04892455, 18.28253785], [115.17418510, 18.07935461], [115.17583773, 18.07677379], [115.17762943, 18.07417850], [115.30864772, 17.89135117], [115.31105923, 17.88814003], [115.31305472, 17.88569234], [115.44796188, 17.72600731], [115.44973766, 17.72396813], [115.45189030, 17.72165243], [115.45412392, 17.71941192], [115.59468464, 17.58325436], [115.59679785, 17.58127174], [115.59917890, 17.57918278], [115.60163273, 17.57717670], [115.74699666, 17.46249568], [115.75024954, 17.46004514], [115.75285827, 17.45823737], [115.75552965, 17.45652010], [115.90625123, 17.36327973], [115.91006541, 17.36104532], [115.91287327, 17.35955275], [115.91573247, 17.35815732], [116.07509346, 17.28375840], [116.07946927, 17.28185173], [116.08244140, 17.28070628], [116.08545243, 17.27966340], [116.25386873, 17.22455782], [116.25567472, 17.22398727], [116.25874015, 17.22311047], [116.26183487, 17.22233926], [116.26495511, 17.22167459], [116.44339548, 17.18685409], [116.44517365, 17.18652502], [116.44832622, 17.18602885], [116.45149451, 17.18564102], [116.45467464, 17.18536202], [116.64439878, 17.17199011], [116.64905225, 17.17177892], [116.65224504, 17.17176871], [116.65543624, 17.17186792], [116.85456351, 17.18147767], [116.85829830, 17.18173324], [116.86147267, 17.18206962], [116.86463316, 17.18251459], [117.07351800, 17.21558735], [117.07567398, 17.21595474], [117.07880236, 17.21658143], [117.08190657, 17.21731496], [117.30249322, 17.27345711], [117.30636684, 17.27453286], [117.30940250, 17.27550445], [117.54118424, 17.35410809], [117.54304561, 17.35476152], [117.54602054, 17.35589995], [117.78871900, 17.45359952], [117.79226802, 17.45511509], [118.04128432, 17.56766466], [118.04445770, 17.56917240], [118.29853701, 17.69588078], [118.30021746, 17.69674043], [118.56017106, 17.83310193], [118.56087044, 17.83347265], [118.82446215, 17.97464696], [118.82529847, 17.97509329], [119.08977433, 18.11574097], [119.09566829, 18.11879787], [119.35900646, 18.25195392], [119.36468298, 18.25475461], [119.62730184, 18.38113719], [119.63597203, 18.38515267], [119.89701728, 18.50139317], [119.91126550, 18.50733422], [120.16995113, 18.60802051], [120.17764752, 18.61089343], [120.18760308, 18.61426059], [120.44393869, 18.69607220], [120.45413450, 18.69912926], [120.46413984, 18.70175340], [120.71558828, 18.76310529], [120.72906933, 18.76607547], [120.73903536, 18.76786063], [120.98555614, 18.80766582], [120.99801912, 18.80941619], [121.00818235, 18.81045477], [121.25114749, 18.83108106], [121.26404005, 18.83190271], [121.27423115, 18.83216222], [121.51636859, 18.83417655], [121.52899626, 18.83402151], [121.53919835, 18.83351083], [121.78383650, 18.81705696], [121.79443865, 18.81615672], [121.80471955, 18.81492322], [122.05520997, 18.78050210], [122.06222573, 18.77945125], [122.07266277, 18.77757405], [122.33104804, 18.72650850], [122.33818239, 18.72500611], [122.34847170, 18.72251906], [122.61287114, 18.65378311], [122.62822227, 18.64938658], [122.89655079, 18.56534243], [122.91007479, 18.56077729], [123.18159507, 18.46241105], [123.19265083, 18.45817554], [123.46485136, 18.34814341], [123.47425109, 18.34417005], [123.74628563, 18.22408152], [123.75407309, 18.22051967], [124.02681303, 18.09137242], [124.03218742, 18.08876637], [124.30464716, 17.95352063], [124.30871127, 17.95146735], [124.58059306, 17.81168781], [124.58406553, 17.80987577], [124.85517727, 17.66629849], [124.85628455, 17.66570932], [125.12691494, 17.52103455], [125.13063142, 17.51901629], [125.39926719, 17.37083793], [125.40351196, 17.36845448], [125.66971653, 17.21631883], [125.67072296, 17.21574125], [125.93625769, 17.06271473], [126.20070922, 16.91079230], [126.20151292, 16.91033594], [126.46679386, 16.76146525], [126.46777139, 16.76092446], [126.73746457, 16.61385740], [126.73772497, 16.61371594], [127.00994624, 16.46640612], [127.01346588, 16.46447302], [127.28244790, 16.31454783], [127.28984580, 16.31029480], [127.55183713, 16.15501457], [127.56206528, 16.14869072], [127.81518748, 15.98555868], [127.82803771, 15.97682907], [128.07092161, 15.80307306], [128.08187273, 15.79487910], [128.31545676, 15.61217710], [128.32632454, 15.60328430], [128.55120395, 15.41084823], [128.55479400, 15.40772148], [128.56266536, 15.40049551], [128.77567707, 15.19799317], [128.78012819, 15.19366728], [128.78749568, 15.18608723], [128.98649530, 14.97405783], [128.99077088, 14.96939846], [128.99767808, 14.96142281], [129.18257219, 14.74021896], [129.18772555, 14.73387247], [129.19402554, 14.72558983], [129.36434815, 14.49331800], [129.36883837, 14.48701725], [129.37462190, 14.47834245], [129.53052243, 14.23535501], [129.53441461, 14.22911165], [129.53966515, 14.22008539], [129.68119152, 13.96661488], [129.68413838, 13.96119638], [129.68889556, 13.95181599], [129.81644604, 13.68890636], [129.81869814, 13.68414726], [129.82295777, 13.67446931], [129.93654479, 13.40350903], [129.94202187, 13.38950319], [130.04294582, 13.11179966], [130.04700199, 13.09989287], [130.13693542, 12.81725908], [130.14052599, 12.80512349], [130.21904750, 12.51834201], [130.22282031, 12.50304563], [130.28662496, 12.21278630], [130.28952224, 12.19786762], [130.33921251, 11.90353912], [130.34139210, 11.88833742], [130.37659179, 11.59029907], [130.37802870, 11.57478131], [130.39828472, 11.27338015], [130.39889483, 11.25991522], [130.40600821, 10.95666936], [130.40607407, 10.94599860], [130.40269418, 10.64174200], [130.40238068, 10.63084506], [130.38823790, 10.32635969], [130.38765405, 10.31691465], [130.36414263, 10.01240333], [130.36328207, 10.00309514], [130.33047101, 9.69853763], [130.32918842, 9.68825468], [130.28597275, 9.38347664], [130.28496747, 9.37689726], [130.23505155, 9.07221119], [130.23395033, 9.06589984], [130.17777823, 8.76255502], [130.17644116, 8.75576016], [130.11358989, 8.45421071], [130.11149740, 8.44489324], [130.03967488, 8.14667218], [130.03673018, 8.13538349], [129.95419803, 7.84173995], [129.95081200, 7.83051224], [129.85757586, 7.54124810], [129.85379145, 7.53022062], [129.74997205, 7.24523734], [129.74566618, 7.23408895], [129.63105204, 6.95350369], [129.62674559, 6.94346775], [129.50204236, 6.66636541], [129.49849315, 6.65875444], [129.36561349, 6.38354301], [129.36330834, 6.37886886], [129.22524757, 6.10471797], [129.22512783, 6.10447933], [129.08827076, 5.83068103], [129.08803702, 5.83020993], [128.95280755, 5.55562989], [128.81672141, 5.27998190], [128.68122748, 5.00507344], [128.68107958, 5.00477193], [128.54712432, 4.73038320], [128.54689960, 4.72991949], [128.41484887, 4.45541731], [128.41463996, 4.45498000], [128.28377561, 4.17911292], [128.15239140, 3.90253098], [128.15076381, 3.89915711], [128.01616217, 3.62436652], [128.01509547, 3.62220993], [127.87825630, 3.34821957], [127.87764201, 3.34699631], [127.74016331, 3.07471928], [127.73980813, 3.07400797], [127.60583841, 2.80269460], [127.60536626, 2.80172364], [127.47647421, 2.53252763], [127.47537328, 2.53013832], [127.35646338, 2.26170887], [127.35526458, 2.25887097], [127.24481895, 1.98423676], [127.24426341, 1.98282044], [127.13643655, 1.70084439], [127.13618044, 1.70016636], [127.02942538, 1.41401468], [126.92253930, 1.12620379], [126.81584600, 0.83801802], [126.70923648, 0.54976345], [126.60277688, 0.26143350], [126.60246937, 0.26060429], [126.49515576, -0.02751271], [126.49490459, -0.02818468], [126.38684736, -0.31626332], [126.27863193, -0.60438109], [126.27821527, -0.60548406], [126.16907284, -0.89275478], [126.16734377, -0.89720268], [126.05408883, -1.18205191], [126.05065043, -1.19034902], [125.92962694, -1.47087409], [125.92472343, -1.48167044], [125.79439700, -1.75470094], [125.78758879, -1.76812161], [125.64741301, -2.02868462], [125.64030999, -2.04118990], [125.49295950, -2.28726432], [125.49004633, -2.29201904], [125.48427199, -2.30088196], [125.33019975, -2.52851319], [125.32522339, -2.53563178], [125.31900921, -2.54393086], [125.15600203, -2.75385089], [125.14780352, -2.76394511], [125.14114950, -2.77150893], [124.96720255, -2.96240086], [124.96356353, -2.96631742], [124.95667131, -2.97334267], [124.94921551, -2.98042980], [124.76591215, -3.14868466], [124.75956505, -3.15434207], [124.75217167, -3.16051906], [124.74403858, -3.16684713], [124.54731891, -3.31449400], [124.54159250, -3.31868252], [124.53355417, -3.32420353], [124.52484874, -3.32974876], [124.31464526, -3.45858327], [124.31046410, -3.46109540], [124.30182608, -3.46598287], [124.29265993, -3.47075873], [124.07591154, -3.57897390], [124.06365422, -3.58475671], [124.05434065, -3.58870933], [123.83218414, -3.67850547], [123.82450112, -3.68148684], [123.81459292, -3.68498042], [123.58800983, -3.76051511], [123.58333330, -3.76202846], [123.57302287, -3.76507123], [123.34168497, -3.82904158], [123.32768076, -3.83258088], [123.08971757, -3.88712526], [123.07559218, -3.89003491], [122.82856847, -3.93523520], [122.81730873, -3.93709212], [122.56043742, -3.97484257], [122.55186406, -3.97598644], [122.28466858, -4.00803106], [122.27978265, -4.00857966], [122.00609246, -4.03722038], [122.00253944, -4.03757252], [121.72425017, -4.06361497], [121.72225544, -4.06379546], [121.44201197, -4.08828412], [121.43749759, -4.08864701], [121.15458098, -4.10941191], [121.14972846, -4.10973169], [120.86537668, -4.12634056], [120.85757813, -4.12670242], [120.57380915, -4.13646561], [120.57202827, -4.13652201], [120.28825920, -4.14473261], [120.00419396, -4.15336701], [120.00281718, -4.15340594], [119.71988014, -4.16080974], [119.71948919, -4.16082079], [119.43611401, -4.16942698], [119.15243299, -4.17810754], [119.14596512, -4.17824124], [118.86749984, -4.18123342]]]}
    },
    {
      "type": "Feature",
      "properties": {"block_id": "ADC_WNP_03", "basin_id": "BASIN_WNP", "basin_label": "Western North Pacific and East Asia", "domain_count": 4, "grid_cell_count": 234, "outer_area_km2": 5584019.805680, "shelf_width_km": 250.000000, "outer_buffer_km": 430.000000, "shelf_add_area_km2": 0.000000, "shelf_add_cell_count": 0, "shelf_add_component_count": 0, "bay_add_area_km2": 1957171.472206, "bay_add_cell_count": 2056, "bay_add_core_cell_count": 2056, "bay_add_component_count": 6, "open_ocean_area_risk": 0},
      "geometry": {"type": "Polygon", "coordinates": [[[120.65968816, -4.77528796], [120.64907278, -4.77511188], [120.36001903, -4.76536036], [120.35177946, -4.76496788], [120.34128335, -4.76414103], [120.05109766, -4.73626855], [120.03620169, -4.73449088], [119.74610419, -4.69307619], [119.73519867, -4.69133013], [119.44696330, -4.64015304], [119.43766022, -4.63836120], [119.15186208, -4.57898705], [119.14261124, -4.57692416], [118.85975351, -4.50950661], [118.85388709, -4.50805061], [118.57365669, -4.43572678], [118.57027615, -4.43483488], [118.29201012, -4.35981525], [118.28500926, -4.35784349], [118.01079965, -4.27728861], [118.00139616, -4.27435775], [117.99158310, -4.27093336], [117.73261302, -4.17553230], [117.72769118, -4.17366668], [117.71851439, -4.16990630], [117.70908245, -4.16565602], [117.46919990, -4.05254091], [117.46173056, -4.04888903], [117.45316727, -4.04436389], [117.44420603, -4.03922460], [117.21930284, -3.90501914], [117.21224547, -3.90067134], [117.20417520, -3.89534211], [117.19577105, -3.88936381], [116.98465560, -3.73359875], [116.97629301, -3.72719678], [116.96896314, -3.72116565], [116.96124633, -3.71435215], [116.76701933, -3.53674451], [116.75828909, -3.52843105], [116.75175674, -3.52172336], [116.74485056, -3.51411723], [116.57156565, -3.31642951], [116.56834789, -3.31269085], [116.56211975, -3.30505304], [116.55592004, -3.29688112], [116.40737302, -3.09377418], [116.40287726, -3.08744846], [116.39754252, -3.07942378], [116.39217654, -3.07070152], [116.26764174, -2.86005196], [116.26518516, -2.85580912], [116.26049073, -2.84717731], [116.25592461, -2.83802648], [116.15258673, -2.62144302], [116.14692756, -2.60882944], [116.14322845, -2.59958396], [116.05819751, -2.37565311], [116.05444274, -2.36516230], [116.05138040, -2.35549542], [115.98244688, -2.12370447], [115.97968555, -2.11377224], [115.97730702, -2.10386105], [115.92427231, -1.86420751], [115.92203847, -1.85308391], [115.92041914, -1.84310157], [115.88496483, -1.59696440], [115.88399657, -1.58953944], [115.88297506, -1.57920454], [115.86256410, -1.32699119], [115.86171043, -1.31178846], [115.85353774, -1.05187403], [115.85341357, -1.03798833], [115.85703799, -0.77051304], [115.85730604, -0.76117116], [115.86932690, -0.48703148], [115.86963753, -0.48120577], [115.88716963, -0.20202343], [115.88747344, -0.19767616], [115.90919042, 0.08443855], [115.90973789, 0.09071359], [115.93760483, 0.37644029], [115.93887091, 0.38739424], [115.97788472, 0.67918460], [116.01642249, 0.96798644], [116.01665496, 0.96988530], [116.04843048, 1.25501220], [116.04863504, 1.25706554], [116.07348391, 1.53999065], [116.07366609, 1.54246291], [116.09026238, 1.82102860], [116.09039079, 1.82406308], [116.09722213, 2.09642287], [116.09724977, 2.09850126], [116.09719878, 2.10163640], [116.08813711, 2.36776716], [116.08797029, 2.37096204], [116.08769445, 2.37408586], [116.05965793, 2.63798796], [116.05924753, 2.64126584], [116.05874458, 2.64436224], [116.01087215, 2.90927702], [116.01050490, 2.91118874], [116.00982448, 2.91425227], [115.94482989, 3.18416985], [115.94401471, 3.18730235], [115.86669225, 3.46360351], [115.86623688, 3.46517467], [115.78195295, 3.74624415], [115.78174363, 3.74693203], [115.69442761, 4.02975112], [115.69417759, 4.03054763], [115.60330425, 4.31534428], [115.60271628, 4.31720722], [115.51363213, 4.60258941], [115.51142160, 4.60999396], [115.43069749, 4.89322284], [115.42854853, 4.90116075], [115.35647675, 5.18211376], [115.35400796, 5.19247492], [115.29234677, 5.47254177], [115.29013950, 5.48350760], [115.23886207, 5.76442118], [115.23701932, 5.77569063], [115.19625379, 6.05759529], [115.19486783, 6.06856071], [115.16429437, 6.35097015], [115.16349504, 6.35944280], [115.14095486, 6.63958867], [115.14028551, 6.65018270], [115.12759402, 6.92644559], [115.12727667, 6.93840039], [115.12531500, 7.21199366], [115.12551535, 7.22554588], [115.13555637, 7.49875718], [115.13633730, 7.51211351], [115.15842030, 7.78732836], [115.15956516, 7.79887255], [115.19215191, 8.07462918], [115.19405861, 8.08818164], [115.23935289, 8.36547453], [115.24232978, 8.38114682], [115.30310761, 8.66148718], [115.30662451, 8.67600758], [115.38303236, 8.96122146], [115.38649158, 8.97316948], [115.47638212, 9.26184142], [115.47855763, 9.26855764], [115.57621852, 9.55875450], [115.57866535, 9.56574804], [115.68400405, 9.85568568], [115.68552794, 9.85978977], [115.79536855, 10.14934224], [115.79682613, 10.15311058], [115.91057761, 10.44160987], [115.91237296, 10.44606227], [116.03040908, 10.73239759], [116.03207489, 10.73636066], [116.15369563, 11.02020040], [116.15519115, 11.02363350], [116.27981174, 11.30507629], [116.28202389, 11.30995833], [116.41098985, 11.58818559], [116.41417512, 11.59484936], [116.54953250, 11.86961575], [116.55172845, 11.87398664], [116.69170263, 12.14723656], [116.69227176, 12.14834216], [116.83237317, 12.41917685], [116.83296427, 12.42034030], [116.96646541, 12.68793898], [116.96768540, 12.69048455], [117.09176416, 12.96026761], [117.09259253, 12.96212429], [117.21227382, 13.23882651], [117.21241324, 13.23915062], [117.33258010, 13.52002783], [117.45314420, 13.80124367], [117.45324822, 13.80148728], [117.57223504, 14.08132214], [117.57254320, 14.08205598], [117.68895231, 14.36278002], [117.80572032, 14.64511690], [117.92250248, 14.92743737], [118.03906949, 15.20976262], [118.15445462, 15.48966777], [118.15496240, 15.49092678], [118.26479674, 15.76936269], [118.26524363, 15.77051914], [118.37030444, 16.04814413], [118.37102701, 16.05012423], [118.46734549, 16.32413200], [118.46849589, 16.32763589], [118.55170789, 16.60007678], [118.55281640, 16.60403220], [118.62352139, 16.88088822], [118.62430541, 16.88422679], [118.68493072, 17.16690238], [118.68556791, 17.17017285], [118.73567597, 17.45596321], [118.73627336, 17.45988668], [118.77370185, 17.74926657], [118.77406744, 17.75258554], [118.80101210, 18.04853569], [118.80114944, 18.05022333], [118.82294227, 18.35405091], [118.84520860, 18.66098923], [118.84566048, 18.66652732], [118.87326889, 18.97106805], [118.87422057, 18.98009023], [118.91033487, 19.28015605], [118.91155030, 19.28914146], [118.95556461, 19.58210873], [118.95743475, 19.59318348], [119.01086133, 19.87796611], [119.01348139, 19.89049576], [119.07716355, 20.16642279], [119.08089766, 20.18098059], [119.15650131, 20.44858254], [119.15992475, 20.45987419], [119.24428622, 20.72018860], [119.24783149, 20.73050636], [119.34034453, 20.98510408], [119.34459535, 20.99614328], [119.44588622, 21.24497058], [119.44869252, 21.25161837], [119.45304294, 21.26110509], [119.56732460, 21.49912698], [119.57176365, 21.50798046], [119.57667602, 21.51698281], [119.70534041, 21.74319732], [119.71300785, 21.75592682], [119.71848079, 21.76419534], [119.86205393, 21.97303622], [119.86706036, 21.98008931], [119.87285866, 21.98771911], [119.87935166, 21.99566839], [120.03723712, 22.18219968], [120.04599785, 22.19209651], [120.05241727, 22.19879400], [120.05978915, 22.20596630], [120.23190350, 22.36767426], [120.24314498, 22.37772000], [120.25023221, 22.38353319], [120.25842412, 22.38978910], [120.44200730, 22.52500372], [120.44607436, 22.52794263], [120.45425034, 22.53352792], [120.46229992, 22.53862696], [120.47121153, 22.54384884], [120.66029571, 22.65029578], [120.66783920, 22.65439886], [120.67647523, 22.65874585], [120.68514703, 22.66274196], [120.69468981, 22.66674658], [120.88965782, 22.74464196], [120.89966088, 22.74843397], [120.90869064, 22.75150062], [120.91784746, 22.75426308], [120.92786788, 22.75691403], [121.13359236, 22.80757515], [121.14117121, 22.80933578], [121.15073805, 22.81125422], [121.16018476, 22.81281352], [121.17047271, 22.81415106], [121.38823155, 22.83867298], [121.40244820, 22.83994181], [121.41173741, 22.84039504], [121.42211403, 22.84054526], [121.65081995, 22.83993636], [121.65930871, 22.83979284], [121.66901111, 22.83932397], [121.67935218, 22.83846817], [121.91568472, 22.81482458], [121.92957121, 22.81311622], [121.93955265, 22.81148225], [122.18330954, 22.76727239], [122.19081844, 22.76580960], [122.20112069, 22.76347826], [122.44785293, 22.70317276], [122.46232261, 22.69928046], [122.71029215, 22.62640353], [122.71542558, 22.62484175], [122.72559009, 22.62145038], [122.97283489, 22.53420246], [122.97961819, 22.53171391], [122.98943373, 22.52777950], [123.23390159, 22.42486494], [123.24290125, 22.42090086], [123.25225263, 22.41639971], [123.49263120, 22.29554274], [123.50071716, 22.29132022], [123.50978954, 22.28619856], [123.74624680, 22.14726342], [123.75181276, 22.14390749], [123.76072572, 22.13817883], [123.99588585, 21.98120949], [124.00768511, 21.97294399], [124.24359174, 21.79964560], [124.25051000, 21.79441746], [124.48643845, 21.61104369], [124.49044283, 21.60787966], [124.72704645, 21.41783643], [124.72771480, 21.41729812], [124.96307903, 21.22720670], [124.96375375, 21.22666703], [125.19745392, 21.04155094], [125.19895040, 21.04039063], [125.43236045, 20.86326075], [125.43488273, 20.86141380], [125.67147509, 20.69430625], [125.67446942, 20.69227879], [125.91853509, 20.53395697], [125.92161136, 20.53204665], [126.17455994, 20.38180183], [126.17733101, 20.38022032], [126.43902818, 20.23682637], [126.44114770, 20.23570069], [126.70938941, 20.09768933], [126.71131378, 20.09672748], [126.98565932, 19.96358249], [126.98659274, 19.96313593], [127.26537213, 19.83168356], [127.26597928, 19.83139997], [127.54604379, 19.70182002], [127.54681220, 19.70146876], [127.82873786, 19.57414845], [128.11034280, 19.44740179], [128.11140334, 19.44693244], [128.39228825, 19.32472952], [128.39352252, 19.32420317], [128.67572667, 19.20627120], [128.67739336, 19.20559368], [128.96407528, 19.09229278], [128.96508078, 19.09190216], [129.25655171, 18.98062108], [129.25720952, 18.98037279], [129.55204411, 18.87036720], [129.55419306, 18.86955672], [129.84854428, 18.75734694], [129.85417535, 18.75513985], [130.14473133, 18.63811327], [130.15278515, 18.63474242], [130.43908269, 18.51034663], [130.44789485, 18.50635991], [130.72886632, 18.37414179], [130.73823259, 18.36954788], [131.01280713, 18.22932236], [131.02106743, 18.22495164], [131.28994325, 18.07765114], [131.30078652, 18.07143395], [131.56170154, 17.91501757], [131.57147318, 17.90891871], [131.82494104, 17.74432681], [131.83487989, 17.73760519], [132.08080894, 17.56448486], [132.09008984, 17.55769901], [132.32940395, 17.37602998], [132.33595201, 17.37092368], [132.57089146, 17.18274940], [132.57724444, 17.17752512], [132.80799000, 16.98273158], [132.81465465, 16.97694530], [133.03977324, 16.77595625], [133.04830843, 16.76805059], [133.26571189, 16.55915952], [133.27531529, 16.54952787], [133.48463012, 16.33039142], [133.49293969, 16.32134701], [133.69401394, 16.09377842], [133.70348024, 16.08254913], [133.89434467, 15.84514181], [133.90182192, 15.83546238], [134.08388407, 15.59007379], [134.09185210, 15.57882732], [134.26324080, 15.32531169], [134.26846212, 15.31732960], [134.43229220, 15.05836388], [134.43916013, 15.04698014], [134.59199928, 14.78103926], [134.59677665, 14.77241471], [134.74146032, 14.50121437], [134.74490043, 14.49457598], [134.88331173, 14.21946849], [134.88624940, 14.21347050], [135.01904284, 13.93482673], [135.02217655, 13.92804300], [135.14816497, 13.64648897], [135.15111028, 13.63969117], [135.27011675, 13.35581014], [135.27221895, 13.35066719], [135.38630234, 13.06429125], [135.38765371, 13.06083928], [135.49832327, 12.77310180], [135.49949590, 12.77000382], [135.60708432, 12.48112579], [135.60817834, 12.47814174], [135.71269557, 12.18848476], [135.71515656, 12.18139741], [135.81234281, 11.89020650], [135.81544483, 11.88037079], [135.90292931, 11.58600648], [135.90590817, 11.57528184], [135.98307741, 11.27676063], [135.98516798, 11.26816910], [136.05397262, 10.96673265], [136.05542985, 10.96000440], [136.11755855, 10.65688667], [136.11887317, 10.65008669], [136.17425736, 10.34533730], [136.17528748, 10.33933353], [136.22470615, 10.03325033], [136.22553393, 10.02781681], [136.26942259, 9.72146099], [136.27062503, 9.71203797], [136.30495497, 9.40555537], [136.30552079, 9.40006034], [136.33430939, 9.09360066], [136.33504748, 9.08420646], [136.35441868, 8.77786808], [136.35474832, 8.77166506], [136.36792161, 8.46573085], [136.36816951, 8.45728744], [136.37295200, 8.15215236], [136.37296230, 8.14318504], [136.36888399, 7.83828729], [136.36858605, 7.82824199], [136.35456114, 7.52308493], [136.35411390, 7.51542846], [136.33249964, 7.21050507], [136.33212856, 7.20578368], [136.30583083, 6.90111045], [136.30534710, 6.89600187], [136.27388564, 6.59078019], [136.27365588, 6.58862533], [136.23995413, 6.28272505], [136.20630515, 5.97783959], [136.20623791, 5.97720961], [136.17533645, 5.67750363], [136.17513778, 5.67530841], [136.15233832, 5.38271400], [136.15215785, 5.37975842], [136.13951484, 5.09390654], [136.13942940, 5.09036545], [136.13830638, 4.81257410], [136.13838385, 4.80850415], [136.14969809, 4.53997367], [136.14999282, 4.53558417], [136.17400057, 4.27530119], [136.17447698, 4.27119172], [136.21017569, 4.01573942], [136.21077434, 4.01203240], [136.25685483, 3.76074560], [136.25765659, 3.75686572], [136.31413473, 3.51143700], [136.31453711, 3.50976312], [136.31535442, 3.50673203], [136.38493136, 3.26577424], [136.38543663, 3.26408749], [136.38642081, 3.26110460], [136.46876072, 3.02564268], [136.46954473, 3.02349027], [136.47071035, 3.02057109], [136.56825921, 2.78828356], [136.57013775, 2.78411384], [136.68216841, 2.55158029], [136.68394109, 2.54809813], [136.81022340, 2.31292001], [136.81148420, 2.31065169], [136.94844186, 2.07246202], [136.94959104, 2.07052052], [137.09522343, 1.83140905], [137.09644486, 1.82946038], [137.25269071, 1.58715452], [137.25301981, 1.58664791], [137.41416731, 1.34040066], [137.41635126, 1.33701616], [137.57238230, 1.09177081], [137.57561148, 1.08658434], [137.72397235, 0.84303919], [137.72875698, 0.83491186], [137.86612621, 0.59331801], [137.87331629, 0.57992490], [137.99399796, 0.34137565], [137.99738760, 0.33444243], [138.00166098, 0.32496064], [138.10325522, 0.08847417], [138.10779388, 0.07727628], [138.11121825, 0.06779792], [138.19194168, -0.16865554], [138.19414898, -0.17540002], [138.19686788, -0.18465056], [138.19939578, -0.19453382], [138.25495463, -0.42899812], [138.25715890, -0.43910726], [138.25883220, -0.44835803], [138.26028932, -0.45844729], [138.28999278, -0.69356618], [138.29099885, -0.70271747], [138.29171426, -0.71216798], [138.29212189, -0.72235031], [138.29741893, -0.96050799], [138.29735740, -0.97591821], [138.29688636, -0.98572438], [138.28093702, -1.22787585], [138.28055966, -1.23288615], [138.27956073, -1.24261211], [138.27815969, -1.25270902], [138.24021871, -1.49451191], [138.23912634, -1.50097221], [138.23723192, -1.51045788], [138.23488064, -1.52038309], [138.17382911, -1.75913217], [138.17259387, -1.76378697], [138.16982639, -1.77319284], [138.16659975, -1.78287798], [138.08336740, -2.01870006], [138.08068324, -2.02598419], [138.07708045, -2.03488791], [138.07291425, -2.04422089], [137.96462430, -2.27573301], [137.96005251, -2.28506729], [137.95560538, -2.29338485], [137.95046368, -2.30223640], [137.81576382, -2.52499945], [137.81078662, -2.53293718], [137.80545878, -2.54082880], [137.79942629, -2.54912052], [137.63980575, -2.76061705], [137.63448649, -2.76744950], [137.62835222, -2.77482136], [137.62150948, -2.78248257], [137.43922199, -2.97952760], [137.43261367, -2.98644071], [137.42578910, -2.99311337], [137.41818420, -3.00004713], [137.21766265, -3.17657436], [137.20918215, -3.18376318], [137.20175536, -3.18961186], [137.19343797, -3.19570602], [136.97813745, -3.34778601], [136.96810744, -3.35457222], [136.96012882, -3.35954546], [136.95117853, -3.36470314], [136.72131557, -3.49192059], [136.71189024, -3.49691998], [136.70332751, -3.50108408], [136.69387273, -3.50528514], [136.45602668, -3.60609485], [136.44867989, -3.60909243], [136.43956201, -3.61248993], [136.42973680, -3.61577063], [136.19070359, -3.69104145], [136.18204835, -3.69362356], [136.17270441, -3.69608528], [136.16259342, -3.69838087], [135.91983470, -3.74913100], [135.91232635, -3.75059920], [135.90268681, -3.75218420], [135.89239800, -3.75351537], [135.64592345, -3.78111643], [135.63452963, -3.78217610], [135.62424540, -3.78276105], [135.37490991, -3.79265935], [135.36750949, -3.79285996], [135.35691924, -3.79283228], [135.10380211, -3.78783222], [135.09841737, -3.78767475], [135.08770039, -3.78707546], [134.83071385, -3.76828174], [134.82145301, -3.76747157], [134.56212360, -3.74105290], [134.55627582, -3.74040378], [134.29482881, -3.70899043], [134.28628627, -3.70784921], [134.02144359, -3.66889553], [134.00874796, -3.66677107], [133.73797796, -3.61593858], [133.72634851, -3.61353486], [133.45170652, -3.55152055], [133.43802827, -3.54811874], [133.16217974, -3.47312633], [133.14973639, -3.46947511], [132.87140615, -3.38173004], [132.86237416, -3.37873632], [132.58258202, -3.28141777], [132.57953362, -3.28034039], [132.29992085, -3.17994619], [132.29099021, -3.17659039], [132.01434393, -3.06795950], [132.00697718, -3.06496178], [131.73244146, -2.94929220], [131.73038613, -2.94841786], [131.45868022, -2.83172388], [131.45749256, -2.83122358], [131.18671315, -2.71937492], [131.18493805, -2.71866310], [130.91420072, -2.61333337], [130.91120840, -2.61222821], [130.63890032, -2.51695544], [130.63498961, -2.51568388], [130.35812667, -2.43240583], [130.35401311, -2.43127098], [130.07258175, -2.36054891], [130.06847339, -2.35961502], [129.78251721, -2.30139662], [129.77883258, -2.30072344], [129.49038562, -2.25400568], [129.48700969, -2.25352221], [129.19848071, -2.21758329], [129.19535057, -2.21724704], [128.90627975, -2.19112883], [128.90390564, -2.19094488], [128.61455052, -2.17224394], [128.61260766, -2.17213873], [128.32692544, -2.15966014], [128.32423979, -2.15958161], [128.04774097, -2.15548593], [128.04363828, -2.15551550], [127.77869701, -2.16326171], [127.77693071, -2.16333013], [127.77374453, -2.16353862], [127.52238656, -2.18431898], [127.51872868, -2.18469423], [127.51556742, -2.18513691], [127.27561102, -2.22294514], [127.27245428, -2.22349841], [127.26933227, -2.22415699], [127.03272605, -2.27832676], [127.03098697, -2.27874257], [127.02790610, -2.27956708], [126.78782634, -2.34825938], [126.78508220, -2.34909064], [126.54580191, -2.42563273], [126.54420157, -2.42616075], [126.54120284, -2.42723838], [126.30572680, -2.51646601], [126.30355292, -2.51732129], [126.30062605, -2.51857501], [126.06642295, -2.62370970], [126.06422478, -2.62473137], [126.06138190, -2.62615933], [125.82491226, -2.75009592], [125.82165398, -2.75188848], [125.57841803, -2.89218720], [125.57681198, -2.89313543], [125.32744522, -3.04380030], [125.32682925, -3.04417578], [125.07397111, -3.19967611], [124.82006015, -3.35551149], [124.81445969, -3.35887084], [124.56247514, -3.50655927], [124.55450415, -3.51107977], [124.30407348, -3.64842844], [124.29617319, -3.65261974], [124.04522684, -3.78132212], [124.03811036, -3.78486184], [123.78516386, -3.90681315], [123.78122594, -3.90867906], [123.52649949, -4.02727748], [123.52502826, -4.02795798], [123.26957560, -4.14533778], [123.26648420, -4.14673864], [123.00959576, -4.26152466], [123.00495968, -4.26355281], [122.74530927, -4.37472926], [122.73882479, -4.37742284], [122.47508451, -4.48363616], [122.46533867, -4.48736583], [122.45554881, -4.49072948], [122.18487596, -4.57855293], [122.17500161, -4.58157075], [122.16498880, -4.58425894], [121.88532720, -4.65421386], [121.87465258, -4.65667988], [121.86451326, -4.65864881], [121.57812105, -4.70917942], [121.57110598, -4.71032950], [121.56059233, -4.71173833], [121.27229805, -4.74534858], [121.25792371, -4.74670240], [120.97027732, -4.76737838], [120.95491025, -4.76811902], [120.66671862, -4.77519966], [120.65968816, -4.77528796]]]}
    },
    {
      "type": "Feature",
      "properties": {"block_id": "ADC_WNP_04", "basin_id": "BASIN_WNP", "basin_label": "Western North Pacific and East Asia", "domain_count": 2, "grid_cell_count": 171, "outer_area_km2": 4030047.752836, "shelf_width_km": 250.000000, "outer_buffer_km": 430.000000, "shelf_add_area_km2": 0.000000, "shelf_add_cell_count": 0, "shelf_add_component_count": 0, "bay_add_area_km2": 1739274.990310, "bay_add_cell_count": 2355, "bay_add_core_cell_count": 2355, "bay_add_component_count": 4, "open_ocean_area_risk": 0},
      "geometry": {"type": "Polygon", "coordinates": [[[119.78280069, 5.64750514], [119.47712021, 5.65235158], [119.47173380, 5.65248293], [119.46036247, 5.65304172], [119.15085991, 5.67328013], [119.14014366, 5.67415203], [119.12922191, 5.67539471], [118.81925043, 5.71576800], [118.80519758, 5.71789506], [118.79466030, 5.71989115], [118.48566596, 5.78365420], [118.47512576, 5.78600679], [118.46452907, 5.78873586], [118.16266052, 5.87176853], [118.14807253, 5.87611614], [117.85375616, 5.97068787], [117.83932311, 5.97566894], [117.55331955, 6.08129274], [117.54656103, 6.08387651], [117.53629092, 6.08813542], [117.26088183, 6.20773694], [117.25013766, 6.21263457], [117.24052174, 6.21742800], [116.97757054, 6.35404489], [116.96565437, 6.36055418], [116.95658327, 6.36596307], [116.70847644, 6.51964470], [116.69878628, 6.52589248], [116.69004368, 6.53197496], [116.45639624, 6.70051977], [116.44889461, 6.70610566], [116.44048372, 6.71280215], [116.21854634, 6.89583742], [116.21383160, 6.89980987], [116.20567203, 6.90708316], [115.99349733, 7.10293208], [115.98236388, 7.11370868], [115.77711330, 7.32206278], [115.76913285, 7.33045928], [115.56822118, 7.54958829], [115.56427457, 7.55397284], [115.36570611, 7.77869347], [115.36552309, 7.77889996], [115.16865263, 8.00035153], [115.16741468, 8.00171621], [114.97017594, 8.21481784], [114.96857772, 8.21650160], [114.76777344, 8.42280090], [114.76670636, 8.42387938], [114.56089689, 8.62851626], [114.35294992, 8.83515421], [114.35182611, 8.83627642], [114.14427935, 9.04454133], [113.93891467, 9.25076728], [113.93767811, 9.25198605], [113.73290531, 9.45008275], [113.73114833, 9.45173902], [113.52427499, 9.64177565], [113.52148809, 9.64423597], [113.30942024, 9.82414382], [113.30642789, 9.82657953], [113.08975413, 9.99576394], [113.08830284, 9.99687499], [113.08563804, 9.99880458], [112.86453149, 10.15322575], [112.86203965, 10.15490909], [112.85924205, 10.15666958], [112.63240142, 10.29411671], [112.62887596, 10.29615418], [112.62593930, 10.29770769], [112.39128061, 10.41685815], [112.38692782, 10.41893748], [112.38385889, 10.42025283], [112.13581993, 10.52172926], [112.13211537, 10.52316057], [112.12894722, 10.52425501], [111.86500639, 10.61059895], [111.86162163, 10.61164163], [111.85837705, 10.61252267], [111.57940650, 10.68339572], [111.57767469, 10.68381976], [111.57438404, 10.68453892], [111.27493497, 10.74488645], [111.27449985, 10.74497317], [110.96408841, 10.80614595], [110.95743600, 10.80752191], [110.65642548, 10.87273458], [110.64560026, 10.87525481], [110.36254245, 10.94576743], [110.34747333, 10.94987068], [110.08232144, 11.02830175], [110.07543625, 11.03042275], [110.06486496, 11.03400257], [109.81551798, 11.12304467], [109.80404517, 11.12738198], [109.79412234, 11.13153640], [109.56122944, 11.23361691], [109.54901374, 11.23927071], [109.53954757, 11.24408648], [109.32325266, 11.35872230], [109.31519074, 11.36314582], [109.30582365, 11.36867446], [109.10334895, 11.49283603], [109.09264141, 11.49969794], [109.08396132, 11.50572368], [108.89688624, 11.64037939], [108.88687999, 11.64788754], [108.87870601, 11.65450865], [108.70622527, 11.79922032], [108.69898746, 11.80548922], [108.69115672, 11.81273924], [108.53056037, 11.96670881], [108.52013433, 11.97716876], [108.36710645, 12.13784877], [108.35849061, 12.14726167], [108.21080611, 12.31518369], [108.20209798, 12.32551793], [108.05981606, 12.50182850], [108.05301541, 12.51056370], [107.91426573, 12.69537456], [107.90559065, 12.70752024], [107.77150709, 12.90503826], [107.76728748, 12.91143974], [107.76174386, 12.92045949], [107.63539351, 13.13464179], [107.62830399, 13.14733679], [107.50659337, 13.37797467], [107.50151086, 13.38805376], [107.38386953, 13.63252972], [107.37938497, 13.64228842], [107.26578146, 13.90153755], [107.26270451, 13.90881757], [107.15251467, 14.17937939], [107.15237603, 14.17971775], [107.04229573, 14.44675055], [107.04159192, 14.44840837], [106.92799569, 14.70839129], [106.92661976, 14.71138349], [106.80312727, 14.96701215], [106.80144343, 14.97031591], [106.66554345, 15.22349643], [106.66384783, 15.22651096], [106.51539910, 15.47867378], [106.51432654, 15.48044766], [106.35667217, 15.73440434], [106.35581499, 15.73575765], [106.19008090, 15.99225874], [106.18937232, 15.99336049], [106.02340101, 16.25262210], [105.85744959, 16.51173807], [105.85531896, 16.51511245], [105.69480102, 16.77299629], [105.69136259, 16.77865457], [105.53884488, 17.03581182], [105.53264202, 17.04677624], [105.39416204, 17.30373348], [105.39151214, 17.30877816], [105.38682904, 17.31835679], [105.26675405, 17.57580775], [105.26306520, 17.58406504], [105.25916188, 17.59368618], [105.16070363, 17.84984941], [105.15649929, 17.86155480], [105.15347496, 17.87119160], [105.07757966, 18.12976122], [105.07521654, 18.13832754], [105.07282088, 18.14837124], [105.01583044, 18.40876939], [105.01281776, 18.42460093], [104.97059028, 18.68528099], [104.96897216, 18.69681596], [104.96797106, 18.70686029], [104.94690300, 18.96786940], [104.94653445, 18.97311079], [104.94613396, 18.98286268], [104.94609921, 18.99305283], [104.95006760, 19.25059392], [104.95073453, 19.26601630], [104.95161546, 19.27579756], [104.97955227, 19.53200069], [104.98126676, 19.54500939], [105.02147618, 19.80498301], [105.02395186, 19.81879413], [105.07787210, 20.08308162], [105.08085566, 20.09617375], [105.14768481, 20.36139728], [105.15209349, 20.37706218], [105.23466404, 20.64230695], [105.23724832, 20.65018296], [105.24082808, 20.65996498], [105.34329640, 20.92469530], [105.34714348, 20.93411924], [105.35139165, 20.94352572], [105.47659667, 21.20772337], [105.48082702, 21.21627116], [105.48577094, 21.22543422], [105.63151182, 21.48416618], [105.63665415, 21.49292672], [105.64224638, 21.50171614], [105.80790236, 21.75199576], [105.81290562, 21.75930633], [105.81915815, 21.76781833], [106.00049237, 22.00565184], [106.00731228, 22.01425932], [106.01410670, 22.02222274], [106.21163401, 22.24560985], [106.21647171, 22.25094530], [106.22395572, 22.25871717], [106.43258431, 22.46790430], [106.43955404, 22.47467043], [106.44745218, 22.48183965], [106.66811281, 22.67525912], [106.67016206, 22.67704054], [106.70197486, 22.70446674], [106.71292668, 22.73801497], [106.71810667, 22.75293842], [106.73230274, 22.79151547], [106.73804113, 22.80626217], [106.75368018, 22.84435624], [106.75996998, 22.85890821], [106.77703294, 22.89647285], [106.78386649, 22.91081237], [106.80233258, 22.94780186], [106.80970156, 22.96191145], [106.82954828, 22.99828068], [106.83744369, 23.01214316], [106.85864687, 23.04784785], [106.86705910, 23.06144633], [106.88959290, 23.09644297], [106.89851171, 23.10976088], [106.92234867, 23.14400681], [106.93176319, 23.15702792], [106.95687428, 23.19048146], [106.96677304, 23.20318991], [106.99312765, 23.23581027], [107.00349858, 23.24819058], [107.03106462, 23.27993802], [107.04189510, 23.29197510], [107.07063896, 23.32281095], [107.08191579, 23.33449014], [107.09671853, 23.34955443], [107.22171853, 23.47455443], [107.23039788, 23.48314651], [107.23711006, 23.48972441], [107.26128548, 23.51277219], [107.27323834, 23.52385799], [107.30485343, 23.55217366], [107.31721617, 23.56286582], [107.34987749, 23.59014091], [107.36263503, 23.60042641], [107.39630280, 23.62662771], [107.40943960, 23.63649400], [107.44407279, 23.66158960], [107.45757285, 23.67102467], [107.49312926, 23.69498397], [107.50697613, 23.70397632], [107.54341245, 23.72677014], [107.55758926, 23.73530883], [107.59486110, 23.75690940], [107.60935057, 23.76498400], [107.64741252, 23.78536500], [107.66219701, 23.79296570], [107.70100268, 23.81210230], [107.71606417, 23.81921982], [107.75556630, 23.83708870], [107.77088644, 23.84371438], [107.81103690, 23.86029378], [107.82659702, 23.86641954], [107.86734689, 23.88168926], [107.88312805, 23.88730764], [107.92442768, 23.90124907], [107.94041064, 23.90635322], [107.98220970, 23.91894937], [107.99837499, 23.92353308], [108.04062259, 23.93476862], [108.05695051, 23.93882630], [108.09959514, 23.94868752], [108.11606580, 23.95221423], [108.15905554, 23.96068913], [108.17564887, 23.96368057], [108.21893131, 23.97075882], [108.23562709, 23.97321135], [108.25334156, 23.97552036], [108.28027308, 23.99455490], [108.28744384, 23.99948596], [108.52918939, 24.16119431], [108.53845130, 24.16717496], [108.78303103, 24.31956377], [108.79723480, 24.32794652], [109.05552732, 24.47215516], [109.06013698, 24.47467586], [109.07009885, 24.47979723], [109.34174688, 24.61375701], [109.34688490, 24.61623125], [109.35710451, 24.62082927], [109.63871023, 24.74194520], [109.65448273, 24.74828326], [109.94380501, 24.85655011], [109.95769189, 24.86142153], [110.25265761, 24.95810036], [110.26771908, 24.96267257], [110.27343183, 24.96427067], [110.29341245, 24.97677014], [110.30758926, 24.98530883], [110.34486110, 25.00690940], [110.35935057, 25.01498400], [110.39741252, 25.03536500], [110.41219701, 25.04296570], [110.45100269, 25.06210230], [110.46606417, 25.06921982], [110.50556630, 25.08708870], [110.52088644, 25.09371438], [110.56103690, 25.11029378], [110.57659702, 25.11641954], [110.61734689, 25.13168926], [110.63312805, 25.13730764], [110.67442768, 25.15124907], [110.69041064, 25.15635322], [110.73220970, 25.16894937], [110.74837499, 25.17353308], [110.79062259, 25.18476862], [110.80695050, 25.18882630], [110.84959514, 25.19868752], [110.86606580, 25.20221423], [110.90905554, 25.21068913], [110.92564887, 25.21368057], [110.96893131, 25.22075882], [110.98562710, 25.22321135], [111.02914953, 25.22888433], [111.04592743, 25.23079496], [111.08963682, 25.23505575], [111.10647640, 25.23642215], [111.15031948, 25.23926556], [111.16720022, 25.24008607], [111.21112360, 25.24150864], [111.22802493, 25.24178225], [111.25000000, 25.24196011], [111.53207182, 25.24196011], [111.80996115, 25.28429180], [111.81744370, 25.28535221], [111.92549082, 25.29952140], [111.95100268, 25.31210230], [111.96606417, 25.31921982], [112.00556630, 25.33708870], [112.02088644, 25.34371438], [112.06103690, 25.36029378], [112.07659702, 25.36641954], [112.11734689, 25.38168926], [112.13312805, 25.38730764], [112.17442768, 25.40124907], [112.19041064, 25.40635322], [112.23220970, 25.41894937], [112.24837499, 25.42353308], [112.29062259, 25.43476862], [112.30695051, 25.43882630], [112.34959514, 25.44868752], [112.36606580, 25.45221423], [112.40905554, 25.46068913], [112.42564887, 25.46368057], [112.46893131, 25.47075882], [112.48562710, 25.47321135], [112.52914953, 25.47888433], [112.54592743, 25.48079496], [112.58963682, 25.48505575], [112.60647640, 25.48642215], [112.65031948, 25.48926556], [112.66720022, 25.49008607], [112.71112360, 25.49150864], [112.72802492, 25.49178225], [112.75000000, 25.49196011], [113.25000000, 25.49196011], [113.26269449, 25.49190076], [113.27245900, 25.49180946], [113.30711895, 25.49104265], [113.32401089, 25.49045303], [113.36789442, 25.48820938], [113.38475388, 25.48707336], [113.42852624, 25.48341066], [113.44533269, 25.48172964], [113.48894057, 25.47665234], [113.50567352, 25.47442835], [113.54906377, 25.46794266], [113.56570285, 25.46517842], [113.60882262, 25.45729222], [113.62534755, 25.45399109], [113.66814430, 25.44471400], [113.68453494, 25.44088000], [113.72695652, 25.43022333], [113.74319291, 25.42586114], [113.78518767, 25.41383786], [113.80125001, 25.40895278], [113.84276675, 25.39557755], [113.85863549, 25.39017555], [113.89962365, 25.37546465], [113.91527945, 25.36955230], [113.95568908, 25.35352366], [113.97111287, 25.34710817], [113.97829806, 25.34397869], [113.99204090, 25.34353727], [113.99373857, 25.34349655], [114.29249705, 25.33876212], [114.29515418, 25.33875382], [114.58571127, 25.34154298], [114.58934606, 25.34164118], [114.87280307, 25.35424224], [114.87662132, 25.35448218], [115.15905636, 25.37743740], [115.16083447, 25.37759725], [115.44092535, 25.40519845], [115.44418984, 25.40557223], [115.71043230, 25.44032356], [115.71231770, 25.44058723], [115.71564569, 25.44113919], [115.96436352, 25.48655816], [115.96755192, 25.48719228], [115.97083130, 25.48795444], [116.20445465, 25.54628776], [116.20705295, 25.54697270], [116.21027430, 25.54792423], [116.43576370, 25.61857252], [116.43874439, 25.61955699], [116.44188911, 25.62070808], [116.66135929, 25.70517761], [116.66367151, 25.70610038], [116.66673487, 25.70742683], [116.88748320, 25.80740083], [116.89164774, 25.80940416], [117.11140435, 25.92146246], [117.11357574, 25.92260373], [117.11646513, 25.92423170], [117.32809209, 26.04820917], [117.33139243, 26.05023121], [117.33414071, 26.05205730], [117.53892267, 26.19320506], [117.54195091, 26.19537980], [117.54454512, 26.19739043], [117.74587664, 26.35904886], [117.74758566, 26.36045415], [117.75004871, 26.36260198], [117.95105169, 26.54411408], [117.95293417, 26.54586141], [117.95524800, 26.54814753], [118.15526407, 26.75281175], [118.15843245, 26.75622168], [118.35909712, 26.98345873], [118.35927166, 26.98365696], [118.56546132, 27.21851239], [118.56671760, 27.21993481], [118.77384052, 27.45305551], [118.77754662, 27.45715522], [118.98664061, 27.68449907], [118.99191934, 27.69010285], [119.20503647, 27.91101139], [119.20963464, 27.91568226], [119.42612778, 28.13120404], [119.43412882, 28.13890245], [119.65488233, 28.34420192], [119.66563201, 28.35376906], [119.89065798, 28.54541138], [119.89573201, 28.54963561], [119.90434331, 28.55640029], [120.13106719, 28.72829325], [120.14133035, 28.73575444], [120.15010965, 28.74165238], [120.37944018, 28.89012688], [120.38610620, 28.89432299], [120.39484481, 28.89946896], [120.40432018, 28.90462753], [120.63751349, 29.02655785], [120.64838244, 29.03198525], [120.65739654, 29.03609600], [120.66741950, 29.04027052], [120.90876961, 29.13613335], [120.91772183, 29.13953764], [120.92731512, 29.14284748], [120.93774030, 29.14606489], [121.18146770, 29.21692663], [121.19157074, 29.21969217], [121.20142170, 29.22205191], [121.21214922, 29.22425433], [121.45496896, 29.26999881], [121.46376083, 29.27153283], [121.47392667, 29.27299696], [121.48483599, 29.27420827], [121.72119967, 29.29657971], [121.73132683, 29.29738435], [121.74151380, 29.29787389], [121.75249946, 29.29804569], [121.97946022, 29.29792095], [121.98511537, 29.29786755], [121.99563088, 29.29750436], [122.00574634, 29.29682649], [122.01667068, 29.29573786], [122.23596030, 29.27028740], [122.24352373, 29.26932033], [122.25376075, 29.26772026], [122.26369664, 29.26583436], [122.27437732, 29.26344409], [122.49036283, 29.21139199], [122.50592901, 29.20725057], [122.51519671, 29.20438353], [122.52549173, 29.20082380], [122.74172774, 29.12204199], [122.75434676, 29.11715260], [122.76337148, 29.11326719], [122.77316977, 29.10865665], [122.98467278, 29.00479125], [122.99650445, 28.99867930], [123.00501117, 28.99387611], [123.01419089, 28.98827656], [123.22101525, 28.85726326], [123.23006939, 28.85130826], [123.23812498, 28.84560599], [123.24662101, 28.83914456], [123.44939896, 28.67935749], [123.45644319, 28.67363510], [123.46393579, 28.66713735], [123.47169439, 28.65992204], [123.66090692, 28.47770659], [123.66605562, 28.47262426], [123.67294118, 28.46540830], [123.67993119, 28.45754626], [123.85338033, 28.25537105], [123.85746615, 28.25049889], [123.86364481, 28.24268092], [123.86982703, 28.23425689], [124.02436809, 28.01556576], [124.03315788, 28.00239608], [124.03833098, 27.99383771], [124.17630908, 27.75592522], [124.18183430, 27.74594621], [124.18645937, 27.73678387], [124.31097667, 27.47846620], [124.31345656, 27.47317419], [124.31768044, 27.46342586], [124.43004514, 27.19042164], [124.43509137, 27.17729516], [124.53673307, 26.89314347], [124.53951412, 26.88500018], [124.63380916, 26.59527714], [124.63646069, 26.58669131], [124.72223097, 26.29328077], [124.72465443, 26.28449003], [124.80135170, 25.98855262], [124.80376874, 25.97850534], [124.87024590, 25.67919522], [124.87220365, 25.66963396], [124.92894710, 25.36703155], [124.93025728, 25.35950511], [124.97923424, 25.05471264], [124.98007278, 25.04915442], [125.02325420, 24.74304477], [125.02373280, 24.73949511], [125.06317625, 24.43279361], [125.06357473, 24.42955220], [125.09956192, 24.12268213], [125.10021658, 24.11653934], [125.12967037, 23.80939440], [125.13051961, 23.79832953], [125.14825874, 23.49065241], [125.14866197, 23.48071085], [125.15589680, 23.17264992], [125.15596807, 23.16349708], [125.15353658, 22.85606737], [125.15336925, 22.84823073], [125.14270562, 22.54181902], [125.14251698, 22.53737399], [125.12718301, 22.23119032], [125.12706579, 22.22901251], [125.10950788, 21.92406745], [125.10947321, 21.92342171], [125.09437283, 21.62018783], [125.09432782, 21.61915510], [125.08302675, 21.31675863], [125.08299514, 21.31574847], [125.07537969, 21.01392610], [125.07536091, 21.01295988], [125.07127417, 20.71309360], [125.07126670, 20.71174982], [125.07201226, 20.41369788], [125.07201738, 20.41295965], [125.07538966, 20.11617942], [125.07541720, 20.11478398], [125.08366971, 19.82131817], [125.08373380, 19.81964053], [125.09788187, 19.52669446], [125.09794271, 19.52558751], [125.11607731, 19.23135780], [125.11613057, 19.23055652], [125.13706221, 18.93701249], [125.13716754, 18.93568484], [125.16259049, 18.64471132], [125.16276218, 18.64295950], [125.19428000, 18.35290246], [125.19442050, 18.35169175], [125.23037423, 18.06044157], [125.23048679, 18.05956767], [125.26938865, 17.76960329], [125.26963555, 17.76789665], [125.31379185, 17.48338749], [125.31436043, 17.48014545], [125.36905395, 17.20063536], [125.36988853, 17.19683831], [125.43710307, 16.92151968], [125.43831690, 16.91707708], [125.52086187, 16.64437788], [125.52217683, 16.64039157], [125.62069529, 16.36476322], [125.62163890, 16.36224867], [125.73214665, 16.08124803], [125.73259898, 16.08012132], [125.84983882, 15.79395876], [125.96776638, 15.50537218], [125.96818715, 15.50433700], [126.08477678, 15.21596640], [126.08541550, 15.21437351], [126.20023713, 14.92563794], [126.20107580, 14.92350529], [126.31368006, 14.63392242], [126.31461720, 14.63148091], [126.42482640, 14.34056549], [126.42571307, 14.33819478], [126.53345088, 14.04637673], [126.53510472, 14.04178197], [126.63794845, 13.74855553], [126.63889415, 13.74581664], [126.73893049, 13.45146858], [126.83901777, 13.15704909], [126.83960661, 13.15529918], [126.93753873, 12.86125221], [126.94011819, 12.85312006], [127.02818462, 12.56098729], [127.03232166, 12.54581793], [127.10281432, 12.25732376], [127.10589045, 12.24325097], [127.16085160, 11.95857483], [127.16347157, 11.94266830], [127.20140142, 11.66494753], [127.20214561, 11.65898271], [127.20312777, 11.64853305], [127.22363083, 11.37535965], [127.22410030, 11.36757104], [127.22437665, 11.35721326], [127.22649842, 11.08714125], [127.22639835, 11.07737115], [127.22591652, 11.06716073], [127.20819133, 10.79884259], [127.20716843, 10.78716608], [127.20588443, 10.77715544], [127.16647549, 10.50977592], [127.16487017, 10.50009972], [127.16282240, 10.49005897], [127.10345752, 10.22444892], [127.10176838, 10.21735012], [127.09902198, 10.20726800], [127.02244662, 9.94548468], [127.02006272, 9.93776487], [127.01665588, 9.92791469], [126.92397476, 9.67519826], [126.91793229, 9.66001558], [126.81218271, 9.41398879], [126.81001855, 9.40909196], [126.80542481, 9.39945123], [126.68563837, 9.15947710], [126.68026536, 9.14923775], [126.67514038, 9.14032089], [126.53719095, 8.91007766], [126.52897509, 8.89714159], [126.52320288, 8.88887884], [126.36413940, 8.66966481], [126.35581862, 8.65873715], [126.34927652, 8.65083565], [126.16787791, 8.43948453], [126.16180220, 8.43262461], [126.15448658, 8.42489639], [125.95380230, 8.22021161], [125.94258730, 8.20930973], [125.72731897, 8.00984836], [125.71719335, 8.00084667], [125.48766235, 7.80508092], [125.47695300, 7.79632573], [125.23187807, 7.60432178], [125.22362969, 7.59806297], [124.96707598, 7.40955690], [124.95737482, 7.40268880], [124.69135063, 7.22128758], [124.68061784, 7.21426193], [124.41028529, 7.04448439], [124.39778661, 7.03700047], [124.12263242, 6.88006938], [124.11578612, 6.87626694], [123.83825300, 6.72621215], [123.83088227, 6.72234061], [123.55016195, 6.57915599], [123.54088902, 6.57459817], [123.25608160, 6.43980501], [123.24401127, 6.43436890], [122.95433181, 6.31041572], [122.94257661, 6.30563392], [122.64833171, 6.19205152], [122.63587152, 6.18750733], [122.33684351, 6.08472913], [122.32534699, 6.08099416], [122.02156014, 5.98794923], [122.01429198, 5.98580690], [121.70910809, 5.89934538], [121.69669980, 5.89606808], [121.38955974, 5.82077537], [121.38392126, 5.81944799], [121.37284158, 5.81713608], [121.06528433, 5.75817101], [121.04926057, 5.75546944], [120.74470296, 5.71110279], [120.73116008, 5.70938862], [120.42959384, 5.67694744], [120.41480495, 5.67566037], [120.11442083, 5.65566413], [120.09911579, 5.65496733], [119.79755879, 5.64756915], [119.78280069, 5.64750514]]]}
    },
    {
      "type": "Feature",
      "properties": {"block_id": "ADC_WNP_05", "basin_id": "BASIN_WNP", "basin_label": "Western North Pacific and East Asia", "domain_count": 3, "grid_cell_count": 177, "outer_area_km2": 6103244.966354, "shelf_width_km": 250.000000, "outer_buffer_km": 430.000000, "shelf_add_area_km2": 0.000000, "shelf_add_cell_count": 0, "shelf_add_component_count": 0, "bay_add_area_km2": 2265425.382450, "bay_add_cell_count": 3509, "bay_add_core_cell_count": 3509, "bay_add_component_count": 5, "open_ocean_area_risk": 0},
      "geometry": {"type": "Polygon", "coordinates": [[[121.30438396, -2.07342101], [121.29159128, -2.07326794], [120.98079595, -2.06365133], [120.96752722, -2.06297893], [120.65490251, -2.04095394], [120.64909702, -2.04049451], [120.33680533, -2.01306341], [120.02382496, -1.98526950], [120.02272675, -1.98517016], [119.71131749, -1.95648829], [119.70109252, -1.95538892], [119.39647355, -1.91792451], [119.39055294, -1.91713571], [119.37981902, -1.91541003], [119.09013124, -1.86380538], [119.08182741, -1.86220771], [119.07140163, -1.85986779], [118.79727470, -1.79345454], [118.78745775, -1.79090561], [118.77733875, -1.78791533], [118.51875837, -1.70671028], [118.50757139, -1.70296355], [118.49781975, -1.69930329], [118.25482162, -1.60334808], [118.24171308, -1.59782557], [118.23245988, -1.59348678], [118.00624825, -1.48266539], [118.00048458, -1.47976274], [117.99172648, -1.47503878], [117.98269758, -1.46976138], [117.77830411, -1.34553607], [117.77064494, -1.34072170], [117.76257577, -1.33527847], [117.75414004, -1.32915413], [117.57088622, -1.19121306], [117.56354529, -1.18550594], [117.55610278, -1.17931600], [117.54835142, -1.17239980], [117.38328095, -1.01987229], [117.37766255, -1.01454034], [117.37079599, -1.00760975], [117.36377090, -1.00000467], [117.21372019, -0.83174386], [117.20807530, -0.82522157], [117.20199527, -0.81771793], [117.19578605, -0.80947767], [117.05993975, -0.62241837], [117.05608601, -0.61697712], [117.05068001, -0.60884464], [117.04529271, -0.60008185], [116.92264681, -0.39241687], [116.91728358, -0.38293380], [116.91258131, -0.37385987], [116.80013536, -0.14706659], [116.79396592, -0.13384926], [116.69014802, 0.10300106], [116.68444662, 0.11692275], [116.59020633, 0.36409267], [116.58787437, 0.37044209], [116.58456278, 0.38037728], [116.50407589, 0.63713074], [116.50152875, 0.64573421], [116.49894137, 0.65570502], [116.43461062, 0.92334243], [116.43306939, 0.93013272], [116.43107349, 0.94037465], [116.38229691, 1.21717237], [116.38005400, 1.23204111], [116.34407427, 1.51838440], [116.34298722, 1.52836576], [116.31582651, 1.82288876], [116.31532572, 1.82899119], [116.29367739, 2.12997434], [116.29347007, 2.13307893], [116.27503830, 2.43213120], [116.27488569, 2.43420296], [116.24992292, 2.72546826], [116.24961644, 2.72844157], [116.21530444, 3.01318247], [116.21480636, 3.01670654], [116.16949950, 3.29588909], [116.16891739, 3.29909512], [116.11328337, 3.57591795], [116.11270393, 3.57858425], [116.04824507, 3.85431758], [116.04751356, 3.85722102], [115.97222885, 4.13577499], [115.97178479, 4.13735867], [115.88889220, 4.42263019], [115.80486828, 4.71094662], [115.80401099, 4.71394511], [115.72324250, 5.00199112], [115.72307077, 5.00260603], [115.64290518, 5.29081526], [115.64265139, 5.29173321], [115.56350525, 5.57974910], [115.56246916, 5.58361851], [115.48733099, 5.87177868], [115.48578243, 5.87798282], [115.41677739, 6.16730520], [115.41563142, 6.17229510], [115.35151432, 6.46262834], [115.35073962, 6.46624004], [115.29033063, 6.75643367], [115.28984496, 6.75881428], [115.23190758, 7.04869741], [115.17358420, 7.33873602], [115.11497125, 7.62889942], [115.05661222, 7.91944261], [115.05620644, 7.92149942], [114.99986854, 8.21233082], [114.94287041, 8.50301505], [114.94228485, 8.50608458], [114.88818100, 8.79782432], [114.88727274, 8.80296746], [114.83796135, 9.09689960], [114.83648025, 9.10670458], [114.79636746, 9.40511116], [114.79511547, 9.41587445], [114.76536263, 9.71858862], [114.76478707, 9.72518134], [114.74148508, 10.03043976], [114.74142080, 10.03129786], [114.71916889, 10.33410180], [114.71903721, 10.33569331], [114.69184745, 10.63119178], [114.69150454, 10.63430283], [114.65437757, 10.92322745], [114.65379289, 10.92708895], [114.60421875, 11.21123005], [114.60348664, 11.21494662], [114.54250361, 11.49254713], [114.54145194, 11.49681755], [114.46836393, 11.76437362], [114.46784403, 11.76619865], [114.46689548, 11.76919747], [114.38108010, 12.02446574], [114.38022706, 12.02688542], [114.37908375, 12.02982023], [114.28034205, 12.27045296], [114.27905968, 12.27342174], [114.27770444, 12.27627123], [114.16711363, 12.49848620], [114.16637212, 12.49994232], [114.16486252, 12.50271853], [114.16325350, 12.50544219], [114.03893051, 12.70760602], [114.03761585, 12.70967939], [114.03583520, 12.71230162], [114.03396085, 12.71486224], [113.89484218, 12.89804910], [113.89341214, 12.89988255], [113.89138097, 12.90232916], [113.88926259, 12.90470584], [113.73801456, 13.06852482], [113.73653361, 13.07009123], [113.73427490, 13.07234423], [113.73193612, 13.07451975], [113.56936876, 13.22054392], [113.56578412, 13.22360164], [113.56325978, 13.22557439], [113.39103700, 13.35542788], [113.38754073, 13.35793901], [113.38485798, 13.35970616], [113.20380742, 13.47454712], [113.20072453, 13.47642024], [113.19791371, 13.47799091], [113.00855903, 13.57958328], [113.00493605, 13.58142751], [113.00200570, 13.58277931], [112.80434699, 13.66990379], [112.80051273, 13.67149453], [112.79748014, 13.67261661], [112.59052707, 13.74521724], [112.58684533, 13.74642535], [112.58373259, 13.74731977], [112.35997337, 13.80753175], [112.35820034, 13.80799071], [112.35504167, 13.80871969], [112.11028153, 13.86086417], [112.10661322, 13.86157133], [111.84525258, 13.90670073], [111.84204265, 13.90719928], [111.56991832, 13.94476767], [111.56642552, 13.94518496], [111.28265008, 13.97383781], [111.28082965, 13.97400417], [110.98634322, 13.99810050], [110.98284486, 13.99840511], [110.68948988, 14.02548872], [110.68521777, 14.02591060], [110.39578585, 14.05635564], [110.39179560, 14.05679943], [110.10475461, 14.09045656], [110.10131552, 14.09087776], [109.81605997, 14.12730455], [109.80613535, 14.12872242], [109.52575514, 14.17305009], [109.51209555, 14.17549960], [109.23697302, 14.23072226], [109.22141276, 14.23423212], [108.94986694, 14.30230821], [108.94252455, 14.30424714], [108.93223216, 14.30729248], [108.66447826, 14.39147870], [108.65434765, 14.39485658], [108.64450940, 14.39851551], [108.38170459, 14.50137526], [108.37639453, 14.50351400], [108.36719690, 14.50750901], [108.35772850, 14.51201159], [108.10869098, 14.63569874], [108.09640843, 14.64214371], [108.08755500, 14.64724425], [107.84841096, 14.79053992], [107.83874863, 14.79657702], [107.83015794, 14.80238308], [107.59951440, 14.96412809], [107.59360196, 14.96838498], [107.58515627, 14.97485561], [107.36312283, 15.15114933], [107.35138989, 15.16092628], [107.13479561, 15.35028014], [107.12401188, 15.36014914], [106.91159507, 15.56362926], [106.90766199, 15.56747174], [106.90020854, 15.57516236], [106.69661477, 15.79272436], [106.68721817, 15.80322232], [106.49308744, 16.03003620], [106.48258296, 16.04298453], [106.30168863, 16.27839787], [106.29740336, 16.28412260], [106.29134990, 16.29274155], [106.12658045, 16.53638992], [106.12038816, 16.54594167], [106.11515957, 16.55470481], [105.96962930, 16.80876481], [105.96692978, 16.81359049], [105.96201356, 16.82298608], [105.83133470, 17.08395131], [105.82566319, 17.09590929], [105.70926075, 17.35554893], [105.70656453, 17.36176595], [105.70268461, 17.37150727], [105.60549902, 17.62882922], [105.60157712, 17.63989049], [105.59856555, 17.64954508], [105.52332976, 17.90692356], [105.51978933, 17.92019835], [105.51762811, 17.92991563], [105.46426611, 18.19205062], [105.46235904, 18.20239769], [105.46088233, 18.21246460], [105.42701949, 18.47641406], [105.42566336, 18.48927940], [105.42502037, 18.49925436], [105.41282533, 18.76247560], [105.41251871, 18.77681555], [105.41273257, 18.78670677], [105.42319019, 19.05002702], [105.42345625, 19.05536634], [105.42421588, 19.06509104], [105.42537643, 19.07521945], [105.45980336, 19.33422413], [105.46149320, 19.34527022], [105.46340179, 19.35522152], [105.51757884, 19.61253024], [105.52011546, 19.62355883], [105.58375433, 19.87851005], [105.58543016, 19.88489431], [105.58839344, 19.89494270], [105.66715255, 20.14533442], [105.67074197, 20.15600852], [105.67433962, 20.16550996], [105.77213918, 20.41045649], [105.77399511, 20.41498314], [105.77797376, 20.42398415], [105.78245284, 20.43321125], [105.90205339, 20.66880375], [105.90450275, 20.67351327], [105.90928085, 20.68211164], [105.91459228, 20.69091750], [106.05840315, 20.92005116], [106.06317896, 20.92740822], [106.06868065, 20.93530120], [106.07487545, 20.94355158], [106.24432913, 21.16113900], [106.25050016, 21.16879380], [106.25676620, 21.17604200], [106.26380806, 21.18363262], [106.45370634, 21.38127724], [106.46001018, 21.38764077], [106.46704388, 21.39429141], [106.47483770, 21.40116299], [106.68415167, 21.57934152], [106.69588858, 21.58884427], [106.70398506, 21.59485632], [106.92875476, 21.75581065], [106.93878460, 21.76269492], [106.94750599, 21.76821672], [107.18556048, 21.91326481], [107.19132672, 21.91668826], [107.20070889, 21.92190159], [107.44880607, 22.05424967], [107.46306624, 22.06141900], [107.72293809, 22.18429453], [107.73502975, 22.18971842], [108.00172409, 22.30299807], [108.01165344, 22.30702773], [108.28302498, 22.41209522], [108.28964089, 22.41457626], [108.56476980, 22.51443521], [108.57174461, 22.51687954], [108.85181082, 22.61155704], [108.85694514, 22.61324651], [109.14088826, 22.70413768], [109.14125034, 22.70425438], [109.42318449, 22.79574366], [109.42387505, 22.79597066], [109.70299565, 22.88890471], [109.70388622, 22.88920611], [109.98234238, 22.98498079], [109.98656074, 22.98640028], [110.26829050, 23.07911622], [110.28027081, 23.08281116], [110.56785478, 23.16563356], [110.57945864, 23.16875097], [110.87150896, 23.24162082], [110.88348637, 23.24437719], [111.17801891, 23.30650126], [111.18252496, 23.30741951], [111.47809618, 23.36554712], [111.48286008, 23.36644834], [111.77934507, 23.42032457], [112.07205635, 23.47408808], [112.07422055, 23.47451133], [112.36313055, 23.53446878], [112.36594091, 23.53509617], [112.65360509, 23.60386684], [112.65663104, 23.60464264], [112.94083174, 23.68247090], [112.94447052, 23.68354547], [113.22637472, 23.77292020], [113.22861298, 23.77366039], [113.51238805, 23.87141311], [113.51359718, 23.87183874], [113.79375048, 23.97258268], [113.79674806, 23.97371802], [114.06706913, 24.08135041], [114.07059207, 24.08283606], [114.33666664, 24.20142039], [114.33836209, 24.20219613], [114.60811933, 24.32885349], [114.60866040, 24.32910694], [114.88194706, 24.45681955], [114.88324871, 24.45742441], [115.15722020, 24.58401194], [115.15879183, 24.58473313], [115.43335935, 24.70985957], [115.43371619, 24.71002309], [115.70329025, 24.83422768], [115.70524290, 24.83515457], [115.96170148, 24.96050714], [115.96531208, 24.96236939], [116.20644538, 25.09340187], [116.21023852, 25.09557902], [116.44242104, 25.23614363], [116.44636163, 25.23866618], [116.67218263, 25.39133888], [116.67548314, 25.39367640], [116.90201001, 25.56163287], [116.90379684, 25.56299155], [117.13011107, 25.73944611], [117.13248165, 25.74135806], [117.35350487, 25.92571932], [117.35588988, 25.92777892], [117.57647887, 26.12496710], [117.57686158, 26.12531113], [117.80139477, 26.32829971], [117.80164376, 26.32852564], [118.02655273, 26.53335577], [118.25191449, 26.73811213], [118.25940904, 26.74471198], [118.48786052, 26.93968487], [118.49507406, 26.94566250], [118.72663286, 27.13195044], [118.73425740, 27.13789892], [118.96850280, 27.31509202], [118.98115171, 27.32419159], [119.22069289, 27.48795732], [119.22890499, 27.49337722], [119.23785222, 27.49886130], [119.48277851, 27.64325769], [119.49050911, 27.64766266], [119.49986710, 27.65260652], [119.74520631, 27.77689843], [119.75054741, 27.77953589], [119.76036854, 27.78405635], [120.00051189, 27.88966327], [120.00885545, 27.89318537], [120.01875524, 27.89699741], [120.25465178, 27.98325667], [120.26826644, 27.98788622], [120.27809146, 27.99079737], [120.51300659, 28.05609380], [120.52231291, 28.05852510], [120.53186072, 28.06069089], [120.54221353, 28.06267397], [120.77703684, 28.10355540], [120.79184574, 28.10577690], [120.80121196, 28.10679789], [120.81173486, 28.10758707], [121.04868771, 28.12134589], [121.05442314, 28.12162302], [121.06450693, 28.12184199], [121.07424868, 28.12172519], [121.08479147, 28.12124312], [121.32440482, 28.10623629], [121.32952571, 28.10587021], [121.33960436, 28.10488903], [121.34925770, 28.10361933], [121.35965960, 28.10189225], [121.59327678, 28.05903795], [121.60807818, 28.05595832], [121.61719028, 28.05367247], [121.62730684, 28.05076721], [121.85597439, 27.98088215], [121.86606520, 27.97760856], [121.87517983, 27.97430421], [121.88492530, 27.97039128], [122.10772480, 27.87649815], [122.11256541, 27.87440574], [122.12168553, 27.87017619], [122.13103418, 27.86544613], [122.34706798, 27.75145784], [122.35931057, 27.74464135], [122.36801710, 27.73933008], [122.58262782, 27.60329319], [122.58945389, 27.59883398], [122.59813966, 27.59276813], [122.81304617, 27.43709752], [122.82269417, 27.42983138], [123.03549090, 27.26326704], [123.04351504, 27.25677713], [123.25617784, 27.07908272], [123.26376216, 27.07254278], [123.47759748, 26.88227567], [123.48106075, 26.87914878], [123.69461041, 26.68350803], [123.69877146, 26.67962754], [123.91105174, 26.47811088], [123.91445655, 26.47483061], [124.12603020, 26.26796283], [124.12665146, 26.26735373], [124.33741977, 26.06014950], [124.33789563, 26.05968508], [124.54692808, 25.85715480], [124.54832326, 25.85583114], [124.75786638, 25.66116754], [124.75970663, 25.65950373], [124.97388231, 25.47105587], [124.97552234, 25.46964669], [125.19429195, 25.28608971], [125.19606382, 25.28464011], [125.41691915, 25.10847908], [125.41967078, 25.10636744], [125.64444606, 24.94046320], [125.64733043, 24.93841792], [125.87812574, 24.78126913], [125.88172942, 24.77893494], [126.12073986, 24.63180720], [126.12446359, 24.62963155], [126.37657952, 24.49000041], [126.37989607, 24.48824906], [126.64613369, 24.35436882], [126.64832240, 24.35330335], [126.92458394, 24.22319673], [126.92660028, 24.22227585], [127.21158365, 24.09613461], [127.21240331, 24.09577642], [127.50377399, 23.97008553], [127.50443396, 23.96979999], [127.79673776, 23.84295396], [127.79953760, 23.84172358], [128.08946710, 23.71271583], [128.09624133, 23.70960976], [128.38118651, 23.57505482], [128.39009197, 23.57068487], [128.66853163, 23.42882323], [128.67758273, 23.42403324], [128.95010625, 23.27433832], [128.95937399, 23.26904997], [129.22450810, 23.11199314], [129.23446125, 23.10585462], [129.49178663, 22.94073237], [129.50336906, 22.93294552], [129.75253092, 22.75757290], [129.76196271, 22.75067756], [130.00371535, 22.56717364], [130.01392865, 22.55909235], [130.24736894, 22.36661298], [130.25670170, 22.35861420], [130.48155537, 22.15833241], [130.49062418, 22.14993623], [130.70647014, 21.94223519], [130.71715271, 21.93145600], [130.92225445, 21.71441654], [130.92750103, 21.70871318], [130.93438478, 21.70074858], [131.12512271, 21.47206386], [131.13470662, 21.45998629], [131.31412205, 21.22218348], [131.32319401, 21.20951878], [131.49165333, 20.96157896], [131.49934155, 20.94969408], [131.65719189, 20.69312676], [131.66343283, 20.68251940], [131.81193805, 20.41830640], [131.81817784, 20.40662923], [131.95530532, 20.13628889], [131.96077470, 20.12493972], [132.08763044, 19.84739345], [132.09080341, 19.84021119], [132.21135552, 19.55765994], [132.21291986, 19.55392567], [132.33022893, 19.26865114], [132.33148671, 19.26554448], [132.44611149, 18.97793780], [132.44654834, 18.97683554], [132.56021451, 18.68840832], [132.56071042, 18.68714176], [132.67310710, 18.39819804], [132.67426872, 18.39516450], [132.78371865, 18.10475446], [132.78466293, 18.10221509], [132.89158846, 17.81074314], [132.89228030, 17.80883781], [132.99721141, 17.51685800], [132.99917350, 17.51122710], [133.09814528, 17.21805567], [133.10032264, 17.21135270], [133.19233457, 16.91660306], [133.19418052, 16.91046461], [133.27988214, 16.61426382], [133.28134753, 16.60902508], [133.36166637, 16.31171883], [133.36293635, 16.30685965], [133.43828079, 16.00857687], [133.43910124, 16.00525031], [133.51107391, 15.70622378], [133.51126755, 15.70541443], [133.58235236, 15.40649706], [133.58354247, 15.40129056], [133.64903963, 15.10274408], [133.65078474, 15.09420866], [133.70726110, 14.79634679], [133.70862055, 14.78863669], [133.75713048, 14.49119779], [133.75846755, 14.48214451], [133.79783410, 14.18470172], [133.79858902, 14.17851010], [133.83168214, 13.88178088], [133.83237586, 13.87483791], [133.85852521, 13.57880473], [133.85932426, 13.56724834], [133.87408235, 13.27208884], [133.87445951, 13.25792071], [133.87542524, 12.96233907], [133.87518251, 12.94916990], [133.86325022, 12.65195409], [133.86240301, 12.63841050], [133.83697444, 12.33931867], [133.83568427, 12.32708376], [133.79794253, 12.02745500], [133.79594100, 12.01399929], [133.74466404, 11.71532058], [133.74219504, 11.70257439], [133.67812324, 11.40581109], [133.67490781, 11.39239574], [133.59713256, 11.09746505], [133.59375314, 11.08562254], [133.50432938, 10.79458185], [133.50061420, 10.78327692], [133.40020552, 10.49661604], [133.39629096, 10.48606386], [133.28540138, 10.20313898], [133.28199066, 10.19479815], [133.16246878, 9.91428992], [133.15866939, 9.90573521], [133.03021427, 9.62793287], [133.02667853, 9.62054473], [132.89017156, 9.34473784], [132.88708173, 9.33866386], [132.74373614, 9.06437553], [132.74018473, 9.05777530], [132.58983826, 8.78625815], [132.58657373, 8.78050766], [132.43060957, 8.51244616], [132.42688823, 8.50621802], [132.26471043, 8.24182432], [132.26099031, 8.23590899], [132.09280835, 7.97500042], [132.08902985, 7.96927729], [131.91507207, 7.71196123], [131.91070341, 7.70566622], [131.73010892, 7.45210105], [131.72610303, 7.44660336], [131.53998322, 7.19688799], [131.53594261, 7.19158475], [131.34444815, 6.94568681], [131.34087299, 6.94118120], [131.14409920, 6.69777891], [131.14219123, 6.69544172], [130.94249077, 6.45318207], [130.94000834, 6.45020786], [130.73690264, 6.20986870], [130.73346181, 6.20586517], [130.52625874, 5.96879616], [130.52301423, 5.96514113], [130.31207289, 5.73115904], [130.31035885, 5.72927303], [130.09782622, 5.49729038], [130.09750388, 5.49693667], [129.88778517, 5.26559181], [129.88696000, 5.26466898], [129.68213608, 5.03243835], [129.68110636, 5.03125024], [129.48111009, 4.79640626], [129.48023253, 4.79535991], [129.28360167, 4.55728196], [129.28313853, 4.55671655], [129.08717675, 4.31550297], [128.89061377, 4.07281342], [128.69384886, 3.82998975], [128.49731894, 3.58747816], [128.30175321, 3.34522375], [128.30144104, 3.34483485], [128.10834191, 3.10291444], [128.10771362, 3.10211817], [127.91887373, 2.86000105], [127.91784283, 2.85865332], [127.73509404, 2.61501960], [127.73388143, 2.61336398], [127.55831280, 2.36782073], [127.55678212, 2.36561073], [127.38852975, 2.11473153], [127.38765739, 2.11340549], [127.22106626, 1.85521646], [127.22089626, 1.85495197], [127.05358810, 1.59363843], [126.88684263, 1.33238549], [126.88655360, 1.33192961], [126.72134690, 1.06960534], [126.55545418, 0.80661792], [126.55464259, 0.80533822], [126.38806523, 0.54408051], [126.38600535, 0.54089266], [126.21754597, 0.28362179], [126.21072945, 0.27363719], [126.03628543, 0.02839863], [126.03290440, 0.02374866], [126.02640365, 0.01531550], [125.84586972, -0.21054431], [125.83990917, -0.21776075], [125.83301073, -0.22556357], [125.64408355, -0.43185646], [125.63642989, -0.43990638], [125.62905496, -0.44712239], [125.42906050, -0.63609423], [125.42386564, -0.64088366], [125.41583995, -0.64785461], [125.20709037, -0.82290341], [125.20255713, -0.82662578], [125.19407349, -0.83320798], [124.97756463, -0.99526867], [124.97198244, -0.99934450], [124.96317324, -1.00539132], [124.73870023, -1.15384903], [124.72493392, -1.16246975], [124.49446974, -1.29895214], [124.48182025, -1.30607045], [124.24647152, -1.43175286], [124.23220544, -1.43893285], [123.99058434, -1.55330132], [123.98521061, -1.55577839], [123.97526256, -1.56003987], [123.72602767, -1.66181704], [123.71901684, -1.66457781], [123.70892777, -1.66821031], [123.45031885, -1.75638852], [123.44377766, -1.75853502], [123.43344024, -1.76160409], [123.16469221, -1.83646158], [123.14981463, -1.84024047], [122.86966796, -1.90460677], [122.86032143, -1.90661452], [122.57300697, -1.96406667], [122.56407506, -1.96572747], [122.27150518, -2.01604709], [122.26440704, -2.01718117], [122.25370948, -2.01857615], [121.95400800, -2.05252690], [121.94657265, -2.05327671], [121.93582745, -2.05404471], [121.62930456, -2.07076574], [121.61329597, -2.07125812], [121.30438396, -2.07342101]]]}
    },
    {
      "type": "Feature",
      "properties": {"block_id": "ADC_WNP_06", "basin_id": "BASIN_WNP", "basin_label": "Western North Pacific and East Asia", "domain_count": 3, "grid_cell_count": 158, "outer_area_km2": 6627909.530782, "shelf_width_km": 250.000000, "outer_buffer_km": 430.000000, "shelf_add_area_km2": 0.000000, "shelf_add_cell_count": 0, "shelf_add_component_count": 0, "bay_add_area_km2": 2288904.589454, "bay_add_cell_count": 2866, "bay_add_core_cell_count": 2866, "bay_add_component_count": 6, "open_ocean_area_risk": 0},
      "geometry": {"type": "Polygon", "coordinates": [[[124.72653087, 7.76726766], [124.71560299, 7.76766258], [124.41227864, 7.78343334], [124.39718463, 7.78453524], [124.38629864, 7.78573388], [124.08438941, 7.82383298], [124.07021016, 7.82591075], [124.05940746, 7.82789230], [123.76048800, 7.88766297], [123.74713270, 7.89060196], [123.73648764, 7.89334183], [123.44218978, 7.97414544], [123.42955865, 7.97786995], [123.41914181, 7.98134174], [123.13062576, 8.08271472], [123.11933760, 8.08690413], [123.10915527, 8.09108014], [122.82755106, 8.21198209], [122.81789348, 8.21630962], [122.80796055, 8.22115073], [122.53396998, 8.36032857], [122.52619954, 8.36440806], [122.51651553, 8.36987012], [122.25127750, 8.52535689], [122.23629470, 8.53465291], [121.97974959, 8.70292723], [121.96622874, 8.71226169], [121.71714701, 8.89312895], [121.70453217, 8.90274375], [121.46276077, 9.09608796], [121.45126348, 9.10570889], [121.21641805, 9.31131162], [121.20578906, 9.32103115], [120.97764828, 9.53893762], [120.96992384, 9.54656311], [120.74757255, 9.77345296], [120.74154723, 9.77976819], [120.52417125, 10.01381278], [120.51911732, 10.01938267], [120.30621147, 10.25958718], [120.30272543, 10.26358616], [120.09304028, 10.50817359], [120.09066917, 10.51097165], [119.88323087, 10.75862472], [119.88246730, 10.75953979], [119.67611304, 11.00777432], [119.67587706, 11.00805704], [119.46994953, 11.25375478], [119.46927617, 11.25454896], [119.26254956, 11.49557316], [119.26149021, 11.49678655], [119.05261572, 11.73184504], [119.05113497, 11.73347194], [118.83907023, 11.96097425], [118.83708221, 11.96304211], [118.62051901, 12.18147893], [118.61818272, 12.18375496], [118.39673665, 12.39213989], [118.39365447, 12.39491584], [118.16617262, 12.59100447], [118.16278160, 12.59379515], [117.92821536, 12.77805433], [117.92437546, 12.78092097], [117.68285188, 12.95219183], [117.68135238, 12.95323443], [117.67855145, 12.95507528], [117.42985526, 13.11259702], [117.42813570, 13.11366198], [117.42522561, 13.11535809], [117.16880517, 13.25913954], [117.16719823, 13.26002162], [117.16419160, 13.26157330], [116.90157229, 13.39166055], [116.89936213, 13.39272274], [116.89625802, 13.39410784], [116.62835727, 13.50842883], [116.62616730, 13.50933408], [116.62297821, 13.51055035], [116.34926709, 13.60988030], [116.34686146, 13.61072057], [116.34359658, 13.61175865], [116.06387035, 13.69575888], [116.06171876, 13.69638043], [116.05839327, 13.69724619], [115.77262625, 13.76677367], [115.77038355, 13.76729395], [115.76700807, 13.76798276], [115.47607838, 13.82253423], [115.47406699, 13.82289177], [115.47065450, 13.82340957], [115.17355218, 13.86367375], [115.16848664, 13.86423985], [114.86541853, 13.89095130], [114.86068728, 13.89126494], [114.55200778, 13.90500828], [114.54758194, 13.90511563], [114.23383927, 13.90637312], [114.23004986, 13.90632265], [113.91182163, 13.89656813], [113.90827930, 13.89640200], [113.58597702, 13.87604143], [113.58318280, 13.87582889], [113.25625016, 13.84673504], [113.25412205, 13.84652461], [112.92279545, 13.81047780], [112.92152047, 13.81033148], [112.58674291, 13.76991275], [112.58598071, 13.76981800], [112.24824853, 13.72662241], [112.24647273, 13.72639953], [111.90793220, 13.68471626], [111.90326971, 13.68417131], [111.56729651, 13.64699843], [111.55406751, 13.64576743], [111.22723801, 13.62108104], [111.20975140, 13.62016232], [110.89659452, 13.61088935], [110.89017780, 13.61076043], [110.87858845, 13.61082117], [110.57606555, 13.61719267], [110.57019001, 13.61736820], [110.55858293, 13.61800143], [110.26419635, 13.63874024], [110.25572646, 13.63944132], [110.24437111, 13.64070349], [109.95632261, 13.67735541], [109.94725214, 13.67863115], [109.93605615, 13.68053936], [109.65428946, 13.73319280], [109.64812892, 13.73440427], [109.63686769, 13.73691759], [109.35899935, 13.80361531], [109.34411989, 13.80751097], [109.06792116, 13.88591790], [109.06066736, 13.88806584], [109.04984429, 13.89159632], [108.77765968, 13.98527686], [108.76703931, 13.98912882], [108.75676590, 13.99324061], [108.49209704, 14.10421254], [108.48518695, 14.10720377], [108.47496113, 14.11197373], [108.21623272, 14.23788471], [108.20059887, 14.24597341], [107.94600563, 14.38575504], [107.93834571, 14.39009722], [107.92887531, 14.39585229], [107.68124368, 14.55208128], [107.67394101, 14.55682941], [107.66488867, 14.56311777], [107.42555863, 14.73546420], [107.42034076, 14.73930680], [107.41157419, 14.74614623], [107.17954063, 14.93366019], [107.16875179, 14.94275910], [106.94181416, 15.14246765], [106.92927845, 15.15408450], [106.71055108, 15.36754526], [106.70131442, 15.37692907], [106.48869213, 15.60183554], [106.47845526, 15.61318930], [106.27506636, 15.84982237], [106.26530503, 15.86174991], [106.07240097, 16.10948282], [106.06937911, 16.11343782], [106.06299147, 16.12228733], [105.88477575, 16.37885534], [105.87824293, 16.38865141], [105.71314182, 16.64672136], [105.71019930, 16.65141316], [105.55176523, 16.90915817], [105.54626179, 16.91847636], [105.40092699, 17.17481591], [105.39399030, 17.18777243], [105.26428286, 17.44487535], [105.26196148, 17.44959433], [105.25750959, 17.45934155], [105.14553000, 17.71716027], [105.14241696, 17.72463179], [105.13872087, 17.73442237], [105.04745441, 17.99069729], [105.04410194, 18.00072159], [105.04122870, 18.01055249], [104.97082106, 18.26964341], [104.96794225, 18.28123842], [104.96591251, 18.29113808], [104.91692084, 18.55571539], [104.91519281, 18.56620925], [104.91393350, 18.57630514], [104.88594041, 18.84223044], [104.88507409, 18.85230188], [104.88459010, 18.86248895], [104.87718077, 19.12497442], [104.87709188, 19.12982103], [104.87719761, 19.13960847], [104.87770003, 19.14978849], [104.89539748, 19.40751078], [104.89588920, 19.41359592], [104.89697360, 19.42324430], [104.89850273, 19.43333985], [104.94201765, 19.68761004], [104.94414135, 19.69862987], [104.94646239, 19.70852784], [105.01057565, 19.96024540], [105.01395408, 19.97233982], [105.01708060, 19.98195802], [105.10234304, 20.22830734], [105.10767827, 20.24247000], [105.11162333, 20.25164711], [105.22049829, 20.49240508], [105.22745732, 20.50671656], [105.23224529, 20.51550445], [105.36720212, 20.75268552], [105.37390221, 20.76386446], [105.37954765, 20.77246749], [105.53750954, 21.00389243], [105.54076658, 21.00855895], [105.54675915, 21.01664417], [105.55335084, 21.02489989], [105.73737433, 21.24710771], [105.74234163, 21.25294638], [105.74906719, 21.26037311], [105.75649969, 21.26801988], [105.96352929, 21.47366783], [105.96841205, 21.47840681], [105.97591837, 21.48528107], [105.98410181, 21.49226981], [106.21160548, 21.67987579], [106.22177072, 21.68791625], [106.23039317, 21.69422792], [106.47441135, 21.86656065], [106.48286026, 21.87232712], [106.49210593, 21.87820262], [106.74677677, 22.03410559], [106.75895445, 22.04121011], [106.76844329, 22.04627632], [107.03438901, 22.18265879], [107.04183273, 22.18635692], [107.05203088, 22.19105776], [107.32626510, 22.31205396], [107.34201068, 22.31856600], [107.62514771, 22.42801691], [107.63592652, 22.43199134], [107.92696420, 22.53418347], [107.93296332, 22.53623237], [108.22770658, 22.63408856], [108.23638164, 22.63685112], [108.53726838, 22.72862704], [108.54380887, 22.73055681], [108.85090043, 22.81812266], [108.85173551, 22.81835973], [109.15929582, 22.90528724], [109.15980949, 22.90543381], [109.46379572, 22.99299614], [109.46506197, 22.99336939], [109.76738940, 23.08452366], [109.76853342, 23.08486660], [110.07385645, 23.17585791], [110.37737174, 23.26642627], [110.37820025, 23.26667717], [110.67932125, 23.35920438], [110.67972439, 23.35932914], [110.98169586, 23.45343084], [111.28411020, 23.54786172], [111.58099746, 23.64096250], [111.58374225, 23.64186447], [111.86893822, 23.73991367], [111.87275602, 23.74130906], [112.15489538, 23.85065630], [112.15791059, 23.85187914], [112.43901297, 23.97101588], [112.44281584, 23.97271840], [112.71546886, 24.10143172], [112.71980669, 24.10360616], [112.98556403, 24.24480119], [112.98990335, 24.24724494], [113.25520477, 24.40538457], [113.25793046, 24.40706884], [113.52680875, 24.57922348], [113.52792599, 24.57994939], [113.79671977, 24.75716486], [113.79879524, 24.75857118], [114.05518704, 24.93708202], [114.05856693, 24.93954363], [114.30179459, 25.12476723], [114.30446728, 25.12687757], [114.54290482, 25.32205233], [114.54425748, 25.32318037], [114.78345896, 25.52640537], [115.02590908, 25.73190485], [115.02666131, 25.73254055], [115.26844069, 25.93625671], [115.26896679, 25.93670323], [115.50522558, 26.13869043], [115.50700760, 26.14025258], [115.73467483, 26.34488583], [115.73669743, 26.34675759], [115.95658592, 26.55627444], [115.95798795, 26.55763840], [116.17348286, 26.77169282], [116.17486335, 26.77309320], [116.38622813, 26.99206787], [116.38731057, 26.99320841], [116.59681301, 27.21773236], [116.59743058, 27.21840075], [116.80600674, 27.44638288], [116.80661386, 27.44705305], [117.01227461, 27.67631677], [117.01311931, 27.67727163], [117.21017238, 27.90315861], [117.21125348, 27.90442083], [117.21330228, 27.90694756], [117.39599095, 28.14069502], [117.39686834, 28.14183626], [117.57920159, 28.38295933], [117.58033931, 28.38449766], [117.75430683, 28.62504584], [117.75626408, 28.62786480], [117.91580850, 28.86739015], [117.91675040, 28.86883455], [117.91843027, 28.87157573], [118.06096227, 29.11403141], [118.06185859, 29.11559277], [118.06337120, 29.11841281], [118.19353383, 29.37225624], [118.19495157, 29.37515381], [118.31769505, 29.63845758], [118.31863352, 29.64054330], [118.43176532, 29.90127924], [118.43327155, 29.90498824], [118.52893907, 30.15757348], [118.52971120, 30.15969787], [118.53069490, 30.16270401], [118.60659118, 30.41042056], [118.60720524, 30.41252320], [118.60799123, 30.41557676], [118.66709029, 30.66475844], [118.66762279, 30.66716295], [118.66819778, 30.67025489], [118.71023035, 30.92313816], [118.71054795, 30.92521292], [118.71092342, 30.92832994], [118.73657188, 31.18226445], [118.73680128, 31.18499279], [118.73695127, 31.18812538], [118.74430146, 31.44514087], [118.74432932, 31.44840671], [118.74133568, 31.70806055], [118.74120360, 31.71185175], [118.72603590, 31.97255365], [118.72583601, 31.97522920], [118.70145723, 32.24231666], [118.70126367, 32.24419660], [118.67004715, 32.51641883], [118.66984159, 32.51806387], [118.63242917, 32.79463715], [118.63216364, 32.79644755], [118.58842901, 33.07306816], [118.58790730, 33.07601776], [118.53299363, 33.35655202], [118.53267945, 33.35808009], [118.47279193, 33.63597493], [118.47186717, 33.63981700], [118.39933534, 33.91236902], [118.39818643, 33.91629468], [118.31201170, 34.18598198], [118.31068003, 34.18982486], [118.21149659, 34.45508495], [118.21023337, 34.45826522], [118.10070548, 34.71853754], [118.09924374, 34.72181579], [117.97803990, 34.97895329], [117.97677149, 34.98153135], [117.84405758, 35.24026715], [117.84385169, 35.24066597], [117.70726499, 35.50357303], [117.70554601, 35.50693299], [117.57226063, 35.77152876], [117.56704035, 35.78243301], [117.44517969, 36.05075978], [117.44095190, 36.06052915], [117.33019688, 36.32958221], [117.32562494, 36.34140249], [117.22836891, 36.60986285], [117.22371405, 36.62379179], [117.14135946, 36.89249350], [117.13875034, 36.90157321], [117.13627005, 36.91157160], [117.07493929, 37.18066829], [117.07308154, 37.18951217], [117.07133007, 37.19966390], [117.03092643, 37.46399770], [117.02960326, 37.47389758], [117.02863622, 37.48406566], [117.00911163, 37.74188175], [117.00872734, 37.74791418], [117.00838770, 37.75839624], [117.00517688, 38.00284854], [117.00532551, 38.01652402], [117.01351392, 38.25127559], [117.01402765, 38.26111726], [117.02993672, 38.48988337], [117.03105779, 38.50216433], [117.05642315, 38.72644284], [117.05753991, 38.73504188], [117.05923410, 38.74522647], [117.09975157, 38.96294630], [117.10069705, 38.96776145], [117.10286943, 38.97734616], [117.10551483, 38.98725035], [117.16590999, 39.19726491], [117.16871678, 39.20640995], [117.17185096, 39.21542933], [117.17560074, 39.22503625], [117.25910088, 39.42764399], [117.26195307, 39.43430703], [117.26608962, 39.44317054], [117.27082847, 39.45241162], [117.37772150, 39.65168481], [117.38502131, 39.66449599], [117.39042663, 39.67308539], [117.52214146, 39.87415058], [117.52887537, 39.88398447], [117.53509389, 39.89235571], [117.69154121, 40.09522651], [117.70111642, 40.10701624], [117.70793640, 40.11471450], [117.89067147, 40.31376413], [117.90075030, 40.32423561], [117.90828033, 40.33144309], [118.11831335, 40.52557791], [118.12235179, 40.52924055], [118.13017014, 40.53595932], [118.13859457, 40.54270882], [118.37282526, 40.72386946], [118.37835654, 40.72804778], [118.38674645, 40.73401956], [118.39582655, 40.74003040], [118.65181317, 40.90335647], [118.66451128, 40.91106399], [118.67385479, 40.91624876], [118.94613352, 41.06147857], [118.95686644, 41.06695725], [118.96679019, 41.07159954], [119.25069437, 41.19877182], [119.26189446, 41.20354994], [119.27216179, 41.20752162], [119.56343250, 41.31478650], [119.57803441, 41.31980108], [119.58840819, 41.32292719], [119.88443479, 41.40696353], [119.89743781, 41.41038787], [119.90818856, 41.41281953], [120.20592808, 41.47518264], [120.21357103, 41.47669240], [120.22486495, 41.47860400], [120.52236316, 41.52410408], [120.53742660, 41.52610095], [120.83618900, 41.55965667], [120.84096896, 41.56016306], [121.14045366, 41.58998371], [121.14624775, 41.59051608], [121.44569467, 41.61573082], [121.46162866, 41.61673790], [121.76175595, 41.62942378], [121.77801638, 41.62976520], [122.08228732, 41.62968881], [122.09863602, 41.62933543], [122.40437707, 41.61618750], [122.42081213, 41.61512577], [122.72663995, 41.58874106], [122.74211829, 41.58708701], [123.04726972, 41.54816173], [123.06164487, 41.54604831], [123.36960178, 41.49473944], [123.38118604, 41.49262395], [123.69421910, 41.43041301], [123.70314300, 41.42851658], [123.71414666, 41.42583982], [124.02831886, 41.34406122], [124.03570116, 41.34204980], [124.04660805, 41.33875378], [124.35734801, 41.23935545], [124.36253943, 41.23764597], [124.37338226, 41.23377600], [124.67991435, 41.11873040], [124.69146964, 41.11416898], [124.99391112, 40.98880960], [125.00005504, 40.98619685], [125.30004954, 40.85536213], [125.30547998, 40.85294070], [125.60337104, 40.71717364], [125.60717132, 40.71541500], [125.90406031, 40.57593259], [126.19823379, 40.43758005], [126.19977421, 40.43687095], [126.49350565, 40.30456335], [126.49525441, 40.30379493], [126.79368135, 40.17592173], [126.79466725, 40.17550527], [127.09833138, 40.04906391], [127.40374760, 39.92194844], [127.40772546, 39.92026514], [127.71171067, 39.78949919], [127.71735654, 39.78701353], [128.02025403, 39.65057690], [128.02138437, 39.65006542], [128.32402037, 39.51249883], [128.32757889, 39.51085797], [128.62906841, 39.36985415], [128.63032161, 39.36926511], [128.93168504, 39.22690998], [129.23336182, 39.08390787], [129.53451030, 38.94075239], [129.53890690, 38.93862577], [129.83725605, 38.79181034], [129.84524452, 38.78775466], [130.14098068, 38.63293048], [130.43688246, 38.47835785], [130.43734493, 38.47811776], [130.73425782, 38.32493852], [131.03278542, 38.17174170], [131.03369218, 38.17127474], [131.33146484, 38.01739253], [131.33413199, 38.01599996], [131.62942597, 37.86023626], [131.63425128, 37.85764342], [131.92536227, 37.69832051], [131.93199308, 37.69459870], [132.21742823, 37.53033526], [132.22592520, 37.52528565], [132.50407344, 37.35465648], [132.51413354, 37.34824662], [132.78379497, 37.16987543], [132.79453793, 37.16247491], [133.05484957, 36.97580486], [133.06630787, 36.96721997], [133.31590699, 36.77190456], [133.32783599, 36.76212335], [133.56582648, 36.55769130], [133.57824205, 36.54647328], [133.80341108, 36.33247238], [133.80765621, 36.32835445], [133.81534014, 36.32047468], [134.02563402, 36.09708234], [134.02966390, 36.09271102], [134.03685055, 36.08446041], [134.23207326, 35.85210945], [134.23582481, 35.84754775], [134.24249571, 35.83894820], [134.42274007, 35.59775262], [134.42598737, 35.59331496], [134.43214829, 35.58437769], [134.59762960, 35.33473092], [134.60028415, 35.33064534], [134.60594155, 35.32139104], [134.75693743, 35.06389242], [134.75946131, 35.05949182], [134.76456043, 35.04999213], [134.90045579, 34.78516574], [134.90332523, 34.77940454], [134.90777212, 34.76974474], [135.02670517, 34.49814648], [135.02938618, 34.49180209], [135.03318440, 34.48195334], [135.13433966, 34.20418584], [135.13617023, 34.19898630], [135.13939719, 34.18887223], [135.22391436, 33.90553343], [135.22542712, 33.90025468], [135.22803861, 33.88999547], [135.29533837, 33.60281437], [135.29855816, 33.58712537], [135.34989290, 33.29607875], [135.35221628, 33.28037753], [135.38748137, 32.98591377], [135.38886815, 32.97105791], [135.40881100, 32.67359936], [135.40940536, 32.65955177], [135.41468862, 32.35969630], [135.41461225, 32.34638791], [135.40583591, 32.04481726], [135.40525265, 32.03308925], [135.38393811, 31.73031309], [135.38287817, 31.71866727], [135.34899471, 31.41531250], [135.34762314, 31.40480193], [135.30224845, 31.10102218], [135.30075424, 31.09200446], [135.24543429, 30.78821019], [135.24385036, 30.78016434], [135.17954006, 30.47637947], [135.17840418, 30.47124530], [135.10827225, 30.16739958], [135.10739491, 30.16370923], [135.03312276, 29.86015956], [135.03247982, 29.85758316], [134.95529818, 29.55422451], [134.95455471, 29.55136349], [134.87415931, 29.24834134], [134.87328149, 29.24510815], [134.78920815, 28.94236543], [134.78882328, 28.94099263], [134.70312624, 28.63817362], [134.70283911, 28.63716596], [134.61611257, 28.33487068], [134.61603110, 28.33458480], [134.53051000, 28.03241638], [134.44588793, 27.73099945], [134.44566471, 27.73018858], [134.36483185, 27.43063232], [134.36451959, 27.42943995], [134.28840364, 27.12969996], [134.28814898, 27.12866946], [134.21595132, 26.82824267], [134.21569851, 26.82715855], [134.14752558, 26.52563854], [134.14734555, 26.52482307], [134.08198141, 26.22147097], [134.08188437, 26.22101433], [134.01817731, 25.91699384], [134.01804229, 25.91633615], [133.95694726, 25.61245085], [133.95679120, 25.61165430], [133.89866993, 25.30702786], [133.89856635, 25.30647469], [133.84241218, 25.00079824], [133.84231372, 25.00025189], [133.78812618, 24.69362762], [133.78806973, 24.69330445], [133.73495610, 24.38558308], [133.68233456, 24.07697537], [133.68218478, 24.07610504], [133.62860844, 23.76762541], [133.62844608, 23.76669958], [133.57389536, 23.45859361], [133.57345088, 23.45614498], [133.51627736, 23.14875567], [133.51585140, 23.14651499], [133.45626367, 22.83970011], [133.45591039, 22.83791136], [133.39443244, 22.53174020], [133.39358616, 22.52767742], [133.32773018, 22.22254059], [133.32704524, 22.21944938], [133.25782612, 21.91497062], [133.25701957, 21.91152078], [133.18403690, 21.60776670], [133.18350337, 21.60558353], [133.10819906, 21.30255023], [133.10689833, 21.29750989], [133.02610609, 20.99566741], [133.02466067, 20.99046167], [132.93810462, 20.68960361], [132.93652077, 20.68428938], [132.84402921, 20.38440815], [132.84250968, 20.37962768], [132.74465462, 20.08068479], [132.74340737, 20.07695924], [132.64135270, 19.77877971], [132.64037912, 19.77598134], [132.53522303, 19.47857821], [132.53393809, 19.47501728], [132.42487880, 19.17877023], [132.42332397, 19.17464233], [132.30959976, 18.87943034], [132.30840318, 18.87637490], [132.19127946, 18.58212481], [132.18999302, 18.57894661], [132.06930425, 18.28567219], [132.06833278, 18.28333980], [131.94501391, 17.99078079], [131.94423315, 17.98894576], [131.81881518, 17.69690025], [131.81848304, 17.69612985], [131.69216354, 17.40425920], [131.69190783, 17.40367010], [131.56492398, 17.11199323], [131.43817866, 16.82066612], [131.31223621, 16.52902704], [131.18671108, 16.23744873], [131.18660812, 16.23720854], [131.06205525, 15.94541928], [130.93776268, 15.65331487], [130.81446520, 15.36173840], [130.81425464, 15.36123597], [130.69323123, 15.06983097], [130.69304598, 15.06938127], [130.57391389, 14.77781380], [130.57364186, 14.77713976], [130.45736976, 14.48543572], [130.45708896, 14.48472185], [130.34351507, 14.19208379], [130.34329476, 14.19150993], [130.23198591, 13.89838856], [130.23168851, 13.89759332], [130.12330921, 13.60327399], [130.12318060, 13.60292231], [130.01599308, 13.30779126], [130.01577613, 13.30718672], [129.91068739, 13.01078750], [129.80548403, 12.71297902], [129.70008467, 12.41513598], [129.69948272, 12.41345129], [129.59247189, 12.11681067], [129.59147447, 12.11408790], [129.48174459, 11.81905248], [129.48021632, 11.81503334], [129.36652864, 11.52248616], [129.36415185, 11.51656042], [129.24463301, 11.22763540], [129.24163337, 11.22063930], [129.11537591, 10.93626915], [129.11149127, 10.92787291], [128.97731685, 10.64925200], [128.97238922, 10.63947857], [128.82906252, 10.36759491], [128.82325082, 10.35708058], [128.67044119, 10.09307153], [128.66330629, 10.08135749], [128.50026701, 9.82664646], [128.49156299, 9.81377106], [128.31732595, 9.56940521], [128.31343231, 9.56407872], [128.30678172, 9.55552737], [128.12094824, 9.32522540], [128.11561807, 9.31881046], [128.10846816, 9.31074655], [127.91016777, 9.09492203], [127.90412425, 9.08853671], [127.89643888, 9.08092495], [127.68589975, 8.87957396], [127.67843396, 8.87266763], [127.67026610, 8.86560976], [127.44643415, 8.67884506], [127.43830642, 8.67229018], [127.42963438, 8.66576632], [127.19264700, 8.49372529], [127.18219875, 8.48645000], [127.17314298, 8.48062261], [126.92412089, 8.32622974], [126.91119512, 8.31861309], [126.90178175, 8.31355025], [126.63979368, 8.17819021], [126.62702964, 8.17193101], [126.61714552, 8.16753344], [126.34486929, 8.05169381], [126.33014168, 8.04582158], [126.31999114, 8.04222621], [126.03741824, 7.94725534], [126.02259837, 7.94263551], [126.01212654, 7.93980340], [125.72158917, 7.86620658], [125.70644244, 7.86271927], [125.69574571, 7.86067774], [125.39881126, 7.80889364], [125.38352201, 7.80656479], [125.37266777, 7.80532401], [125.07181176, 7.77575654], [125.05601641, 7.77455231], [125.04511079, 7.77413318], [124.74208625, 7.76728548], [124.72653087, 7.76726766]]]}
    },
    {
      "type": "Feature",
      "properties": {"block_id": "ADC_WNP_07", "basin_id": "BASIN_WNP", "basin_label": "Western North Pacific and East Asia", "domain_count": 1, "grid_cell_count": 150, "outer_area_km2": 5653577.622425, "shelf_width_km": 250.000000, "outer_buffer_km": 430.000000, "shelf_add_area_km2": 0.000000, "shelf_add_cell_count": 0, "shelf_add_component_count": 0, "bay_add_area_km2": 2198989.241846, "bay_add_cell_count": 3002, "bay_add_core_cell_count": 3002, "bay_add_component_count": 9, "open_ocean_area_risk": 0},
      "geometry": {"type": "Polygon", "coordinates": [[[119.49931968, 14.88277459], [119.48708159, 14.88306104], [119.15303695, 14.89586337], [119.14680454, 14.89615407], [119.13450137, 14.89701467], [118.79925980, 14.92550048], [118.78041895, 14.92752134], [118.44314817, 14.97126275], [118.43656897, 14.97217527], [118.42447371, 14.97414834], [118.08773048, 15.03429855], [118.07311733, 15.03717507], [117.73567957, 15.10980436], [117.72136948, 15.11314749], [117.38395997, 15.19824479], [117.37195993, 15.20146247], [117.03424830, 15.29745424], [117.02651070, 15.29973544], [116.68765739, 15.40324806], [116.68540900, 15.40394193], [116.34813915, 15.50908393], [116.34691176, 15.50945922], [116.01499373, 15.60897209], [116.01262428, 15.60965559], [115.69031281, 15.69900182], [115.68544072, 15.70024216], [115.37223452, 15.77299356], [115.36717584, 15.77405453], [115.05950486, 15.83172990], [115.05753644, 15.83208209], [115.05392237, 15.83264222], [114.74867478, 15.87526786], [114.74372323, 15.87585659], [114.43973533, 15.90573561], [114.43471920, 15.90612507], [114.13132645, 15.92344341], [114.12703812, 15.92361329], [113.82513702, 15.93030836], [113.82027776, 15.93032032], [113.51971076, 15.92513494], [113.51443417, 15.92493073], [113.21402372, 15.90684592], [113.20912868, 15.90645295], [112.90635797, 15.87604051], [112.90215397, 15.87554467], [112.59342317, 15.83370001], [112.59107491, 15.83335843], [112.27657978, 15.78447854], [112.27434585, 15.78410999], [111.95604044, 15.72854327], [111.95469845, 15.72830121], [111.63060539, 15.66795708], [111.62995733, 15.66783694], [111.30434972, 15.60773491], [111.29818520, 15.60664403], [110.97796640, 15.55241001], [110.97099024, 15.55128803], [110.65756945, 15.50354534], [110.65139747, 15.50265131], [110.34242135, 15.46019787], [110.33267922, 15.45897311], [110.02922262, 15.42435461], [110.01413295, 15.42290276], [109.71561294, 15.39948954], [109.70840174, 15.39899260], [109.69614489, 15.39844771], [109.40218761, 15.38976741], [109.38891462, 15.38959394], [109.37707548, 15.38981037], [109.08648258, 15.39945632], [109.06853151, 15.40044663], [109.05709322, 15.40150192], [108.76704458, 15.43264204], [108.75791406, 15.43373147], [108.74686271, 15.43535174], [108.73517525, 15.43742612], [108.44951027, 15.49258466], [108.44079940, 15.49437177], [108.42996480, 15.49689885], [108.41856631, 15.49992613], [108.14021215, 15.57842690], [108.12334995, 15.58359416], [108.11269403, 15.58730858], [107.83915069, 15.68744938], [107.82693212, 15.69216470], [107.81633766, 15.69666223], [107.54606118, 15.81646648], [107.53199025, 15.82305931], [107.52201845, 15.82819050], [107.25907637, 15.96889101], [107.24653876, 15.97592665], [107.23700573, 15.98174382], [106.98352912, 16.14219729], [106.97758681, 16.14604904], [106.96875781, 16.15212225], [106.95972972, 16.15878911], [106.72136592, 16.34111577], [106.71673690, 16.34472669], [106.70851660, 16.35149848], [106.70022127, 16.35882631], [106.47797514, 16.56213522], [106.47246032, 16.56730692], [106.46511504, 16.57462195], [106.45766721, 16.58258558], [106.25762835, 16.80430619], [106.24800597, 16.81550247], [106.24151577, 16.82373846], [106.06221691, 17.06007083], [106.05309999, 17.07277102], [106.04749116, 17.08138355], [105.89081951, 17.33216618], [105.88738888, 17.33781107], [105.88245908, 17.34652834], [105.87764773, 17.35585419], [105.75060431, 17.61423645], [105.74552510, 17.62517328], [105.74158784, 17.63467396], [105.63954833, 17.89527649], [105.63670931, 17.90287786], [105.63339128, 17.91283096], [105.55181358, 18.17482479], [105.54978703, 18.18167669], [105.54715623, 18.19184504], [105.48536532, 18.45216866], [105.48264711, 18.46508115], [105.48103598, 18.47496679], [105.44417524, 18.73421426], [105.44261537, 18.74777759], [105.44194609, 18.75770561], [105.42978830, 19.01682923], [105.42951645, 19.02736326], [105.42967640, 19.03752779], [105.43914012, 19.29901438], [105.43946058, 19.30546287], [105.44033401, 19.31589341], [105.46791648, 19.58030454], [105.47000099, 19.59573998], [105.47181093, 19.60542549], [105.52623415, 19.86720381], [105.52728082, 19.87198802], [105.52968267, 19.88155734], [105.53258945, 19.89144083], [105.61371294, 20.14821237], [105.61796394, 20.16058975], [105.62169663, 20.17006499], [105.72602306, 20.42034636], [105.73093453, 20.43141994], [105.73552357, 20.44069919], [105.86193949, 20.68435955], [105.86526322, 20.69056218], [105.87026570, 20.69921247], [105.87592025, 20.70818693], [106.02830777, 20.94024296], [106.03468697, 20.94955147], [106.04056163, 20.95745907], [106.04730277, 20.96586895], [106.22758375, 21.18256388], [106.23376540, 21.18975635], [106.24063776, 21.19722460], [106.24833498, 21.20501351], [106.45333685, 21.40525944], [106.45823308, 21.40993515], [106.46603466, 21.41696865], [106.47453971, 21.42411913], [106.70312690, 21.60970344], [106.70778244, 21.61340902], [106.71634248, 21.61985808], [106.72556287, 21.62633032], [106.97043012, 21.79218525], [106.98305224, 21.80034226], [106.99262324, 21.80602589], [107.25503244, 21.95612204], [107.26086951, 21.95938397], [107.27133925, 21.96488151], [107.54490380, 22.10296838], [107.56005245, 22.11020914], [107.84650949, 22.23965604], [107.85551671, 22.24359205], [108.15036579, 22.36810310], [108.15089227, 22.36832699], [108.44261121, 22.49325351], [108.44377757, 22.49376078], [108.73244633, 22.62124206], [108.73532991, 22.62250181], [109.02872264, 22.74928966], [109.03051808, 22.75006030], [109.32537736, 22.87576136], [109.32986669, 22.87764281], [109.62689615, 22.99999617], [109.63392971, 23.00281576], [109.93436645, 23.11996815], [109.94007829, 23.12213832], [109.95148767, 23.12615968], [110.25899272, 23.22921853], [110.27342644, 23.23374398], [110.28455210, 23.23681157], [110.60173688, 23.31907641], [110.61751205, 23.32284286], [110.93626758, 23.39246299], [110.94760983, 23.39477760], [111.26857127, 23.45570738], [111.27704924, 23.45722770], [111.60040588, 23.51183278], [111.60529835, 23.51262966], [111.92710733, 23.56312320], [111.92894283, 23.56342561], [112.23981041, 23.61709218], [112.24470866, 23.61804220], [112.54602789, 23.68297592], [112.55123233, 23.68421965], [112.85003759, 23.76274346], [112.85380346, 23.76379978], [113.14907186, 23.85191588], [113.15411189, 23.85354475], [113.44331219, 23.95431087], [113.44832805, 23.95618999], [113.73415956, 24.07093622], [113.73724351, 24.07222714], [114.02467644, 24.19755245], [114.02638768, 24.19831555], [114.31648227, 24.33058484], [114.31818509, 24.33135636], [114.61255474, 24.46388912], [114.61429276, 24.46466658], [114.91009384, 24.59612922], [114.91139661, 24.59670540], [115.20509217, 24.72596544], [115.20689213, 24.72677654], [115.48853733, 24.85667933], [115.49132062, 24.85800998], [115.75852349, 24.99033656], [115.76194090, 24.99210381], [116.01807598, 25.13030125], [116.02155682, 25.13226281], [116.26818566, 25.27731643], [116.27214816, 25.27976482], [116.50865493, 25.43317455], [116.51154364, 25.43511720], [116.51434785, 25.43714241], [116.73508549, 25.60228766], [116.73734011, 25.60402420], [116.73998745, 25.60619782], [116.74254430, 25.60844899], [116.92803199, 25.77756918], [116.93047282, 25.77987323], [116.93284040, 25.78227051], [116.93510853, 25.78473687], [117.09102082, 25.96050698], [117.09323956, 25.96310354], [117.09529796, 25.96570048], [117.09724894, 25.96835717], [117.22718564, 26.15235372], [117.22882104, 26.15475257], [117.23056314, 26.15751301], [117.23219133, 26.16032368], [117.33926107, 26.35356969], [117.34010980, 26.35514048], [117.34155735, 26.35802226], [117.34288620, 26.36094542], [117.43074075, 26.56467733], [117.43198480, 26.56773062], [117.43306775, 26.57072679], [117.50573360, 26.78497294], [117.50625858, 26.78657624], [117.50715250, 26.78961750], [117.56695626, 27.00924854], [117.56756025, 27.01161040], [117.56823237, 27.01469300], [117.61146222, 27.23419215], [117.61213300, 27.23812950], [117.61251730, 27.24124783], [117.63534163, 27.46370214], [117.63552581, 27.46577212], [117.63569765, 27.46890423], [117.64355590, 27.69742802], [117.64359537, 27.69911726], [117.64356996, 27.70225272], [117.63685534, 27.93741008], [117.63664605, 27.94129149], [117.61750273, 28.18256443], [117.61706445, 28.18668100], [117.58367952, 28.43636794], [117.58316875, 28.43964995], [117.53739595, 28.69730345], [117.53693873, 28.69966454], [117.48163439, 28.96337455], [117.48133657, 28.96473422], [117.41991195, 29.23368502], [117.35767821, 29.50455359], [117.35757015, 29.50501743], [117.29346903, 29.77643952], [117.26417665, 29.89955144], [117.25614756, 29.91052000], [117.24668848, 29.92395841], [117.22281293, 29.95925934], [117.21390902, 29.97297136], [117.19149124, 30.00896206], [117.18315335, 30.02293099], [117.16222065, 30.05956763], [117.15445893, 30.07377644], [117.13503682, 30.11101439], [117.12786073, 30.12544578], [117.10997286, 30.16323964], [117.10339115, 30.17787603], [117.08705932, 30.21617977], [117.08108000, 30.23100332], [117.06632411, 30.26977029], [117.06095447, 30.28476294], [117.04779249, 30.32394589], [117.04303907, 30.33908937], [117.03148704, 30.37864057], [117.02735563, 30.39391644], [117.01742762, 30.43378769], [117.01392326, 30.44917734], [117.00563138, 30.48932007], [117.00275833, 30.50480474], [116.99611267, 30.54517005], [116.99387444, 30.56073089], [116.98888309, 30.60126959], [116.98728241, 30.61688762], [116.98395146, 30.65755032], [116.98299027, 30.67320653], [116.98132378, 30.71394370], [116.98100325, 30.72961900], [116.98079489, 30.75000000], [116.98079489, 32.25000000], [116.98111662, 32.27532511], [116.98161152, 32.29480139], [116.98381999, 32.34046871], [116.98493647, 32.35611741], [116.98867071, 32.39675455], [116.99042628, 32.41236045], [116.99581963, 32.45286164], [116.99821216, 32.46840573], [117.00525805, 32.50872152], [117.00828461, 32.52418487], [117.01697446, 32.56426624], [117.02063137, 32.57963000], [117.03095458, 32.61942803], [117.03523739, 32.63467349], [117.04718140, 32.67413976], [117.05208488, 32.68924834], [117.06563512, 32.72833473], [117.07115331, 32.74328802], [117.08629328, 32.78194692], [117.09241945, 32.79672671], [117.10913071, 32.83491103], [117.11585740, 32.84949931], [117.13411957, 32.88716249], [117.14143857, 32.90154148], [117.14676631, 32.91152785], [117.15353040, 32.96843207], [117.15458636, 32.97632211], [117.19800212, 33.26800514], [117.19824786, 33.26962250], [117.24324159, 33.55985851], [117.24342936, 33.56114060], [117.28268986, 33.84581999], [117.28293730, 33.84780360], [117.31414721, 34.12746056], [117.31441383, 34.13033879], [117.33457006, 34.40379554], [117.33474270, 34.40711836], [117.34284406, 34.67500610], [117.34287159, 34.67839813], [117.33918595, 34.94158569], [117.33905799, 34.94506861], [117.32362577, 35.20443702], [117.32337514, 35.20756837], [117.29756367, 35.46407517], [117.29714098, 35.46750311], [117.25963642, 35.72423731], [117.25924868, 35.72662929], [117.21246005, 35.98922187], [117.21225628, 35.99031971], [117.16066031, 36.25760258], [117.16048278, 36.25849424], [117.10513574, 36.52825051], [117.10494903, 36.52913448], [117.04550551, 36.80272914], [116.98613161, 37.07701263], [116.98344963, 37.09121302], [116.93974375, 37.36189310], [116.93828284, 37.37232151], [116.93728802, 37.38245386], [116.91675572, 37.64697312], [116.91641900, 37.65202142], [116.91604639, 37.66257365], [116.91226192, 37.91732512], [116.91224967, 37.92343864], [116.91257761, 37.93391641], [116.92521042, 38.17793033], [116.92595508, 38.18837221], [116.94755943, 38.42604717], [116.94892966, 38.43810466], [116.98063037, 38.67039745], [116.98192495, 38.67880429], [116.98388406, 38.68898025], [117.03169181, 38.91281608], [117.03490330, 38.92612154], [117.03771291, 38.93577565], [117.10550642, 39.15248451], [117.11005718, 39.16578162], [117.11377062, 39.17519039], [117.20312659, 39.38917429], [117.20804080, 39.40023571], [117.21263596, 39.40951356], [117.32250980, 39.62098615], [117.32889284, 39.63258768], [117.33428468, 39.64146823], [117.46764838, 39.85204380], [117.47553271, 39.86384039], [117.48171074, 39.87227521], [117.64103542, 40.08158275], [117.65079199, 40.09373306], [117.65772198, 40.10162837], [117.84528348, 40.30772069], [117.84996711, 40.31274708], [117.85727631, 40.32014185], [117.86528816, 40.32769602], [118.08226505, 40.52523640], [118.08741899, 40.52982315], [118.09550127, 40.53661319], [118.10429645, 40.54350317], [118.34859432, 40.72828167], [118.35576255, 40.73355145], [118.36447227, 40.73955670], [118.37401493, 40.74567909], [118.64201679, 40.91145599], [118.65682016, 40.92012795], [118.66657984, 40.92533221], [118.95290793, 41.07214710], [118.96555011, 41.07832445], [118.97596419, 41.08296853], [119.27195447, 41.20939981], [119.28680660, 41.21537497], [119.29750926, 41.21923150], [119.59873694, 41.32252435], [119.61571145, 41.32791460], [119.62664959, 41.33093488], [119.93303643, 41.41052093], [119.94498837, 41.41342465], [119.95654485, 41.41585661], [120.26548218, 41.47600767], [120.27369744, 41.47751411], [120.28568724, 41.47939231], [120.59823712, 41.52355454], [120.60992958, 41.52504249], [120.92450294, 41.56067893], [120.93176388, 41.56143893], [121.24760387, 41.59178318], [121.26019976, 41.59280663], [121.57517358, 41.61374589], [121.59106002, 41.61450773], [121.90830315, 41.62385886], [121.91569577, 41.62400549], [121.92795762, 41.62394784], [122.24703284, 41.61769277], [122.26084000, 41.61720074], [122.58149258, 41.60062499], [122.59092028, 41.60003389], [122.91415255, 41.57620423], [122.92218173, 41.57553660], [123.24978502, 41.54520098], [123.25456521, 41.54473135], [123.58582387, 41.51031403], [123.59017439, 41.50983956], [123.92473254, 41.47162307], [123.92768702, 41.47127518], [124.26368666, 41.43052729], [124.26419308, 41.43046694], [124.59323125, 41.39195470], [124.59628433, 41.39163608], [124.91107697, 41.36276365], [124.91603128, 41.36241007], [125.21329707, 41.34722074], [125.21690542, 41.34708936], [125.22057846, 41.34706424], [125.50493726, 41.34935620], [125.50832928, 41.34943024], [125.51199602, 41.34961557], [125.78726255, 41.36764858], [125.79128773, 41.36797879], [125.79492871, 41.36839296], [126.06100189, 41.40270364], [126.06636417, 41.40351679], [126.06994949, 41.40419843], [126.33255303, 41.45824760], [126.33664340, 41.45916410], [126.34015870, 41.46007343], [126.61086570, 41.53452720], [126.61600791, 41.53606804], [126.89486149, 41.62661470], [126.89913364, 41.62809414], [127.18141936, 41.73205345], [127.18442002, 41.73320635], [127.47303159, 41.84876144], [127.76654836, 41.96625884], [127.76708485, 41.96647518], [128.06129364, 42.08598165], [128.06203459, 42.08628176], [128.35672661, 42.20529825], [128.65174169, 42.32496111], [128.65522436, 42.32635476], [128.94795722, 42.44190897], [128.95574553, 42.44489034], [129.24500941, 42.55220141], [129.25868033, 42.55699702], [129.54481826, 42.65168817], [129.55137902, 42.65379028], [129.56300215, 42.65719830], [129.84665522, 42.73567121], [129.85547484, 42.73799704], [129.86717136, 42.74074310], [130.14767042, 42.80212328], [130.15802906, 42.80424257], [130.16981358, 42.80630347], [130.44632917, 42.85038344], [130.46149780, 42.85250632], [130.47310157, 42.85373020], [130.74730902, 42.87851230], [130.75544434, 42.87916100], [130.76670977, 42.87977101], [130.77864236, 42.88006081], [131.05220723, 42.88262709], [131.06334632, 42.88257592], [131.07441377, 42.88220536], [131.08631842, 42.88145085], [131.36305796, 42.85975976], [131.37299223, 42.85885427], [131.38404321, 42.85753799], [131.39580131, 42.85577841], [131.67662280, 42.80942782], [131.68351234, 42.80822468], [131.69458228, 42.80601173], [131.70610317, 42.80334337], [131.98970680, 42.73309946], [132.00518144, 42.72893094], [132.01612139, 42.72556003], [132.30194776, 42.63264432], [132.31374399, 42.62859469], [132.32460129, 42.62447434], [132.61452275, 42.50923479], [132.62192960, 42.50619468], [132.63276475, 42.50140238], [132.92325003, 42.36738279], [132.93890893, 42.35972945], [133.22749975, 42.21055043], [133.24248785, 42.20237412], [133.52986081, 42.03713040], [133.54342781, 42.02894347], [133.82993143, 41.84764540], [133.83853924, 41.84202909], [134.12189427, 41.65144889], [134.12859395, 41.64683344], [134.40840491, 41.44941599], [134.41393854, 41.44543303], [134.69020391, 41.24258666], [134.69523688, 41.23882280], [134.96785707, 41.03117952], [134.97185378, 41.02809025], [135.24113599, 40.81686499], [135.24537359, 40.81348812], [135.51080362, 40.59860989], [135.51484341, 40.59528926], [135.77617376, 40.37718310], [135.78076428, 40.37328388], [136.03702372, 40.15175463], [136.04145172, 40.14786008], [136.29249360, 39.92321423], [136.29707680, 39.91903748], [136.54231907, 39.69142675], [136.54836300, 39.68567715], [136.78528567, 39.45464440], [136.79054670, 39.44939903], [137.02017348, 39.21530052], [137.02670786, 39.20844542], [137.24665531, 38.97096071], [137.25350251, 38.96333067], [137.46295733, 38.72238743], [137.47031021, 38.71361882], [137.66806992, 38.46902638], [137.67593700, 38.45888187], [137.86073679, 38.21026429], [137.86925518, 38.19821639], [138.03947527, 37.94481662], [138.04827239, 37.93092332], [138.20292498, 37.67129576], [138.20608234, 37.66584895], [138.21121492, 37.65632424], [138.34747242, 37.39138224], [138.35438767, 37.37697733], [138.47545515, 37.10584085], [138.47766903, 37.10073117], [138.48162958, 37.09075966], [138.58526888, 36.81403555], [138.58734009, 36.80829208], [138.59062196, 36.79818419], [138.67602070, 36.51612712], [138.67764268, 36.51052999], [138.68026413, 36.50026472], [138.74721594, 36.21418507], [138.75049427, 36.19798230], [138.80006846, 35.90793245], [138.80234372, 35.89166299], [138.83434704, 35.59798422], [138.83560640, 35.58204661], [138.85019191, 35.28538296], [138.85050596, 35.26989469], [138.84793864, 34.97093773], [138.84740671, 34.95619478], [138.82829478, 34.65575387], [138.82710313, 34.64233365], [138.79276236, 34.34125609], [138.79100749, 34.32855475], [138.74209487, 34.02734177], [138.73981187, 34.01507066], [138.67667612, 33.71422037], [138.67432610, 33.70400045], [138.59941590, 33.40455650], [138.59643310, 33.39359711], [138.50871098, 33.09558431], [138.50584400, 33.08643040], [138.40742530, 32.79015835], [138.40448169, 32.78174641], [138.29621282, 32.48739679], [138.29319961, 32.47956551], [138.17576240, 32.18732647], [138.17262915, 32.17983928], [138.04641775, 31.88987165], [138.04323207, 31.88281385], [137.90873544, 31.59519964], [137.90559935, 31.58870496], [137.76338529, 31.30327902], [137.76110279, 31.29879511], [137.61369611, 31.01527076], [137.61025356, 31.00884503], [137.45501915, 30.72749290], [137.45257396, 30.72314788], [137.29203237, 30.44338572], [137.28993653, 30.43979175], [137.12501618, 30.16145258], [137.12315328, 30.15835133], [136.95448326, 29.88135095], [136.95232091, 29.87785373], [136.77934061, 29.60230006], [136.77768996, 29.59970007], [136.60146660, 29.32521329], [136.60024435, 29.32332491], [136.42165649, 29.04962830], [136.42073318, 29.04822177], [136.24037797, 28.77512053], [136.23984516, 28.77431649], [136.05845666, 28.50152728], [135.87653290, 28.22872457], [135.69553426, 27.95640024], [135.69538147, 27.95616956], [135.51569525, 27.68395178], [135.51549193, 27.68364233], [135.33719891, 27.41102312], [135.33699931, 27.41071651], [135.15993481, 27.13747441], [135.15975514, 27.13719600], [134.98375962, 26.86332004], [134.98360420, 26.86307730], [134.80850304, 26.58859196], [134.80837630, 26.58839269], [134.63394549, 26.31330727], [134.45982663, 26.03755334], [134.28587478, 25.76140919], [134.11189896, 25.48525159], [134.11135721, 25.48439483], [133.93650365, 25.20889264], [133.93564076, 25.20754097], [133.75935783, 24.93300447], [133.75808215, 24.93103453], [133.57970295, 24.65789116], [133.57806483, 24.65540928], [133.39701823, 24.38399314], [133.39496225, 24.38095056], [133.21065815, 24.11169165], [133.20827451, 24.10825946], [133.02032505, 23.84150505], [133.01752696, 23.83759845], [132.82543296, 23.57373964], [132.82205578, 23.56918824], [132.62508334, 23.30869347], [132.62143538, 23.30396312], [132.41935641, 23.04699449], [132.41521008, 23.04183365], [132.20751486, 22.78875751], [132.20315350, 22.78355659], [131.98967070, 22.53437322], [131.98443262, 22.52840889], [131.76417978, 22.28371631], [131.75846698, 22.27753151], [131.53110478, 22.03762705], [131.52525498, 22.03160917], [131.29085808, 21.79648984], [131.28512951, 21.79087953], [131.04405683, 21.56034969], [131.03841437, 21.55507581], [130.79092624, 21.32896648], [130.78553651, 21.32414577], [130.53203708, 21.10216794], [130.52676389, 21.09764325], [130.26758699, 20.87972432], [130.26253618, 20.87555779], [129.99810218, 20.66154438], [129.99362729, 20.65798252], [129.72460669, 20.44738938], [129.72047207, 20.44420155], [129.44723320, 20.23671333], [129.44440898, 20.23459067], [129.16828055, 20.02918328], [129.16583459, 20.02737982], [128.88728323, 19.82381334], [128.88526804, 19.82235130], [128.60479350, 19.62034040], [128.60265989, 19.61881541], [128.32023379, 19.41849744], [128.31831492, 19.41714577], [128.03414246, 19.21834346], [128.03288256, 19.21746602], [127.74752370, 19.01962493], [127.74698744, 19.01925385], [127.46121944, 18.82188678], [127.17601438, 18.62455418], [127.17578639, 18.62439598], [126.89196822, 18.42689958], [126.89159050, 18.42663549], [126.60915800, 18.22823437], [126.60880969, 18.22798861], [126.32751071, 18.02864818], [126.32710256, 18.02835746], [126.04706553, 17.82786300], [126.04670574, 17.82760423], [125.76719479, 17.62566247], [125.48723969, 17.42264044], [125.20712103, 17.21959180], [125.20605029, 17.21881865], [124.92535559, 17.01691765], [124.92310560, 17.01531228], [124.64095109, 16.81561867], [124.63791800, 16.81349518], [124.35385543, 16.61677102], [124.35002086, 16.61415144], [124.06372815, 16.42122904], [124.05884300, 16.41799356], [123.76986905, 16.22989883], [123.76339963, 16.22578273], [123.47139019, 16.04420753], [123.46143276, 16.03822836], [123.16540423, 15.86664321], [123.15439804, 15.86050586], [122.85446533, 15.69970000], [122.83905506, 15.69187782], [122.53634023, 15.54661564], [122.52098992, 15.53965130], [122.21554013, 15.40886658], [122.19842766, 15.40200299], [121.89090109, 15.28678831], [121.87401001, 15.28088174], [121.56357880, 15.17992209], [121.54543690, 15.17448046], [121.23192688, 15.08822382], [121.21414594, 15.08375010], [120.89601096, 15.01108224], [120.88731265, 15.00920186], [120.87544870, 15.00696746], [120.55401205, 14.95143313], [120.54488251, 14.94996794], [120.53290035, 14.94837469], [120.20831001, 14.91015488], [120.19910947, 14.90918204], [120.18703273, 14.90823140], [119.85909695, 14.88733742], [119.85036513, 14.88687936], [119.83820558, 14.88655956], [119.50698517, 14.88278567], [119.49931968, 14.88277459]]]}
    },
    {
      "type": "Feature",
      "properties": {"block_id": "ADC_WNP_08", "basin_id": "BASIN_WNP", "basin_label": "Western North Pacific and East Asia", "domain_count": 2, "grid_cell_count": 194, "outer_area_km2": 4572351.956585, "shelf_width_km": 250.000000, "outer_buffer_km": 430.000000, "shelf_add_area_km2": 0.000000, "shelf_add_cell_count": 0, "shelf_add_component_count": 0, "bay_add_area_km2": 1090295.086745, "bay_add_cell_count": 1348, "bay_add_core_cell_count": 1348, "bay_add_component_count": 3, "open_ocean_area_risk": 0},
      "geometry": {"type": "Polygon", "coordinates": [[[118.82010162, 21.47860500], [118.80821997, 21.47882006], [118.79543788, 21.47940715], [118.50112969, 21.49703119], [118.49432818, 21.49749235], [118.48216002, 21.49858477], [118.47046964, 21.49996465], [118.45787806, 21.50181043], [118.17161121, 21.54789893], [118.16370816, 21.54924663], [118.15190098, 21.55154630], [118.14052651, 21.55409965], [118.12833271, 21.55720644], [117.85306282, 21.63158050], [117.84507034, 21.63382526], [117.83375772, 21.63730368], [117.82288893, 21.64099755], [117.81129680, 21.64532395], [117.55304518, 21.74612107], [117.54545656, 21.74917346], [117.53480034, 21.75377828], [117.52461733, 21.75855215], [117.51381900, 21.76402723], [117.27421133, 21.89024779], [117.26760482, 21.89381446], [117.25774011, 21.89947702], [117.24840188, 21.90524210], [117.23856526, 21.91176495], [117.02443895, 22.05887040], [117.01821902, 22.06324610], [117.00936170, 22.06985379], [117.00102641, 22.07652197], [116.99231858, 22.08399241], [116.81011025, 22.24588620], [116.80571032, 22.24987260], [116.79787401, 22.25737350], [116.79063980, 22.26481151], [116.78316067, 22.27308232], [116.63334037, 22.44501254], [116.62895203, 22.45017040], [116.62241727, 22.45834533], [116.61642526, 22.46645284], [116.61032287, 22.47541112], [116.49019592, 22.65934759], [116.48737926, 22.66375820], [116.48210412, 22.67259198], [116.47740663, 22.68122316], [116.47273069, 22.69070946], [116.38149770, 22.88574322], [116.37893144, 22.89141651], [116.37512779, 22.90063561], [116.37183479, 22.90966924], [116.36869860, 22.91954899], [116.30820268, 23.12517256], [116.30491575, 23.13752602], [116.30295446, 23.14662504], [116.30123131, 23.15672253], [116.26902232, 23.37381085], [116.26781911, 23.38323912], [116.26701824, 23.39267474], [116.26660162, 23.40285954], [116.26231814, 23.62874247], [116.26230043, 23.63627007], [116.26264761, 23.64586250], [116.26346269, 23.65603203], [116.28747597, 23.89100793], [116.28850311, 23.89949979], [116.29015957, 23.90972391], [116.33414626, 24.14831347], [116.33618274, 24.15817885], [116.33869765, 24.16818457], [116.40500222, 24.40996402], [116.40788470, 24.41967422], [116.41126253, 24.42951915], [116.50203341, 24.67699693], [116.50531716, 24.68546463], [116.50953110, 24.69518756], [116.62425957, 24.94563580], [116.62883159, 24.95510195], [116.63384065, 24.96448370], [116.77448829, 25.21563977], [116.77725846, 25.22046048], [116.78309084, 25.22992273], [116.94593809, 25.48285833], [116.95500446, 25.49614325], [117.13963721, 25.75182982], [117.14821725, 25.76315372], [117.35323323, 26.02129644], [117.35558635, 26.02422339], [117.56423903, 26.28062644], [117.56502738, 26.28160912], [117.76511437, 26.53462376], [117.76681678, 26.53684734], [117.95182556, 26.78656892], [117.95409406, 26.78977958], [118.12091723, 27.03765037], [118.12185090, 27.03906783], [118.12358751, 27.04188229], [118.27099126, 27.29170175], [118.27214778, 27.29372660], [118.27367043, 27.29661848], [118.40268776, 27.55417399], [118.40420381, 27.55737647], [118.52461745, 27.82720704], [118.52511313, 27.82834180], [118.64290511, 28.10392910], [118.64345077, 28.10523863], [118.75478033, 28.37944837], [118.75585300, 28.38224519], [118.85530487, 28.65751920], [118.85615239, 28.65999797], [118.94566964, 28.93740967], [118.94652738, 28.94025999], [119.02388361, 29.21718961], [119.02486575, 29.22111681], [119.08605583, 29.49787622], [119.08678249, 29.50162496], [119.13232999, 29.77474617], [119.13264139, 29.77679338], [119.13300156, 29.77991579], [119.15793983, 30.04730208], [119.15811179, 30.04951554], [119.15823765, 30.05264948], [119.16308497, 30.31868540], [119.16302439, 30.32320604], [119.15095801, 30.59111622], [119.15085843, 30.59285588], [119.15057239, 30.59598314], [119.11978491, 30.86713624], [119.11917285, 30.87139204], [119.07165168, 31.14409686], [119.07076163, 31.14842513], [119.00603955, 31.42120893], [119.00498365, 31.42516792], [118.92241642, 31.70369792], [118.92196688, 31.70515952], [118.83054083, 31.99198821], [118.83024860, 31.99291088], [118.73932128, 32.28184050], [118.73655811, 32.29122933], [118.65783858, 32.57847557], [118.65579155, 32.58643810], [118.58660992, 32.87444663], [118.58585133, 32.87769725], [118.52041166, 33.16656499], [118.52024713, 33.16729620], [118.45657152, 33.45223045], [118.45604168, 33.45444046], [118.38531396, 33.73062170], [118.38427258, 33.73429331], [118.29979067, 34.00556109], [118.29832824, 34.00980822], [118.19716741, 34.27765894], [118.19564945, 34.28138193], [118.07963009, 34.54614301], [118.07815304, 34.54931977], [117.94915892, 34.81145971], [117.94768776, 34.81430490], [117.80507183, 35.07723411], [117.80471405, 35.07788660], [117.65648444, 35.34532077], [117.65545726, 35.34719041], [117.50911764, 35.61592431], [117.50346034, 35.62687374], [117.37028829, 35.89908309], [117.36480532, 35.91099600], [117.24551044, 36.18732850], [117.24034563, 36.20018363], [117.13751422, 36.47643301], [117.13319584, 36.48898176], [117.04595655, 36.76476568], [117.04187007, 36.77908933], [116.97169458, 37.05473195], [116.96982254, 37.06265639], [116.96782512, 37.07287567], [116.92051593, 37.34625260], [116.91893167, 37.35682619], [116.91787292, 37.36694862], [116.89583631, 37.63391868], [116.89543498, 37.63970587], [116.89507578, 37.65020617], [116.89192318, 37.90710307], [116.89191899, 37.91203583], [116.89226238, 37.92259816], [116.90558008, 38.16711126], [116.90629355, 38.17677181], [116.92841506, 38.41393167], [116.92976019, 38.42546873], [116.96216186, 38.65693140], [116.96472729, 38.67195576], [117.01055908, 38.89916334], [117.01248526, 38.90786033], [117.01514459, 38.91792756], [117.07921573, 39.14106107], [117.08256512, 39.15179116], [117.08607938, 39.16152561], [117.17097537, 39.38210635], [117.17602513, 39.39427991], [117.18042838, 39.40364811], [117.28824414, 39.62137609], [117.29201671, 39.62869618], [117.29692504, 39.63743138], [117.30255675, 39.64658284], [117.43974387, 39.85999874], [117.44371662, 39.86599975], [117.44968206, 39.87440048], [117.45636686, 39.88309146], [117.62456373, 40.09343193], [117.62895687, 40.09878973], [117.63589304, 40.10673775], [117.64355949, 40.11489918], [117.84238771, 40.31903647], [117.84907762, 40.32569885], [117.85684666, 40.33294378], [117.86549320, 40.34045918], [118.09643367, 40.53428508], [118.10150960, 40.53845679], [118.11024665, 40.54524719], [118.11971359, 40.55210780], [118.37803452, 40.73284932], [118.38550676, 40.73793484], [118.39488925, 40.74392813], [118.40514801, 40.75002516], [118.68817436, 40.91218896], [118.69433170, 40.91563732], [118.70449928, 40.92099660], [118.71541419, 40.92632323], [119.01516191, 41.06693533], [119.02301526, 41.07051317], [119.03368111, 41.07503816], [119.04518285, 41.07951478], [119.35744479, 41.19572085], [119.36780231, 41.19943185], [119.68824056, 41.30986004], [119.69715800, 41.31283055], [120.02468340, 41.41820375], [120.03652778, 41.42183928], [120.37223291, 41.51997914], [120.38309488, 41.52301232], [120.72400808, 41.61379365], [120.73223765, 41.61590566], [121.07528943, 41.70065819], [121.08287161, 41.70246533], [121.42713387, 41.78153446], [121.43538131, 41.78335192], [121.77869179, 41.85582894], [121.79532963, 41.85903596], [122.13817157, 41.91889229], [122.14851803, 41.92057294], [122.16129647, 41.92231101], [122.50471444, 41.96412561], [122.51295039, 41.96504958], [122.52599383, 41.96620460], [122.87241223, 41.99201799], [122.88440201, 41.99276506], [123.23552935, 42.01036816], [123.25077667, 42.01089745], [123.60765337, 42.01779215], [123.62330435, 42.01784768], [123.98490557, 42.01342857], [123.99968240, 42.01302774], [124.35882626, 41.99792569], [124.36116796, 41.99784661], [124.59208558, 41.99196011], [124.75000000, 41.99196011], [124.76899733, 41.99186223], [124.78360944, 41.99171164], [124.82819671, 41.99071248], [124.84787626, 41.99003308], [124.86644576, 41.98913335], [125.03737600, 41.98926783], [125.04304600, 41.98938572], [125.35809873, 42.00224717], [125.36281320, 42.00251851], [125.66969844, 42.02533129], [125.67260222, 42.02557735], [125.67650521, 42.02600389], [125.97407250, 42.06274538], [125.97757269, 42.06322255], [125.98143154, 42.06385417], [126.27304849, 42.11582411], [126.27729448, 42.11664983], [126.28108449, 42.11750568], [126.58454791, 42.19061139], [126.58600700, 42.19097149], [126.90157846, 42.27072048], [126.90204503, 42.27083928], [127.21750293, 42.35176080], [127.21847522, 42.35201409], [127.52683429, 42.43357753], [127.53012284, 42.43449246], [127.82704693, 42.52121794], [127.83134382, 42.52255288], [128.12376732, 42.61892767], [128.12669833, 42.61993252], [128.41995336, 42.72440647], [128.42289722, 42.72549595], [128.71869806, 42.83911421], [128.72009197, 42.83965905], [129.02213075, 42.95977877], [129.02275182, 42.96002768], [129.32843603, 43.08347615], [129.32902386, 43.08371526], [129.63761640, 43.21015006], [129.63927711, 43.21082653], [129.94650263, 43.33524393], [129.94787581, 43.33580948], [130.24816791, 43.46156993], [130.25128719, 43.46292661], [130.54199015, 43.59413589], [130.54691334, 43.59649173], [130.83939646, 43.74464422], [130.84297321, 43.74643464], [131.14841269, 43.89752108], [131.15459734, 43.90051814], [131.46609872, 44.04837361], [131.47147920, 44.05088188], [131.78812406, 44.19583566], [132.10212955, 44.34035770], [132.10342393, 44.34096262], [132.41326972, 44.48798098], [132.72549663, 44.63646050], [133.03791527, 44.78494382], [133.34899408, 44.93289367], [133.34959638, 44.93318215], [133.65541065, 45.08069313], [133.65736229, 45.08165625], [133.95623892, 45.23252183], [133.95772610, 45.23328561], [134.25314321, 45.38762745], [134.25442022, 45.38830456], [134.54373006, 45.54397566], [134.54615342, 45.54531669], [134.82817524, 45.70577511], [134.83006815, 45.70687592], [135.11096351, 45.87381707], [135.11181596, 45.87432871], [135.39400247, 46.04537003], [135.39527331, 46.04615175], [135.67966253, 46.22367348], [135.68031449, 46.22408354], [135.96763869, 46.40617247], [135.96814696, 46.40649404], [136.25651769, 46.58863062], [136.26095894, 46.59139486], [136.54901538, 46.76805953], [136.56300831, 46.77625743], [136.84961368, 46.93655467], [136.85834904, 46.94128996], [136.86929158, 46.94682137], [137.15427954, 47.08538633], [137.16720482, 47.09138900], [137.17836200, 47.09613190], [137.45957894, 47.21070162], [137.47494337, 47.21661259], [137.48640645, 47.22057746], [137.76467246, 47.31226335], [137.78225540, 47.31764950], [137.79398016, 47.32079232], [138.07183522, 47.39099851], [138.08063616, 47.39312329], [138.09229317, 47.39563290], [138.10476151, 47.39794878], [138.38180051, 47.44536414], [138.39675061, 47.44766845], [138.40825897, 47.44908386], [138.42097268, 47.45028765], [138.70010951, 47.47279302], [138.71302704, 47.47365143], [138.72482020, 47.47410413], [138.73762242, 47.47423952], [139.01323916, 47.47332546], [139.02805782, 47.47304026], [139.03970954, 47.47246790], [139.05245327, 47.47148560], [139.32291023, 47.44683939], [139.33832798, 47.44517339], [139.34977510, 47.44357814], [139.36230185, 47.44147139], [139.62787248, 47.39293924], [139.64001839, 47.39054504], [139.65140504, 47.38796529], [139.66358938, 47.38483506], [139.92609328, 47.31334655], [139.94080357, 47.30906278], [139.95154841, 47.30555465], [139.96321703, 47.30136052], [140.22243028, 47.20381978], [140.23191937, 47.20011297], [140.24249705, 47.19564030], [140.25358726, 47.19054821], [140.51224046, 47.06694910], [140.52817619, 47.05889348], [140.53832548, 47.05326631], [140.79745552, 46.90418133], [140.81238987, 46.89512811], [140.82190863, 46.88883216], [141.07773049, 46.71352825], [141.08647967, 46.70733523], [141.09581294, 46.70026894], [141.34744900, 46.50298142], [141.35958138, 46.49304066], [141.60508753, 46.28280455], [141.61341020, 46.27544864], [141.85481452, 46.05521032], [141.86091113, 46.04951277], [142.09962470, 45.82096892], [142.10379931, 45.81690358], [142.34086217, 45.58207126], [142.34572748, 45.57715222], [142.58021422, 45.33515712], [142.58230765, 45.33297706], [142.81468951, 45.08877665], [142.81683731, 45.08649825], [143.04625672, 44.84081781], [143.04853626, 44.83835171], [143.27409996, 44.59182195], [143.27996483, 44.58523590], [143.49527081, 44.33675332], [143.50401290, 44.32621760], [143.70371262, 44.07470471], [143.71275892, 44.06273011], [143.89522283, 43.80857985], [143.90344865, 43.79651856], [144.06938305, 43.54001485], [144.07532488, 43.53043324], [144.22882251, 43.27193045], [144.23494639, 43.26109166], [144.37394289, 43.00210066], [144.37995357, 42.99023871], [144.50386761, 42.73059236], [144.50628017, 42.72537941], [144.51050613, 42.71541011], [144.61414131, 42.45607090], [144.61933263, 42.44194317], [144.70585726, 42.18422807], [144.71040454, 42.16921470], [144.78027983, 41.91081239], [144.78186850, 41.90459562], [144.78411716, 41.89428475], [144.83468960, 41.63568523], [144.83585681, 41.62922308], [144.83734669, 41.61883872], [144.86832050, 41.36348888], [144.86939456, 41.35246911], [144.86991795, 41.34234913], [144.87741445, 41.09050350], [144.87743956, 41.07734975], [144.87696198, 41.06737861], [144.85939352, 40.81594511], [144.85824593, 40.80394186], [144.85681098, 40.79394877], [144.81463094, 40.53963208], [144.81292252, 40.53046371], [144.81060697, 40.52037459], [144.74499363, 40.26025679], [144.74348879, 40.25459796], [144.74039662, 40.24438528], [144.65304431, 39.97649950], [144.64874449, 39.96432553], [144.54410855, 39.68941826], [144.53925984, 39.67753556], [144.41777168, 39.39878401], [144.41277344, 39.38796090], [144.27603338, 39.10784023], [144.27162656, 39.09919483], [144.12269612, 38.81902585], [144.11926157, 38.81275571], [143.96179103, 38.53360517], [143.95915849, 38.52903652], [143.79565189, 38.25116139], [143.79447780, 38.24918398], [143.62839936, 37.97197512], [143.46303190, 37.69494502], [143.46286755, 37.69466850], [143.30034152, 37.41998895], [143.29958322, 37.41868024], [143.14470144, 37.14563958], [143.14384553, 37.14409202], [142.99687921, 36.87143446], [142.99578825, 36.86933774], [142.85748061, 36.59372864], [142.85689706, 36.59254140], [142.72200184, 36.31224830], [142.72170754, 36.31162998], [142.58893548, 36.02955009], [142.58860560, 36.02884016], [142.45930053, 35.74691765], [142.45873419, 35.74565365], [142.33557574, 35.46414691], [142.33464166, 35.46191844], [142.22006961, 35.17618775], [142.21950590, 35.17473983], [142.10916776, 34.88263980], [142.10896996, 34.88211025], [141.99965633, 34.58613271], [141.99950962, 34.58573645], [141.88934553, 34.28889801], [141.88914855, 34.28836895], [141.77844132, 33.99198252], [141.77661426, 33.98722901], [141.66002793, 33.69225897], [141.65861332, 33.68875184], [141.53762235, 33.39471692], [141.53688341, 33.39293904], [141.41368477, 33.09946031], [141.41304379, 33.09794620], [141.28801090, 32.80505841], [141.28715070, 32.80306536], [141.15986121, 32.51132588], [141.15857755, 32.50842954], [141.02805289, 32.21844745], [141.02705582, 32.21625786], [140.89407532, 31.92757303], [140.89159744, 31.92233842], [140.75272079, 31.63668427], [140.74771631, 31.62688380], [140.59732102, 31.34600141], [140.59130989, 31.33532968], [140.42776349, 31.05887364], [140.42133943, 31.04851286], [140.24467307, 30.77630457], [140.23795737, 30.76639619], [140.04843888, 30.49837733], [140.04371402, 30.49187820], [139.84605545, 30.22733376], [139.84053075, 30.22015984], [139.63425611, 29.96018170], [139.62924062, 29.95402093], [139.41541053, 29.69796404], [139.41256263, 29.69460099], [139.19445850, 29.44059522], [139.19008500, 29.43560611], [138.96552279, 29.18464419], [138.96118187, 29.17988769], [138.73052548, 28.93205590], [138.72693387, 28.92825723], [138.49156017, 28.68319262], [138.48620280, 28.67774012], [138.24454506, 28.43729387], [138.23606181, 28.42913853], [137.98417166, 28.19512108], [137.97719788, 28.18881464], [137.71735509, 27.96007283], [137.70823878, 27.95231520], [137.43971967, 27.73141669], [137.42891422, 27.72286400], [137.15085092, 27.51110465], [137.14025255, 27.50332334], [136.85279689, 27.29987551], [136.84332352, 27.29338143], [136.54813352, 27.09741583], [136.53860990, 27.09129014], [136.23763761, 26.90376394], [136.22335711, 26.89527274], [135.91437652, 26.72005674], [135.90021049, 26.71238661], [135.58366432, 26.54887182], [135.57121518, 26.54269946], [135.24916420, 26.38955531], [135.23618226, 26.38364453], [134.90870436, 26.24102097], [134.89520398, 26.23540768], [134.56215526, 26.10337174], [134.54862372, 26.09825971], [134.21028069, 25.97663934], [134.19560786, 25.97164654], [133.85198823, 25.86120022], [133.83459796, 25.85598583], [133.48759561, 25.75929396], [133.46926878, 25.75458309], [133.11808398, 25.67177955], [133.10984705, 25.66992327], [133.09713635, 25.66737897], [132.74003715, 25.60114993], [132.73281529, 25.59987468], [132.71986367, 25.59788937], [132.35793513, 25.54760779], [132.33900077, 25.54535214], [131.97217724, 25.50886179], [131.95790289, 25.50765104], [131.58468968, 25.48144377], [131.57709878, 25.48096937], [131.19972578, 25.46029522], [131.19584637, 25.46009795], [130.81628264, 25.44228868], [130.81500480, 25.44223038], [130.43703831, 25.42547391], [130.43570149, 25.42540831], [130.06409705, 25.40541081], [130.06211809, 25.40529040], [129.69428932, 25.38031779], [129.69273751, 25.38020384], [129.32635049, 25.35126841], [129.32493221, 25.35114919], [128.96156881, 25.31875742], [128.95964190, 25.31857229], [128.60133533, 25.28165567], [128.59859396, 25.28134596], [128.24409654, 25.23776025], [128.24143866, 25.23740756], [127.88990602, 25.18732065], [127.88673339, 25.18683120], [127.53899699, 25.12906206], [127.53594430, 25.12851969], [127.19242259, 25.06349548], [127.18855017, 25.06270455], [126.85212129, 24.98891199], [126.84780430, 24.98789092], [126.51486948, 24.90335502], [126.51211452, 24.90262430], [126.18098510, 24.81101233], [126.17682262, 24.80978720], [125.85149829, 24.70820509], [125.84672615, 24.70661360], [125.52731626, 24.59317316], [125.52528410, 24.59243214], [125.52174873, 24.59104863], [125.20934078, 24.46335702], [125.20687854, 24.46231985], [125.20345296, 24.46077123], [124.89948550, 24.31771300], [124.89682368, 24.31642043], [124.89352640, 24.31470445], [124.59924091, 24.15564768], [124.59705829, 24.15443785], [124.59389264, 24.15257144], [124.30825664, 23.97793915], [124.30474073, 23.97569942], [124.02433886, 23.78965155], [124.02110203, 23.78741971], [123.74669181, 23.59083418], [123.74503128, 23.58962048], [123.46966176, 23.38427670], [123.46682304, 23.38218056], [123.18699422, 23.17757392], [123.17801818, 23.17120849], [122.89447643, 22.97621116], [122.88568376, 22.97033965], [122.59854314, 22.78418443], [122.58877989, 22.77805574], [122.29835456, 22.60157624], [122.28954554, 22.59637583], [121.99618895, 22.42816611], [121.98703329, 22.42307124], [121.69157544, 22.26355975], [121.68047531, 22.25778118], [121.38384009, 22.10895556], [121.37086862, 22.10272106], [121.07160444, 21.96504901], [121.06544186, 21.96228038], [121.05376062, 21.95736636], [120.75717146, 21.83782150], [120.74621781, 21.83358745], [120.73447590, 21.82943644], [120.43838791, 21.72965009], [120.42614833, 21.72572981], [120.41413518, 21.72226997], [120.11476701, 21.64072478], [120.10635722, 21.63852673], [120.09380817, 21.63557459], [119.79721557, 21.57025904], [119.78450872, 21.56765422], [119.77202721, 21.56546640], [119.47875209, 21.51831543], [119.46176150, 21.51590736], [119.44939127, 21.51456326], [119.15701024, 21.48692200], [119.14968377, 21.48629182], [119.13751591, 21.48551905], [119.12472534, 21.48506350], [118.83197384, 21.47870886], [118.82010162, 21.47860500]]]}
    },
    {
      "type": "Feature",
      "properties": {"block_id": "ADC_WNP_09", "basin_id": "BASIN_WNP", "basin_label": "Western North Pacific and East Asia", "domain_count": 1, "grid_cell_count": 128, "outer_area_km2": 5211092.391063, "shelf_width_km": 250.000000, "outer_buffer_km": 430.000000, "shelf_add_area_km2": 0.000000, "shelf_add_cell_count": 0, "shelf_add_component_count": 0, "bay_add_area_km2": 1924580.114399, "bay_add_cell_count": 3500, "bay_add_core_cell_count": 3500, "bay_add_component_count": 5, "open_ocean_area_risk": 0},
      "geometry": {"type": "Polygon", "coordinates": [[[119.69683185, 22.45787953], [119.68467696, 22.45810757], [119.43735414, 22.46636914], [119.42220574, 22.46714857], [119.41125430, 22.46807179], [119.39920723, 22.46944481], [119.15663383, 22.50071416], [119.14628147, 22.50218436], [119.13516780, 22.50407785], [119.12425497, 22.50627211], [119.11253866, 22.50899365], [118.88046597, 22.56657467], [118.86682641, 22.57021319], [118.85641365, 22.57335864], [118.84599517, 22.57685476], [118.83487282, 22.58097015], [118.61654641, 22.66559961], [118.60386991, 22.67077433], [118.59409419, 22.67515227], [118.58438666, 22.67987186], [118.57408924, 22.68528937], [118.37174390, 22.79591640], [118.36120621, 22.80190982], [118.35218391, 22.80744530], [118.34336519, 22.81326271], [118.33407960, 22.81984065], [118.14995899, 22.95495954], [118.14286889, 22.96031112], [118.13463465, 22.96693055], [118.12681139, 22.97367445], [118.11864539, 22.98122396], [117.95342452, 23.13943478], [117.94595174, 23.14683583], [117.93897240, 23.15424677], [117.93233085, 23.16182885], [117.92548208, 23.17024842], [117.78522565, 23.34930969], [117.78007936, 23.35608498], [117.77425947, 23.36430730], [117.76887381, 23.37255952], [117.76341503, 23.38166484], [117.65043761, 23.57860679], [117.64375546, 23.59097025], [117.63964849, 23.59946357], [117.63547782, 23.60903543], [117.54770864, 23.82192878], [117.54495335, 23.82890289], [117.54168169, 23.83811267], [117.53862103, 23.84797469], [117.47375357, 24.07304258], [117.47136343, 24.08194837], [117.46907373, 24.09203349], [117.42148451, 24.32357861], [117.42020094, 24.33030907], [117.41860035, 24.34065376], [117.38741196, 24.57410345], [117.38593565, 24.58815595], [117.38538379, 24.59805541], [117.37717287, 24.83337496], [117.37703308, 24.84023471], [117.37717727, 24.84987800], [117.37775380, 24.86005674], [117.39617175, 25.09761230], [117.39680303, 25.10446420], [117.39802829, 25.11405259], [117.39974415, 25.12414079], [117.44602369, 25.36595118], [117.44862106, 25.37793657], [117.45121092, 25.38774718], [117.52289770, 25.63847445], [117.52559197, 25.64728461], [117.52902571, 25.65714152], [117.62626127, 25.91917833], [117.63140723, 25.93205810], [117.74449099, 26.19601570], [117.74825617, 26.20442468], [117.87251739, 26.47033496], [117.87477584, 26.47505511], [118.00600308, 26.74302541], [118.00683470, 26.74470969], [118.14085103, 27.01392155], [118.27480845, 27.28245446], [118.27509732, 27.28303930], [118.40568527, 27.55008937], [118.40587762, 27.55048540], [118.53471856, 27.81757883], [118.53503621, 27.81824498], [118.66015937, 28.08371243], [118.66100896, 28.08557522], [118.77718558, 28.34903131], [118.77860533, 28.35246267], [118.88107605, 28.61729964], [118.88254174, 28.62142151], [118.96941019, 28.88895577], [118.97073286, 28.89349137], [119.04047069, 29.16279383], [119.04149376, 29.16729572], [119.09421176, 29.43645767], [119.09489088, 29.44049669], [119.13289149, 29.71078243], [119.13322272, 29.71349091], [119.16133517, 29.98367675], [119.16161440, 29.98712617], [119.17694088, 30.25178890], [119.17702966, 30.25377610], [119.17706299, 30.25691151], [119.17437347, 30.52070724], [119.17419573, 30.52516742], [119.15531006, 30.79670347], [119.15503959, 30.79971806], [119.12423616, 31.07991286], [119.12397601, 31.08200967], [119.08469765, 31.36614203], [119.08440012, 31.36810497], [119.03709057, 31.65492341], [119.03681265, 31.65650454], [118.98285283, 31.94562522], [118.98259073, 31.94696335], [118.92300170, 32.23745638], [118.92280502, 32.23838588], [118.85904360, 32.53078485], [118.85833587, 32.53413263], [118.79804204, 32.82859955], [118.79712774, 32.83327600], [118.74227392, 33.12773029], [118.74212012, 33.12853209], [118.68546859, 33.41558649], [118.68467835, 33.41914403], [118.61608930, 33.69672779], [118.61487336, 33.70109642], [118.52992810, 33.97516838], [118.52936982, 33.97689853], [118.52829447, 33.97990173], [118.42518877, 34.25059908], [118.42353347, 34.25461463], [118.30398057, 34.52383336], [118.30275191, 34.52647213], [118.17129174, 34.79617183], [118.17045732, 34.79783574], [118.03094292, 35.06840086], [118.03066355, 35.06893783], [117.88768402, 35.34133131], [117.88622487, 35.34414841], [117.74570525, 35.61911106], [117.74443090, 35.62163499], [117.60713933, 35.89688586], [117.60315989, 35.90519459], [117.47655992, 36.18081251], [117.47085141, 36.19412632], [117.36093036, 36.46983062], [117.35702492, 36.48022183], [117.25988003, 36.75523405], [117.25723085, 36.76310873], [117.17023967, 37.03519518], [117.16725250, 37.04519065], [117.09286300, 37.31262793], [117.08979617, 37.32472471], [117.03019408, 37.58488479], [117.02738144, 37.59885445], [116.98355249, 37.85104909], [116.98239768, 37.85835733], [116.98114450, 37.86869569], [116.95701112, 38.10951708], [116.95616631, 38.12034689], [116.95581144, 38.13048536], [116.95250395, 38.36391327], [116.95249405, 38.36969389], [116.95282562, 38.38019550], [116.96477508, 38.60813513], [116.96556611, 38.61879116], [116.96674943, 38.62889805], [116.99717734, 38.84916208], [116.99795807, 38.85437507], [116.99972023, 38.86402152], [117.00197858, 38.87403438], [117.05475077, 39.08752650], [117.05648849, 39.09415387], [117.05929011, 39.10351322], [117.06265850, 39.11330453], [117.13969164, 39.32338196], [117.14514509, 39.33706608], [117.14934507, 39.34630555], [117.24908115, 39.55470689], [117.25601274, 39.56821744], [117.26111441, 39.57711020], [117.38682012, 39.78677831], [117.39021566, 39.79228839], [117.39581299, 39.80076830], [117.40206626, 39.80950730], [117.55690912, 40.01758071], [117.56013110, 40.02182249], [117.56665478, 40.02992512], [117.57380315, 40.03816789], [117.75710759, 40.24195992], [117.76236636, 40.24765455], [117.76966181, 40.25508084], [117.77771274, 40.26271667], [117.99083870, 40.45788126], [118.00138045, 40.46712579], [118.00995826, 40.47408294], [118.25177538, 40.66347512], [118.26463531, 40.67306922], [118.27376563, 40.67932971], [118.54153397, 40.85648614], [118.54721628, 40.86016267], [118.55657775, 40.86587317], [118.56665158, 40.87157835], [118.85467563, 41.02863103], [118.86935692, 41.03621838], [118.87964533, 41.04105142], [119.18063028, 41.17671032], [119.19531465, 41.18296510], [119.20608787, 41.18710109], [119.51143959, 41.29896830], [119.52785385, 41.30457840], [119.53892135, 41.30791061], [119.84877380, 41.39611501], [119.86349281, 41.40000691], [119.87499624, 41.40263710], [120.18859378, 41.46943338], [120.19842440, 41.47139867], [120.21047882, 41.47346749], [120.52704454, 41.52298930], [120.54265857, 41.52514727], [120.86199314, 41.56350118], [120.87180031, 41.56456870], [121.19356596, 41.59598403], [121.20224630, 41.59674586], [121.52326816, 41.62175923], [121.54143405, 41.62280268], [121.86239090, 41.63468763], [121.87104995, 41.63491528], [121.88345760, 41.63492682], [122.20661763, 41.63049947], [122.22126370, 41.63005883], [122.54586952, 41.61496643], [122.55600642, 41.61437959], [122.88320987, 41.59170162], [122.89091131, 41.59110078], [123.22181281, 41.56239794], [123.22667875, 41.56194895], [123.56132607, 41.52921641], [123.56324471, 41.52902455], [123.89982309, 41.49462931], [123.90089340, 41.49451863], [124.23698792, 41.45935069], [124.23768790, 41.45927940], [124.56627170, 41.42673601], [124.56942660, 41.42646315], [124.88800150, 41.40289770], [124.89090605, 41.40271615], [125.19763033, 41.38705314], [125.20260989, 41.38689613], [125.48943991, 41.38344532], [125.49352723, 41.38346148], [125.49726506, 41.38359075], [125.77004519, 41.39702506], [125.77442155, 41.39731608], [125.77813694, 41.39768244], [126.04219307, 41.42764484], [126.04443853, 41.42791995], [126.04812357, 41.42846028], [126.05178388, 41.42910808], [126.31317683, 41.47937849], [126.31754661, 41.48030034], [126.32113667, 41.48118206], [126.59038203, 41.55160880], [126.59280071, 41.55226795], [126.59632294, 41.55332450], [126.87139453, 41.64040498], [126.87391707, 41.64123424], [126.87735710, 41.64246646], [127.15756911, 41.74772311], [127.15970529, 41.74854925], [127.45085352, 41.86441142], [127.74466403, 41.98164847], [127.74551351, 41.98199128], [128.03647600, 42.10073459], [128.03827263, 42.10148533], [128.33029344, 42.22638494], [128.33156211, 42.22693652], [128.62758704, 42.35774769], [128.62827274, 42.35805336], [128.92649738, 42.49216024], [128.92696554, 42.49237203], [129.22624987, 42.62856327], [129.52647389, 42.76569376], [129.52705710, 42.76595958], [129.82763932, 42.90267599], [129.82862819, 42.90312416], [130.12712964, 43.03792514], [130.12849092, 43.03855059], [130.42238280, 43.17591014], [130.42335085, 43.17636812], [130.71767069, 43.31730151], [131.01390053, 43.45911345], [131.01544249, 43.45984757], [131.31301250, 43.60074156], [131.31612845, 43.60220056], [131.61660336, 43.74132581], [131.62084816, 43.74326143], [131.92540815, 43.88001630], [131.92793873, 43.88114219], [132.23474154, 44.01638676], [132.23802794, 44.01781815], [132.54789056, 44.15115486], [132.55037014, 44.15221213], [132.86170675, 44.28374699], [132.86637641, 44.28568588], [133.17875788, 44.41313212], [133.19102505, 44.41790957], [133.50802353, 44.53558729], [133.51176678, 44.53695650], [134.15008390, 44.76698122], [134.15076268, 44.76722516], [134.46996278, 44.88162896], [134.78757884, 44.99512278], [134.78856711, 44.99548085], [135.10509595, 45.11174911], [135.10552331, 45.11190702], [135.42404267, 45.23029592], [135.42526654, 45.23074862], [135.74437148, 45.34821559], [135.74913771, 45.34993723], [136.06804255, 45.46294539], [136.07871034, 45.46656501], [136.39820752, 45.57021934], [136.41080050, 45.57408936], [136.73309672, 45.66769207], [136.74431794, 45.67078600], [137.07120718, 45.75615955], [137.08145003, 45.75870114], [137.41302670, 45.83669015], [137.42753679, 45.83984230], [137.76437056, 45.90702586], [137.78133111, 45.91006332], [138.12636715, 45.96489753], [138.13279553, 45.96586370], [138.14521446, 45.96743717], [138.49657732, 46.00671061], [138.50686114, 46.00772831], [138.51910352, 46.00860283], [138.87199343, 46.02861866], [138.88591726, 46.02917623], [138.89794719, 46.02928168], [139.24866957, 46.02722547], [139.26642049, 46.02675045], [139.27814558, 46.02601899], [139.62183595, 45.99951572], [139.63988315, 45.99773448], [139.65146116, 45.99616701], [139.98131805, 45.94654410], [139.99556843, 45.94414507], [140.00722337, 45.94179286], [140.32001209, 45.87380367], [140.33179984, 45.87105544], [140.34338657, 45.86798402], [140.63817728, 45.78507019], [140.65235275, 45.78079915], [140.66343328, 45.77704794], [140.93807020, 45.67936566], [140.94328376, 45.67746563], [140.95387346, 45.67332572], [140.96470573, 45.66869857], [141.21356461, 45.55776749], [141.22076153, 45.55446449], [141.23068450, 45.54958461], [141.24094958, 45.54412416], [141.46515743, 45.42020507], [141.47399042, 45.41515675], [141.48313370, 45.40955253], [141.49269101, 45.40325394], [141.69440585, 45.26547509], [141.70472775, 45.25814277], [141.71294425, 45.25185713], [141.72163264, 45.24472903], [141.90289359, 45.09073630], [141.90833079, 45.08600773], [141.91608751, 45.07885610], [141.92394675, 45.07108124], [142.08824318, 44.90267586], [142.09826483, 44.89190814], [142.10517709, 44.88382808], [142.25612815, 44.70070815], [142.26221342, 44.69306990], [142.26866973, 44.68435055], [142.40848137, 44.48796364], [142.41327567, 44.48100956], [142.41911127, 44.47189448], [142.54626340, 44.26468479], [142.55321547, 44.25270190], [142.55798473, 44.24357250], [142.66763343, 44.02329555], [142.67346756, 44.01078665], [142.67734678, 44.00137378], [142.76945423, 43.76456177], [142.77426536, 43.75112605], [142.77719878, 43.74151978], [142.84954462, 43.48612904], [142.85082393, 43.48142673], [142.85311948, 43.47182802], [142.85509147, 43.46177275], [142.90211049, 43.19276708], [142.90300989, 43.18723092], [142.90425893, 43.17755233], [142.90514373, 43.16738915], [142.92367665, 42.88722149], [142.92419145, 42.87449147], [142.92413083, 42.86448344], [142.91634988, 42.57506788], [142.91607358, 42.56835123], [142.91527892, 42.55793438], [142.88667532, 42.26372205], [142.88517592, 42.25133492], [142.84204739, 41.95382442], [142.84122389, 41.94852090], [142.79181118, 41.65014306], [142.79174190, 41.64971726], [142.74439588, 41.35341704], [142.74421868, 41.35225004], [142.70194402, 41.05849758], [142.70175405, 41.05708344], [142.66546809, 40.76626437], [142.66522558, 40.76405797], [142.63798131, 40.47755073], [142.63774215, 40.47428638], [142.62308924, 40.18966698], [142.62299011, 40.18606916], [142.62195562, 39.90263066], [142.62203372, 39.89891596], [142.63485951, 39.61839305], [142.63515054, 39.61437876], [142.66275481, 39.33651974], [142.66312746, 39.33341976], [142.70220639, 39.05656646], [142.70256750, 39.05426376], [142.75012835, 38.77860641], [142.75045297, 38.77684803], [142.80419725, 38.50366727], [142.80458265, 38.50182765], [142.86433175, 38.23306093], [142.86493557, 38.23054490], [142.93313612, 37.96597366], [142.93392545, 37.96313548], [143.01193287, 37.70188530], [143.01281469, 37.69911989], [143.10050227, 37.44070797], [143.10182135, 37.43710910], [143.20316550, 37.17993559], [143.20462345, 37.17647491], [143.32142911, 36.91627409], [143.32297983, 36.91301430], [143.45626243, 36.64800684], [143.45715503, 36.64628270], [143.60149594, 36.37527255], [143.60189142, 36.37453886], [143.75164033, 36.10001148], [143.90288029, 35.82396261], [143.90381317, 35.82224632], [144.05267474, 35.54618415], [144.05465429, 35.54244857], [144.19857751, 35.26602439], [144.20093321, 35.26139938], [144.33900924, 34.98419322], [144.34133286, 34.97941850], [144.47347872, 34.70137702], [144.47597684, 34.69597668], [144.60114284, 34.41782332], [144.60573778, 34.40701923], [144.71724142, 34.12890128], [144.72201048, 34.11610929], [144.81877664, 33.83569536], [144.82072343, 33.82981318], [144.82372276, 33.81963692], [144.90101091, 33.53625661], [144.90266170, 33.52986179], [144.90494276, 33.51958732], [144.96243485, 33.23289415], [144.96337202, 33.22794185], [144.96501314, 33.21747177], [145.00434434, 32.92743482], [145.00511507, 32.92111236], [145.00602582, 32.91067601], [145.02543602, 32.61816179], [145.02601109, 32.60210725], [145.02758228, 32.30731817], [145.02731266, 32.29391293], [145.01380893, 31.99760732], [145.01285835, 31.98423072], [144.98401144, 31.68566171], [144.98247887, 31.67299379], [144.93898846, 31.37397348], [144.93679056, 31.36108831], [144.87827092, 31.06230174], [144.87535315, 31.04915885], [144.80170352, 30.75261214], [144.79728481, 30.73686302], [144.70540694, 30.44348486], [144.70098819, 30.43051485], [144.59434767, 30.14116060], [144.58995795, 30.12999449], [144.47076752, 29.84486011], [144.46587348, 29.83381949], [144.33420742, 29.55301625], [144.32872978, 29.54195750], [144.18441430, 29.26558305], [144.17868107, 29.25512861], [144.02202049, 28.98271025], [144.01698357, 28.97427726], [143.84971494, 28.70441838], [143.84592243, 28.69845726], [143.67058867, 28.42985601], [143.66794950, 28.42588150], [143.48707616, 28.15806950], [143.48628743, 28.15690744], [143.30393717, 27.88956674], [143.30130228, 27.88576571], [143.11441998, 27.62045995], [143.11177082, 27.61675740], [142.92053406, 27.35359216], [142.91890442, 27.35137037], [142.72501541, 27.08947039], [142.72186587, 27.08528980], [142.52299151, 26.82585292], [142.51931103, 26.82114484], [142.31507523, 26.56491906], [142.31093034, 26.55982781], [142.10070387, 26.30696206], [142.09608990, 26.30153576], [141.87930251, 26.05221408], [141.87366547, 26.04589902], [141.64908260, 25.80077420], [141.64272314, 25.79402614], [141.41031019, 25.55422769], [141.40435448, 25.54823612], [141.16494378, 25.31336900], [141.15962588, 25.30826445], [140.91481628, 25.07832609], [140.90949015, 25.07342839], [140.66029421, 24.84907329], [140.65495803, 24.84436742], [140.40172156, 24.62561095], [140.39558958, 24.62043538], [140.13792773, 24.40794872], [140.13224326, 24.40335854], [139.87057384, 24.19646687], [139.86205539, 24.18993636], [139.59577830, 23.99202030], [139.58503410, 23.98433244], [139.31357415, 23.79738410], [139.30025643, 23.78862679], [139.02107977, 23.61343200], [139.01615979, 23.61040447], [139.00581453, 23.60438975], [138.71656656, 23.44241428], [138.71069123, 23.43919913], [138.70001544, 23.43370871], [138.39999602, 23.28539030], [138.39404295, 23.28251687], [138.38300970, 23.27752905], [138.07276473, 23.14308066], [138.06552341, 23.14003464], [138.05423829, 23.13563192], [137.73639116, 23.01724081], [137.72968133, 23.01481518], [137.71806307, 23.01093971], [137.39506263, 22.90863354], [137.38594285, 22.90586814], [137.37421795, 22.90266041], [137.04420586, 22.81768706], [137.03692222, 22.81588732], [137.02485089, 22.81321894], [136.68856312, 22.74412018], [136.68133368, 22.74270609], [136.66908822, 22.74061837], [136.32920606, 22.68783186], [136.32136426, 22.68669439], [136.30903172, 22.68521605], [135.96539467, 22.64914071], [135.95964942, 22.64858132], [135.94708622, 22.64763915], [135.59993246, 22.62671613], [135.58063049, 22.62597099], [135.22989007, 22.62001187], [135.21256119, 22.62005300], [134.85977853, 22.62772256], [134.84166904, 22.62848370], [134.48741194, 22.65057821], [134.47019454, 22.65198730], [134.11508495, 22.68799579], [134.10242752, 22.68946300], [133.74686842, 22.73586422], [133.73495428, 22.73758429], [133.37926491, 22.79389705], [133.36933771, 22.79558538], [133.01360087, 22.86028937], [133.00072254, 22.86283190], [132.64536863, 22.93855616], [132.63543153, 22.94079577], [132.28144179, 23.02495763], [132.27354069, 23.02691496], [131.92141203, 23.11768342], [131.91147825, 23.12037142], [131.56250431, 23.21931546], [131.55288870, 23.22216443], [131.20680752, 23.32916118], [131.19644987, 23.33251018], [130.85394131, 23.44816411], [130.84241580, 23.45224444], [130.50413041, 23.57761853], [130.49865881, 23.57969043], [130.16197706, 23.70990899], [130.16051128, 23.71047912], [129.82464140, 23.84185754], [129.82433087, 23.84197850], [129.48953604, 23.97184621], [129.48874519, 23.97214972], [129.15752824, 24.09790419], [129.15514110, 24.09878136], [128.82764182, 24.21516496], [128.82434529, 24.21628274], [128.49787241, 24.32173476], [128.49458332, 24.32274572], [128.16920858, 24.41772840], [128.16575068, 24.41868294], [127.84146475, 24.50311194], [127.83791260, 24.50398069], [127.51533734, 24.57783338], [127.51100915, 24.57874359], [127.19229127, 24.63988791], [127.18688790, 24.64080263], [126.87203405, 24.68707391], [126.87017453, 24.68733308], [126.86646935, 24.68776607], [126.55617234, 24.71941089], [126.55415381, 24.71960050], [126.55042620, 24.71986568], [126.24423750, 24.73714301], [126.24229860, 24.73723763], [126.23855946, 24.73733685], [125.93689757, 24.74092582], [125.93490416, 24.74093400], [125.93116404, 24.74086546], [125.63170117, 24.73099312], [125.62961216, 24.73090714], [125.62588203, 24.73066819], [125.32903027, 24.70727797], [125.32617519, 24.70702062], [125.32246973, 24.70658935], [125.03235191, 24.66848627], [125.02817351, 24.66786622], [125.02451663, 24.66720498], [124.74167574, 24.61171432], [124.73694253, 24.61068974], [124.73336095, 24.60978410], [124.45890113, 24.53598030], [124.45709424, 24.53547954], [124.45357450, 24.53441714], [124.45010116, 24.53325244], [124.18448912, 24.43964611], [124.18268627, 24.43899440], [124.17929177, 24.43767646], [124.17595421, 24.43626004], [123.91573671, 24.32100082], [123.91104290, 24.31879366], [123.90786111, 24.31714452], [123.65051893, 24.17850063], [123.64857082, 24.17742579], [123.64550558, 24.17562825], [123.38258283, 24.01564269], [123.37976726, 24.01386952], [123.11012162, 23.83817066], [123.10922953, 23.83758300], [122.83436447, 23.65453763], [122.83149263, 23.65264418], [122.55563991, 23.47258679], [122.54620683, 23.46662712], [122.27349927, 23.29991327], [122.25986596, 23.29196036], [121.99266863, 23.14334253], [121.97787895, 23.13552625], [121.71442330, 23.00338114], [121.70004494, 22.99652546], [121.43870759, 22.87823339], [121.42329570, 22.87163755], [121.16134580, 22.76584259], [121.15623398, 22.76382421], [121.14467758, 22.75956796], [120.88002001, 22.66667829], [120.87462942, 22.66483396], [120.86283206, 22.66109966], [120.59422962, 22.58053786], [120.57647598, 22.57564815], [120.56522051, 22.57299787], [120.29963508, 22.51463319], [120.28971028, 22.51258384], [120.27859719, 22.51060608], [120.26662351, 22.50883872], [120.00562151, 22.47423870], [119.99662559, 22.47314921], [119.98525642, 22.47207083], [119.97313523, 22.47127903], [119.71861290, 22.45839391], [119.70817563, 22.45799864], [119.69683185, 22.45787953]]]}
    },
    {
      "type": "Feature",
      "properties": {"block_id": "ADC_WNP_10", "basin_id": "BASIN_WNP", "basin_label": "Western North Pacific and East Asia", "domain_count": 2, "grid_cell_count": 91, "outer_area_km2": 3882172.675494, "shelf_width_km": 250.000000, "outer_buffer_km": 430.000000, "shelf_add_area_km2": 35351.471556, "shelf_add_cell_count": 54, "shelf_add_component_count": 1, "bay_add_area_km2": 981001.008766, "bay_add_cell_count": 1867, "bay_add_core_cell_count": 1867, "bay_add_component_count": 4, "open_ocean_area_risk": 0},
      "geometry": {"type": "Polygon", "coordinates": [[[146.06478008, 29.85150926], [145.68408189, 29.85482080], [145.66654863, 29.85526392], [145.28326209, 29.87131268], [145.26281722, 29.87256651], [144.87980595, 29.90353752], [144.86016643, 29.90549796], [144.47759917, 29.95098542], [144.46157273, 29.95314387], [144.07783230, 30.01092391], [144.06532080, 30.01296514], [143.68147858, 30.08044782], [143.66973984, 30.08265299], [143.28536933, 30.15952144], [143.27409061, 30.16191049], [142.89122799, 30.24757493], [142.88216772, 30.24969027], [142.50159489, 30.34227163], [142.48994482, 30.34525496], [142.11320490, 30.44660431], [142.10308692, 30.44944217], [141.72943597, 30.55856600], [141.71549087, 30.56286646], [141.34772559, 30.68237706], [141.33400055, 30.68706824], [140.97179690, 30.81706555], [140.95877780, 30.82195672], [140.60184953, 30.96214744], [140.59336667, 30.96557651], [140.24117424, 31.11203271], [140.23036076, 31.11669413], [139.88542209, 31.27073340], [139.87616167, 31.27499581], [139.53789660, 31.43540564], [139.53011485, 31.43918973], [139.19741591, 31.60504488], [139.19160745, 31.60799490], [138.86262535, 31.77819719], [138.85945765, 31.77985270], [138.53221002, 31.95261126], [138.52950006, 31.95405430], [138.20336692, 32.12922228], [138.20232673, 32.12978283], [137.87719752, 32.30557211], [137.87683577, 32.30576692], [137.55620930, 32.47772958], [137.55371767, 32.47902947], [137.23670959, 32.63985511], [137.23317732, 32.64157797], [136.91575582, 32.79032489], [136.91242208, 32.79182938], [136.59559870, 32.92942806], [136.59182470, 32.93099736], [136.27717006, 33.05613481], [136.27357133, 33.05750608], [135.96412419, 33.17035086], [135.95856449, 33.17224323], [135.65690414, 33.26775833], [135.65491057, 33.26837308], [135.65109370, 33.26946004], [135.35080404, 33.35041481], [135.34543089, 33.35175173], [135.03768502, 33.42202942], [135.03409585, 33.42280119], [134.72233095, 33.48571885], [134.71747605, 33.48661350], [134.40294255, 33.53911580], [134.39793453, 33.53986375], [134.07767721, 33.58211471], [134.07288469, 33.58266823], [133.74646238, 33.61503964], [133.74169440, 33.61543586], [133.40308303, 33.63815575], [133.40146943, 33.63825533], [133.04985164, 33.65806156], [133.04846583, 33.65814145], [132.69591329, 33.67893073], [132.69052787, 33.67927595], [132.34885104, 33.70293506], [132.34156187, 33.70349065], [132.01060508, 33.73103044], [132.00080147, 33.73193882], [131.67985637, 33.76471728], [131.66735146, 33.76614665], [131.35565961, 33.80558604], [131.34395161, 33.80720287], [131.03907121, 33.85284960], [131.02515622, 33.85512761], [130.72624508, 33.90827471], [130.70702882, 33.91207279], [130.41321355, 33.97604980], [130.40602808, 33.97767692], [130.39402703, 33.98067695], [130.38159800, 33.98415785], [130.10313401, 34.06641228], [130.08960356, 34.07063958], [130.07855618, 34.07445944], [130.06668704, 34.07895323], [129.80659316, 34.18180826], [129.79181977, 34.18796805], [129.78153985, 34.19266555], [129.77040743, 34.19816607], [129.52600961, 34.32361413], [129.51697598, 34.32840005], [129.50701435, 34.33404923], [129.49664343, 34.34037207], [129.26367786, 34.48757055], [129.25896647, 34.49060105], [129.24942356, 34.49707386], [129.23980800, 34.50406975], [129.01337422, 34.67467084], [129.00243698, 34.68325405], [128.99365003, 34.69069280], [128.77361402, 34.88362771], [128.76768075, 34.88896238], [128.75919463, 34.89707047], [128.54794685, 35.10627701], [128.53850323, 35.11601193], [128.33318416, 35.33642338], [128.32710186, 35.34313554], [128.12524181, 35.57219607], [128.11753528, 35.58127416], [127.92167623, 35.82091617], [127.91154736, 35.83400210], [127.72616559, 36.08725940], [127.72284007, 36.09190717], [127.71656389, 36.10127117], [127.54523666, 36.36821615], [127.53765337, 36.38071456], [127.38112974, 36.65417298], [127.37575293, 36.66401613], [127.23279109, 36.93868734], [127.22960239, 36.94501036], [127.09614431, 37.21834869], [127.09243116, 37.22627433], [126.97055001, 37.49776430], [126.96489282, 37.51135688], [126.86193829, 37.77951442], [126.85915328, 37.78715640], [126.85592825, 37.79720484], [126.77840607, 38.05821100], [126.77515514, 38.07031449], [126.77300670, 38.08021212], [126.72344753, 38.33587289], [126.72107499, 38.35061212], [126.72003892, 38.36043672], [126.69901022, 38.61475520], [126.69828695, 38.62851671], [126.69828862, 38.63845085], [126.70410922, 38.89351281], [126.70474800, 38.90641807], [126.72407438, 39.15998843], [126.72465978, 39.16651003], [126.75080042, 39.41949009], [126.75148687, 39.42542250], [126.78375171, 39.67727231], [126.78580775, 39.69046363], [126.83188827, 39.94123314], [126.83295234, 39.94663642], [126.83537132, 39.95699793], [126.89951507, 40.20666427], [126.90209391, 40.21590895], [126.90532413, 40.22584460], [126.99155537, 40.47271782], [126.99529418, 40.48271011], [126.99939719, 40.49238173], [127.10922154, 40.73673460], [127.11594759, 40.75058109], [127.12093591, 40.75966297], [127.26019843, 41.00136700], [127.26748626, 41.01329412], [127.27346153, 41.02214439], [127.44415152, 41.26453308], [127.44973605, 41.27218355], [127.45666011, 41.28098363], [127.65503279, 41.52345479], [127.65874709, 41.52789910], [127.66646244, 41.53660316], [127.88661926, 41.77589652], [127.89761659, 41.78729503], [128.13628175, 42.02333815], [128.14807466, 42.03446734], [128.40260623, 42.26377228], [128.41459754, 42.27410503], [128.68185828, 42.49442650], [128.69649591, 42.50589093], [128.97509677, 42.71321174], [128.98030299, 42.71700891], [128.99047589, 42.72403035], [129.27954904, 42.91665179], [129.29450400, 42.92614810], [129.58956786, 43.10461774], [129.59625760, 43.10857859], [129.89406448, 43.28116041], [129.89808249, 43.28345929], [130.19787685, 43.45279728], [130.20087353, 43.45447389], [130.50269964, 43.62173576], [130.50416595, 43.62254455], [130.80731304, 43.78897717], [130.80793553, 43.78931825], [131.11140387, 43.95526814], [131.11731250, 43.95843920], [131.42623905, 44.12113480], [131.43438250, 44.12531404], [131.75180814, 44.28401759], [131.75643603, 44.28629745], [132.07869844, 44.44270982], [132.08239081, 44.44448083], [132.40847197, 44.59903059], [132.73507935, 44.75365474], [133.05921389, 44.90725942], [133.06033212, 44.90779607], [133.37858438, 45.06245938], [133.38018991, 45.06325386], [133.69318958, 45.22094033], [133.69461037, 45.22166760], [134.00406759, 45.38259819], [134.00509149, 45.38313679], [134.31209394, 45.54647890], [134.31306741, 45.54700249], [134.61644517, 45.71195660], [134.61768212, 45.71263852], [134.91418768, 45.87836267], [134.91706950, 45.88002633], [135.20114217, 46.04936016], [135.20514091, 46.05185438], [135.48019707, 46.23130415], [135.48379571, 46.23375170], [135.75236015, 46.42413306], [135.75654123, 46.42724890], [136.01727040, 46.63149279], [136.02117062, 46.63470145], [136.27270134, 46.85205740], [136.27618288, 46.85520918], [136.51639455, 47.08310366], [136.51959351, 47.08628137], [136.74736294, 47.32331005], [136.74963170, 47.32575557], [136.97084357, 47.57283806], [136.97131508, 47.57336877], [137.19444277, 47.82644870], [137.41877249, 48.08049081], [137.42024296, 48.08214469], [137.64605532, 48.33439228], [137.64651908, 48.33490922], [137.87292360, 48.58673981], [138.09878636, 48.83831350], [138.10482840, 48.84486285], [138.33499065, 49.08771752], [138.34317104, 49.09605446], [138.57887270, 49.32814476], [138.58783529, 49.33665984], [138.82959938, 49.55833778], [138.83392966, 49.56223332], [138.84311399, 49.57006001], [139.09069048, 49.77377690], [139.10003954, 49.78120183], [139.10956588, 49.78825381], [139.36189022, 49.96862120], [139.37236353, 49.97583519], [139.38248796, 49.98232027], [139.64044434, 50.14176787], [139.65229900, 50.14880591], [139.66296517, 50.15466646], [139.92850511, 50.29524669], [139.93653946, 50.29938197], [139.94797143, 50.30488460], [140.21917751, 50.43040982], [140.22840840, 50.43454471], [140.24020707, 50.43945008], [140.51902117, 50.55057208], [140.53664761, 50.55718846], [140.82256215, 50.65803584], [140.84095402, 50.66410724], [141.13325726, 50.75413034], [141.14658710, 50.75801438], [141.15904830, 50.76125359], [141.45873219, 50.83469133], [141.46780200, 50.83681530], [141.47984204, 50.83933031], [141.49271884, 50.84165164], [141.79832693, 50.89242653], [141.81151015, 50.89442923], [141.82354723, 50.89592115], [141.83666924, 50.89718734], [142.14962736, 50.92311976], [142.16276167, 50.92403020], [142.17495294, 50.92454603], [142.18817482, 50.92474930], [142.51307335, 50.92537407], [142.52102136, 50.92532207], [142.53359677, 50.92496404], [142.54678718, 50.92423262], [142.88389470, 50.90097648], [142.90253172, 50.89933910], [142.91520651, 50.89781087], [143.25905648, 50.85160109], [143.27477133, 50.84922776], [143.28744792, 50.84692141], [143.63150777, 50.77941791], [143.64541832, 50.77647161], [143.65795201, 50.77343504], [143.99834665, 50.68590821], [144.01448555, 50.68144837], [144.02648690, 50.67771121], [144.36372377, 50.56738324], [144.37961002, 50.56185614], [144.39116646, 50.55739783], [144.72457152, 50.42311712], [144.73441220, 50.41900812], [144.74595438, 50.41380889], [145.06746675, 50.26312016], [145.07503495, 50.25947497], [145.08629194, 50.25368871], [145.39501578, 50.08892944], [145.40111254, 50.08560290], [145.41201706, 50.07929457], [145.70914123, 49.90107444], [145.71838542, 49.89536159], [146.01004203, 49.70969335], [146.01084741, 49.70917931], [146.30243750, 49.52258233], [146.30315182, 49.52212415], [146.59427274, 49.33496228], [146.88547449, 49.14735445], [146.88700790, 49.14636161], [147.17713737, 48.95757225], [147.17924792, 48.95618941], [147.46830584, 48.76549158], [147.47650259, 48.75993587], [147.76274157, 48.56062852], [147.77005313, 48.55541112], [148.05389069, 48.34785139], [148.05464429, 48.34729890], [148.33590815, 48.14056855], [148.33728584, 48.13957224], [148.61751117, 47.94018771], [148.61968850, 47.93867712], [148.90482258, 47.74579992], [148.90631249, 47.74480912], [149.19792265, 47.55417043], [149.19876829, 47.55362288], [149.49477910, 47.36379445], [149.49507235, 47.36360702], [149.79133519, 47.17487637], [149.79246586, 47.17416522], [150.09133943, 46.98857578], [150.09184493, 46.98826366], [150.39279058, 46.80350336], [150.39369843, 46.80295166], [150.69631311, 46.62091787], [150.69751550, 46.62020424], [151.00456790, 46.44040882], [151.00538398, 46.43993529], [151.31593185, 46.26137914], [151.31715231, 46.26068688], [151.63394696, 46.08343190], [151.95406641, 45.90508736], [151.95629644, 45.90383610], [152.27354862, 45.72456008], [152.28055116, 45.72051330], [152.58942226, 45.53799491], [152.59864086, 45.53238321], [152.89748189, 45.34502120], [152.91266702, 45.33501471], [153.19527635, 45.13935281], [153.20102283, 45.13528695], [153.21078507, 45.12797742], [153.47555946, 44.92268283], [153.48240668, 44.91723050], [153.49146878, 44.90955550], [153.73721434, 44.69398419], [153.75068998, 44.68152957], [153.97943311, 44.45867546], [153.99173989, 44.44604608], [154.20464706, 44.21572958], [154.20955488, 44.21028578], [154.21695952, 44.20153722], [154.41225895, 43.96174702], [154.41709776, 43.95563577], [154.42378192, 43.94659287], [154.60089277, 43.69694943], [154.60547298, 43.69028536], [154.61140899, 43.68096802], [154.77009507, 43.42049419], [154.77296415, 43.41566355], [154.77831605, 43.40596519], [154.91956920, 43.13705705], [154.92246288, 43.13136979], [154.92706627, 43.12150639], [155.04922156, 42.84469275], [155.05221977, 42.83759440], [155.05599713, 42.82762569], [155.15593875, 42.54567321], [155.15840056, 42.53834647], [155.16137390, 42.52822498], [155.23928745, 42.23970421], [155.24104608, 42.23275748], [155.24323495, 42.22248237], [155.29858114, 41.93092643], [155.29953182, 41.92554785], [155.30100533, 41.91507877], [155.33568667, 41.62085290], [155.33704167, 41.60481780], [155.35227649, 41.30750154], [155.35257861, 41.29235087], [155.34920149, 40.99446594], [155.34846870, 40.97817906], [155.32490455, 40.67879540], [155.32362059, 40.66648769], [155.28456223, 40.36607249], [155.28279951, 40.35463210], [155.22912630, 40.05351557], [155.22699165, 40.04289072], [155.15974887, 39.74229226], [155.15769036, 39.73379030], [155.07915209, 39.43246349], [155.07802724, 39.42829427], [154.99401097, 39.12713754], [154.99255934, 39.12213314], [154.90212794, 38.82189906], [154.90060407, 38.81701711], [154.80384490, 38.51757228], [154.80244237, 38.51335647], [154.70017329, 38.21456309], [154.69834698, 38.20940549], [154.58934416, 37.91157094], [154.58770529, 37.90721354], [154.47291217, 37.61004058], [154.47108727, 37.60544507], [154.35020177, 37.30914163], [154.34790532, 37.30368714], [154.21981976, 37.00865467], [154.21705934, 37.00250838], [154.08067243, 36.70870009], [154.07940388, 36.70600611], [153.93916316, 36.41236390], [153.93860284, 36.41119780], [153.79687733, 36.11802927], [153.79571346, 36.11565115], [153.65104430, 35.82363199], [153.50719528, 35.53167123], [153.50704147, 35.53135729], [153.36460677, 35.23897984], [153.36373560, 35.23720782], [153.21872421, 34.94490766], [153.07353460, 34.65266118], [153.07180997, 34.64924937], [152.92282483, 34.35951462], [152.92085317, 34.35575140], [152.76725645, 34.06795233], [152.76519997, 34.06416938], [152.60695802, 33.77832493], [152.60422319, 33.77349726], [152.44056849, 33.49108148], [152.43488057, 33.48168525], [152.26055371, 33.20567662], [152.25425146, 33.19611625], [152.06862367, 32.92603089], [152.06207332, 32.91687185], [151.86620406, 32.65345840], [151.85861549, 32.64366890], [151.65191115, 32.38767552], [151.64326343, 32.37741625], [151.42492654, 32.12910382], [151.41487435, 32.11817999], [151.18501387, 31.87933597], [151.17402923, 31.86843081], [150.93202657, 31.63877122], [150.91827598, 31.62639185], [150.66294310, 31.40822846], [150.65792447, 31.40402844], [150.64841023, 31.39649709], [150.38062571, 31.19179471], [150.37566941, 31.18807892], [150.36561231, 31.18093850], [150.08685629, 30.98984751], [150.07930817, 30.98481199], [150.06886750, 30.97827098], [149.77619089, 30.80135822], [149.77021450, 30.79782302], [149.75917437, 30.79166232], [149.45526237, 30.62822445], [149.44931404, 30.62509374], [149.43783081, 30.61940063], [149.12322494, 30.46934332], [149.11614141, 30.46605004], [149.10431792, 30.46090542], [148.77887391, 30.32501517], [148.76556359, 30.31971486], [148.75371195, 30.31541639], [148.41519602, 30.19815653], [148.40382000, 30.19438774], [148.39144483, 30.19066531], [148.04290237, 30.09119022], [148.02980430, 30.08766009], [148.01721791, 30.08465189], [147.65969202, 30.00444458], [147.64953711, 30.00228610], [147.63649710, 29.99985332], [147.27452693, 29.93745530], [147.26266835, 29.93556488], [147.24955700, 29.93382580], [146.88159465, 29.89010023], [146.86996375, 29.88886124], [146.85670569, 29.88779197], [146.48194973, 29.86265418], [146.47586235, 29.86228707], [146.46214770, 29.86173789], [146.08344653, 29.85167596], [146.06478008, 29.85150926]]]}
    },
    {
      "type": "Feature",
      "properties": {"block_id": "ADC_WNP_11", "basin_id": "BASIN_WNP", "basin_label": "Western North Pacific and East Asia", "domain_count": 2, "grid_cell_count": 77, "outer_area_km2": 5063187.766747, "shelf_width_km": 250.000000, "outer_buffer_km": 430.000000, "shelf_add_area_km2": 53838.534680, "shelf_add_cell_count": 74, "shelf_add_component_count": 1, "bay_add_area_km2": 1566349.427579, "bay_add_cell_count": 2586, "bay_add_core_cell_count": 2586, "bay_add_component_count": 5, "open_ocean_area_risk": 0},
      "geometry": {"type": "Polygon", "coordinates": [[[137.90525900, 27.21403310], [137.89453181, 27.21411610], [137.51502948, 27.22118807], [137.50656921, 27.22141852], [137.12858023, 27.23496898], [137.12279957, 27.23521027], [136.74557303, 27.25318056], [136.73839460, 27.25357520], [136.36263284, 27.27699331], [136.35267928, 27.27771538], [135.97813830, 27.30872353], [135.96486751, 27.31000465], [135.59160589, 27.35119015], [135.57670492, 27.35306760], [135.20425447, 27.40586082], [135.19185126, 27.40778356], [134.81980634, 27.47042700], [134.80768007, 27.47262927], [134.43518029, 27.54524480], [134.42791887, 27.54671902], [134.05572095, 27.62530518], [134.04867498, 27.62684894], [133.67796301, 27.71103606], [133.66994159, 27.71293156], [133.30131562, 27.80345566], [133.29075664, 27.80617944], [132.92578457, 27.90488915], [132.91269557, 27.90863643], [132.55281539, 28.01743829], [132.54142707, 28.02104422], [132.18512082, 28.13902378], [132.17682291, 28.14186091], [131.82217147, 28.26698456], [131.81848022, 28.26830502], [131.46607956, 28.39610931], [131.46508061, 28.39646692], [131.11439595, 28.52037250], [131.11292617, 28.52088183], [130.76533879, 28.63899011], [130.76241196, 28.63994601], [130.41849102, 28.74778600], [130.41453791, 28.74895766], [130.07364438, 28.84422310], [130.06887813, 28.84546050], [129.73134814, 28.92648851], [129.72604595, 28.92764920], [129.38965115, 28.99426712], [129.38524569, 28.99506484], [129.04919619, 29.05026711], [129.04471791, 29.05092750], [128.70894538, 29.09484216], [128.70486491, 29.09531461], [128.36863401, 29.12922593], [128.36450872, 29.12958033], [128.02771022, 29.15349886], [128.02349923, 29.15373433], [127.68353459, 29.16762452], [127.68033675, 29.16771873], [127.33793326, 29.17390837], [127.33437108, 29.17392765], [126.99372510, 29.17145803], [126.98949974, 29.17136389], [126.65397802, 29.15884007], [126.64835512, 29.15851711], [126.31843009, 29.13290830], [126.31627529, 29.13272428], [126.31238642, 29.13230674], [125.98053905, 29.09195337], [125.97683163, 29.09145171], [125.63539729, 29.04054307], [125.63265304, 29.04010558], [125.28054694, 28.98032227], [125.27978096, 28.98018998], [124.92062774, 28.91711593], [124.91662151, 28.91642981], [124.56010868, 28.85692251], [124.55162180, 28.85558355], [124.20272406, 28.80371674], [124.19191912, 28.80223463], [123.84896291, 28.75911320], [123.83643904, 28.75770295], [123.49773067, 28.72399022], [123.48080546, 28.72260185], [123.14577266, 28.70095734], [123.13732754, 28.70049322], [123.12427923, 28.70008419], [122.79385717, 28.69433924], [122.77735465, 28.69434539], [122.76488075, 28.69474572], [122.44129566, 28.70965472], [122.43221365, 28.71016657], [122.42024311, 28.71113294], [122.40760814, 28.71251038], [122.09630146, 28.75088213], [122.08529233, 28.75237852], [122.07364840, 28.75427798], [122.06125070, 28.75666338], [121.76676630, 28.81768810], [121.75398421, 28.82053526], [121.74280043, 28.82337251], [121.73078829, 28.82679304], [121.45955483, 28.90831872], [121.44560830, 28.91277140], [121.43499842, 28.91653618], [121.42353146, 28.92099420], [121.18156167, 29.01927486], [121.16462484, 29.02659805], [121.15492277, 29.03123645], [121.14421483, 29.03677015], [120.93054733, 29.15146525], [120.92352840, 29.15533211], [120.91379546, 29.16104020], [120.90455485, 29.16686674], [120.89482574, 29.17345431], [120.70632844, 29.30567035], [120.70038870, 29.30993332], [120.69161505, 29.31660539], [120.68337662, 29.32332362], [120.67477475, 29.33084633], [120.51072739, 29.47943980], [120.50446967, 29.48526413], [120.49694056, 29.49272657], [120.48987684, 29.50025075], [120.48258497, 29.50861056], [120.34288074, 29.67488817], [120.33281553, 29.68754290], [120.32714470, 29.69539134], [120.32115769, 29.70438862], [120.20148365, 29.89206469], [120.19763703, 29.89828473], [120.19261709, 29.90704882], [120.18771773, 29.91645691], [120.08327369, 30.12731874], [120.07884265, 30.13673603], [120.07476782, 30.14640172], [119.98149546, 30.38111043], [119.97954088, 30.38619971], [119.97601569, 30.39635416], [119.89502353, 30.64652584], [119.89158069, 30.65805182], [119.81997732, 30.91948811], [119.81790507, 30.92755918], [119.75359582, 31.19584148], [119.75261267, 31.20010158], [119.69243084, 31.47133900], [119.69204269, 31.47311813], [119.63366249, 31.74532207], [119.63298941, 31.74856195], [119.57792991, 32.02243528], [119.57674698, 32.02872492], [119.52805644, 32.30671546], [119.52723719, 32.31168061], [119.48356980, 32.59363956], [119.48339380, 32.59479348], [119.44091654, 32.87764389], [119.39818577, 33.15788639], [119.39802122, 33.15891601], [119.35230190, 33.43239884], [119.35172888, 33.43543117], [119.29629177, 33.69832059], [119.29587494, 33.70017793], [119.29507464, 33.70324756], [119.22245444, 33.95931932], [119.22188519, 33.96122949], [119.22086823, 33.96425788], [119.12879253, 34.22049812], [119.12782164, 34.22305596], [119.12656192, 34.22602552], [119.01262700, 34.47994310], [119.01140496, 34.48253966], [119.00990366, 34.48543661], [118.87190433, 34.73910832], [118.87030895, 34.74190879], [118.71495158, 35.00267792], [118.71427891, 35.00378733], [118.55085981, 35.26866032], [118.55012615, 35.26982796], [118.37975835, 35.53612660], [118.37945779, 35.53659303], [118.20535466, 35.80485310], [118.20368820, 35.80745022], [118.03309488, 36.07638166], [118.02859089, 36.08371677], [117.86896739, 36.35245108], [117.86266315, 36.36362147], [117.71845299, 36.63303527], [117.71347092, 36.64279180], [117.58165612, 36.91382633], [117.57626792, 36.92559484], [117.46003287, 37.19605317], [117.45696639, 37.20352094], [117.45331170, 37.21345738], [117.36255645, 37.47712955], [117.35919994, 37.48763750], [117.35650460, 37.49754960], [117.29297089, 37.75256533], [117.29036693, 37.76423798], [117.28862256, 37.77421215], [117.25093778, 38.02104496], [117.24933694, 38.03383094], [117.24857928, 38.04381271], [117.23549994, 38.28600670], [117.23515754, 38.30031160], [117.23543406, 38.31020504], [117.24744761, 38.55138021], [117.24864170, 38.56614048], [117.24995694, 38.57594566], [117.28694964, 38.81266439], [117.28904597, 38.82421370], [117.29132145, 38.83413285], [117.34976891, 39.06601961], [117.35342283, 39.07900539], [117.35664195, 39.08863494], [117.43903649, 39.31891127], [117.44413366, 39.33200663], [117.44830540, 39.34136917], [117.55649776, 39.57139728], [117.56337457, 39.58499397], [117.56848002, 39.59398169], [117.70243788, 39.81927195], [117.70563360, 39.82450399], [117.71127143, 39.83311490], [117.71757377, 39.84197360], [117.88105756, 40.06271200], [117.88748996, 40.07107236], [117.89401387, 40.07893387], [117.90142806, 40.08722471], [118.09950896, 40.30074810], [118.10338694, 40.30484714], [118.11101722, 40.31247720], [118.11932085, 40.32021094], [118.34249647, 40.52087422], [118.35344999, 40.53030246], [118.36231589, 40.53735841], [118.60458571, 40.72355331], [118.60921115, 40.72704237], [118.61832448, 40.73355688], [118.62811965, 40.74008164], [118.89080235, 40.90893892], [118.89853052, 40.91376873], [118.90819348, 40.91942894], [118.91873512, 40.92516291], [119.20037498, 41.07267566], [119.20934674, 41.07722499], [119.21961426, 41.08206805], [119.23081542, 41.08693853], [119.52634150, 41.21014662], [119.53507382, 41.21366667], [119.54593561, 41.21771129], [119.55767521, 41.22169044], [119.86180328, 41.31980633], [119.86846341, 41.32189127], [119.87991476, 41.32518583], [119.89205630, 41.32830098], [120.20394383, 41.40354974], [120.22193643, 41.40750200], [120.23395305, 41.40970829], [120.56047796, 41.46488334], [120.56898199, 41.46623347], [120.58184550, 41.46795994], [120.91964486, 41.50846712], [120.93129128, 41.50972188], [121.27074966, 41.54217747], [121.28443273, 41.54329223], [121.62336473, 41.56612957], [121.63736473, 41.56687226], [121.97623014, 41.58000431], [121.99408515, 41.58037189], [122.33541963, 41.58120578], [122.35078458, 41.58100350], [122.69827244, 41.57100191], [122.70446243, 41.57078474], [123.05513402, 41.55626999], [123.05853303, 41.55611751], [123.41129454, 41.53906943], [123.41589544, 41.53882545], [123.77177673, 41.51827903], [123.77544149, 41.51805370], [124.13233259, 41.49476890], [124.13339080, 41.49470388], [124.48337487, 41.47452584], [124.48571669, 41.47441044], [124.81993514, 41.46073716], [124.82547092, 41.46061982], [125.14008401, 41.46014594], [125.14585005, 41.46025549], [125.44937021, 41.47225372], [125.45511513, 41.47259893], [125.74907411, 41.49632992], [125.75108814, 41.49650718], [125.75497563, 41.49693279], [126.04016800, 41.53221916], [126.04399042, 41.53274622], [126.04783161, 41.53338628], [126.32461999, 41.58355070], [126.32918569, 41.58445885], [126.33295414, 41.58533242], [126.60786736, 41.65323859], [126.61231664, 41.65441937], [126.61599037, 41.65552086], [126.89551140, 41.74380679], [126.89817389, 41.74467938], [126.90175755, 41.74595638], [127.18774420, 41.85268463], [127.19253305, 41.85458392], [127.48009692, 41.97552708], [127.48468263, 41.97756635], [127.76868971, 42.11089593], [127.77274170, 42.11289156], [128.05456813, 42.25836036], [128.05788577, 42.26014038], [128.34306187, 42.41909430], [128.34515470, 42.42028949], [128.63540529, 42.59009111], [128.63620290, 42.59056205], [128.93101798, 42.76624707], [129.22717622, 42.94335923], [129.23335085, 42.94697750], [129.52878481, 43.11659101], [129.53717220, 43.12127541], [129.83444462, 43.28274662], [129.84022153, 43.28582529], [130.13995404, 43.44252516], [130.14280878, 43.44400357], [130.44415495, 43.59859047], [130.44656495, 43.59981692], [130.74952466, 43.75276042], [130.75323161, 43.75460888], [131.05927916, 43.90533754], [131.06497807, 43.90809135], [131.37736894, 44.05617319], [131.37819040, 44.05656151], [131.69172076, 44.20436307], [131.69546909, 44.20610788], [132.01269392, 44.35190773], [132.33018517, 44.49784298], [132.64771508, 44.64376815], [132.96520635, 44.78969502], [133.28121211, 44.93491907], [133.28197365, 44.93527223], [133.59292030, 45.08077298], [133.59457792, 45.08156398], [133.89985304, 45.23009498], [133.90125390, 45.23078786], [134.20226093, 45.38211815], [134.20376408, 45.38288723], [134.49770975, 45.53592617], [134.50020143, 45.53726162], [134.78522716, 45.69447129], [134.78803767, 45.69607293], [135.06405422, 45.85853351], [135.06821546, 45.86110492], [135.33455640, 46.03379489], [135.33842268, 46.03641950], [135.59766371, 46.22061140], [135.60138845, 46.22338096], [135.85726928, 46.42246444], [135.86039895, 46.42499787], [136.11251927, 46.63734220], [136.11524637, 46.63972331], [136.36153993, 46.86268342], [136.36390685, 46.86489741], [136.60437294, 47.09735299], [136.60582304, 47.09878441], [136.84501342, 47.33990695], [136.84566594, 47.34056295], [137.08799613, 47.58351770], [137.09315117, 47.58857741], [137.33964749, 47.82545245], [137.35100242, 47.83588849], [137.60672708, 48.06073489], [137.61615274, 48.06873688], [137.87759986, 48.28306263], [137.88793289, 48.29122614], [138.15473060, 48.49436047], [138.16482609, 48.50178299], [138.43706326, 48.69504671], [138.44833172, 48.70274765], [138.72575609, 48.88522236], [138.74011274, 48.89422726], [139.02263225, 49.06311840], [139.02950664, 49.06712552], [139.04027637, 49.07302221], [139.32495444, 49.22312421], [139.33763281, 49.22951778], [139.34852766, 49.23456283], [139.63411764, 49.36154245], [139.64078027, 49.36442941], [139.65161238, 49.36881040], [139.66318416, 49.37309195], [139.94630343, 49.47308876], [139.95656422, 49.47656282], [139.96765463, 49.47997884], [139.97970614, 49.48330976], [140.25709244, 49.55567062], [140.27038127, 49.55891640], [140.28167667, 49.56132022], [140.29410621, 49.56359737], [140.56655715, 49.60952756], [140.58219696, 49.61188503], [140.59361631, 49.61324096], [140.60628756, 49.61438601], [140.86848906, 49.63438321], [140.87688556, 49.63494273], [140.88894808, 49.63546171], [140.90071680, 49.63563932], [140.91346718, 49.63547604], [141.16608330, 49.62871559], [141.17600385, 49.62833998], [141.18793919, 49.62758813], [141.19963419, 49.62652213], [141.21224588, 49.62501463], [141.45862109, 49.59204239], [141.47761986, 49.58909456], [141.48860806, 49.58699152], [141.50089813, 49.58427363], [141.74241963, 49.52721778], [141.75594966, 49.52379346], [141.76693609, 49.52065368], [141.77878615, 49.51688940], [142.01871399, 49.43677143], [142.02593087, 49.43428507], [142.03691878, 49.43019697], [142.04828431, 49.42557609], [142.28985778, 49.32307977], [142.30184318, 49.31776300], [142.31270316, 49.31252682], [142.56061192, 49.18822948], [142.57124658, 49.18268930], [142.58168334, 49.17682842], [142.83397252, 49.02983056], [142.84712340, 49.02180354], [142.85673297, 49.01543955], [143.10415268, 48.84567766], [143.11550426, 48.83755834], [143.12454786, 48.83057665], [143.36215590, 48.64062510], [143.36698134, 48.63668947], [143.37593691, 48.62897239], [143.60411821, 48.42533089], [143.61466525, 48.41551928], [143.83639778, 48.20045119], [143.84358703, 48.19326637], [144.06122729, 47.96911409], [144.06778274, 47.96216607], [144.28175980, 47.72872359], [144.29021685, 47.71912641], [144.49718083, 47.47469217], [144.50637324, 47.46331504], [144.70252871, 47.20866730], [144.71103929, 47.19707061], [144.89368543, 46.93553528], [144.89897546, 46.92770178], [145.07233655, 46.66205805], [145.07303119, 46.66098865], [145.24426099, 46.39614009], [145.24485996, 46.39522653], [145.41883346, 46.13354591], [145.41957533, 46.13244849], [145.59584359, 45.87597572], [145.59768471, 45.87339868], [145.78204232, 45.62497269], [145.78444920, 45.62187449], [145.98088010, 45.38011520], [145.98336607, 45.37718374], [146.19149969, 45.14187625], [146.19381230, 45.13935589], [146.41286368, 44.90913482], [146.41452867, 44.90742799], [146.64194712, 44.67999990], [146.64309747, 44.67886845], [146.87727419, 44.45232032], [147.11424725, 44.22390355], [147.34939082, 43.99693813], [147.35040843, 43.99596986], [147.58663777, 43.77438128], [147.58814863, 43.77299311], [147.83090831, 43.55450581], [147.83188865, 43.55363499], [148.08149367, 43.33480177], [148.08200206, 43.33435520], [148.33271994, 43.11369680], [148.33688179, 43.10997499], [148.58286180, 42.88645726], [148.58720590, 42.88244202], [148.82869002, 42.65539246], [148.83243485, 42.65181811], [149.06939648, 42.42220699], [149.07080252, 42.42083672], [149.30443487, 42.19183437], [149.30520860, 42.19108430], [149.54190532, 41.96413752], [149.54265911, 41.96342239], [149.78513286, 41.73579626], [149.78595826, 41.73501886], [150.02825649, 41.50605741], [150.03273309, 41.50175000], [150.26730598, 41.27190929], [150.27403413, 41.26512843], [150.49785923, 41.03306015], [150.50644836, 41.02380901], [150.71714226, 40.78796676], [150.72726951, 40.77606368], [150.92332680, 40.53388420], [150.92681544, 40.52948344], [150.93357452, 40.52042547], [151.11317398, 40.26990199], [151.11675012, 40.26478918], [151.12283699, 40.25548396], [151.28534905, 39.99611796], [151.28911240, 39.98992416], [151.29446077, 39.98041402], [151.43780837, 39.71314193], [151.44241905, 39.70413197], [151.44685367, 39.69454304], [151.56714918, 39.41977410], [151.57011116, 39.41271340], [151.57386402, 39.40276953], [151.67315995, 39.12203375], [151.67539989, 39.11539270], [151.67842073, 39.10524910], [151.75652826, 38.82103862], [151.75805732, 38.81517393], [151.76037110, 38.80484787], [151.81832575, 38.51737256], [151.81931726, 38.51213188], [151.82093442, 38.50167180], [151.85945385, 38.21090252], [151.86020143, 38.20457354], [151.86105593, 38.19413175], [151.87867330, 37.90013050], [151.87892180, 37.89495749], [151.87907275, 37.88440974], [151.87685094, 37.58937071], [151.87635136, 37.57531133], [151.85753396, 37.27930992], [151.85623892, 37.26520673], [151.82044894, 36.96738992], [151.81868141, 36.95519085], [151.76813142, 36.65734530], [151.76595779, 36.64607641], [151.70177246, 36.34917948], [151.69895185, 36.33746242], [151.62033285, 36.04128496], [151.61701799, 36.02985255], [151.52398742, 35.73420921], [151.52073053, 35.72451600], [151.41539154, 35.42986569], [151.41199932, 35.42088640], [151.29568691, 35.12882413], [151.29239354, 35.12091849], [151.16631114, 34.83113256], [151.16201582, 34.82174413], [151.02452294, 34.53542008], [151.01897004, 34.52447549], [150.86824895, 34.24272531], [150.86230153, 34.23215128], [150.69848406, 33.95469356], [150.69206358, 33.94431847], [150.51507129, 33.67108609], [150.50922740, 33.66240095], [150.32116515, 33.39311650], [150.31722175, 33.38760164], [150.12250721, 33.12156746], [150.11686582, 33.11409945], [149.91340212, 32.85301257], [149.90765082, 32.84585032], [149.69613711, 32.59012756], [149.69102371, 32.58409838], [149.47235664, 32.33259241], [149.46561510, 32.32507677], [149.23803875, 32.07909036], [149.23208296, 32.07281859], [148.99682044, 31.83141181], [148.99308199, 31.82763573], [148.75296934, 31.58888616], [148.74795497, 31.58400159], [148.50146305, 31.34875059], [148.49630345, 31.34392606], [148.24310393, 31.11195128], [148.23861885, 31.10791270], [147.97982369, 30.87887360], [147.97569811, 30.87527884], [147.71203257, 30.64908502], [147.70729242, 30.64508926], [147.43845679, 30.42240937], [147.43053766, 30.41603466], [147.15403174, 30.19972362], [147.14480854, 30.19273779], [146.85964031, 29.98362793], [146.85125607, 29.97765381], [146.55934976, 29.77556120], [146.54967543, 29.76907767], [146.25002825, 29.57471894], [146.24107762, 29.56908318], [145.93487678, 29.38196292], [145.92845064, 29.37811827], [145.61813951, 29.19638248], [145.60790071, 29.19058433], [145.29260358, 29.01800343], [145.28049867, 29.01163620], [144.95984299, 28.84965399], [144.94744044, 28.84364154], [144.62143350, 28.69209998], [144.60872026, 28.68643918], [144.27684148, 28.54502754], [144.26834471, 28.54151248], [143.93208320, 28.40652007], [143.92694349, 28.40449405], [143.58822319, 28.27341678], [143.58191613, 28.27103102], [143.23991935, 28.14461918], [143.23432302, 28.14259285], [142.88964519, 28.02037441], [142.88469253, 28.01865068], [142.53804273, 27.90025792], [142.52605249, 27.89634805], [142.17465016, 27.78711578], [142.16089142, 27.78307308], [141.80428757, 27.68427952], [141.79016227, 27.68060344], [141.42803443, 27.59236719], [141.41390255, 27.58915301], [141.04625241, 27.51143394], [141.03226207, 27.50869441], [140.65915646, 27.44139513], [140.64585091, 27.43918738], [140.26749918, 27.38183652], [140.25815901, 27.38051373], [139.87713438, 27.33032958], [139.86739483, 27.32914669], [139.48508196, 27.28661970], [139.47222083, 27.28536122], [139.08996390, 27.25305241], [139.07836485, 27.25221056], [138.69580326, 27.22900116], [138.68260955, 27.22837862], [138.30114611, 27.21551285], [138.28610956, 27.21523564], [137.90525900, 27.21403310]]]}
    },
    {
      "type": "Feature",
      "properties": {"block_id": "ADC_WNP_12", "basin_id": "BASIN_WNP", "basin_label": "Western North Pacific and East Asia", "domain_count": 2, "grid_cell_count": 133, "outer_area_km2": 5467209.436293, "shelf_width_km": 250.000000, "outer_buffer_km": 430.000000, "shelf_add_area_km2": 0.000000, "shelf_add_cell_count": 0, "shelf_add_component_count": 0, "bay_add_area_km2": 2071446.930620, "bay_add_cell_count": 3207, "bay_add_core_cell_count": 3207, "bay_add_component_count": 5, "open_ocean_area_risk": 0},
      "geometry": {"type": "Polygon", "coordinates": [[[139.77211017, 25.66231545], [139.75493468, 25.66239541], [139.38426709, 25.67089671], [139.36943006, 25.67147180], [138.99906804, 25.69169914], [138.98722030, 25.69249688], [138.61643440, 25.72219024], [138.60472155, 25.72327676], [138.23432519, 25.76234918], [138.22229103, 25.76377725], [137.85163332, 25.81267009], [137.84205936, 25.81403474], [137.47261894, 25.87063847], [137.46425437, 25.87199876], [137.09657140, 25.93526903], [137.08933753, 25.93657347], [136.72294224, 26.00567770], [136.71708550, 26.00682190], [136.35156446, 26.08071142], [136.34614330, 26.08184160], [135.98153664, 26.16016824], [135.97476222, 26.16167778], [135.61184735, 26.24546513], [135.60195586, 26.24786649], [135.24221510, 26.33951503], [135.23233162, 26.34215341], [134.87533598, 26.44184151], [134.86736968, 26.44414630], [134.51231539, 26.55047488], [134.50230672, 26.55360223], [134.15050141, 26.66814913], [134.14117772, 26.67130145], [133.79205713, 26.79374977], [133.78502411, 26.79628486], [133.43883909, 26.92446447], [133.43154212, 26.92724191], [133.08964262, 27.06095799], [133.08218953, 27.06395420], [132.74470240, 27.20334905], [132.73677007, 27.20672064], [132.40368983, 27.35234219], [132.39722900, 27.35523226], [132.06793669, 27.50590075], [132.06344006, 27.50799080], [131.73666504, 27.66226485], [131.73489265, 27.66310677], [131.40890656, 27.81890951], [131.40741084, 27.81962808], [131.08304598, 27.97626612], [131.08247122, 27.97654176], [130.75964421, 28.13028476], [130.75847983, 28.13083152], [130.43816696, 28.27911891], [130.43584200, 28.28016511], [130.11815821, 28.41905666], [130.11493486, 28.42041048], [129.79877291, 28.54785384], [129.79509574, 28.54926756], [129.48026450, 28.66454109], [129.47656909, 28.66582833], [129.16263622, 28.76967746], [129.15919224, 28.77076204], [128.84643273, 28.86435190], [128.84253429, 28.86545106], [128.53189244, 28.94773260], [128.52740471, 28.94883536], [128.21589996, 29.01949151], [128.21131419, 29.02044515], [127.89540933, 29.08024576], [127.89202602, 29.08084045], [127.57465639, 29.13236103], [127.56990914, 29.13304349], [127.25407661, 29.17262524], [127.24866655, 29.17319121], [126.93504873, 29.19954541], [126.93227138, 29.19974969], [126.92844445, 29.19993628], [126.61955422, 29.21057569], [126.61525568, 29.21065486], [126.61142237, 29.21060935], [126.30346882, 29.20255503], [126.29993214, 29.20241582], [126.29611120, 29.20216006], [125.97884349, 29.17635691], [125.97429157, 29.17590805], [125.64399140, 29.13760147], [125.64064618, 29.13717038], [125.29867188, 29.08867088], [125.29726579, 29.08846375], [124.94551295, 29.03471361], [124.94392677, 29.03447405], [124.59138760, 28.98185484], [124.58398176, 28.98081054], [124.23945426, 28.93505987], [124.22762604, 28.93364319], [123.89318300, 28.89792150], [123.87867994, 28.89660090], [123.55203488, 28.87198129], [123.53418040, 28.87097775], [123.21337718, 28.85907485], [123.20209586, 28.85880344], [123.18955292, 28.85884421], [122.87767266, 28.86431072], [122.87177525, 28.86445715], [122.85982526, 28.86501213], [122.84741830, 28.86594455], [122.55011835, 28.89257439], [122.53964673, 28.89364236], [122.52815210, 28.89512562], [122.51592038, 28.89706402], [122.23471268, 28.94580738], [122.22263519, 28.94808078], [122.21151965, 28.95050927], [122.19960204, 28.95348110], [121.93725402, 29.02301675], [121.92431465, 29.02667057], [121.91366995, 29.03003684], [121.90221304, 29.03404125], [121.65652016, 29.12409497], [121.64618663, 29.12804695], [121.63587097, 29.13234257], [121.62497204, 29.13728015], [121.39472237, 29.24592841], [121.38235269, 29.25203880], [121.37285714, 29.25713627], [121.36268611, 29.26302176], [121.15044332, 29.39043997], [121.14071334, 29.39649398], [121.13179375, 29.40245323], [121.12242562, 29.40917137], [120.92828376, 29.55337419], [120.91899188, 29.56052750], [120.91091608, 29.56719964], [120.90246505, 29.57468729], [120.72510437, 29.73743917], [120.71664669, 29.74548937], [120.70948961, 29.75281338], [120.70205529, 29.76099072], [120.54129793, 29.94441579], [120.53549501, 29.95124349], [120.52914638, 29.95924677], [120.52273406, 29.96798376], [120.37760192, 30.17378716], [120.36867180, 30.18723398], [120.36339776, 30.19606120], [120.23151393, 30.42692552], [120.22542315, 30.43819408], [120.22089421, 30.44752359], [120.10372554, 30.70173686], [120.09988283, 30.71049759], [120.09604724, 30.72025918], [119.99604052, 30.99090453], [119.99090720, 31.00617556], [119.90474424, 31.29031488], [119.90156050, 31.30171767], [119.82662453, 31.59515173], [119.82511582, 31.60137237], [119.75660519, 31.89957926], [119.68806793, 32.19600650], [119.68780415, 32.19710949], [119.61562824, 32.48920870], [119.61536524, 32.49024180], [119.53951203, 32.77966993], [119.53925394, 32.78062911], [119.45967882, 33.06884579], [119.45904609, 33.07117871], [119.38227287, 33.35942633], [119.38192204, 33.36069901], [119.30048547, 33.64643653], [119.30025771, 33.64721975], [119.21580960, 33.93195720], [119.21534544, 33.93346514], [119.12539901, 34.21534995], [119.12471551, 34.21739306], [119.02731674, 34.49561124], [119.02639032, 34.49811879], [118.92097813, 34.76910520], [118.91936466, 34.77294970], [118.80036559, 35.03689033], [118.79883147, 35.04010178], [118.66659578, 35.30197537], [118.66514403, 35.30471995], [118.51974385, 35.56751256], [118.51923130, 35.56842532], [118.36669119, 35.83611302], [118.21325832, 36.10539346], [118.21139141, 36.10872039], [118.06323778, 36.37684548], [118.06038089, 36.38214538], [117.92045002, 36.64835073], [117.91619201, 36.65678657], [117.78952623, 36.91843615], [117.78323394, 36.93238941], [117.67789418, 37.18417054], [117.67555358, 37.18997184], [117.67188497, 37.20001504], [117.58961033, 37.44047361], [117.58645044, 37.45037395], [117.58372775, 37.46031479], [117.52511881, 37.69329296], [117.52219090, 37.70641925], [117.52048437, 37.71628589], [117.48573154, 37.94606513], [117.48390119, 37.96139813], [117.48325187, 37.97120114], [117.47293755, 38.20115954], [117.47271601, 38.21546717], [117.47306436, 38.22535889], [117.48629768, 38.45921919], [117.48742338, 38.47258092], [117.48874586, 38.48248328], [117.52580631, 38.72129092], [117.52746113, 38.73071499], [117.52965883, 38.74079401], [117.58590386, 38.97501487], [117.58854170, 38.98506175], [117.59158088, 38.99493782], [117.66806335, 39.22633396], [117.67007625, 39.23217085], [117.67390460, 39.24217741], [117.76630430, 39.46968227], [117.76915525, 39.47641737], [117.77367820, 39.48614693], [117.88286600, 39.70922674], [117.89014613, 39.72307744], [117.89536548, 39.73194431], [118.02910525, 39.94935555], [118.03280098, 39.95519232], [118.03853853, 39.96364121], [118.04496455, 39.97237146], [118.20704393, 40.18411581], [118.21449627, 40.19345289], [118.22108104, 40.20108077], [118.22861796, 40.20919504], [118.42299689, 40.41105095], [118.43248661, 40.42049690], [118.44000326, 40.42742258], [118.44859453, 40.43480270], [118.67269110, 40.62070003], [118.68140563, 40.62768576], [118.68990592, 40.63404377], [118.69938793, 40.64065416], [118.95275404, 40.81113493], [118.96090029, 40.81645283], [118.97023209, 40.82215160], [118.98046951, 40.82795958], [119.25422777, 40.97755103], [119.26322721, 40.98230860], [119.27319117, 40.98720663], [119.28408750, 40.99214805], [119.57155714, 41.11719967], [119.57918863, 41.12042065], [119.58981111, 41.12458029], [119.60122964, 41.12865737], [119.89588090, 41.22889455], [119.91352719, 41.23446452], [119.92489686, 41.23759795], [120.22678903, 41.31602678], [120.23705854, 41.31855484], [120.24921973, 41.32119774], [120.55605811, 41.38321251], [120.56551228, 41.38501999], [120.87380412, 41.44061155], [120.87828054, 41.44139592], [121.18649914, 41.49383434], [121.20296044, 41.49633041], [121.51170686, 41.53748007], [121.51764197, 41.53822603], [121.53046001, 41.53955368], [121.84262897, 41.56736905], [121.85356928, 41.56820340], [121.86611105, 41.56881945], [122.18301697, 41.57984988], [122.19136273, 41.58005761], [122.20411560, 41.58006662], [122.52927418, 41.57565428], [122.54542085, 41.57515739], [122.88070094, 41.55906242], [122.88736021, 41.55869527], [123.22674565, 41.53756173], [123.23217589, 41.53719191], [123.57528435, 41.51182108], [123.58020433, 41.51143118], [123.92687376, 41.48211689], [123.93053169, 41.48179310], [124.27835981, 41.44962608], [124.27938053, 41.44953564], [124.62046522, 41.42063062], [124.62278549, 41.42045431], [124.94859420, 41.39854655], [124.95410514, 41.39828981], [125.25804004, 41.39039039], [125.26200089, 41.39034590], [125.26583370, 41.39041411], [125.55660233, 41.39974295], [125.56042566, 41.39992026], [125.56424333, 41.40020685], [125.84571517, 41.42539548], [125.84985401, 41.42583108], [125.85363602, 41.42634434], [126.12838775, 41.46767323], [126.13301744, 41.46845424], [126.13673910, 41.46920681], [126.40888259, 41.52837865], [126.41404210, 41.52961180], [126.41767361, 41.53061666], [126.68822302, 41.60980955], [126.69283159, 41.61125487], [126.69635354, 41.61249345], [126.96820617, 41.71273014], [126.97041943, 41.71357053], [126.97384917, 41.71497154], [127.25258823, 41.83384915], [127.25546473, 41.83512082], [127.53924561, 41.96507889], [127.54150653, 41.96614333], [127.82257751, 42.10213061], [127.82582414, 42.10376424], [128.10616415, 42.25037017], [128.10849230, 42.25162200], [128.39009669, 42.40725823], [128.39256321, 42.40866200], [128.67829522, 42.57607075], [128.67891859, 42.57643868], [128.96981239, 42.74940418], [128.97067151, 42.74991353], [129.26247440, 42.92241466], [129.26837122, 42.92583204], [129.56032041, 43.09167607], [129.56782070, 43.09583039], [129.86147051, 43.25438440], [129.86614571, 43.25686911], [130.16182959, 43.41153256], [130.16379620, 43.41255438], [130.46067821, 43.56577891], [130.46181164, 43.56636164], [130.75954310, 43.71884145], [130.76061714, 43.71938950], [131.05905779, 43.87111587], [131.06429730, 43.87373241], [131.36763810, 44.02251061], [131.37274341, 44.02497103], [131.68096208, 44.17090631], [131.68637790, 44.17342290], [131.99970399, 44.31628347], [132.00370227, 44.31808113], [132.32074024, 44.45862638], [132.63789909, 44.59923461], [132.64000753, 44.60016243], [132.95878858, 44.73939589], [132.96214527, 44.74084461], [133.28396923, 44.87808467], [133.60169177, 45.01409016], [133.60373581, 45.01498776], [133.91158656, 45.15361991], [133.91420758, 45.15483886], [134.21314480, 45.29834038], [134.21622109, 45.29987314], [134.50492508, 45.44908294], [134.50851700, 45.45102089], [134.78865927, 45.60869327], [134.79146182, 45.61032410], [135.06580755, 45.77532024], [135.06907264, 45.77736199], [135.33999542, 45.95344348], [135.34189026, 45.95470335], [135.61527901, 46.14064569], [135.61619251, 46.14127389], [135.89289927, 46.33367091], [135.89311250, 46.33381955], [136.17158610, 46.52844816], [136.17364182, 46.52987476], [136.45245727, 46.72199158], [136.45804172, 46.72576652], [136.73772915, 46.91122732], [136.74973272, 46.91886998], [137.03202469, 47.09137817], [137.04757822, 47.10040007], [137.33661286, 47.25939363], [137.34838745, 47.26561864], [137.64354619, 47.41549373], [137.65277735, 47.42003579], [137.95270608, 47.56296886], [137.96476058, 47.56847872], [138.26936088, 47.70189053], [138.28105769, 47.70680494], [138.58911457, 47.83083504], [138.60705763, 47.83759650], [138.92002840, 47.94764966], [138.93015340, 47.95105904], [138.94192544, 47.95465691], [139.25743889, 48.04598679], [139.27013185, 48.04944450], [139.28202401, 48.05229843], [139.59849254, 48.12336385], [139.61044710, 48.12586729], [139.62262537, 48.12805186], [139.94143934, 48.18048921], [139.95328507, 48.18226763], [139.96563898, 48.18376552], [140.28884701, 48.21825047], [140.30600231, 48.21974381], [140.31809345, 48.22038641], [140.64663001, 48.23314229], [140.65492519, 48.23338251], [140.66672274, 48.23343940], [140.67917671, 48.23314382], [141.00982177, 48.22056966], [141.01989069, 48.22006808], [141.03151068, 48.21918500], [141.04386867, 48.21788866], [141.37319557, 48.17855315], [141.39197385, 48.17590017], [141.40368669, 48.17381281], [141.73213028, 48.11035022], [141.74736813, 48.10711856], [141.75907212, 48.10423180], [142.08605404, 48.01846314], [142.09693548, 48.01544913], [142.10866015, 48.01183766], [142.43107375, 47.90723623], [142.43737929, 47.90512994], [142.44914870, 47.90088537], [142.76346182, 47.78212902], [142.78072390, 47.77517298], [143.08650168, 47.64407561], [143.10185063, 47.63712528], [143.40102991, 47.49425979], [143.41330708, 47.48814255], [143.70793782, 47.33508897], [143.71717200, 47.33013841], [144.00657635, 47.17007839], [144.02178493, 47.16121931], [144.30124796, 46.98991408], [144.31012651, 46.98428974], [144.31978478, 46.97773920], [144.58635272, 46.79042762], [144.59372983, 46.78509469], [144.60293662, 46.77800424], [144.85943613, 46.57344147], [144.86425591, 46.56951923], [144.87312143, 46.56189594], [145.11864873, 46.34325385], [145.12576359, 46.33672202], [145.13382441, 46.32881720], [145.36340067, 46.09552381], [145.36889775, 46.08978853], [145.37643429, 46.08141503], [145.58857771, 45.83688505], [145.59655485, 45.82732178], [145.79776017, 45.57630448], [145.80286612, 45.56975963], [145.99675785, 45.31432649], [146.00202900, 45.30717190], [146.18823654, 45.04666356], [146.19537426, 45.03622715], [146.37071164, 44.76800955], [146.37536624, 44.76065813], [146.54315836, 44.48688179], [146.54385421, 44.48574064], [146.70946057, 44.21277274], [146.71011215, 44.21171628], [146.87857256, 43.94299305], [146.87926367, 43.94190884], [147.05117142, 43.67664287], [147.05207134, 43.67528266], [147.22751727, 43.41546791], [147.22870428, 43.41375473], [147.40864218, 43.16056528], [147.41001374, 43.15868833], [147.59539033, 42.91187567], [147.59686639, 42.90996475], [147.78889536, 42.66815478], [147.79010324, 42.66666639], [147.98966270, 42.42599005], [148.19209005, 42.18270572], [148.39278526, 41.94181197], [148.39381875, 41.94059323], [148.59612959, 41.70617325], [148.59776655, 41.70432670], [148.80759486, 41.47384715], [148.80883489, 41.47251130], [149.02561647, 41.24344951], [149.02655991, 41.24246682], [149.24790009, 41.01519050], [149.24902113, 41.01405836], [149.47558803, 40.78900335], [149.47698895, 40.78763956], [149.71226734, 40.56315423], [149.71293441, 40.56252370], [149.95455857, 40.33626805], [150.19737720, 40.10882809], [150.19843319, 40.10783479], [150.43959330, 39.88003036], [150.44091111, 39.87877890], [150.67976862, 39.65073980], [150.68338253, 39.64723824], [150.91586451, 39.41862487], [150.92170738, 39.41273619], [151.14467255, 39.18240020], [151.15240576, 39.17413378], [151.36341967, 38.94066163], [151.37280698, 38.92980201], [151.56974187, 38.69144000], [151.58028585, 38.67794984], [151.76196007, 38.43192526], [151.76552660, 38.42698019], [151.77174383, 38.41778435], [151.93712315, 38.16276249], [151.94027663, 38.15777785], [151.94586837, 38.14830695], [152.09473508, 37.88450590], [152.09718598, 37.88005792], [152.10218218, 37.87031004], [152.23447327, 37.59901715], [152.24129387, 37.58391759], [152.35752552, 37.30482231], [152.36230163, 37.29253384], [152.46500570, 37.00821880], [152.46941473, 36.99495250], [152.55722174, 36.70592811], [152.55870700, 36.70083109], [152.56135571, 36.69051211], [152.62982782, 36.39849839], [152.63302365, 36.38270545], [152.68347124, 36.08683087], [152.68440330, 36.08089841], [152.68567859, 36.07045944], [152.71574121, 35.77177142], [152.71685012, 35.75578211], [152.72832964, 35.45486045], [152.72850521, 35.44263467], [152.72566330, 35.14078409], [152.72519730, 35.12754077], [152.70677430, 34.82548274], [152.70562989, 34.81229698], [152.67160726, 34.51032596], [152.67015465, 34.49949189], [152.62316699, 34.19745463], [152.62136006, 34.18719371], [152.56192321, 33.88506324], [152.55999057, 33.87607332], [152.48968325, 33.57474370], [152.48793489, 33.56768989], [152.40923009, 33.26782187], [152.40728842, 33.26081512], [152.32032682, 32.96283921], [152.31719210, 32.95282936], [152.21868492, 32.65848531], [152.21534165, 32.64907404], [152.10578821, 32.35771014], [152.10237910, 32.34908772], [151.98261702, 32.06045751], [151.97797902, 32.04990233], [151.84594070, 31.76545560], [151.84059645, 31.75456010], [151.69574885, 31.47450237], [151.68985324, 31.46367671], [151.53206423, 31.18803852], [151.52582383, 31.17764049], [151.35535442, 30.90634863], [151.34768796, 30.89475255], [151.16322019, 30.62919358], [151.15417352, 30.61683779], [150.95556889, 30.35916567], [150.94866152, 30.35052194], [150.74041102, 30.09903900], [150.73360024, 30.09108187], [150.51603306, 29.84507299], [150.50812473, 29.83644629], [150.28165780, 29.59803741], [150.27146175, 29.58775787], [150.03467959, 29.35905043], [150.02396348, 29.34913095], [149.77619070, 29.12928334], [149.76540840, 29.12009676], [149.50770403, 28.90924946], [149.49718447, 28.90096357], [149.23044025, 28.69870433], [149.21883559, 28.69025524], [148.94199531, 28.49675244], [148.92864131, 28.48783433], [148.64042442, 28.30401049], [148.63019872, 28.29770969], [148.33262633, 28.12062905], [148.32518360, 28.11630957], [148.02060279, 27.94395137], [148.01305084, 27.93978516], [147.70145524, 27.77224518], [147.69715185, 27.76996479], [147.38206246, 27.60542694], [147.37550865, 27.60207993], [147.05593315, 27.44250190], [147.04629445, 27.43784507], [146.72002638, 27.28540984], [146.71228490, 27.28188908], [146.38111713, 27.13533651], [146.37302650, 27.13185721], [146.03721247, 26.99158595], [146.03014704, 26.98870909], [145.69041217, 26.85391948], [145.67910246, 26.84961633], [145.33433919, 26.72396363], [145.32302019, 26.72001466], [144.97393841, 26.60359257], [144.96603570, 26.60103989], [144.61480574, 26.49124172], [144.60572729, 26.48851026], [144.25220374, 26.38625634], [144.24128208, 26.38324721], [143.88415048, 26.28970168], [143.87659847, 26.28779333], [143.51736145, 26.20031474], [143.51233855, 26.19912196], [143.15226346, 26.11578412], [143.14603117, 26.11438785], [142.78486018, 26.03613466], [142.77933272, 26.03497289], [142.41724055, 25.96120725], [142.41139822, 25.96005664], [142.04839597, 25.89101601], [142.04173143, 25.88979939], [141.67777447, 25.82612856], [141.66897417, 25.82467671], [141.30531534, 25.76828731], [141.29100837, 25.76629690], [140.92713599, 25.72143696], [140.91013249, 25.71965683], [140.54420444, 25.68811189], [140.52820127, 25.68700824], [140.15995519, 25.66793857], [140.14206466, 25.66735383], [139.77211017, 25.66231545]]]}
    }
  ]
}
