{
  "type": "FeatureCollection",
  "name": "global_tc_coastal_model_domain_boundaries",
  "crs": {"type": "name", "properties": {"name": "EPSG:4326"}},
  "features": [
    {
      "type": "Feature",
      "properties": {"model_domain_id": "GTC_0064", "rank_domain": 37, "plot_rank": 1, "position_connected_rank": 1, "quicklook_basin_id": "BASIN_NA", "basin_id": "BASIN_NA", "basin_label": "North American East and West Coasts", "grid_cell_count": 84, "lowlying_area_km2": 5010.811418, "tc_landfall_count_max": 15, "tc_landfall_max_wind_ms": 56.540000, "priority": 0.38907036, "span_km": 839.189872, "cross_shore_width_km": 199.708518, "contains_estuary_proxy": 1, "domain_ocean_connected": 1, "source_ring_count": 1, "output_vertex_count": 113, "filled_internal_holes": 1, "polygon_contour_mode": "outer_covering_diagonal", "limit_exception_reason": "none"},
      "geometry": {"type": "Polygon", "coordinates": [[[-115.25000000, 27.87500000], [-115.37500000, 27.75000000], [-115.37500000, 27.50000000], [-115.25000000, 27.37500000], [-115.00000000, 27.37500000], [-114.75000000, 27.37500000], [-114.62500000, 27.25000000], [-114.62500000, 27.00000000], [-114.50000000, 26.87500000], [-114.37500000, 26.75000000], [-114.25000000, 26.62500000], [-114.00000000, 26.62500000], [-113.87500000, 26.50000000], [-113.75000000, 26.37500000], [-113.50000000, 26.37500000], [-113.25000000, 26.37500000], [-113.12500000, 26.25000000], [-113.00000000, 26.12500000], [-112.75000000, 26.12500000], [-112.62500000, 26.00000000], [-112.50000000, 25.87500000], [-112.37500000, 25.75000000], [-112.37500000, 25.50000000], [-112.37500000, 25.25000000], [-112.50000000, 25.12500000], [-112.62500000, 25.00000000], [-112.62500000, 24.75000000], [-112.50000000, 24.62500000], [-112.37500000, 24.50000000], [-112.25000000, 24.37500000], [-112.12500000, 24.25000000], [-112.00000000, 24.12500000], [-111.75000000, 24.12500000], [-111.62500000, 24.00000000], [-111.50000000, 23.87500000], [-111.25000000, 23.87500000], [-111.12500000, 23.75000000], [-111.00000000, 23.62500000], [-110.87500000, 23.50000000], [-110.75000000, 23.37500000], [-110.62500000, 23.25000000], [-110.50000000, 23.12500000], [-110.37500000, 23.00000000], [-110.37500000, 22.75000000], [-110.25000000, 22.62500000], [-110.00000000, 22.62500000], [-109.75000000, 22.62500000], [-109.62500000, 22.75000000], [-109.62500000, 23.00000000], [-109.75000000, 23.12500000], [-109.87500000, 23.25000000], [-109.75000000, 23.37500000], [-109.62500000, 23.25000000], [-109.50000000, 23.12500000], [-109.25000000, 23.12500000], [-109.12500000, 23.25000000], [-109.12500000, 23.50000000], [-109.12500000, 23.75000000], [-109.25000000, 23.87500000], [-109.37500000, 24.00000000], [-109.50000000, 24.12500000], [-109.62500000, 24.25000000], [-109.75000000, 24.37500000], [-109.87500000, 24.50000000], [-110.00000000, 24.62500000], [-110.12500000, 24.75000000], [-110.25000000, 24.87500000], [-110.37500000, 25.00000000], [-110.37500000, 25.25000000], [-110.50000000, 25.37500000], [-110.62500000, 25.50000000], [-110.75000000, 25.62500000], [-111.00000000, 25.62500000], [-111.12500000, 25.50000000], [-111.12500000, 25.25000000], [-111.12500000, 25.00000000], [-111.12500000, 24.75000000], [-111.25000000, 24.62500000], [-111.37500000, 24.75000000], [-111.37500000, 25.00000000], [-111.50000000, 25.12500000], [-111.62500000, 25.25000000], [-111.62500000, 25.50000000], [-111.62500000, 25.75000000], [-111.75000000, 25.87500000], [-111.87500000, 26.00000000], [-111.87500000, 26.25000000], [-112.00000000, 26.37500000], [-112.12500000, 26.50000000], [-112.25000000, 26.62500000], [-112.50000000, 26.62500000], [-112.62500000, 26.75000000], [-112.75000000, 26.87500000], [-112.87500000, 27.00000000], [-112.87500000, 27.25000000], [-113.00000000, 27.37500000], [-113.25000000, 27.37500000], [-113.50000000, 27.37500000], [-113.62500000, 27.50000000], [-113.62500000, 27.75000000], [-113.62500000, 28.00000000], [-113.62500000, 28.25000000], [-113.75000000, 28.37500000], [-113.87500000, 28.50000000], [-114.00000000, 28.62500000], [-114.25000000, 28.62500000], [-114.37500000, 28.50000000], [-114.37500000, 28.25000000], [-114.50000000, 28.12500000], [-114.75000000, 28.12500000], [-115.00000000, 28.12500000], [-115.12500000, 28.00000000], [-115.25000000, 27.87500000]]]}
    },
    {
      "type": "Feature",
      "properties": {"model_domain_id": "GTC_0092", "rank_domain": 80, "plot_rank": 2, "position_connected_rank": 2, "quicklook_basin_id": "BASIN_NA", "basin_id": "BASIN_NA", "basin_label": "North American East and West Coasts", "grid_cell_count": 26, "lowlying_area_km2": 247.130340, "tc_landfall_count_max": 10, "tc_landfall_max_wind_ms": 50.372000, "priority": 0.23265157, "span_km": 388.541961, "cross_shore_width_km": 59.022806, "contains_estuary_proxy": 0, "domain_ocean_connected": 1, "source_ring_count": 1, "output_vertex_count": 49, "filled_internal_holes": 1, "polygon_contour_mode": "outer_covering_diagonal", "limit_exception_reason": "none"},
      "geometry": {"type": "Polygon", "coordinates": [[[-113.25000000, 28.87500000], [-113.37500000, 28.75000000], [-113.37500000, 28.50000000], [-113.37500000, 28.25000000], [-113.25000000, 28.12500000], [-113.12500000, 28.00000000], [-113.12500000, 27.75000000], [-113.00000000, 27.62500000], [-112.87500000, 27.50000000], [-112.75000000, 27.37500000], [-112.62500000, 27.25000000], [-112.50000000, 27.12500000], [-112.37500000, 27.00000000], [-112.37500000, 26.75000000], [-112.25000000, 26.62500000], [-112.12500000, 26.50000000], [-112.00000000, 26.37500000], [-111.75000000, 26.37500000], [-111.62500000, 26.25000000], [-111.62500000, 26.00000000], [-111.62500000, 25.75000000], [-111.62500000, 25.50000000], [-111.50000000, 25.37500000], [-111.25000000, 25.37500000], [-111.00000000, 25.37500000], [-110.87500000, 25.50000000], [-110.87500000, 25.75000000], [-110.87500000, 26.00000000], [-110.87500000, 26.25000000], [-111.00000000, 26.37500000], [-111.12500000, 26.50000000], [-111.12500000, 26.75000000], [-111.25000000, 26.87500000], [-111.37500000, 27.00000000], [-111.50000000, 27.12500000], [-111.62500000, 27.25000000], [-111.75000000, 27.37500000], [-111.87500000, 27.50000000], [-112.00000000, 27.62500000], [-112.12500000, 27.75000000], [-112.25000000, 27.87500000], [-112.37500000, 28.00000000], [-112.50000000, 28.12500000], [-112.62500000, 28.25000000], [-112.62500000, 28.50000000], [-112.62500000, 28.75000000], [-112.75000000, 28.87500000], [-113.00000000, 28.87500000], [-113.25000000, 28.87500000]]]}
    },
    {
      "type": "Feature",
      "properties": {"model_domain_id": "GTC_0034", "rank_domain": 35, "plot_rank": 3, "position_connected_rank": 3, "quicklook_basin_id": "BASIN_NA", "basin_id": "BASIN_NA", "basin_label": "North American East and West Coasts", "grid_cell_count": 60, "lowlying_area_km2": 10120.227630, "tc_landfall_count_max": 14, "tc_landfall_max_wind_ms": 56.540000, "priority": 0.40222613, "span_km": 711.012777, "cross_shore_width_km": 91.360225, "contains_estuary_proxy": 1, "domain_ocean_connected": 1, "source_ring_count": 1, "output_vertex_count": 85, "filled_internal_holes": 1, "polygon_contour_mode": "outer_covering_diagonal", "limit_exception_reason": "none"},
      "geometry": {"type": "Polygon", "coordinates": [[[-111.75000000, 28.62500000], [-111.87500000, 28.50000000], [-111.87500000, 28.25000000], [-111.75000000, 28.12500000], [-111.62500000, 28.00000000], [-111.50000000, 27.87500000], [-111.37500000, 27.75000000], [-111.25000000, 27.62500000], [-111.00000000, 27.62500000], [-110.87500000, 27.50000000], [-110.87500000, 27.25000000], [-110.75000000, 27.12500000], [-110.62500000, 27.00000000], [-110.50000000, 26.87500000], [-110.25000000, 26.87500000], [-110.12500000, 26.75000000], [-110.12500000, 26.50000000], [-110.00000000, 26.37500000], [-109.75000000, 26.37500000], [-109.62500000, 26.25000000], [-109.62500000, 26.00000000], [-109.62500000, 25.75000000], [-109.62500000, 25.50000000], [-109.50000000, 25.37500000], [-109.37500000, 25.25000000], [-109.25000000, 25.12500000], [-109.00000000, 25.12500000], [-108.75000000, 25.12500000], [-108.62500000, 25.00000000], [-108.50000000, 24.87500000], [-108.37500000, 24.75000000], [-108.37500000, 24.50000000], [-108.25000000, 24.37500000], [-108.12500000, 24.25000000], [-108.00000000, 24.12500000], [-107.75000000, 24.12500000], [-107.62500000, 24.00000000], [-107.50000000, 23.87500000], [-107.37500000, 23.75000000], [-107.25000000, 23.62500000], [-107.12500000, 23.50000000], [-107.00000000, 23.37500000], [-106.75000000, 23.37500000], [-106.62500000, 23.50000000], [-106.62500000, 23.75000000], [-106.62500000, 24.00000000], [-106.62500000, 24.25000000], [-106.75000000, 24.37500000], [-106.87500000, 24.50000000], [-107.00000000, 24.62500000], [-107.12500000, 24.75000000], [-107.25000000, 24.87500000], [-107.37500000, 25.00000000], [-107.50000000, 25.12500000], [-107.62500000, 25.25000000], [-107.75000000, 25.37500000], [-107.87500000, 25.50000000], [-108.00000000, 25.62500000], [-108.25000000, 25.62500000], [-108.37500000, 25.75000000], [-108.50000000, 25.87500000], [-108.62500000, 26.00000000], [-108.75000000, 26.12500000], [-108.87500000, 26.25000000], [-108.87500000, 26.50000000], [-108.87500000, 26.75000000], [-109.00000000, 26.87500000], [-109.12500000, 27.00000000], [-109.25000000, 27.12500000], [-109.50000000, 27.12500000], [-109.62500000, 27.25000000], [-109.75000000, 27.37500000], [-109.87500000, 27.50000000], [-110.00000000, 27.62500000], [-110.12500000, 27.75000000], [-110.12500000, 28.00000000], [-110.25000000, 28.12500000], [-110.50000000, 28.12500000], [-110.62500000, 28.25000000], [-110.75000000, 28.37500000], [-111.00000000, 28.37500000], [-111.12500000, 28.50000000], [-111.25000000, 28.62500000], [-111.50000000, 28.62500000], [-111.75000000, 28.62500000]]]}
    },
    {
      "type": "Feature",
      "properties": {"model_domain_id": "GTC_0038", "rank_domain": 17, "plot_rank": 4, "position_connected_rank": 4, "quicklook_basin_id": "BASIN_NA", "basin_id": "BASIN_NA", "basin_label": "North American East and West Coasts", "grid_cell_count": 28, "lowlying_area_km2": 4642.188809, "tc_landfall_count_max": 8, "tc_landfall_max_wind_ms": 77.100000, "priority": 0.49684554, "span_km": 367.995698, "cross_shore_width_km": 108.920528, "contains_estuary_proxy": 1, "domain_ocean_connected": 1, "source_ring_count": 1, "output_vertex_count": 47, "filled_internal_holes": 1, "polygon_contour_mode": "outer_covering_diagonal", "limit_exception_reason": "none"},
      "geometry": {"type": "Polygon", "coordinates": [[[-106.75000000, 23.87500000], [-106.87500000, 23.75000000], [-106.87500000, 23.50000000], [-106.87500000, 23.25000000], [-106.75000000, 23.12500000], [-106.62500000, 23.00000000], [-106.50000000, 22.87500000], [-106.37500000, 22.75000000], [-106.25000000, 22.62500000], [-106.12500000, 22.50000000], [-106.00000000, 22.37500000], [-105.87500000, 22.25000000], [-105.87500000, 22.00000000], [-105.87500000, 21.75000000], [-105.75000000, 21.62500000], [-105.62500000, 21.50000000], [-105.62500000, 21.25000000], [-105.75000000, 21.12500000], [-105.87500000, 21.00000000], [-105.87500000, 20.75000000], [-105.75000000, 20.62500000], [-105.62500000, 20.50000000], [-105.50000000, 20.37500000], [-105.25000000, 20.37500000], [-105.00000000, 20.37500000], [-104.87500000, 20.50000000], [-104.87500000, 20.75000000], [-104.87500000, 21.00000000], [-104.87500000, 21.25000000], [-104.87500000, 21.50000000], [-104.87500000, 21.75000000], [-104.87500000, 22.00000000], [-104.87500000, 22.25000000], [-105.00000000, 22.37500000], [-105.12500000, 22.50000000], [-105.12500000, 22.75000000], [-105.25000000, 22.87500000], [-105.37500000, 23.00000000], [-105.50000000, 23.12500000], [-105.75000000, 23.12500000], [-105.87500000, 23.25000000], [-106.00000000, 23.37500000], [-106.12500000, 23.50000000], [-106.25000000, 23.62500000], [-106.37500000, 23.75000000], [-106.50000000, 23.87500000], [-106.75000000, 23.87500000]]]}
    },
    {
      "type": "Feature",
      "properties": {"model_domain_id": "GTC_0048", "rank_domain": 61, "plot_rank": 5, "position_connected_rank": 5, "quicklook_basin_id": "BASIN_NA", "basin_id": "BASIN_NA", "basin_label": "North American East and West Coasts", "grid_cell_count": 21, "lowlying_area_km2": 653.572273, "tc_landfall_count_max": 11, "tc_landfall_max_wind_ms": 77.100000, "priority": 0.32571002, "span_km": 324.897547, "cross_shore_width_km": 80.439768, "contains_estuary_proxy": 0, "domain_ocean_connected": 1, "source_ring_count": 1, "output_vertex_count": 43, "filled_internal_holes": 1, "polygon_contour_mode": "outer_covering_diagonal", "limit_exception_reason": "none"},
      "geometry": {"type": "Polygon", "coordinates": [[[-105.75000000, 20.62500000], [-105.87500000, 20.50000000], [-105.87500000, 20.25000000], [-105.87500000, 20.00000000], [-105.75000000, 19.87500000], [-105.62500000, 19.75000000], [-105.62500000, 19.50000000], [-105.50000000, 19.37500000], [-105.37500000, 19.25000000], [-105.25000000, 19.12500000], [-105.12500000, 19.00000000], [-105.00000000, 18.87500000], [-104.75000000, 18.87500000], [-104.50000000, 18.87500000], [-104.37500000, 18.75000000], [-104.25000000, 18.62500000], [-104.12500000, 18.50000000], [-104.00000000, 18.37500000], [-103.87500000, 18.25000000], [-103.75000000, 18.12500000], [-103.50000000, 18.12500000], [-103.25000000, 18.12500000], [-103.12500000, 18.25000000], [-103.12500000, 18.50000000], [-103.25000000, 18.62500000], [-103.37500000, 18.75000000], [-103.37500000, 19.00000000], [-103.50000000, 19.12500000], [-103.75000000, 19.12500000], [-103.87500000, 19.25000000], [-104.00000000, 19.37500000], [-104.25000000, 19.37500000], [-104.50000000, 19.37500000], [-104.62500000, 19.50000000], [-104.75000000, 19.62500000], [-104.87500000, 19.75000000], [-104.87500000, 20.00000000], [-105.00000000, 20.12500000], [-105.12500000, 20.25000000], [-105.12500000, 20.50000000], [-105.25000000, 20.62500000], [-105.50000000, 20.62500000], [-105.75000000, 20.62500000]]]}
    },
    {
      "type": "Feature",
      "properties": {"model_domain_id": "GTC_0083", "rank_domain": 76, "plot_rank": 6, "position_connected_rank": 6, "quicklook_basin_id": "BASIN_NA", "basin_id": "BASIN_NA", "basin_label": "North American East and West Coasts", "grid_cell_count": 32, "lowlying_area_km2": 1520.632982, "tc_landfall_count_max": 7, "tc_landfall_max_wind_ms": 53.970000, "priority": 0.25282291, "span_km": 576.982091, "cross_shore_width_km": 59.302389, "contains_estuary_proxy": 0, "domain_ocean_connected": 1, "source_ring_count": 1, "output_vertex_count": 65, "filled_internal_holes": 1, "polygon_contour_mode": "outer_covering_diagonal", "limit_exception_reason": "none"},
      "geometry": {"type": "Polygon", "coordinates": [[[-103.25000000, 18.37500000], [-103.37500000, 18.25000000], [-103.37500000, 18.00000000], [-103.25000000, 17.87500000], [-103.00000000, 17.87500000], [-102.75000000, 17.87500000], [-102.62500000, 17.75000000], [-102.50000000, 17.62500000], [-102.25000000, 17.62500000], [-102.00000000, 17.62500000], [-101.87500000, 17.50000000], [-101.75000000, 17.37500000], [-101.62500000, 17.25000000], [-101.50000000, 17.12500000], [-101.25000000, 17.12500000], [-101.12500000, 17.00000000], [-101.00000000, 16.87500000], [-100.75000000, 16.87500000], [-100.50000000, 16.87500000], [-100.37500000, 16.75000000], [-100.25000000, 16.62500000], [-100.12500000, 16.50000000], [-100.00000000, 16.37500000], [-99.75000000, 16.37500000], [-99.50000000, 16.37500000], [-99.25000000, 16.37500000], [-99.00000000, 16.37500000], [-98.87500000, 16.25000000], [-98.75000000, 16.12500000], [-98.62500000, 16.00000000], [-98.50000000, 15.87500000], [-98.25000000, 15.87500000], [-98.00000000, 15.87500000], [-97.87500000, 16.00000000], [-97.87500000, 16.25000000], [-97.87500000, 16.50000000], [-98.00000000, 16.62500000], [-98.25000000, 16.62500000], [-98.37500000, 16.75000000], [-98.50000000, 16.87500000], [-98.75000000, 16.87500000], [-99.00000000, 16.87500000], [-99.25000000, 16.87500000], [-99.37500000, 17.00000000], [-99.50000000, 17.12500000], [-99.75000000, 17.12500000], [-99.87500000, 17.25000000], [-100.00000000, 17.37500000], [-100.25000000, 17.37500000], [-100.50000000, 17.37500000], [-100.62500000, 17.50000000], [-100.75000000, 17.62500000], [-101.00000000, 17.62500000], [-101.12500000, 17.75000000], [-101.25000000, 17.87500000], [-101.37500000, 18.00000000], [-101.50000000, 18.12500000], [-101.75000000, 18.12500000], [-101.87500000, 18.25000000], [-102.00000000, 18.37500000], [-102.25000000, 18.37500000], [-102.50000000, 18.37500000], [-102.75000000, 18.37500000], [-103.00000000, 18.37500000], [-103.25000000, 18.37500000]]]}
    },
    {
      "type": "Feature",
      "properties": {"model_domain_id": "GTC_0085", "rank_domain": 82, "plot_rank": 7, "position_connected_rank": 7, "quicklook_basin_id": "BASIN_NA", "basin_id": "BASIN_NA", "basin_label": "North American East and West Coasts", "grid_cell_count": 30, "lowlying_area_km2": 2027.528498, "tc_landfall_count_max": 5, "tc_landfall_max_wind_ms": 53.970000, "priority": 0.22271018, "span_km": 441.968195, "cross_shore_width_km": 103.294822, "contains_estuary_proxy": 0, "domain_ocean_connected": 1, "source_ring_count": 1, "output_vertex_count": 55, "filled_internal_holes": 1, "polygon_contour_mode": "outer_covering_diagonal", "limit_exception_reason": "none"},
      "geometry": {"type": "Polygon", "coordinates": [[[-98.00000000, 16.37500000], [-98.12500000, 16.25000000], [-98.12500000, 16.00000000], [-98.12500000, 15.75000000], [-98.00000000, 15.62500000], [-97.75000000, 15.62500000], [-97.50000000, 15.62500000], [-97.25000000, 15.62500000], [-97.12500000, 15.50000000], [-97.00000000, 15.37500000], [-96.75000000, 15.37500000], [-96.50000000, 15.37500000], [-96.25000000, 15.37500000], [-96.00000000, 15.37500000], [-95.87500000, 15.50000000], [-95.75000000, 15.62500000], [-95.50000000, 15.62500000], [-95.25000000, 15.62500000], [-95.12500000, 15.75000000], [-95.00000000, 15.87500000], [-94.75000000, 15.87500000], [-94.50000000, 15.87500000], [-94.25000000, 15.87500000], [-94.12500000, 15.75000000], [-94.00000000, 15.62500000], [-93.75000000, 15.62500000], [-93.62500000, 15.75000000], [-93.62500000, 16.00000000], [-93.62500000, 16.25000000], [-93.75000000, 16.37500000], [-93.87500000, 16.50000000], [-94.00000000, 16.62500000], [-94.25000000, 16.62500000], [-94.50000000, 16.62500000], [-94.62500000, 16.75000000], [-94.75000000, 16.87500000], [-95.00000000, 16.87500000], [-95.12500000, 16.75000000], [-95.25000000, 16.62500000], [-95.37500000, 16.50000000], [-95.50000000, 16.37500000], [-95.62500000, 16.25000000], [-95.75000000, 16.12500000], [-96.00000000, 16.12500000], [-96.25000000, 16.12500000], [-96.37500000, 16.00000000], [-96.50000000, 15.87500000], [-96.62500000, 16.00000000], [-96.75000000, 16.12500000], [-97.00000000, 16.12500000], [-97.12500000, 16.25000000], [-97.25000000, 16.37500000], [-97.50000000, 16.37500000], [-97.75000000, 16.37500000], [-98.00000000, 16.37500000]]]}
    },
    {
      "type": "Feature",
      "properties": {"model_domain_id": "GTC_0054", "rank_domain": 48, "plot_rank": 8, "position_connected_rank": 8, "quicklook_basin_id": "BASIN_NA", "basin_id": "BASIN_NA", "basin_label": "North American East and West Coasts", "grid_cell_count": 77, "lowlying_area_km2": 10001.123228, "tc_landfall_count_max": 10, "tc_landfall_max_wind_ms": 57.054000, "priority": 0.36070294, "span_km": 798.237668, "cross_shore_width_km": 214.173174, "contains_estuary_proxy": 0, "domain_ocean_connected": 1, "source_ring_count": 1, "output_vertex_count": 95, "filled_internal_holes": 1, "polygon_contour_mode": "outer_covering_diagonal", "limit_exception_reason": "none"},
      "geometry": {"type": "Polygon", "coordinates": [[[-98.75000000, 22.87500000], [-98.87500000, 22.75000000], [-98.87500000, 22.50000000], [-98.87500000, 22.25000000], [-98.87500000, 22.00000000], [-98.87500000, 21.75000000], [-98.75000000, 21.62500000], [-98.62500000, 21.50000000], [-98.50000000, 21.37500000], [-98.25000000, 21.37500000], [-98.12500000, 21.25000000], [-98.00000000, 21.12500000], [-97.87500000, 21.00000000], [-97.87500000, 20.75000000], [-97.75000000, 20.62500000], [-97.62500000, 20.50000000], [-97.50000000, 20.37500000], [-97.37500000, 20.25000000], [-97.25000000, 20.12500000], [-97.12500000, 20.00000000], [-97.00000000, 19.87500000], [-96.87500000, 19.75000000], [-96.75000000, 19.62500000], [-96.62500000, 19.50000000], [-96.62500000, 19.25000000], [-96.62500000, 19.00000000], [-96.50000000, 18.87500000], [-96.37500000, 18.75000000], [-96.37500000, 18.50000000], [-96.50000000, 18.37500000], [-96.62500000, 18.25000000], [-96.62500000, 18.00000000], [-96.50000000, 17.87500000], [-96.25000000, 17.87500000], [-96.00000000, 17.87500000], [-95.75000000, 17.87500000], [-95.50000000, 17.87500000], [-95.25000000, 17.87500000], [-95.12500000, 18.00000000], [-95.00000000, 18.12500000], [-94.75000000, 18.12500000], [-94.62500000, 18.25000000], [-94.62500000, 18.50000000], [-94.62500000, 18.75000000], [-94.75000000, 18.87500000], [-95.00000000, 18.87500000], [-95.25000000, 18.87500000], [-95.37500000, 19.00000000], [-95.50000000, 19.12500000], [-95.62500000, 19.25000000], [-95.75000000, 19.37500000], [-95.87500000, 19.50000000], [-96.00000000, 19.62500000], [-96.12500000, 19.75000000], [-96.12500000, 20.00000000], [-96.25000000, 20.12500000], [-96.37500000, 20.25000000], [-96.50000000, 20.37500000], [-96.62500000, 20.50000000], [-96.75000000, 20.62500000], [-96.87500000, 20.75000000], [-96.87500000, 21.00000000], [-97.00000000, 21.12500000], [-97.12500000, 21.25000000], [-97.12500000, 21.50000000], [-97.12500000, 21.75000000], [-97.25000000, 21.87500000], [-97.37500000, 22.00000000], [-97.37500000, 22.25000000], [-97.50000000, 22.37500000], [-97.62500000, 22.50000000], [-97.62500000, 22.75000000], [-97.62500000, 23.00000000], [-97.62500000, 23.25000000], [-97.50000000, 23.37500000], [-97.37500000, 23.50000000], [-97.37500000, 23.75000000], [-97.37500000, 24.00000000], [-97.37500000, 24.25000000], [-97.37500000, 24.50000000], [-97.50000000, 24.62500000], [-97.75000000, 24.62500000], [-98.00000000, 24.62500000], [-98.12500000, 24.50000000], [-98.12500000, 24.25000000], [-98.25000000, 24.12500000], [-98.37500000, 24.00000000], [-98.37500000, 23.75000000], [-98.37500000, 23.50000000], [-98.25000000, 23.37500000], [-98.12500000, 23.25000000], [-98.25000000, 23.12500000], [-98.37500000, 23.00000000], [-98.50000000, 22.87500000], [-98.75000000, 22.87500000]]]}
    },
    {
      "type": "Feature",
      "properties": {"model_domain_id": "GTC_0033", "rank_domain": 46, "plot_rank": 9, "position_connected_rank": 9, "quicklook_basin_id": "BASIN_NA", "basin_id": "BASIN_NA", "basin_label": "North American East and West Coasts", "grid_cell_count": 55, "lowlying_area_km2": 13850.360978, "tc_landfall_count_max": 9, "tc_landfall_max_wind_ms": 59.110000, "priority": 0.36183255, "span_km": 443.412149, "cross_shore_width_km": 125.310940, "contains_estuary_proxy": 1, "domain_ocean_connected": 1, "source_ring_count": 1, "output_vertex_count": 57, "filled_internal_holes": 1, "polygon_contour_mode": "outer_covering_diagonal", "limit_exception_reason": "none"},
      "geometry": {"type": "Polygon", "coordinates": [[[-98.25000000, 26.87500000], [-98.37500000, 26.75000000], [-98.37500000, 26.50000000], [-98.25000000, 26.37500000], [-98.12500000, 26.25000000], [-98.00000000, 26.12500000], [-97.87500000, 26.00000000], [-98.00000000, 25.87500000], [-98.12500000, 25.75000000], [-98.12500000, 25.50000000], [-98.25000000, 25.37500000], [-98.37500000, 25.25000000], [-98.37500000, 25.00000000], [-98.37500000, 24.75000000], [-98.25000000, 24.62500000], [-98.12500000, 24.50000000], [-98.00000000, 24.37500000], [-97.75000000, 24.37500000], [-97.50000000, 24.37500000], [-97.37500000, 24.50000000], [-97.37500000, 24.75000000], [-97.25000000, 24.87500000], [-97.12500000, 25.00000000], [-97.12500000, 25.25000000], [-97.00000000, 25.37500000], [-96.87500000, 25.50000000], [-96.87500000, 25.75000000], [-96.87500000, 26.00000000], [-96.87500000, 26.25000000], [-96.87500000, 26.50000000], [-97.00000000, 26.62500000], [-97.12500000, 26.75000000], [-97.12500000, 27.00000000], [-97.12500000, 27.25000000], [-97.00000000, 27.37500000], [-96.87500000, 27.50000000], [-96.75000000, 27.62500000], [-96.62500000, 27.75000000], [-96.50000000, 27.87500000], [-96.37500000, 28.00000000], [-96.37500000, 28.25000000], [-96.50000000, 28.37500000], [-96.62500000, 28.50000000], [-96.75000000, 28.62500000], [-97.00000000, 28.62500000], [-97.25000000, 28.62500000], [-97.50000000, 28.62500000], [-97.62500000, 28.50000000], [-97.62500000, 28.25000000], [-97.75000000, 28.12500000], [-98.00000000, 28.12500000], [-98.12500000, 28.00000000], [-98.12500000, 27.75000000], [-98.12500000, 27.50000000], [-98.12500000, 27.25000000], [-98.12500000, 27.00000000], [-98.25000000, 26.87500000]]]}
    },
    {
      "type": "Feature",
      "properties": {"model_domain_id": "GTC_0012", "rank_domain": 24, "plot_rank": 10, "position_connected_rank": 10, "quicklook_basin_id": "BASIN_NA", "basin_id": "BASIN_NA", "basin_label": "North American East and West Coasts", "grid_cell_count": 84, "lowlying_area_km2": 23351.796817, "tc_landfall_count_max": 15, "tc_landfall_max_wind_ms": 66.820000, "priority": 0.45668099, "span_km": 523.187164, "cross_shore_width_km": 173.376422, "contains_estuary_proxy": 1, "domain_ocean_connected": 1, "source_ring_count": 1, "output_vertex_count": 65, "filled_internal_holes": 1, "polygon_contour_mode": "outer_covering_diagonal", "limit_exception_reason": "none"},
      "geometry": {"type": "Polygon", "coordinates": [[[-97.25000000, 28.87500000], [-97.37500000, 28.75000000], [-97.37500000, 28.50000000], [-97.25000000, 28.37500000], [-97.00000000, 28.37500000], [-96.87500000, 28.25000000], [-96.75000000, 28.12500000], [-96.50000000, 28.12500000], [-96.25000000, 28.12500000], [-96.00000000, 28.12500000], [-95.87500000, 28.25000000], [-95.75000000, 28.37500000], [-95.50000000, 28.37500000], [-95.37500000, 28.50000000], [-95.25000000, 28.62500000], [-95.00000000, 28.62500000], [-94.87500000, 28.75000000], [-94.75000000, 28.87500000], [-94.62500000, 29.00000000], [-94.50000000, 29.12500000], [-94.37500000, 29.25000000], [-94.25000000, 29.37500000], [-94.00000000, 29.37500000], [-93.75000000, 29.37500000], [-93.50000000, 29.37500000], [-93.25000000, 29.37500000], [-93.00000000, 29.37500000], [-92.75000000, 29.37500000], [-92.50000000, 29.37500000], [-92.25000000, 29.37500000], [-92.12500000, 29.50000000], [-92.12500000, 29.75000000], [-92.12500000, 30.00000000], [-92.12500000, 30.25000000], [-92.12500000, 30.50000000], [-92.25000000, 30.62500000], [-92.37500000, 30.75000000], [-92.50000000, 30.87500000], [-92.75000000, 30.87500000], [-93.00000000, 30.87500000], [-93.25000000, 30.87500000], [-93.50000000, 30.87500000], [-93.75000000, 30.87500000], [-94.00000000, 30.87500000], [-94.25000000, 30.87500000], [-94.37500000, 30.75000000], [-94.50000000, 30.62500000], [-94.75000000, 30.62500000], [-95.00000000, 30.62500000], [-95.12500000, 30.50000000], [-95.25000000, 30.37500000], [-95.37500000, 30.25000000], [-95.50000000, 30.12500000], [-95.62500000, 30.00000000], [-95.75000000, 29.87500000], [-96.00000000, 29.87500000], [-96.12500000, 29.75000000], [-96.12500000, 29.50000000], [-96.25000000, 29.37500000], [-96.50000000, 29.37500000], [-96.75000000, 29.37500000], [-96.87500000, 29.25000000], [-97.00000000, 29.12500000], [-97.12500000, 29.00000000], [-97.25000000, 28.87500000]]]}
    },
    {
      "type": "Feature",
      "properties": {"model_domain_id": "GTC_0010", "rank_domain": 18, "plot_rank": 11, "position_connected_rank": 11, "quicklook_basin_id": "BASIN_NA", "basin_id": "BASIN_NA", "basin_label": "North American East and West Coasts", "grid_cell_count": 171, "lowlying_area_km2": 36096.232522, "tc_landfall_count_max": 16, "tc_landfall_max_wind_ms": 71.960000, "priority": 0.48830506, "span_km": 839.821102, "cross_shore_width_km": 326.206128, "contains_estuary_proxy": 1, "domain_ocean_connected": 1, "source_ring_count": 1, "output_vertex_count": 113, "filled_internal_holes": 1, "polygon_contour_mode": "outer_covering_diagonal", "limit_exception_reason": "kept_to_preserve_estuary_proxy"},
      "geometry": {"type": "Polygon", "coordinates": [[[-92.50000000, 31.12500000], [-92.62500000, 31.00000000], [-92.62500000, 30.75000000], [-92.50000000, 30.62500000], [-92.37500000, 30.50000000], [-92.37500000, 30.25000000], [-92.37500000, 30.00000000], [-92.37500000, 29.75000000], [-92.37500000, 29.50000000], [-92.25000000, 29.37500000], [-92.12500000, 29.25000000], [-92.00000000, 29.12500000], [-91.75000000, 29.12500000], [-91.62500000, 29.00000000], [-91.50000000, 28.87500000], [-91.25000000, 28.87500000], [-91.00000000, 28.87500000], [-90.75000000, 28.87500000], [-90.50000000, 28.87500000], [-90.25000000, 28.87500000], [-90.00000000, 28.87500000], [-89.75000000, 28.87500000], [-89.62500000, 28.75000000], [-89.50000000, 28.62500000], [-89.25000000, 28.62500000], [-89.12500000, 28.75000000], [-89.00000000, 28.87500000], [-88.87500000, 29.00000000], [-88.87500000, 29.25000000], [-88.87500000, 29.50000000], [-88.75000000, 29.62500000], [-88.62500000, 29.75000000], [-88.50000000, 29.87500000], [-88.25000000, 29.87500000], [-88.00000000, 29.87500000], [-87.75000000, 29.87500000], [-87.50000000, 29.87500000], [-87.37500000, 30.00000000], [-87.25000000, 30.12500000], [-87.00000000, 30.12500000], [-86.75000000, 30.12500000], [-86.50000000, 30.12500000], [-86.25000000, 30.12500000], [-86.12500000, 30.00000000], [-86.00000000, 29.87500000], [-85.87500000, 29.75000000], [-85.75000000, 29.62500000], [-85.50000000, 29.62500000], [-85.25000000, 29.62500000], [-85.12500000, 29.50000000], [-85.00000000, 29.37500000], [-84.75000000, 29.37500000], [-84.50000000, 29.37500000], [-84.37500000, 29.50000000], [-84.25000000, 29.62500000], [-84.12500000, 29.75000000], [-84.12500000, 30.00000000], [-84.12500000, 30.25000000], [-84.25000000, 30.37500000], [-84.37500000, 30.50000000], [-84.50000000, 30.62500000], [-84.62500000, 30.75000000], [-84.75000000, 30.87500000], [-85.00000000, 30.87500000], [-85.25000000, 30.87500000], [-85.50000000, 30.87500000], [-85.75000000, 30.87500000], [-86.00000000, 30.87500000], [-86.25000000, 30.87500000], [-86.50000000, 30.87500000], [-86.62500000, 31.00000000], [-86.75000000, 31.12500000], [-87.00000000, 31.12500000], [-87.25000000, 31.12500000], [-87.37500000, 31.25000000], [-87.25000000, 31.37500000], [-87.12500000, 31.50000000], [-87.12500000, 31.75000000], [-87.12500000, 32.00000000], [-87.25000000, 32.12500000], [-87.50000000, 32.12500000], [-87.75000000, 32.12500000], [-88.00000000, 32.12500000], [-88.25000000, 32.12500000], [-88.37500000, 32.00000000], [-88.37500000, 31.75000000], [-88.37500000, 31.50000000], [-88.37500000, 31.25000000], [-88.50000000, 31.12500000], [-88.62500000, 31.25000000], [-88.75000000, 31.37500000], [-89.00000000, 31.37500000], [-89.12500000, 31.25000000], [-89.12500000, 31.00000000], [-89.25000000, 30.87500000], [-89.50000000, 30.87500000], [-89.75000000, 30.87500000], [-90.00000000, 30.87500000], [-90.25000000, 30.87500000], [-90.50000000, 30.87500000], [-90.75000000, 30.87500000], [-91.00000000, 30.87500000], [-91.12500000, 31.00000000], [-91.12500000, 31.25000000], [-91.12500000, 31.50000000], [-91.25000000, 31.62500000], [-91.50000000, 31.62500000], [-91.75000000, 31.62500000], [-92.00000000, 31.62500000], [-92.12500000, 31.50000000], [-92.12500000, 31.25000000], [-92.25000000, 31.12500000], [-92.50000000, 31.12500000]]]}
    },
    {
      "type": "Feature",
      "properties": {"model_domain_id": "GTC_0052", "rank_domain": 67, "plot_rank": 12, "position_connected_rank": 12, "quicklook_basin_id": "BASIN_NA", "basin_id": "BASIN_NA", "basin_label": "North American East and West Coasts", "grid_cell_count": 34, "lowlying_area_km2": 5404.199523, "tc_landfall_count_max": 5, "tc_landfall_max_wind_ms": 71.960000, "priority": 0.28759418, "span_km": 311.545180, "cross_shore_width_km": 126.021208, "contains_estuary_proxy": 0, "domain_ocean_connected": 1, "source_ring_count": 1, "output_vertex_count": 45, "filled_internal_holes": 1, "polygon_contour_mode": "outer_covering_diagonal", "limit_exception_reason": "none"},
      "geometry": {"type": "Polygon", "coordinates": [[[-84.50000000, 30.62500000], [-84.62500000, 30.50000000], [-84.62500000, 30.25000000], [-84.50000000, 30.12500000], [-84.37500000, 30.00000000], [-84.25000000, 29.87500000], [-84.12500000, 29.75000000], [-84.00000000, 29.62500000], [-83.87500000, 29.50000000], [-83.75000000, 29.37500000], [-83.62500000, 29.25000000], [-83.50000000, 29.12500000], [-83.37500000, 29.00000000], [-83.25000000, 28.87500000], [-83.00000000, 28.87500000], [-82.87500000, 28.75000000], [-82.87500000, 28.50000000], [-82.87500000, 28.25000000], [-82.75000000, 28.12500000], [-82.50000000, 28.12500000], [-82.37500000, 28.25000000], [-82.25000000, 28.37500000], [-82.00000000, 28.37500000], [-81.87500000, 28.50000000], [-81.87500000, 28.75000000], [-81.87500000, 29.00000000], [-82.00000000, 29.12500000], [-82.12500000, 29.25000000], [-82.25000000, 29.37500000], [-82.37500000, 29.50000000], [-82.50000000, 29.62500000], [-82.62500000, 29.75000000], [-82.50000000, 29.87500000], [-82.37500000, 30.00000000], [-82.37500000, 30.25000000], [-82.50000000, 30.37500000], [-82.75000000, 30.37500000], [-83.00000000, 30.37500000], [-83.25000000, 30.37500000], [-83.37500000, 30.50000000], [-83.50000000, 30.62500000], [-83.75000000, 30.62500000], [-84.00000000, 30.62500000], [-84.25000000, 30.62500000], [-84.50000000, 30.62500000]]]}
    },
    {
      "type": "Feature",
      "properties": {"model_domain_id": "GTC_0039", "rank_domain": 38, "plot_rank": 13, "position_connected_rank": 13, "quicklook_basin_id": "BASIN_NA", "basin_id": "BASIN_NA", "basin_label": "North American East and West Coasts", "grid_cell_count": 46, "lowlying_area_km2": 13944.089331, "tc_landfall_count_max": 9, "tc_landfall_max_wind_ms": 71.960000, "priority": 0.38655271, "span_km": 479.117639, "cross_shore_width_km": 144.850877, "contains_estuary_proxy": 1, "domain_ocean_connected": 1, "source_ring_count": 1, "output_vertex_count": 59, "filled_internal_holes": 1, "polygon_contour_mode": "outer_covering_diagonal", "limit_exception_reason": "none"},
      "geometry": {"type": "Polygon", "coordinates": [[[-92.25000000, 18.87500000], [-92.37500000, 18.75000000], [-92.37500000, 18.50000000], [-92.25000000, 18.37500000], [-92.12500000, 18.25000000], [-92.00000000, 18.12500000], [-91.87500000, 18.00000000], [-91.75000000, 17.87500000], [-91.50000000, 17.87500000], [-91.25000000, 17.87500000], [-91.12500000, 18.00000000], [-91.00000000, 18.12500000], [-90.87500000, 18.25000000], [-90.87500000, 18.50000000], [-90.75000000, 18.62500000], [-90.62500000, 18.75000000], [-90.50000000, 18.87500000], [-90.37500000, 19.00000000], [-90.25000000, 19.12500000], [-90.12500000, 19.25000000], [-90.12500000, 19.50000000], [-90.12500000, 19.75000000], [-90.00000000, 19.87500000], [-89.87500000, 20.00000000], [-89.87500000, 20.25000000], [-89.75000000, 20.37500000], [-89.50000000, 20.37500000], [-89.25000000, 20.37500000], [-89.00000000, 20.37500000], [-88.87500000, 20.50000000], [-88.87500000, 20.75000000], [-89.00000000, 20.87500000], [-89.12500000, 21.00000000], [-89.12500000, 21.25000000], [-89.25000000, 21.37500000], [-89.37500000, 21.50000000], [-89.50000000, 21.62500000], [-89.75000000, 21.62500000], [-90.00000000, 21.62500000], [-90.12500000, 21.50000000], [-90.25000000, 21.37500000], [-90.50000000, 21.37500000], [-90.62500000, 21.25000000], [-90.62500000, 21.00000000], [-90.62500000, 20.75000000], [-90.62500000, 20.50000000], [-90.62500000, 20.25000000], [-90.75000000, 20.12500000], [-90.87500000, 20.00000000], [-90.87500000, 19.75000000], [-91.00000000, 19.62500000], [-91.12500000, 19.50000000], [-91.25000000, 19.37500000], [-91.37500000, 19.25000000], [-91.50000000, 19.12500000], [-91.75000000, 19.12500000], [-91.87500000, 19.00000000], [-92.00000000, 18.87500000], [-92.25000000, 18.87500000]]]}
    },
    {
      "type": "Feature",
      "properties": {"model_domain_id": "GTC_0025", "rank_domain": 36, "plot_rank": 14, "position_connected_rank": 14, "quicklook_basin_id": "BASIN_NA", "basin_id": "BASIN_NA", "basin_label": "North American East and West Coasts", "grid_cell_count": 45, "lowlying_area_km2": 9429.839825, "tc_landfall_count_max": 10, "tc_landfall_max_wind_ms": 77.100000, "priority": 0.39710373, "span_km": 317.495103, "cross_shore_width_km": 142.981531, "contains_estuary_proxy": 1, "domain_ocean_connected": 1, "source_ring_count": 1, "output_vertex_count": 45, "filled_internal_holes": 1, "polygon_contour_mode": "outer_covering_diagonal", "limit_exception_reason": "none"},
      "geometry": {"type": "Polygon", "coordinates": [[[-89.50000000, 21.62500000], [-89.62500000, 21.50000000], [-89.62500000, 21.25000000], [-89.50000000, 21.12500000], [-89.37500000, 21.00000000], [-89.37500000, 20.75000000], [-89.25000000, 20.62500000], [-89.12500000, 20.50000000], [-89.00000000, 20.37500000], [-88.75000000, 20.37500000], [-88.50000000, 20.37500000], [-88.37500000, 20.50000000], [-88.37500000, 20.75000000], [-88.25000000, 20.87500000], [-88.00000000, 20.87500000], [-87.87500000, 20.75000000], [-87.87500000, 20.50000000], [-87.75000000, 20.37500000], [-87.50000000, 20.37500000], [-87.25000000, 20.37500000], [-87.12500000, 20.25000000], [-87.00000000, 20.12500000], [-86.75000000, 20.12500000], [-86.62500000, 20.25000000], [-86.50000000, 20.37500000], [-86.37500000, 20.50000000], [-86.37500000, 20.75000000], [-86.37500000, 21.00000000], [-86.37500000, 21.25000000], [-86.37500000, 21.50000000], [-86.50000000, 21.62500000], [-86.62500000, 21.75000000], [-86.75000000, 21.87500000], [-87.00000000, 21.87500000], [-87.25000000, 21.87500000], [-87.50000000, 21.87500000], [-87.75000000, 21.87500000], [-88.00000000, 21.87500000], [-88.25000000, 21.87500000], [-88.50000000, 21.87500000], [-88.75000000, 21.87500000], [-88.87500000, 21.75000000], [-89.00000000, 21.62500000], [-89.25000000, 21.62500000], [-89.50000000, 21.62500000]]]}
    },
    {
      "type": "Feature",
      "properties": {"model_domain_id": "GTC_0013", "rank_domain": 34, "plot_rank": 15, "position_connected_rank": 15, "quicklook_basin_id": "BASIN_NA", "basin_id": "BASIN_NA", "basin_label": "North American East and West Coasts", "grid_cell_count": 38, "lowlying_area_km2": 9465.004115, "tc_landfall_count_max": 11, "tc_landfall_max_wind_ms": 77.100000, "priority": 0.40904026, "span_km": 296.006622, "cross_shore_width_km": 103.430422, "contains_estuary_proxy": 1, "domain_ocean_connected": 1, "source_ring_count": 1, "output_vertex_count": 39, "filled_internal_holes": 1, "polygon_contour_mode": "outer_covering_diagonal", "limit_exception_reason": "none"},
      "geometry": {"type": "Polygon", "coordinates": [[[-88.75000000, 18.62500000], [-88.87500000, 18.50000000], [-88.87500000, 18.25000000], [-88.75000000, 18.12500000], [-88.50000000, 18.12500000], [-88.25000000, 18.12500000], [-88.12500000, 18.00000000], [-88.00000000, 17.87500000], [-87.75000000, 17.87500000], [-87.62500000, 18.00000000], [-87.62500000, 18.25000000], [-87.50000000, 18.37500000], [-87.37500000, 18.50000000], [-87.37500000, 18.75000000], [-87.37500000, 19.00000000], [-87.25000000, 19.12500000], [-87.12500000, 19.25000000], [-87.12500000, 19.50000000], [-87.12500000, 19.75000000], [-87.12500000, 20.00000000], [-87.00000000, 20.12500000], [-86.87500000, 20.25000000], [-86.87500000, 20.50000000], [-87.00000000, 20.62500000], [-87.25000000, 20.62500000], [-87.50000000, 20.62500000], [-87.75000000, 20.62500000], [-88.00000000, 20.62500000], [-88.12500000, 20.50000000], [-88.25000000, 20.37500000], [-88.37500000, 20.25000000], [-88.37500000, 20.00000000], [-88.37500000, 19.75000000], [-88.50000000, 19.62500000], [-88.62500000, 19.50000000], [-88.62500000, 19.25000000], [-88.62500000, 19.00000000], [-88.62500000, 18.75000000], [-88.75000000, 18.62500000]]]}
    },
    {
      "type": "Feature",
      "properties": {"model_domain_id": "GTC_0032", "rank_domain": 54, "plot_rank": 16, "position_connected_rank": 16, "quicklook_basin_id": "BASIN_NA", "basin_id": "BASIN_NA", "basin_label": "North American East and West Coasts", "grid_cell_count": 45, "lowlying_area_km2": 6161.062867, "tc_landfall_count_max": 7, "tc_landfall_max_wind_ms": 77.100000, "priority": 0.34056730, "span_km": 372.926739, "cross_shore_width_km": 155.892813, "contains_estuary_proxy": 1, "domain_ocean_connected": 1, "source_ring_count": 1, "output_vertex_count": 51, "filled_internal_holes": 1, "polygon_contour_mode": "outer_covering_diagonal", "limit_exception_reason": "none"},
      "geometry": {"type": "Polygon", "coordinates": [[[-89.75000000, 15.62500000], [-89.87500000, 15.50000000], [-89.87500000, 15.25000000], [-89.75000000, 15.12500000], [-89.50000000, 15.12500000], [-89.25000000, 15.12500000], [-89.00000000, 15.12500000], [-88.75000000, 15.12500000], [-88.62500000, 15.25000000], [-88.50000000, 15.37500000], [-88.25000000, 15.37500000], [-88.12500000, 15.50000000], [-88.12500000, 15.75000000], [-88.12500000, 16.00000000], [-88.12500000, 16.25000000], [-88.12500000, 16.50000000], [-88.00000000, 16.62500000], [-87.87500000, 16.75000000], [-87.75000000, 16.87500000], [-87.62500000, 17.00000000], [-87.50000000, 17.12500000], [-87.37500000, 17.25000000], [-87.37500000, 17.50000000], [-87.50000000, 17.62500000], [-87.62500000, 17.75000000], [-87.62500000, 18.00000000], [-87.75000000, 18.12500000], [-87.87500000, 18.25000000], [-88.00000000, 18.37500000], [-88.25000000, 18.37500000], [-88.50000000, 18.37500000], [-88.75000000, 18.37500000], [-89.00000000, 18.37500000], [-89.12500000, 18.25000000], [-89.12500000, 18.00000000], [-89.12500000, 17.75000000], [-89.12500000, 17.50000000], [-89.00000000, 17.37500000], [-88.87500000, 17.25000000], [-88.75000000, 17.12500000], [-88.62500000, 17.00000000], [-88.62500000, 16.75000000], [-88.75000000, 16.62500000], [-89.00000000, 16.62500000], [-89.12500000, 16.50000000], [-89.25000000, 16.37500000], [-89.37500000, 16.25000000], [-89.50000000, 16.12500000], [-89.62500000, 16.00000000], [-89.62500000, 15.75000000], [-89.75000000, 15.62500000]]]}
    },
    {
      "type": "Feature",
      "properties": {"model_domain_id": "GTC_0051", "rank_domain": 66, "plot_rank": 17, "position_connected_rank": 17, "quicklook_basin_id": "BASIN_NA", "basin_id": "BASIN_NA", "basin_label": "North American East and West Coasts", "grid_cell_count": 39, "lowlying_area_km2": 5511.783801, "tc_landfall_count_max": 5, "tc_landfall_max_wind_ms": 71.960000, "priority": 0.28820893, "span_km": 502.144056, "cross_shore_width_km": 113.200510, "contains_estuary_proxy": 0, "domain_ocean_connected": 1, "source_ring_count": 1, "output_vertex_count": 59, "filled_internal_holes": 1, "polygon_contour_mode": "outer_covering_diagonal", "limit_exception_reason": "none"},
      "geometry": {"type": "Polygon", "coordinates": [[[-88.25000000, 16.12500000], [-88.37500000, 16.00000000], [-88.37500000, 15.75000000], [-88.37500000, 15.50000000], [-88.25000000, 15.37500000], [-88.00000000, 15.37500000], [-87.75000000, 15.37500000], [-87.50000000, 15.37500000], [-87.25000000, 15.37500000], [-87.00000000, 15.37500000], [-86.75000000, 15.37500000], [-86.50000000, 15.37500000], [-86.25000000, 15.37500000], [-86.12500000, 15.50000000], [-86.00000000, 15.62500000], [-85.75000000, 15.62500000], [-85.50000000, 15.62500000], [-85.25000000, 15.62500000], [-85.12500000, 15.50000000], [-85.00000000, 15.37500000], [-84.75000000, 15.37500000], [-84.62500000, 15.25000000], [-84.50000000, 15.12500000], [-84.37500000, 15.00000000], [-84.25000000, 14.87500000], [-84.12500000, 14.75000000], [-84.00000000, 14.62500000], [-83.75000000, 14.62500000], [-83.62500000, 14.75000000], [-83.50000000, 14.87500000], [-83.37500000, 15.00000000], [-83.37500000, 15.25000000], [-83.37500000, 15.50000000], [-83.50000000, 15.62500000], [-83.62500000, 15.75000000], [-83.75000000, 15.87500000], [-83.87500000, 16.00000000], [-84.00000000, 16.12500000], [-84.25000000, 16.12500000], [-84.50000000, 16.12500000], [-84.75000000, 16.12500000], [-85.00000000, 16.12500000], [-85.25000000, 16.12500000], [-85.50000000, 16.12500000], [-85.62500000, 16.25000000], [-85.75000000, 16.37500000], [-86.00000000, 16.37500000], [-86.12500000, 16.25000000], [-86.25000000, 16.12500000], [-86.50000000, 16.12500000], [-86.62500000, 16.25000000], [-86.75000000, 16.37500000], [-87.00000000, 16.37500000], [-87.12500000, 16.25000000], [-87.25000000, 16.12500000], [-87.50000000, 16.12500000], [-87.75000000, 16.12500000], [-88.00000000, 16.12500000], [-88.25000000, 16.12500000]]]}
    },
    {
      "type": "Feature",
      "properties": {"model_domain_id": "GTC_0028", "rank_domain": 45, "plot_rank": 18, "position_connected_rank": 18, "quicklook_basin_id": "BASIN_NA", "basin_id": "BASIN_NA", "basin_label": "North American East and West Coasts", "grid_cell_count": 64, "lowlying_area_km2": 10863.270104, "tc_landfall_count_max": 8, "tc_landfall_max_wind_ms": 71.960000, "priority": 0.36445240, "span_km": 588.021329, "cross_shore_width_km": 180.974481, "contains_estuary_proxy": 1, "domain_ocean_connected": 1, "source_ring_count": 1, "output_vertex_count": 69, "filled_internal_holes": 1, "polygon_contour_mode": "outer_covering_diagonal", "limit_exception_reason": "none"},
      "geometry": {"type": "Polygon", "coordinates": [[[-84.50000000, 13.62500000], [-84.62500000, 13.50000000], [-84.62500000, 13.25000000], [-84.62500000, 13.00000000], [-84.62500000, 12.75000000], [-84.62500000, 12.50000000], [-84.62500000, 12.25000000], [-84.62500000, 12.00000000], [-84.50000000, 11.87500000], [-84.37500000, 11.75000000], [-84.37500000, 11.50000000], [-84.25000000, 11.37500000], [-84.12500000, 11.25000000], [-84.12500000, 11.00000000], [-84.12500000, 10.75000000], [-84.12500000, 10.50000000], [-84.00000000, 10.37500000], [-83.87500000, 10.25000000], [-83.75000000, 10.12500000], [-83.50000000, 10.12500000], [-83.25000000, 10.12500000], [-83.12500000, 10.25000000], [-83.12500000, 10.50000000], [-83.25000000, 10.62500000], [-83.37500000, 10.75000000], [-83.37500000, 11.00000000], [-83.50000000, 11.12500000], [-83.62500000, 11.25000000], [-83.50000000, 11.37500000], [-83.37500000, 11.50000000], [-83.37500000, 11.75000000], [-83.37500000, 12.00000000], [-83.25000000, 12.12500000], [-83.12500000, 12.25000000], [-83.12500000, 12.50000000], [-83.12500000, 12.75000000], [-83.12500000, 13.00000000], [-83.25000000, 13.12500000], [-83.37500000, 13.25000000], [-83.37500000, 13.50000000], [-83.25000000, 13.62500000], [-83.12500000, 13.75000000], [-83.00000000, 13.87500000], [-82.75000000, 13.87500000], [-82.62500000, 14.00000000], [-82.50000000, 14.12500000], [-82.37500000, 14.25000000], [-82.37500000, 14.50000000], [-82.37500000, 14.75000000], [-82.37500000, 15.00000000], [-82.37500000, 15.25000000], [-82.50000000, 15.37500000], [-82.62500000, 15.50000000], [-82.75000000, 15.62500000], [-83.00000000, 15.62500000], [-83.25000000, 15.62500000], [-83.50000000, 15.62500000], [-83.62500000, 15.50000000], [-83.62500000, 15.25000000], [-83.75000000, 15.12500000], [-83.87500000, 15.00000000], [-83.87500000, 14.75000000], [-83.87500000, 14.50000000], [-83.87500000, 14.25000000], [-84.00000000, 14.12500000], [-84.12500000, 14.00000000], [-84.25000000, 13.87500000], [-84.37500000, 13.75000000], [-84.50000000, 13.62500000]]]}
    },
    {
      "type": "Feature",
      "properties": {"model_domain_id": "GTC_0088", "rank_domain": 93, "plot_rank": 19, "position_connected_rank": 19, "quicklook_basin_id": "BASIN_NA", "basin_id": "BASIN_NA", "basin_label": "North American East and West Coasts", "grid_cell_count": 16, "lowlying_area_km2": 599.875139, "tc_landfall_count_max": 3, "tc_landfall_max_wind_ms": 61.680000, "priority": 0.14438262, "span_km": 234.163447, "cross_shore_width_km": 74.966266, "contains_estuary_proxy": 1, "domain_ocean_connected": 1, "source_ring_count": 1, "output_vertex_count": 33, "filled_internal_holes": 1, "polygon_contour_mode": "outer_covering_diagonal", "limit_exception_reason": "none"},
      "geometry": {"type": "Polygon", "coordinates": [[[-86.75000000, 12.12500000], [-86.87500000, 12.00000000], [-86.87500000, 11.75000000], [-86.75000000, 11.62500000], [-86.62500000, 11.50000000], [-86.50000000, 11.37500000], [-86.37500000, 11.25000000], [-86.25000000, 11.12500000], [-86.12500000, 11.00000000], [-86.12500000, 10.75000000], [-86.12500000, 10.50000000], [-86.12500000, 10.25000000], [-86.00000000, 10.12500000], [-85.75000000, 10.12500000], [-85.50000000, 10.12500000], [-85.25000000, 10.12500000], [-85.00000000, 10.12500000], [-84.87500000, 10.25000000], [-84.87500000, 10.50000000], [-85.00000000, 10.62500000], [-85.25000000, 10.62500000], [-85.37500000, 10.75000000], [-85.37500000, 11.00000000], [-85.37500000, 11.25000000], [-85.50000000, 11.37500000], [-85.62500000, 11.50000000], [-85.75000000, 11.62500000], [-85.87500000, 11.75000000], [-86.00000000, 11.87500000], [-86.12500000, 12.00000000], [-86.25000000, 12.12500000], [-86.50000000, 12.12500000], [-86.75000000, 12.12500000]]]}
    },
    {
      "type": "Feature",
      "properties": {"model_domain_id": "GTC_0031", "rank_domain": 40, "plot_rank": 20, "position_connected_rank": 20, "quicklook_basin_id": "BASIN_NA", "basin_id": "BASIN_NA", "basin_label": "North American East and West Coasts", "grid_cell_count": 88, "lowlying_area_km2": 12383.724935, "tc_landfall_count_max": 9, "tc_landfall_max_wind_ms": 69.390000, "priority": 0.37794933, "span_km": 514.120701, "cross_shore_width_km": 200.132705, "contains_estuary_proxy": 1, "domain_ocean_connected": 1, "source_ring_count": 1, "output_vertex_count": 65, "filled_internal_holes": 1, "polygon_contour_mode": "outer_covering_diagonal", "limit_exception_reason": "none"},
      "geometry": {"type": "Polygon", "coordinates": [[[-85.00000000, 22.12500000], [-85.12500000, 22.00000000], [-85.12500000, 21.75000000], [-85.00000000, 21.62500000], [-84.75000000, 21.62500000], [-84.50000000, 21.62500000], [-84.25000000, 21.62500000], [-84.00000000, 21.62500000], [-83.75000000, 21.62500000], [-83.50000000, 21.62500000], [-83.37500000, 21.50000000], [-83.37500000, 21.25000000], [-83.25000000, 21.12500000], [-83.00000000, 21.12500000], [-82.75000000, 21.12500000], [-82.50000000, 21.12500000], [-82.37500000, 21.25000000], [-82.25000000, 21.37500000], [-82.00000000, 21.37500000], [-81.75000000, 21.37500000], [-81.50000000, 21.37500000], [-81.25000000, 21.37500000], [-81.12500000, 21.50000000], [-81.12500000, 21.75000000], [-81.00000000, 21.87500000], [-80.75000000, 21.87500000], [-80.62500000, 21.75000000], [-80.50000000, 21.62500000], [-80.25000000, 21.62500000], [-80.12500000, 21.75000000], [-80.12500000, 22.00000000], [-80.12500000, 22.25000000], [-80.25000000, 22.37500000], [-80.37500000, 22.50000000], [-80.25000000, 22.62500000], [-80.12500000, 22.75000000], [-80.12500000, 23.00000000], [-80.12500000, 23.25000000], [-80.25000000, 23.37500000], [-80.50000000, 23.37500000], [-80.62500000, 23.50000000], [-80.75000000, 23.62500000], [-81.00000000, 23.62500000], [-81.12500000, 23.50000000], [-81.25000000, 23.37500000], [-81.50000000, 23.37500000], [-81.75000000, 23.37500000], [-82.00000000, 23.37500000], [-82.25000000, 23.37500000], [-82.50000000, 23.37500000], [-82.75000000, 23.37500000], [-83.00000000, 23.37500000], [-83.25000000, 23.37500000], [-83.37500000, 23.25000000], [-83.50000000, 23.12500000], [-83.75000000, 23.12500000], [-84.00000000, 23.12500000], [-84.12500000, 23.00000000], [-84.25000000, 22.87500000], [-84.37500000, 22.75000000], [-84.50000000, 22.62500000], [-84.62500000, 22.50000000], [-84.75000000, 22.37500000], [-84.87500000, 22.25000000], [-85.00000000, 22.12500000]]]}
    },
    {
      "type": "Feature",
      "properties": {"model_domain_id": "GTC_0050", "rank_domain": 52, "plot_rank": 21, "position_connected_rank": 21, "quicklook_basin_id": "BASIN_NA", "basin_id": "BASIN_NA", "basin_label": "North American East and West Coasts", "grid_cell_count": 117, "lowlying_area_km2": 11764.234168, "tc_landfall_count_max": 7, "tc_landfall_max_wind_ms": 66.820000, "priority": 0.34113283, "span_km": 718.876574, "cross_shore_width_km": 231.000683, "contains_estuary_proxy": 1, "domain_ocean_connected": 1, "source_ring_count": 1, "output_vertex_count": 89, "filled_internal_holes": 1, "polygon_contour_mode": "outer_covering_diagonal", "limit_exception_reason": "none"},
      "geometry": {"type": "Polygon", "coordinates": [[[-80.25000000, 23.37500000], [-80.37500000, 23.25000000], [-80.37500000, 23.00000000], [-80.37500000, 22.75000000], [-80.25000000, 22.62500000], [-80.12500000, 22.50000000], [-80.00000000, 22.37500000], [-79.75000000, 22.37500000], [-79.62500000, 22.25000000], [-79.75000000, 22.12500000], [-80.00000000, 22.12500000], [-80.25000000, 22.12500000], [-80.37500000, 22.00000000], [-80.37500000, 21.75000000], [-80.37500000, 21.50000000], [-80.25000000, 21.37500000], [-80.00000000, 21.37500000], [-79.75000000, 21.37500000], [-79.62500000, 21.25000000], [-79.62500000, 21.00000000], [-79.50000000, 20.87500000], [-79.37500000, 20.75000000], [-79.25000000, 20.62500000], [-79.12500000, 20.50000000], [-79.00000000, 20.37500000], [-78.75000000, 20.37500000], [-78.50000000, 20.37500000], [-78.25000000, 20.37500000], [-78.00000000, 20.37500000], [-77.87500000, 20.25000000], [-77.87500000, 20.00000000], [-77.87500000, 19.75000000], [-77.75000000, 19.62500000], [-77.50000000, 19.62500000], [-77.25000000, 19.62500000], [-77.00000000, 19.62500000], [-76.75000000, 19.62500000], [-76.50000000, 19.62500000], [-76.25000000, 19.62500000], [-76.00000000, 19.62500000], [-75.75000000, 19.62500000], [-75.50000000, 19.62500000], [-75.25000000, 19.62500000], [-75.00000000, 19.62500000], [-74.75000000, 19.62500000], [-74.62500000, 19.75000000], [-74.50000000, 19.87500000], [-74.25000000, 19.87500000], [-74.00000000, 19.87500000], [-73.87500000, 20.00000000], [-73.87500000, 20.25000000], [-73.87500000, 20.50000000], [-74.00000000, 20.62500000], [-74.25000000, 20.62500000], [-74.37500000, 20.75000000], [-74.50000000, 20.87500000], [-74.75000000, 20.87500000], [-75.00000000, 20.87500000], [-75.12500000, 21.00000000], [-75.25000000, 21.12500000], [-75.37500000, 21.25000000], [-75.50000000, 21.37500000], [-75.75000000, 21.37500000], [-76.00000000, 21.37500000], [-76.12500000, 21.50000000], [-76.25000000, 21.62500000], [-76.50000000, 21.62500000], [-76.62500000, 21.75000000], [-76.75000000, 21.87500000], [-77.00000000, 21.87500000], [-77.12500000, 22.00000000], [-77.25000000, 22.12500000], [-77.37500000, 22.25000000], [-77.50000000, 22.37500000], [-77.62500000, 22.50000000], [-77.75000000, 22.62500000], [-78.00000000, 22.62500000], [-78.12500000, 22.75000000], [-78.25000000, 22.87500000], [-78.50000000, 22.87500000], [-78.75000000, 22.87500000], [-79.00000000, 22.87500000], [-79.25000000, 22.87500000], [-79.37500000, 23.00000000], [-79.50000000, 23.12500000], [-79.62500000, 23.25000000], [-79.75000000, 23.37500000], [-80.00000000, 23.37500000], [-80.25000000, 23.37500000]]]}
    },
    {
      "type": "Feature",
      "properties": {"model_domain_id": "GTC_0021", "rank_domain": 50, "plot_rank": 22, "position_connected_rank": 22, "quicklook_basin_id": "BASIN_NA", "basin_id": "BASIN_NA", "basin_label": "North American East and West Coasts", "grid_cell_count": 14, "lowlying_area_km2": 3567.851794, "tc_landfall_count_max": 9, "tc_landfall_max_wind_ms": 74.530000, "priority": 0.34894288, "span_km": 182.825366, "cross_shore_width_km": 48.662406, "contains_estuary_proxy": 0, "domain_ocean_connected": 1, "source_ring_count": 1, "output_vertex_count": 27, "filled_internal_holes": 1, "polygon_contour_mode": "outer_covering_diagonal", "limit_exception_reason": "none"},
      "geometry": {"type": "Polygon", "coordinates": [[[-82.75000000, 27.87500000], [-82.87500000, 27.75000000], [-82.87500000, 27.50000000], [-82.87500000, 27.25000000], [-82.87500000, 27.00000000], [-82.75000000, 26.87500000], [-82.62500000, 26.75000000], [-82.62500000, 26.50000000], [-82.50000000, 26.37500000], [-82.37500000, 26.25000000], [-82.25000000, 26.12500000], [-82.12500000, 26.00000000], [-82.00000000, 25.87500000], [-81.75000000, 25.87500000], [-81.62500000, 26.00000000], [-81.62500000, 26.25000000], [-81.62500000, 26.50000000], [-81.62500000, 26.75000000], [-81.75000000, 26.87500000], [-81.87500000, 27.00000000], [-81.87500000, 27.25000000], [-82.00000000, 27.37500000], [-82.12500000, 27.50000000], [-82.25000000, 27.62500000], [-82.37500000, 27.75000000], [-82.50000000, 27.87500000], [-82.75000000, 27.87500000]]]}
    },
    {
      "type": "Feature",
      "properties": {"model_domain_id": "GTC_0015", "rank_domain": 29, "plot_rank": 23, "position_connected_rank": 23, "quicklook_basin_id": "BASIN_NA", "basin_id": "BASIN_NA", "basin_label": "North American East and West Coasts", "grid_cell_count": 65, "lowlying_area_km2": 28379.466780, "tc_landfall_count_max": 10, "tc_landfall_max_wind_ms": 74.530000, "priority": 0.42656709, "span_km": 365.500509, "cross_shore_width_km": 185.597588, "contains_estuary_proxy": 1, "domain_ocean_connected": 1, "source_ring_count": 1, "output_vertex_count": 51, "filled_internal_holes": 1, "polygon_contour_mode": "outer_covering_diagonal", "limit_exception_reason": "none"},
      "geometry": {"type": "Polygon", "coordinates": [[[-82.25000000, 24.87500000], [-82.37500000, 24.75000000], [-82.37500000, 24.50000000], [-82.25000000, 24.37500000], [-82.00000000, 24.37500000], [-81.75000000, 24.37500000], [-81.50000000, 24.37500000], [-81.25000000, 24.37500000], [-81.00000000, 24.37500000], [-80.75000000, 24.37500000], [-80.62500000, 24.50000000], [-80.50000000, 24.62500000], [-80.37500000, 24.75000000], [-80.25000000, 24.87500000], [-80.12500000, 25.00000000], [-80.00000000, 25.12500000], [-79.87500000, 25.25000000], [-79.87500000, 25.50000000], [-79.87500000, 25.75000000], [-79.87500000, 26.00000000], [-79.87500000, 26.25000000], [-79.87500000, 26.50000000], [-79.87500000, 26.75000000], [-79.87500000, 27.00000000], [-79.87500000, 27.25000000], [-79.87500000, 27.50000000], [-80.00000000, 27.62500000], [-80.25000000, 27.62500000], [-80.50000000, 27.62500000], [-80.62500000, 27.50000000], [-80.75000000, 27.37500000], [-81.00000000, 27.37500000], [-81.25000000, 27.37500000], [-81.37500000, 27.25000000], [-81.50000000, 27.12500000], [-81.62500000, 27.00000000], [-81.75000000, 26.87500000], [-81.87500000, 26.75000000], [-81.87500000, 26.50000000], [-81.87500000, 26.25000000], [-81.87500000, 26.00000000], [-81.87500000, 25.75000000], [-81.75000000, 25.62500000], [-81.62500000, 25.50000000], [-81.50000000, 25.37500000], [-81.37500000, 25.25000000], [-81.50000000, 25.12500000], [-81.62500000, 25.00000000], [-81.75000000, 24.87500000], [-82.00000000, 24.87500000], [-82.25000000, 24.87500000]]]}
    },
    {
      "type": "Feature",
      "properties": {"model_domain_id": "GTC_0030", "rank_domain": 44, "plot_rank": 24, "position_connected_rank": 24, "quicklook_basin_id": "BASIN_NA", "basin_id": "BASIN_NA", "basin_label": "North American East and West Coasts", "grid_cell_count": 27, "lowlying_area_km2": 7104.024785, "tc_landfall_count_max": 9, "tc_landfall_max_wind_ms": 74.530000, "priority": 0.37042076, "span_km": 254.134669, "cross_shore_width_km": 128.797816, "contains_estuary_proxy": 0, "domain_ocean_connected": 1, "source_ring_count": 1, "output_vertex_count": 39, "filled_internal_holes": 1, "polygon_contour_mode": "outer_covering_diagonal", "limit_exception_reason": "none"},
      "geometry": {"type": "Polygon", "coordinates": [[[-81.75000000, 29.12500000], [-81.87500000, 29.00000000], [-81.87500000, 28.75000000], [-81.75000000, 28.62500000], [-81.62500000, 28.50000000], [-81.50000000, 28.37500000], [-81.25000000, 28.37500000], [-81.12500000, 28.25000000], [-81.12500000, 28.00000000], [-81.12500000, 27.75000000], [-81.25000000, 27.62500000], [-81.50000000, 27.62500000], [-81.62500000, 27.50000000], [-81.62500000, 27.25000000], [-81.62500000, 27.00000000], [-81.50000000, 26.87500000], [-81.25000000, 26.87500000], [-81.12500000, 27.00000000], [-81.00000000, 27.12500000], [-80.75000000, 27.12500000], [-80.50000000, 27.12500000], [-80.37500000, 27.25000000], [-80.25000000, 27.37500000], [-80.12500000, 27.50000000], [-80.12500000, 27.75000000], [-80.12500000, 28.00000000], [-80.25000000, 28.12500000], [-80.37500000, 28.25000000], [-80.37500000, 28.50000000], [-80.37500000, 28.75000000], [-80.37500000, 29.00000000], [-80.50000000, 29.12500000], [-80.62500000, 29.25000000], [-80.75000000, 29.37500000], [-81.00000000, 29.37500000], [-81.25000000, 29.37500000], [-81.50000000, 29.37500000], [-81.62500000, 29.25000000], [-81.75000000, 29.12500000]]]}
    },
    {
      "type": "Feature",
      "properties": {"model_domain_id": "GTC_0072", "rank_domain": 79, "plot_rank": 25, "position_connected_rank": 25, "quicklook_basin_id": "BASIN_NA", "basin_id": "BASIN_NA", "basin_label": "North American East and West Coasts", "grid_cell_count": 18, "lowlying_area_km2": 4326.083710, "tc_landfall_count_max": 4, "tc_landfall_max_wind_ms": 62.194000, "priority": 0.23725914, "span_km": 156.918492, "cross_shore_width_km": 92.419212, "contains_estuary_proxy": 0, "domain_ocean_connected": 1, "source_ring_count": 1, "output_vertex_count": 25, "filled_internal_holes": 1, "polygon_contour_mode": "outer_covering_diagonal", "limit_exception_reason": "none"},
      "geometry": {"type": "Polygon", "coordinates": [[[-82.00000000, 30.62500000], [-82.12500000, 30.50000000], [-82.12500000, 30.25000000], [-82.12500000, 30.00000000], [-82.12500000, 29.75000000], [-82.12500000, 29.50000000], [-82.12500000, 29.25000000], [-82.12500000, 29.00000000], [-82.00000000, 28.87500000], [-81.75000000, 28.87500000], [-81.50000000, 28.87500000], [-81.37500000, 29.00000000], [-81.25000000, 29.12500000], [-81.00000000, 29.12500000], [-80.87500000, 29.25000000], [-80.87500000, 29.50000000], [-80.87500000, 29.75000000], [-80.87500000, 30.00000000], [-81.00000000, 30.12500000], [-81.12500000, 30.25000000], [-81.25000000, 30.37500000], [-81.50000000, 30.37500000], [-81.62500000, 30.50000000], [-81.75000000, 30.62500000], [-82.00000000, 30.62500000]]]}
    },
    {
      "type": "Feature",
      "properties": {"model_domain_id": "GTC_0024", "rank_domain": 27, "plot_rank": 26, "position_connected_rank": 26, "quicklook_basin_id": "BASIN_NA", "basin_id": "BASIN_NA", "basin_label": "North American East and West Coasts", "grid_cell_count": 86, "lowlying_area_km2": 18399.964091, "tc_landfall_count_max": 15, "tc_landfall_max_wind_ms": 61.680000, "priority": 0.43944346, "span_km": 597.991589, "cross_shore_width_km": 159.695887, "contains_estuary_proxy": 1, "domain_ocean_connected": 1, "source_ring_count": 1, "output_vertex_count": 77, "filled_internal_holes": 1, "polygon_contour_mode": "outer_covering_diagonal", "limit_exception_reason": "none"},
      "geometry": {"type": "Polygon", "coordinates": [[[-82.25000000, 31.62500000], [-82.37500000, 31.50000000], [-82.37500000, 31.25000000], [-82.37500000, 31.00000000], [-82.37500000, 30.75000000], [-82.37500000, 30.50000000], [-82.25000000, 30.37500000], [-82.00000000, 30.37500000], [-81.75000000, 30.37500000], [-81.50000000, 30.37500000], [-81.37500000, 30.50000000], [-81.25000000, 30.62500000], [-81.12500000, 30.75000000], [-81.12500000, 31.00000000], [-81.00000000, 31.12500000], [-80.87500000, 31.25000000], [-80.87500000, 31.50000000], [-80.75000000, 31.62500000], [-80.62500000, 31.75000000], [-80.50000000, 31.87500000], [-80.37500000, 32.00000000], [-80.25000000, 32.12500000], [-80.12500000, 32.25000000], [-80.00000000, 32.37500000], [-79.75000000, 32.37500000], [-79.62500000, 32.50000000], [-79.50000000, 32.62500000], [-79.37500000, 32.75000000], [-79.25000000, 32.87500000], [-79.00000000, 32.87500000], [-78.87500000, 33.00000000], [-78.87500000, 33.25000000], [-78.75000000, 33.37500000], [-78.62500000, 33.50000000], [-78.50000000, 33.62500000], [-78.25000000, 33.62500000], [-78.00000000, 33.62500000], [-77.75000000, 33.62500000], [-77.62500000, 33.75000000], [-77.62500000, 34.00000000], [-77.62500000, 34.25000000], [-77.75000000, 34.37500000], [-77.87500000, 34.50000000], [-78.00000000, 34.62500000], [-78.12500000, 34.75000000], [-78.25000000, 34.87500000], [-78.50000000, 34.87500000], [-78.75000000, 34.87500000], [-78.87500000, 34.75000000], [-78.87500000, 34.50000000], [-79.00000000, 34.37500000], [-79.25000000, 34.37500000], [-79.37500000, 34.50000000], [-79.50000000, 34.62500000], [-79.75000000, 34.62500000], [-79.87500000, 34.50000000], [-79.87500000, 34.25000000], [-79.87500000, 34.00000000], [-80.00000000, 33.87500000], [-80.25000000, 33.87500000], [-80.37500000, 33.75000000], [-80.50000000, 33.62500000], [-80.62500000, 33.50000000], [-80.62500000, 33.25000000], [-80.75000000, 33.12500000], [-81.00000000, 33.12500000], [-81.25000000, 33.12500000], [-81.37500000, 33.00000000], [-81.50000000, 32.87500000], [-81.62500000, 32.75000000], [-81.62500000, 32.50000000], [-81.62500000, 32.25000000], [-81.75000000, 32.12500000], [-82.00000000, 32.12500000], [-82.12500000, 32.00000000], [-82.12500000, 31.75000000], [-82.25000000, 31.62500000]]]}
    },
    {
      "type": "Feature",
      "properties": {"model_domain_id": "GTC_0035", "rank_domain": 31, "plot_rank": 27, "position_connected_rank": 27, "quicklook_basin_id": "BASIN_NA", "basin_id": "BASIN_NA", "basin_label": "North American East and West Coasts", "grid_cell_count": 163, "lowlying_area_km2": 29064.951653, "tc_landfall_count_max": 13, "tc_landfall_max_wind_ms": 51.400000, "priority": 0.41595559, "span_km": 603.329577, "cross_shore_width_km": 269.412504, "contains_estuary_proxy": 1, "domain_ocean_connected": 1, "source_ring_count": 1, "output_vertex_count": 79, "filled_internal_holes": 1, "polygon_contour_mode": "outer_covering_diagonal", "limit_exception_reason": "kept_to_preserve_estuary_proxy"},
      "geometry": {"type": "Polygon", "coordinates": [[[-78.25000000, 34.87500000], [-78.37500000, 34.75000000], [-78.37500000, 34.50000000], [-78.25000000, 34.37500000], [-78.12500000, 34.25000000], [-78.00000000, 34.12500000], [-77.75000000, 34.12500000], [-77.50000000, 34.12500000], [-77.25000000, 34.12500000], [-77.12500000, 34.25000000], [-77.00000000, 34.37500000], [-76.75000000, 34.37500000], [-76.50000000, 34.37500000], [-76.25000000, 34.37500000], [-76.12500000, 34.50000000], [-76.00000000, 34.62500000], [-75.87500000, 34.75000000], [-75.75000000, 34.87500000], [-75.50000000, 34.87500000], [-75.37500000, 35.00000000], [-75.25000000, 35.12500000], [-75.12500000, 35.25000000], [-75.12500000, 35.50000000], [-75.12500000, 35.75000000], [-75.25000000, 35.87500000], [-75.37500000, 36.00000000], [-75.37500000, 36.25000000], [-75.50000000, 36.37500000], [-75.62500000, 36.50000000], [-75.62500000, 36.75000000], [-75.62500000, 37.00000000], [-75.50000000, 37.12500000], [-75.37500000, 37.25000000], [-75.37500000, 37.50000000], [-75.25000000, 37.62500000], [-75.12500000, 37.75000000], [-75.00000000, 37.87500000], [-74.87500000, 38.00000000], [-74.87500000, 38.25000000], [-74.87500000, 38.50000000], [-74.75000000, 38.62500000], [-74.62500000, 38.75000000], [-74.62500000, 39.00000000], [-74.75000000, 39.12500000], [-74.87500000, 39.25000000], [-75.00000000, 39.37500000], [-75.25000000, 39.37500000], [-75.50000000, 39.37500000], [-75.75000000, 39.37500000], [-76.00000000, 39.37500000], [-76.25000000, 39.37500000], [-76.37500000, 39.25000000], [-76.50000000, 39.12500000], [-76.75000000, 39.12500000], [-77.00000000, 39.12500000], [-77.12500000, 39.00000000], [-77.25000000, 38.87500000], [-77.37500000, 38.75000000], [-77.50000000, 38.62500000], [-77.62500000, 38.50000000], [-77.75000000, 38.37500000], [-77.87500000, 38.25000000], [-77.87500000, 38.00000000], [-77.87500000, 37.75000000], [-77.87500000, 37.50000000], [-77.87500000, 37.25000000], [-77.75000000, 37.12500000], [-77.62500000, 37.00000000], [-77.62500000, 36.75000000], [-77.75000000, 36.62500000], [-77.87500000, 36.50000000], [-77.87500000, 36.25000000], [-77.87500000, 36.00000000], [-77.87500000, 35.75000000], [-77.87500000, 35.50000000], [-77.87500000, 35.25000000], [-78.00000000, 35.12500000], [-78.12500000, 35.00000000], [-78.25000000, 34.87500000]]]}
    },
    {
      "type": "Feature",
      "properties": {"model_domain_id": "GTC_0080", "rank_domain": 74, "plot_rank": 28, "position_connected_rank": 28, "quicklook_basin_id": "BASIN_NA", "basin_id": "BASIN_NA", "basin_label": "North American East and West Coasts", "grid_cell_count": 31, "lowlying_area_km2": 4475.772357, "tc_landfall_count_max": 4, "tc_landfall_max_wind_ms": 74.530000, "priority": 0.26184936, "span_km": 292.939531, "cross_shore_width_km": 161.458768, "contains_estuary_proxy": 1, "domain_ocean_connected": 1, "source_ring_count": 1, "output_vertex_count": 41, "filled_internal_holes": 1, "polygon_contour_mode": "outer_covering_diagonal", "limit_exception_reason": "none"},
      "geometry": {"type": "Polygon", "coordinates": [[[-78.75000000, 24.87500000], [-78.87500000, 24.75000000], [-78.87500000, 24.50000000], [-78.75000000, 24.37500000], [-78.62500000, 24.25000000], [-78.50000000, 24.12500000], [-78.37500000, 24.00000000], [-78.25000000, 23.87500000], [-78.12500000, 23.75000000], [-78.12500000, 23.50000000], [-78.00000000, 23.37500000], [-77.75000000, 23.37500000], [-77.50000000, 23.37500000], [-77.37500000, 23.50000000], [-77.25000000, 23.62500000], [-77.12500000, 23.75000000], [-77.12500000, 24.00000000], [-77.25000000, 24.12500000], [-77.37500000, 24.25000000], [-77.37500000, 24.50000000], [-77.25000000, 24.62500000], [-77.12500000, 24.75000000], [-77.00000000, 24.87500000], [-76.87500000, 25.00000000], [-76.87500000, 25.25000000], [-77.00000000, 25.37500000], [-77.25000000, 25.37500000], [-77.37500000, 25.50000000], [-77.37500000, 25.75000000], [-77.50000000, 25.87500000], [-77.62500000, 26.00000000], [-77.75000000, 26.12500000], [-78.00000000, 26.12500000], [-78.12500000, 26.00000000], [-78.12500000, 25.75000000], [-78.25000000, 25.62500000], [-78.37500000, 25.50000000], [-78.37500000, 25.25000000], [-78.50000000, 25.12500000], [-78.62500000, 25.00000000], [-78.75000000, 24.87500000]]]}
    },
    {
      "type": "Feature",
      "properties": {"model_domain_id": "GTC_0089", "rank_domain": 92, "plot_rank": 29, "position_connected_rank": 29, "quicklook_basin_id": "BASIN_NA", "basin_id": "BASIN_NA", "basin_label": "North American East and West Coasts", "grid_cell_count": 26, "lowlying_area_km2": 829.546932, "tc_landfall_count_max": 3, "tc_landfall_max_wind_ms": 66.820000, "priority": 0.16428348, "span_km": 262.844181, "cross_shore_width_km": 97.060601, "contains_estuary_proxy": 1, "domain_ocean_connected": 1, "source_ring_count": 1, "output_vertex_count": 35, "filled_internal_holes": 1, "polygon_contour_mode": "outer_covering_diagonal", "limit_exception_reason": "none"},
      "geometry": {"type": "Polygon", "coordinates": [[[-78.50000000, 18.62500000], [-78.62500000, 18.50000000], [-78.62500000, 18.25000000], [-78.62500000, 18.00000000], [-78.50000000, 17.87500000], [-78.25000000, 17.87500000], [-78.12500000, 17.75000000], [-78.00000000, 17.62500000], [-77.75000000, 17.62500000], [-77.50000000, 17.62500000], [-77.37500000, 17.50000000], [-77.25000000, 17.37500000], [-77.00000000, 17.37500000], [-76.87500000, 17.50000000], [-76.75000000, 17.62500000], [-76.50000000, 17.62500000], [-76.25000000, 17.62500000], [-76.00000000, 17.62500000], [-75.87500000, 17.75000000], [-75.87500000, 18.00000000], [-76.00000000, 18.12500000], [-76.12500000, 18.25000000], [-76.25000000, 18.37500000], [-76.37500000, 18.50000000], [-76.50000000, 18.62500000], [-76.75000000, 18.62500000], [-77.00000000, 18.62500000], [-77.25000000, 18.62500000], [-77.37500000, 18.75000000], [-77.50000000, 18.87500000], [-77.75000000, 18.87500000], [-78.00000000, 18.87500000], [-78.12500000, 18.75000000], [-78.25000000, 18.62500000], [-78.50000000, 18.62500000]]]}
    },
    {
      "type": "Feature",
      "properties": {"model_domain_id": "GTC_0094", "rank_domain": 96, "plot_rank": 30, "position_connected_rank": 30, "quicklook_basin_id": "BASIN_NA", "basin_id": "BASIN_NA", "basin_label": "North American East and West Coasts", "grid_cell_count": 22, "lowlying_area_km2": 1618.286972, "tc_landfall_count_max": 2, "tc_landfall_max_wind_ms": 38.550000, "priority": 0.09210640, "span_km": 203.174359, "cross_shore_width_km": 118.678087, "contains_estuary_proxy": 1, "domain_ocean_connected": 1, "source_ring_count": 1, "output_vertex_count": 33, "filled_internal_holes": 1, "polygon_contour_mode": "outer_covering_diagonal", "limit_exception_reason": "none"},
      "geometry": {"type": "Polygon", "coordinates": [[[-74.75000000, 40.87500000], [-74.87500000, 40.75000000], [-74.87500000, 40.50000000], [-74.75000000, 40.37500000], [-74.62500000, 40.25000000], [-74.62500000, 40.00000000], [-74.62500000, 39.75000000], [-74.50000000, 39.62500000], [-74.25000000, 39.62500000], [-74.00000000, 39.62500000], [-73.87500000, 39.75000000], [-73.75000000, 39.87500000], [-73.62500000, 40.00000000], [-73.62500000, 40.25000000], [-73.50000000, 40.37500000], [-73.25000000, 40.37500000], [-73.00000000, 40.37500000], [-72.75000000, 40.37500000], [-72.62500000, 40.50000000], [-72.62500000, 40.75000000], [-72.75000000, 40.87500000], [-72.87500000, 41.00000000], [-73.00000000, 41.12500000], [-73.25000000, 41.12500000], [-73.37500000, 41.25000000], [-73.50000000, 41.37500000], [-73.75000000, 41.37500000], [-74.00000000, 41.37500000], [-74.12500000, 41.25000000], [-74.25000000, 41.12500000], [-74.37500000, 41.00000000], [-74.50000000, 40.87500000], [-74.75000000, 40.87500000]]]}
    },
    {
      "type": "Feature",
      "properties": {"model_domain_id": "GTC_0063", "rank_domain": 70, "plot_rank": 31, "position_connected_rank": 31, "quicklook_basin_id": "BASIN_NA", "basin_id": "BASIN_NA", "basin_label": "North American East and West Coasts", "grid_cell_count": 71, "lowlying_area_km2": 2502.738069, "tc_landfall_count_max": 6, "tc_landfall_max_wind_ms": 66.820000, "priority": 0.27472647, "span_km": 526.998022, "cross_shore_width_km": 272.327892, "contains_estuary_proxy": 1, "domain_ocean_connected": 1, "source_ring_count": 1, "output_vertex_count": 77, "filled_internal_holes": 1, "polygon_contour_mode": "outer_covering_diagonal", "limit_exception_reason": "kept_to_preserve_estuary_proxy"},
      "geometry": {"type": "Polygon", "coordinates": [[[-74.50000000, 18.87500000], [-74.62500000, 18.75000000], [-74.62500000, 18.50000000], [-74.62500000, 18.25000000], [-74.50000000, 18.12500000], [-74.37500000, 18.00000000], [-74.25000000, 17.87500000], [-74.00000000, 17.87500000], [-73.75000000, 17.87500000], [-73.50000000, 17.87500000], [-73.25000000, 17.87500000], [-73.00000000, 17.87500000], [-72.75000000, 17.87500000], [-72.50000000, 17.87500000], [-72.25000000, 17.87500000], [-72.00000000, 17.87500000], [-71.87500000, 17.75000000], [-71.87500000, 17.50000000], [-71.75000000, 17.37500000], [-71.50000000, 17.37500000], [-71.25000000, 17.37500000], [-71.12500000, 17.50000000], [-71.00000000, 17.62500000], [-70.87500000, 17.75000000], [-70.75000000, 17.87500000], [-70.50000000, 17.87500000], [-70.25000000, 17.87500000], [-70.00000000, 17.87500000], [-69.87500000, 18.00000000], [-69.87500000, 18.25000000], [-69.87500000, 18.50000000], [-69.87500000, 18.75000000], [-70.00000000, 18.87500000], [-70.25000000, 18.87500000], [-70.37500000, 18.75000000], [-70.50000000, 18.62500000], [-70.75000000, 18.62500000], [-71.00000000, 18.62500000], [-71.25000000, 18.62500000], [-71.37500000, 18.75000000], [-71.50000000, 18.87500000], [-71.75000000, 18.87500000], [-72.00000000, 18.87500000], [-72.12500000, 19.00000000], [-72.25000000, 19.12500000], [-72.37500000, 19.25000000], [-72.25000000, 19.37500000], [-72.00000000, 19.37500000], [-71.75000000, 19.37500000], [-71.50000000, 19.37500000], [-71.37500000, 19.50000000], [-71.37500000, 19.75000000], [-71.37500000, 20.00000000], [-71.50000000, 20.12500000], [-71.75000000, 20.12500000], [-72.00000000, 20.12500000], [-72.25000000, 20.12500000], [-72.37500000, 20.25000000], [-72.50000000, 20.37500000], [-72.75000000, 20.37500000], [-73.00000000, 20.37500000], [-73.12500000, 20.25000000], [-73.25000000, 20.12500000], [-73.50000000, 20.12500000], [-73.62500000, 20.00000000], [-73.62500000, 19.75000000], [-73.62500000, 19.50000000], [-73.50000000, 19.37500000], [-73.25000000, 19.37500000], [-73.12500000, 19.25000000], [-73.25000000, 19.12500000], [-73.50000000, 19.12500000], [-73.62500000, 19.00000000], [-73.75000000, 18.87500000], [-74.00000000, 18.87500000], [-74.25000000, 18.87500000], [-74.50000000, 18.87500000]]]}
    },
    {
      "type": "Feature",
      "properties": {"model_domain_id": "GTC_0078", "rank_domain": 89, "plot_rank": 32, "position_connected_rank": 32, "quicklook_basin_id": "BASIN_NA", "basin_id": "BASIN_NA", "basin_label": "North American East and West Coasts", "grid_cell_count": 36, "lowlying_area_km2": 1632.936505, "tc_landfall_count_max": 4, "tc_landfall_max_wind_ms": 53.970000, "priority": 0.19119440, "span_km": 371.033050, "cross_shore_width_km": 136.404486, "contains_estuary_proxy": 1, "domain_ocean_connected": 1, "source_ring_count": 1, "output_vertex_count": 47, "filled_internal_holes": 1, "polygon_contour_mode": "outer_covering_diagonal", "limit_exception_reason": "none"},
      "geometry": {"type": "Polygon", "coordinates": [[[-71.50000000, 20.12500000], [-71.62500000, 20.00000000], [-71.62500000, 19.75000000], [-71.50000000, 19.62500000], [-71.25000000, 19.62500000], [-71.00000000, 19.62500000], [-70.87500000, 19.50000000], [-70.75000000, 19.37500000], [-70.50000000, 19.37500000], [-70.25000000, 19.37500000], [-70.12500000, 19.25000000], [-70.12500000, 19.00000000], [-70.12500000, 18.75000000], [-70.12500000, 18.50000000], [-70.12500000, 18.25000000], [-70.00000000, 18.12500000], [-69.75000000, 18.12500000], [-69.50000000, 18.12500000], [-69.25000000, 18.12500000], [-69.12500000, 18.00000000], [-69.00000000, 17.87500000], [-68.75000000, 17.87500000], [-68.50000000, 17.87500000], [-68.37500000, 18.00000000], [-68.25000000, 18.12500000], [-68.12500000, 18.25000000], [-68.12500000, 18.50000000], [-68.12500000, 18.75000000], [-68.25000000, 18.87500000], [-68.37500000, 19.00000000], [-68.50000000, 19.12500000], [-68.62500000, 19.25000000], [-68.75000000, 19.37500000], [-68.87500000, 19.50000000], [-69.00000000, 19.62500000], [-69.25000000, 19.62500000], [-69.50000000, 19.62500000], [-69.62500000, 19.75000000], [-69.75000000, 19.87500000], [-70.00000000, 19.87500000], [-70.12500000, 20.00000000], [-70.25000000, 20.12500000], [-70.50000000, 20.12500000], [-70.75000000, 20.12500000], [-71.00000000, 20.12500000], [-71.25000000, 20.12500000], [-71.50000000, 20.12500000]]]}
    },
    {
      "type": "Feature",
      "properties": {"model_domain_id": "GTC_0095", "rank_domain": 94, "plot_rank": 33, "position_connected_rank": 33, "quicklook_basin_id": "BASIN_NA", "basin_id": "BASIN_NA", "basin_label": "North American East and West Coasts", "grid_cell_count": 55, "lowlying_area_km2": 2293.293201, "tc_landfall_count_max": 2, "tc_landfall_max_wind_ms": 43.690000, "priority": 0.11277902, "span_km": 416.382655, "cross_shore_width_km": 181.275057, "contains_estuary_proxy": 1, "domain_ocean_connected": 1, "source_ring_count": 1, "output_vertex_count": 67, "filled_internal_holes": 1, "polygon_contour_mode": "outer_covering_diagonal", "limit_exception_reason": "none"},
      "geometry": {"type": "Polygon", "coordinates": [[[-73.25000000, 41.62500000], [-73.37500000, 41.50000000], [-73.37500000, 41.25000000], [-73.25000000, 41.12500000], [-73.12500000, 41.00000000], [-73.00000000, 40.87500000], [-72.87500000, 40.75000000], [-72.75000000, 40.62500000], [-72.50000000, 40.62500000], [-72.25000000, 40.62500000], [-72.00000000, 40.62500000], [-71.87500000, 40.75000000], [-71.75000000, 40.87500000], [-71.50000000, 40.87500000], [-71.37500000, 41.00000000], [-71.25000000, 41.12500000], [-71.00000000, 41.12500000], [-70.75000000, 41.12500000], [-70.62500000, 41.25000000], [-70.50000000, 41.37500000], [-70.25000000, 41.37500000], [-70.12500000, 41.50000000], [-70.00000000, 41.62500000], [-69.87500000, 41.75000000], [-69.87500000, 42.00000000], [-69.87500000, 42.25000000], [-70.00000000, 42.37500000], [-70.25000000, 42.37500000], [-70.37500000, 42.50000000], [-70.37500000, 42.75000000], [-70.37500000, 43.00000000], [-70.25000000, 43.12500000], [-70.12500000, 43.25000000], [-70.00000000, 43.37500000], [-69.87500000, 43.50000000], [-69.87500000, 43.75000000], [-69.87500000, 44.00000000], [-70.00000000, 44.12500000], [-70.25000000, 44.12500000], [-70.37500000, 44.00000000], [-70.50000000, 43.87500000], [-70.62500000, 43.75000000], [-70.75000000, 43.62500000], [-70.87500000, 43.50000000], [-71.00000000, 43.37500000], [-71.12500000, 43.25000000], [-71.25000000, 43.12500000], [-71.37500000, 43.00000000], [-71.37500000, 42.75000000], [-71.50000000, 42.62500000], [-71.62500000, 42.50000000], [-71.62500000, 42.25000000], [-71.62500000, 42.00000000], [-71.62500000, 41.75000000], [-71.75000000, 41.62500000], [-71.87500000, 41.75000000], [-72.00000000, 41.87500000], [-72.25000000, 41.87500000], [-72.37500000, 42.00000000], [-72.37500000, 42.25000000], [-72.50000000, 42.37500000], [-72.75000000, 42.37500000], [-72.87500000, 42.25000000], [-72.87500000, 42.00000000], [-72.87500000, 41.75000000], [-73.00000000, 41.62500000], [-73.25000000, 41.62500000]]]}
    },
    {
      "type": "Feature",
      "properties": {"model_domain_id": "GTC_0093", "rank_domain": 91, "plot_rank": 34, "position_connected_rank": 34, "quicklook_basin_id": "BASIN_NA", "basin_id": "BASIN_NA", "basin_label": "North American East and West Coasts", "grid_cell_count": 40, "lowlying_area_km2": 940.177645, "tc_landfall_count_max": 5, "tc_landfall_max_wind_ms": 43.690000, "priority": 0.17914853, "span_km": 323.394587, "cross_shore_width_km": 125.133625, "contains_estuary_proxy": 0, "domain_ocean_connected": 1, "source_ring_count": 1, "output_vertex_count": 51, "filled_internal_holes": 1, "polygon_contour_mode": "outer_covering_diagonal", "limit_exception_reason": "none"},
      "geometry": {"type": "Polygon", "coordinates": [[[-68.50000000, 44.62500000], [-68.62500000, 44.50000000], [-68.62500000, 44.25000000], [-68.62500000, 44.00000000], [-68.50000000, 43.87500000], [-68.25000000, 43.87500000], [-68.00000000, 43.87500000], [-67.87500000, 44.00000000], [-67.75000000, 44.12500000], [-67.50000000, 44.12500000], [-67.37500000, 44.25000000], [-67.25000000, 44.37500000], [-67.00000000, 44.37500000], [-66.75000000, 44.37500000], [-66.50000000, 44.37500000], [-66.37500000, 44.50000000], [-66.37500000, 44.75000000], [-66.25000000, 44.87500000], [-66.00000000, 44.87500000], [-65.75000000, 44.87500000], [-65.62500000, 45.00000000], [-65.50000000, 45.12500000], [-65.25000000, 45.12500000], [-65.12500000, 45.25000000], [-65.12500000, 45.50000000], [-65.25000000, 45.62500000], [-65.37500000, 45.75000000], [-65.37500000, 46.00000000], [-65.37500000, 46.25000000], [-65.50000000, 46.37500000], [-65.75000000, 46.37500000], [-66.00000000, 46.37500000], [-66.12500000, 46.25000000], [-66.25000000, 46.12500000], [-66.50000000, 46.12500000], [-66.75000000, 46.12500000], [-67.00000000, 46.12500000], [-67.12500000, 46.00000000], [-67.12500000, 45.75000000], [-67.00000000, 45.62500000], [-66.87500000, 45.50000000], [-67.00000000, 45.37500000], [-67.25000000, 45.37500000], [-67.50000000, 45.37500000], [-67.62500000, 45.25000000], [-67.62500000, 45.00000000], [-67.75000000, 44.87500000], [-68.00000000, 44.87500000], [-68.25000000, 44.87500000], [-68.37500000, 44.75000000], [-68.50000000, 44.62500000]]]}
    },
    {
      "type": "Feature",
      "properties": {"model_domain_id": "GTC_0073", "rank_domain": 77, "plot_rank": 35, "position_connected_rank": 35, "quicklook_basin_id": "BASIN_NA", "basin_id": "BASIN_NA", "basin_label": "North American East and West Coasts", "grid_cell_count": 22, "lowlying_area_km2": 866.351452, "tc_landfall_count_max": 6, "tc_landfall_max_wind_ms": 69.904000, "priority": 0.24754175, "span_km": 203.026917, "cross_shore_width_km": 98.235646, "contains_estuary_proxy": 1, "domain_ocean_connected": 1, "source_ring_count": 1, "output_vertex_count": 29, "filled_internal_holes": 1, "polygon_contour_mode": "outer_covering_diagonal", "limit_exception_reason": "none"},
      "geometry": {"type": "Polygon", "coordinates": [[[-67.25000000, 18.87500000], [-67.37500000, 18.75000000], [-67.37500000, 18.50000000], [-67.37500000, 18.25000000], [-67.37500000, 18.00000000], [-67.37500000, 17.75000000], [-67.25000000, 17.62500000], [-67.00000000, 17.62500000], [-66.75000000, 17.62500000], [-66.50000000, 17.62500000], [-66.25000000, 17.62500000], [-66.00000000, 17.62500000], [-65.75000000, 17.62500000], [-65.62500000, 17.75000000], [-65.50000000, 17.87500000], [-65.25000000, 17.87500000], [-65.12500000, 18.00000000], [-65.12500000, 18.25000000], [-65.12500000, 18.50000000], [-65.25000000, 18.62500000], [-65.50000000, 18.62500000], [-65.75000000, 18.62500000], [-66.00000000, 18.62500000], [-66.25000000, 18.62500000], [-66.50000000, 18.62500000], [-66.75000000, 18.62500000], [-66.87500000, 18.75000000], [-67.00000000, 18.87500000], [-67.25000000, 18.87500000]]]}
    },
    {
      "type": "Feature",
      "properties": {"model_domain_id": "GTC_0091", "rank_domain": 88, "plot_rank": 36, "position_connected_rank": 36, "quicklook_basin_id": "BASIN_NA", "basin_id": "BASIN_NA", "basin_label": "North American East and West Coasts", "grid_cell_count": 35, "lowlying_area_km2": 765.417113, "tc_landfall_count_max": 6, "tc_landfall_max_wind_ms": 43.690000, "priority": 0.19368268, "span_km": 265.499496, "cross_shore_width_km": 149.148691, "contains_estuary_proxy": 1, "domain_ocean_connected": 1, "source_ring_count": 1, "output_vertex_count": 53, "filled_internal_holes": 1, "polygon_contour_mode": "outer_covering_diagonal", "limit_exception_reason": "none"},
      "geometry": {"type": "Polygon", "coordinates": [[[-66.50000000, 44.62500000], [-66.62500000, 44.50000000], [-66.62500000, 44.25000000], [-66.62500000, 44.00000000], [-66.50000000, 43.87500000], [-66.37500000, 43.75000000], [-66.37500000, 43.50000000], [-66.37500000, 43.25000000], [-66.25000000, 43.12500000], [-66.00000000, 43.12500000], [-65.75000000, 43.12500000], [-65.50000000, 43.12500000], [-65.25000000, 43.12500000], [-65.12500000, 43.25000000], [-65.00000000, 43.37500000], [-64.75000000, 43.37500000], [-64.62500000, 43.50000000], [-64.50000000, 43.62500000], [-64.37500000, 43.75000000], [-64.25000000, 43.87500000], [-64.12500000, 44.00000000], [-64.00000000, 44.12500000], [-63.87500000, 44.25000000], [-63.87500000, 44.50000000], [-64.00000000, 44.62500000], [-64.12500000, 44.75000000], [-64.25000000, 44.87500000], [-64.50000000, 44.87500000], [-64.62500000, 44.75000000], [-64.75000000, 44.62500000], [-64.87500000, 44.50000000], [-65.00000000, 44.37500000], [-65.12500000, 44.25000000], [-65.25000000, 44.12500000], [-65.50000000, 44.12500000], [-65.62500000, 44.25000000], [-65.50000000, 44.37500000], [-65.25000000, 44.37500000], [-65.12500000, 44.50000000], [-65.00000000, 44.62500000], [-64.87500000, 44.75000000], [-64.87500000, 45.00000000], [-64.87500000, 45.25000000], [-65.00000000, 45.37500000], [-65.25000000, 45.37500000], [-65.37500000, 45.25000000], [-65.50000000, 45.12500000], [-65.75000000, 45.12500000], [-65.87500000, 45.00000000], [-66.00000000, 44.87500000], [-66.25000000, 44.87500000], [-66.37500000, 44.75000000], [-66.50000000, 44.62500000]]]}
    },
    {
      "type": "Feature",
      "properties": {"model_domain_id": "GTC_0086", "rank_domain": 78, "plot_rank": 37, "position_connected_rank": 37, "quicklook_basin_id": "BASIN_NA", "basin_id": "BASIN_NA", "basin_label": "North American East and West Coasts", "grid_cell_count": 139, "lowlying_area_km2": 3420.702281, "tc_landfall_count_max": 6, "tc_landfall_max_wind_ms": 43.690000, "priority": 0.24035192, "span_km": 524.482151, "cross_shore_width_km": 344.975707, "contains_estuary_proxy": 1, "domain_ocean_connected": 1, "source_ring_count": 1, "output_vertex_count": 81, "filled_internal_holes": 1, "polygon_contour_mode": "outer_covering_diagonal", "limit_exception_reason": "kept_to_preserve_estuary_proxy"},
      "geometry": {"type": "Polygon", "coordinates": [[[-65.25000000, 46.87500000], [-65.37500000, 46.75000000], [-65.37500000, 46.50000000], [-65.37500000, 46.25000000], [-65.37500000, 46.00000000], [-65.25000000, 45.87500000], [-65.12500000, 45.75000000], [-65.12500000, 45.50000000], [-65.12500000, 45.25000000], [-65.12500000, 45.00000000], [-65.00000000, 44.87500000], [-64.75000000, 44.87500000], [-64.50000000, 44.87500000], [-64.37500000, 44.75000000], [-64.37500000, 44.50000000], [-64.25000000, 44.37500000], [-64.12500000, 44.25000000], [-64.00000000, 44.12500000], [-63.75000000, 44.12500000], [-63.50000000, 44.12500000], [-63.37500000, 44.25000000], [-63.25000000, 44.37500000], [-63.00000000, 44.37500000], [-62.75000000, 44.37500000], [-62.50000000, 44.37500000], [-62.37500000, 44.50000000], [-62.25000000, 44.62500000], [-62.00000000, 44.62500000], [-61.87500000, 44.75000000], [-61.75000000, 44.87500000], [-61.50000000, 44.87500000], [-61.25000000, 44.87500000], [-61.00000000, 44.87500000], [-60.87500000, 45.00000000], [-60.75000000, 45.12500000], [-60.62500000, 45.25000000], [-60.50000000, 45.37500000], [-60.25000000, 45.37500000], [-60.00000000, 45.37500000], [-59.87500000, 45.50000000], [-59.75000000, 45.62500000], [-59.50000000, 45.62500000], [-59.37500000, 45.75000000], [-59.37500000, 46.00000000], [-59.37500000, 46.25000000], [-59.50000000, 46.37500000], [-59.75000000, 46.37500000], [-59.87500000, 46.50000000], [-60.00000000, 46.62500000], [-60.12500000, 46.75000000], [-60.12500000, 47.00000000], [-60.25000000, 47.12500000], [-60.37500000, 47.25000000], [-60.50000000, 47.37500000], [-60.75000000, 47.37500000], [-60.87500000, 47.25000000], [-60.87500000, 47.00000000], [-61.00000000, 46.87500000], [-61.25000000, 46.87500000], [-61.37500000, 46.75000000], [-61.50000000, 46.62500000], [-61.75000000, 46.62500000], [-62.00000000, 46.62500000], [-62.25000000, 46.62500000], [-62.50000000, 46.62500000], [-62.75000000, 46.62500000], [-63.00000000, 46.62500000], [-63.12500000, 46.75000000], [-63.25000000, 46.87500000], [-63.50000000, 46.87500000], [-63.62500000, 47.00000000], [-63.62500000, 47.25000000], [-63.75000000, 47.37500000], [-64.00000000, 47.37500000], [-64.25000000, 47.37500000], [-64.37500000, 47.25000000], [-64.50000000, 47.12500000], [-64.75000000, 47.12500000], [-65.00000000, 47.12500000], [-65.12500000, 47.00000000], [-65.25000000, 46.87500000]]]}
    },
    {
      "type": "Feature",
      "properties": {"model_domain_id": "GTC_0096", "rank_domain": 86, "plot_rank": 38, "position_connected_rank": 38, "quicklook_basin_id": "BASIN_NA", "basin_id": "BASIN_NA", "basin_label": "North American East and West Coasts", "grid_cell_count": 136, "lowlying_area_km2": 1215.988186, "tc_landfall_count_max": 5, "tc_landfall_max_wind_ms": 53.970000, "priority": 0.20677293, "span_km": 633.463442, "cross_shore_width_km": 415.351172, "contains_estuary_proxy": 1, "domain_ocean_connected": 1, "source_ring_count": 1, "output_vertex_count": 117, "filled_internal_holes": 1, "polygon_contour_mode": "outer_covering_diagonal", "limit_exception_reason": "kept_to_preserve_estuary_proxy"},
      "geometry": {"type": "Polygon", "coordinates": [[[-59.50000000, 47.87500000], [-59.62500000, 47.75000000], [-59.62500000, 47.50000000], [-59.50000000, 47.37500000], [-59.25000000, 47.37500000], [-59.00000000, 47.37500000], [-58.75000000, 47.37500000], [-58.50000000, 47.37500000], [-58.25000000, 47.37500000], [-58.00000000, 47.37500000], [-57.75000000, 47.37500000], [-57.50000000, 47.37500000], [-57.25000000, 47.37500000], [-57.00000000, 47.37500000], [-56.75000000, 47.37500000], [-56.62500000, 47.25000000], [-56.62500000, 47.00000000], [-56.62500000, 46.75000000], [-56.50000000, 46.62500000], [-56.25000000, 46.62500000], [-56.00000000, 46.62500000], [-55.75000000, 46.62500000], [-55.50000000, 46.62500000], [-55.25000000, 46.62500000], [-55.00000000, 46.62500000], [-54.87500000, 46.75000000], [-54.75000000, 46.87500000], [-54.62500000, 47.00000000], [-54.50000000, 47.12500000], [-54.37500000, 47.00000000], [-54.37500000, 46.75000000], [-54.25000000, 46.62500000], [-54.00000000, 46.62500000], [-53.87500000, 46.50000000], [-53.75000000, 46.37500000], [-53.50000000, 46.37500000], [-53.25000000, 46.37500000], [-53.00000000, 46.37500000], [-52.87500000, 46.50000000], [-52.75000000, 46.62500000], [-52.62500000, 46.75000000], [-52.62500000, 47.00000000], [-52.62500000, 47.25000000], [-52.50000000, 47.37500000], [-52.37500000, 47.50000000], [-52.37500000, 47.75000000], [-52.50000000, 47.87500000], [-52.62500000, 48.00000000], [-52.62500000, 48.25000000], [-52.75000000, 48.37500000], [-52.87500000, 48.50000000], [-52.87500000, 48.75000000], [-53.00000000, 48.87500000], [-53.12500000, 49.00000000], [-53.12500000, 49.25000000], [-53.12500000, 49.50000000], [-53.25000000, 49.62500000], [-53.50000000, 49.62500000], [-53.62500000, 49.75000000], [-53.75000000, 49.87500000], [-54.00000000, 49.87500000], [-54.25000000, 49.87500000], [-54.50000000, 49.87500000], [-54.75000000, 49.87500000], [-55.00000000, 49.87500000], [-55.25000000, 49.87500000], [-55.37500000, 50.00000000], [-55.37500000, 50.25000000], [-55.50000000, 50.37500000], [-55.75000000, 50.37500000], [-55.87500000, 50.25000000], [-56.00000000, 50.12500000], [-56.25000000, 50.12500000], [-56.37500000, 50.00000000], [-56.37500000, 49.75000000], [-56.37500000, 49.50000000], [-56.37500000, 49.25000000], [-56.25000000, 49.12500000], [-56.00000000, 49.12500000], [-55.75000000, 49.12500000], [-55.62500000, 49.00000000], [-55.50000000, 48.87500000], [-55.25000000, 48.87500000], [-55.00000000, 48.87500000], [-54.87500000, 48.75000000], [-54.87500000, 48.50000000], [-54.75000000, 48.37500000], [-54.50000000, 48.37500000], [-54.37500000, 48.25000000], [-54.50000000, 48.12500000], [-54.75000000, 48.12500000], [-55.00000000, 48.12500000], [-55.25000000, 48.12500000], [-55.50000000, 48.12500000], [-55.75000000, 48.12500000], [-56.00000000, 48.12500000], [-56.25000000, 48.12500000], [-56.50000000, 48.12500000], [-56.62500000, 48.00000000], [-56.75000000, 47.87500000], [-57.00000000, 47.87500000], [-57.12500000, 48.00000000], [-57.25000000, 48.12500000], [-57.50000000, 48.12500000], [-57.62500000, 48.00000000], [-57.75000000, 47.87500000], [-57.87500000, 48.00000000], [-58.00000000, 48.12500000], [-58.25000000, 48.12500000], [-58.50000000, 48.12500000], [-58.62500000, 48.00000000], [-58.75000000, 47.87500000], [-58.87500000, 48.00000000], [-59.00000000, 48.12500000], [-59.25000000, 48.12500000], [-59.37500000, 48.00000000], [-59.50000000, 47.87500000]]]}
    },
    {
      "type": "Feature",
      "properties": {"model_domain_id": "GTC_0046", "rank_domain": 51, "plot_rank": 39, "position_connected_rank": 39, "quicklook_basin_id": "BASIN_WNP", "basin_id": "BASIN_WNP", "basin_label": "Western North Pacific and East Asia", "grid_cell_count": 45, "lowlying_area_km2": 3152.886422, "tc_landfall_count_max": 13, "tc_landfall_max_wind_ms": 51.400000, "priority": 0.34667909, "span_km": 579.766068, "cross_shore_width_km": 169.706495, "contains_estuary_proxy": 0, "domain_ocean_connected": 1, "source_ring_count": 1, "output_vertex_count": 69, "filled_internal_holes": 1, "polygon_contour_mode": "outer_covering_diagonal", "limit_exception_reason": "none"},
      "geometry": {"type": "Polygon", "coordinates": [[[107.75000000, 11.12500000], [107.62500000, 11.00000000], [107.62500000, 10.75000000], [107.62500000, 10.50000000], [107.75000000, 10.37500000], [108.00000000, 10.37500000], [108.25000000, 10.37500000], [108.37500000, 10.50000000], [108.50000000, 10.62500000], [108.62500000, 10.75000000], [108.75000000, 10.87500000], [108.87500000, 11.00000000], [109.00000000, 11.12500000], [109.25000000, 11.12500000], [109.37500000, 11.25000000], [109.37500000, 11.50000000], [109.50000000, 11.62500000], [109.62500000, 11.75000000], [109.62500000, 12.00000000], [109.62500000, 12.25000000], [109.62500000, 12.50000000], [109.62500000, 12.75000000], [109.62500000, 13.00000000], [109.62500000, 13.25000000], [109.62500000, 13.50000000], [109.62500000, 13.75000000], [109.62500000, 14.00000000], [109.50000000, 14.12500000], [109.37500000, 14.25000000], [109.37500000, 14.50000000], [109.37500000, 14.75000000], [109.37500000, 15.00000000], [109.37500000, 15.25000000], [109.37500000, 15.50000000], [109.25000000, 15.62500000], [109.00000000, 15.62500000], [108.87500000, 15.75000000], [108.75000000, 15.87500000], [108.50000000, 15.87500000], [108.25000000, 15.87500000], [108.12500000, 15.75000000], [108.12500000, 15.50000000], [108.25000000, 15.37500000], [108.37500000, 15.25000000], [108.37500000, 15.00000000], [108.50000000, 14.87500000], [108.62500000, 14.75000000], [108.62500000, 14.50000000], [108.62500000, 14.25000000], [108.75000000, 14.12500000], [108.87500000, 14.00000000], [108.87500000, 13.75000000], [108.87500000, 13.50000000], [108.87500000, 13.25000000], [108.87500000, 13.00000000], [108.87500000, 12.75000000], [108.75000000, 12.62500000], [108.62500000, 12.50000000], [108.62500000, 12.25000000], [108.75000000, 12.12500000], [108.87500000, 12.00000000], [108.75000000, 11.87500000], [108.62500000, 11.75000000], [108.50000000, 11.62500000], [108.37500000, 11.50000000], [108.25000000, 11.37500000], [108.12500000, 11.25000000], [108.00000000, 11.12500000], [107.75000000, 11.12500000]]]}
    },
    {
      "type": "Feature",
      "properties": {"model_domain_id": "GTC_0037", "rank_domain": 53, "plot_rank": 40, "position_connected_rank": 40, "quicklook_basin_id": "BASIN_WNP", "basin_id": "BASIN_WNP", "basin_label": "Western North Pacific and East Asia", "grid_cell_count": 26, "lowlying_area_km2": 3050.062242, "tc_landfall_count_max": 13, "tc_landfall_max_wind_ms": 48.830000, "priority": 0.34074323, "span_km": 327.415333, "cross_shore_width_km": 78.916358, "contains_estuary_proxy": 1, "domain_ocean_connected": 1, "source_ring_count": 1, "output_vertex_count": 43, "filled_internal_holes": 1, "polygon_contour_mode": "outer_covering_diagonal", "limit_exception_reason": "none"},
      "geometry": {"type": "Polygon", "coordinates": [[[106.25000000, 17.62500000], [106.12500000, 17.50000000], [106.12500000, 17.25000000], [106.25000000, 17.12500000], [106.37500000, 17.00000000], [106.50000000, 16.87500000], [106.62500000, 16.75000000], [106.75000000, 16.62500000], [106.87500000, 16.50000000], [107.00000000, 16.37500000], [107.12500000, 16.25000000], [107.25000000, 16.12500000], [107.50000000, 16.12500000], [107.62500000, 16.00000000], [107.62500000, 15.75000000], [107.62500000, 15.50000000], [107.75000000, 15.37500000], [108.00000000, 15.37500000], [108.25000000, 15.37500000], [108.37500000, 15.50000000], [108.50000000, 15.62500000], [108.75000000, 15.62500000], [108.87500000, 15.75000000], [108.87500000, 16.00000000], [108.75000000, 16.12500000], [108.62500000, 16.25000000], [108.50000000, 16.37500000], [108.37500000, 16.50000000], [108.25000000, 16.62500000], [108.00000000, 16.62500000], [107.87500000, 16.75000000], [107.75000000, 16.87500000], [107.62500000, 17.00000000], [107.50000000, 17.12500000], [107.37500000, 17.25000000], [107.25000000, 17.37500000], [107.12500000, 17.50000000], [107.00000000, 17.62500000], [106.87500000, 17.75000000], [106.75000000, 17.87500000], [106.50000000, 17.87500000], [106.37500000, 17.75000000], [106.25000000, 17.62500000]]]}
    },
    {
      "type": "Feature",
      "properties": {"model_domain_id": "GTC_0029", "rank_domain": 49, "plot_rank": 41, "position_connected_rank": 41, "quicklook_basin_id": "BASIN_WNP", "basin_id": "BASIN_WNP", "basin_label": "Western North Pacific and East Asia", "grid_cell_count": 22, "lowlying_area_km2": 3170.213766, "tc_landfall_count_max": 14, "tc_landfall_max_wind_ms": 48.830000, "priority": 0.35132067, "span_km": 212.825237, "cross_shore_width_km": 90.450759, "contains_estuary_proxy": 1, "domain_ocean_connected": 1, "source_ring_count": 1, "output_vertex_count": 31, "filled_internal_holes": 1, "polygon_contour_mode": "outer_covering_diagonal", "limit_exception_reason": "none"},
      "geometry": {"type": "Polygon", "coordinates": [[[105.25000000, 19.37500000], [105.12500000, 19.25000000], [105.12500000, 19.00000000], [105.12500000, 18.75000000], [105.12500000, 18.50000000], [105.12500000, 18.25000000], [105.25000000, 18.12500000], [105.37500000, 18.00000000], [105.50000000, 17.87500000], [105.62500000, 17.75000000], [105.75000000, 17.62500000], [106.00000000, 17.62500000], [106.12500000, 17.50000000], [106.25000000, 17.37500000], [106.50000000, 17.37500000], [106.62500000, 17.50000000], [106.75000000, 17.62500000], [106.87500000, 17.75000000], [106.87500000, 18.00000000], [106.75000000, 18.12500000], [106.62500000, 18.25000000], [106.50000000, 18.37500000], [106.37500000, 18.50000000], [106.25000000, 18.62500000], [106.12500000, 18.75000000], [106.12500000, 19.00000000], [106.12500000, 19.25000000], [106.00000000, 19.37500000], [105.75000000, 19.37500000], [105.50000000, 19.37500000], [105.25000000, 19.37500000]]]}
    },
    {
      "type": "Feature",
      "properties": {"model_domain_id": "GTC_0026", "rank_domain": 19, "plot_rank": 42, "position_connected_rank": 42, "quicklook_basin_id": "BASIN_WNP", "basin_id": "BASIN_WNP", "basin_label": "Western North Pacific and East Asia", "grid_cell_count": 65, "lowlying_area_km2": 15458.755369, "tc_landfall_count_max": 22, "tc_landfall_max_wind_ms": 64.250000, "priority": 0.48821331, "span_km": 458.622298, "cross_shore_width_km": 247.622023, "contains_estuary_proxy": 1, "domain_ocean_connected": 1, "source_ring_count": 1, "output_vertex_count": 63, "filled_internal_holes": 1, "polygon_contour_mode": "outer_covering_diagonal", "limit_exception_reason": "none"},
      "geometry": {"type": "Polygon", "coordinates": [[[105.00000000, 21.87500000], [104.87500000, 21.75000000], [104.87500000, 21.50000000], [105.00000000, 21.37500000], [105.12500000, 21.25000000], [105.12500000, 21.00000000], [105.25000000, 20.87500000], [105.37500000, 20.75000000], [105.37500000, 20.50000000], [105.37500000, 20.25000000], [105.25000000, 20.12500000], [105.12500000, 20.00000000], [105.12500000, 19.75000000], [105.25000000, 19.62500000], [105.37500000, 19.50000000], [105.37500000, 19.25000000], [105.50000000, 19.12500000], [105.75000000, 19.12500000], [106.00000000, 19.12500000], [106.12500000, 19.25000000], [106.12500000, 19.50000000], [106.25000000, 19.62500000], [106.37500000, 19.75000000], [106.50000000, 19.87500000], [106.75000000, 19.87500000], [106.87500000, 20.00000000], [106.87500000, 20.25000000], [107.00000000, 20.37500000], [107.25000000, 20.37500000], [107.37500000, 20.50000000], [107.50000000, 20.62500000], [107.75000000, 20.62500000], [108.00000000, 20.62500000], [108.12500000, 20.75000000], [108.12500000, 21.00000000], [108.25000000, 21.12500000], [108.37500000, 21.25000000], [108.50000000, 21.37500000], [108.75000000, 21.37500000], [108.87500000, 21.50000000], [108.87500000, 21.75000000], [108.87500000, 22.00000000], [108.75000000, 22.12500000], [108.50000000, 22.12500000], [108.25000000, 22.12500000], [108.12500000, 22.00000000], [108.00000000, 21.87500000], [107.75000000, 21.87500000], [107.62500000, 21.75000000], [107.50000000, 21.62500000], [107.25000000, 21.62500000], [107.12500000, 21.50000000], [107.00000000, 21.37500000], [106.87500000, 21.50000000], [106.75000000, 21.62500000], [106.50000000, 21.62500000], [106.25000000, 21.62500000], [106.00000000, 21.62500000], [105.87500000, 21.75000000], [105.75000000, 21.87500000], [105.50000000, 21.87500000], [105.25000000, 21.87500000], [105.00000000, 21.87500000]]]}
    },
    {
      "type": "Feature",
      "properties": {"model_domain_id": "GTC_0005", "rank_domain": 14, "plot_rank": 43, "position_connected_rank": 43, "quicklook_basin_id": "BASIN_WNP", "basin_id": "BASIN_WNP", "basin_label": "Western North Pacific and East Asia", "grid_cell_count": 91, "lowlying_area_km2": 5759.472400, "tc_landfall_count_max": 34, "tc_landfall_max_wind_ms": 68.362000, "priority": 0.52229938, "span_km": 516.008286, "cross_shore_width_km": 302.939525, "contains_estuary_proxy": 1, "domain_ocean_connected": 1, "source_ring_count": 1, "output_vertex_count": 75, "filled_internal_holes": 1, "polygon_contour_mode": "outer_covering_diagonal", "limit_exception_reason": "kept_to_preserve_estuary_proxy"},
      "geometry": {"type": "Polygon", "coordinates": [[[108.50000000, 22.37500000], [108.37500000, 22.25000000], [108.37500000, 22.00000000], [108.50000000, 21.87500000], [108.62500000, 21.75000000], [108.62500000, 21.50000000], [108.75000000, 21.37500000], [108.87500000, 21.25000000], [108.87500000, 21.00000000], [109.00000000, 20.87500000], [109.25000000, 20.87500000], [109.37500000, 20.75000000], [109.50000000, 20.62500000], [109.62500000, 20.50000000], [109.50000000, 20.37500000], [109.37500000, 20.25000000], [109.25000000, 20.12500000], [109.00000000, 20.12500000], [108.87500000, 20.00000000], [108.75000000, 19.87500000], [108.62500000, 19.75000000], [108.50000000, 19.62500000], [108.37500000, 19.50000000], [108.37500000, 19.25000000], [108.37500000, 19.00000000], [108.37500000, 18.75000000], [108.37500000, 18.50000000], [108.37500000, 18.25000000], [108.50000000, 18.12500000], [108.75000000, 18.12500000], [109.00000000, 18.12500000], [109.12500000, 18.00000000], [109.25000000, 17.87500000], [109.50000000, 17.87500000], [109.75000000, 17.87500000], [109.87500000, 18.00000000], [110.00000000, 18.12500000], [110.25000000, 18.12500000], [110.37500000, 18.25000000], [110.50000000, 18.37500000], [110.62500000, 18.50000000], [110.75000000, 18.62500000], [110.87500000, 18.75000000], [110.87500000, 19.00000000], [111.00000000, 19.12500000], [111.12500000, 19.25000000], [111.25000000, 19.37500000], [111.37500000, 19.50000000], [111.37500000, 19.75000000], [111.25000000, 19.87500000], [111.12500000, 20.00000000], [111.12500000, 20.25000000], [111.00000000, 20.37500000], [110.87500000, 20.50000000], [110.87500000, 20.75000000], [110.87500000, 21.00000000], [111.00000000, 21.12500000], [111.25000000, 21.12500000], [111.37500000, 21.25000000], [111.37500000, 21.50000000], [111.37500000, 21.75000000], [111.25000000, 21.87500000], [111.00000000, 21.87500000], [110.75000000, 21.87500000], [110.50000000, 21.87500000], [110.25000000, 21.87500000], [110.00000000, 21.87500000], [109.87500000, 22.00000000], [109.75000000, 22.12500000], [109.50000000, 22.12500000], [109.25000000, 22.12500000], [109.12500000, 22.25000000], [109.00000000, 22.37500000], [108.75000000, 22.37500000], [108.50000000, 22.37500000]]]}
    },
    {
      "type": "Feature",
      "properties": {"model_domain_id": "GTC_0009", "rank_domain": 12, "plot_rank": 44, "position_connected_rank": 44, "quicklook_basin_id": "BASIN_WNP", "basin_id": "BASIN_WNP", "basin_label": "Western North Pacific and East Asia", "grid_cell_count": 80, "lowlying_area_km2": 11754.642551, "tc_landfall_count_max": 31, "tc_landfall_max_wind_ms": 68.362000, "priority": 0.53237570, "span_km": 417.307272, "cross_shore_width_km": 304.170633, "contains_estuary_proxy": 1, "domain_ocean_connected": 1, "source_ring_count": 1, "output_vertex_count": 63, "filled_internal_holes": 1, "polygon_contour_mode": "outer_covering_diagonal", "limit_exception_reason": "kept_to_preserve_estuary_proxy"},
      "geometry": {"type": "Polygon", "coordinates": [[[111.25000000, 23.62500000], [111.12500000, 23.50000000], [111.12500000, 23.25000000], [111.25000000, 23.12500000], [111.37500000, 23.00000000], [111.50000000, 22.87500000], [111.75000000, 22.87500000], [112.00000000, 22.87500000], [112.12500000, 22.75000000], [112.12500000, 22.50000000], [112.00000000, 22.37500000], [111.75000000, 22.37500000], [111.50000000, 22.37500000], [111.37500000, 22.25000000], [111.37500000, 22.00000000], [111.25000000, 21.87500000], [111.12500000, 21.75000000], [111.12500000, 21.50000000], [111.12500000, 21.25000000], [111.25000000, 21.12500000], [111.50000000, 21.12500000], [111.62500000, 21.25000000], [111.75000000, 21.37500000], [112.00000000, 21.37500000], [112.25000000, 21.37500000], [112.50000000, 21.37500000], [112.75000000, 21.37500000], [113.00000000, 21.37500000], [113.12500000, 21.50000000], [113.25000000, 21.62500000], [113.50000000, 21.62500000], [113.75000000, 21.62500000], [113.87500000, 21.75000000], [114.00000000, 21.87500000], [114.25000000, 21.87500000], [114.50000000, 21.87500000], [114.62500000, 22.00000000], [114.75000000, 22.12500000], [114.87500000, 22.25000000], [114.87500000, 22.50000000], [114.87500000, 22.75000000], [114.87500000, 23.00000000], [114.75000000, 23.12500000], [114.62500000, 23.25000000], [114.50000000, 23.37500000], [114.25000000, 23.37500000], [114.12500000, 23.50000000], [114.00000000, 23.62500000], [113.75000000, 23.62500000], [113.50000000, 23.62500000], [113.37500000, 23.75000000], [113.25000000, 23.87500000], [113.00000000, 23.87500000], [112.75000000, 23.87500000], [112.62500000, 23.75000000], [112.50000000, 23.62500000], [112.37500000, 23.50000000], [112.25000000, 23.37500000], [112.00000000, 23.37500000], [111.87500000, 23.50000000], [111.75000000, 23.62500000], [111.50000000, 23.62500000], [111.25000000, 23.62500000]]]}
    },
    {
      "type": "Feature",
      "properties": {"model_domain_id": "GTC_0014", "rank_domain": 15, "plot_rank": 45, "position_connected_rank": 45, "quicklook_basin_id": "BASIN_WNP", "basin_id": "BASIN_WNP", "basin_label": "Western North Pacific and East Asia", "grid_cell_count": 52, "lowlying_area_km2": 5164.596414, "tc_landfall_count_max": 33, "tc_landfall_max_wind_ms": 66.820000, "priority": 0.51202031, "span_km": 479.152529, "cross_shore_width_km": 120.536355, "contains_estuary_proxy": 1, "domain_ocean_connected": 1, "source_ring_count": 1, "output_vertex_count": 59, "filled_internal_holes": 1, "polygon_contour_mode": "outer_covering_diagonal", "limit_exception_reason": "none"},
      "geometry": {"type": "Polygon", "coordinates": [[[114.75000000, 23.12500000], [114.62500000, 23.00000000], [114.62500000, 22.75000000], [114.62500000, 22.50000000], [114.75000000, 22.37500000], [115.00000000, 22.37500000], [115.25000000, 22.37500000], [115.50000000, 22.37500000], [115.75000000, 22.37500000], [115.87500000, 22.50000000], [116.00000000, 22.62500000], [116.25000000, 22.62500000], [116.50000000, 22.62500000], [116.75000000, 22.62500000], [116.87500000, 22.75000000], [117.00000000, 22.87500000], [117.12500000, 23.00000000], [117.25000000, 23.12500000], [117.37500000, 23.25000000], [117.50000000, 23.37500000], [117.75000000, 23.37500000], [117.87500000, 23.50000000], [118.00000000, 23.62500000], [118.12500000, 23.75000000], [118.25000000, 23.87500000], [118.37500000, 24.00000000], [118.50000000, 24.12500000], [118.62500000, 24.25000000], [118.75000000, 24.37500000], [119.00000000, 24.37500000], [119.12500000, 24.50000000], [119.12500000, 24.75000000], [119.00000000, 24.87500000], [118.75000000, 24.87500000], [118.62500000, 25.00000000], [118.50000000, 25.12500000], [118.25000000, 25.12500000], [118.12500000, 25.00000000], [118.00000000, 24.87500000], [117.75000000, 24.87500000], [117.50000000, 24.87500000], [117.25000000, 24.87500000], [117.12500000, 24.75000000], [117.12500000, 24.50000000], [117.12500000, 24.25000000], [117.00000000, 24.12500000], [116.75000000, 24.12500000], [116.50000000, 24.12500000], [116.37500000, 24.00000000], [116.25000000, 23.87500000], [116.00000000, 23.87500000], [115.87500000, 23.75000000], [115.87500000, 23.50000000], [115.75000000, 23.37500000], [115.50000000, 23.37500000], [115.25000000, 23.37500000], [115.12500000, 23.25000000], [115.00000000, 23.12500000], [114.75000000, 23.12500000]]]}
    },
    {
      "type": "Feature",
      "properties": {"model_domain_id": "GTC_0007", "rank_domain": 11, "plot_rank": 46, "position_connected_rank": 46, "quicklook_basin_id": "BASIN_WNP", "basin_id": "BASIN_WNP", "basin_label": "Western North Pacific and East Asia", "grid_cell_count": 70, "lowlying_area_km2": 5478.425982, "tc_landfall_count_max": 40, "tc_landfall_max_wind_ms": 66.820000, "priority": 0.53929260, "span_km": 564.225710, "cross_shore_width_km": 142.767222, "contains_estuary_proxy": 1, "domain_ocean_connected": 1, "source_ring_count": 1, "output_vertex_count": 77, "filled_internal_holes": 1, "polygon_contour_mode": "outer_covering_diagonal", "limit_exception_reason": "none"},
      "geometry": {"type": "Polygon", "coordinates": [[[118.25000000, 25.37500000], [118.12500000, 25.25000000], [118.12500000, 25.00000000], [118.25000000, 24.87500000], [118.37500000, 24.75000000], [118.50000000, 24.62500000], [118.75000000, 24.62500000], [119.00000000, 24.62500000], [119.25000000, 24.62500000], [119.37500000, 24.75000000], [119.50000000, 24.87500000], [119.75000000, 24.87500000], [119.87500000, 25.00000000], [120.00000000, 25.12500000], [120.12500000, 25.25000000], [120.12500000, 25.50000000], [120.12500000, 25.75000000], [120.25000000, 25.87500000], [120.37500000, 26.00000000], [120.37500000, 26.25000000], [120.37500000, 26.50000000], [120.50000000, 26.62500000], [120.62500000, 26.75000000], [120.75000000, 26.87500000], [120.87500000, 27.00000000], [121.00000000, 27.12500000], [121.25000000, 27.12500000], [121.37500000, 27.25000000], [121.37500000, 27.50000000], [121.37500000, 27.75000000], [121.50000000, 27.87500000], [121.75000000, 27.87500000], [121.87500000, 28.00000000], [122.00000000, 28.12500000], [122.12500000, 28.25000000], [122.12500000, 28.50000000], [122.00000000, 28.62500000], [121.87500000, 28.75000000], [121.75000000, 28.87500000], [121.62500000, 29.00000000], [121.50000000, 29.12500000], [121.25000000, 29.12500000], [121.00000000, 29.12500000], [120.75000000, 29.12500000], [120.62500000, 29.00000000], [120.62500000, 28.75000000], [120.75000000, 28.62500000], [120.87500000, 28.50000000], [120.75000000, 28.37500000], [120.50000000, 28.37500000], [120.25000000, 28.37500000], [120.00000000, 28.37500000], [119.87500000, 28.25000000], [119.87500000, 28.00000000], [120.00000000, 27.87500000], [120.12500000, 27.75000000], [120.00000000, 27.62500000], [119.87500000, 27.50000000], [119.75000000, 27.37500000], [119.50000000, 27.37500000], [119.37500000, 27.25000000], [119.37500000, 27.00000000], [119.37500000, 26.75000000], [119.37500000, 26.50000000], [119.25000000, 26.37500000], [119.12500000, 26.50000000], [119.00000000, 26.62500000], [118.75000000, 26.62500000], [118.62500000, 26.50000000], [118.62500000, 26.25000000], [118.62500000, 26.00000000], [118.75000000, 25.87500000], [118.87500000, 25.75000000], [118.75000000, 25.62500000], [118.62500000, 25.50000000], [118.50000000, 25.37500000], [118.25000000, 25.37500000]]]}
    },
    {
      "type": "Feature",
      "properties": {"model_domain_id": "GTC_0042", "rank_domain": 28, "plot_rank": 47, "position_connected_rank": 47, "quicklook_basin_id": "BASIN_WNP", "basin_id": "BASIN_WNP", "basin_label": "Western North Pacific and East Asia", "grid_cell_count": 150, "lowlying_area_km2": 49561.286933, "tc_landfall_count_max": 12, "tc_landfall_max_wind_ms": 53.970000, "priority": 0.42743633, "span_km": 570.315356, "cross_shore_width_km": 328.193932, "contains_estuary_proxy": 1, "domain_ocean_connected": 1, "source_ring_count": 1, "output_vertex_count": 75, "filled_internal_holes": 1, "polygon_contour_mode": "outer_covering_diagonal", "limit_exception_reason": "kept_to_preserve_estuary_proxy"},
      "geometry": {"type": "Polygon", "coordinates": [[[119.00000000, 32.37500000], [118.87500000, 32.25000000], [118.87500000, 32.00000000], [118.87500000, 31.75000000], [118.87500000, 31.50000000], [118.87500000, 31.25000000], [118.87500000, 31.00000000], [118.87500000, 30.75000000], [119.00000000, 30.62500000], [119.25000000, 30.62500000], [119.37500000, 30.50000000], [119.50000000, 30.37500000], [119.62500000, 30.25000000], [119.50000000, 30.12500000], [119.37500000, 30.00000000], [119.37500000, 29.75000000], [119.37500000, 29.50000000], [119.50000000, 29.37500000], [119.75000000, 29.37500000], [120.00000000, 29.37500000], [120.25000000, 29.37500000], [120.50000000, 29.37500000], [120.75000000, 29.37500000], [121.00000000, 29.37500000], [121.12500000, 29.25000000], [121.12500000, 29.00000000], [121.25000000, 28.87500000], [121.37500000, 28.75000000], [121.50000000, 28.62500000], [121.62500000, 28.50000000], [121.75000000, 28.37500000], [122.00000000, 28.37500000], [122.12500000, 28.50000000], [122.12500000, 28.75000000], [122.25000000, 28.87500000], [122.37500000, 29.00000000], [122.37500000, 29.25000000], [122.37500000, 29.50000000], [122.50000000, 29.62500000], [122.62500000, 29.75000000], [122.62500000, 30.00000000], [122.62500000, 30.25000000], [122.75000000, 30.37500000], [123.00000000, 30.37500000], [123.12500000, 30.50000000], [123.12500000, 30.75000000], [123.00000000, 30.87500000], [122.87500000, 31.00000000], [122.75000000, 31.12500000], [122.50000000, 31.12500000], [122.37500000, 31.00000000], [122.25000000, 30.87500000], [122.12500000, 31.00000000], [122.12500000, 31.25000000], [122.12500000, 31.50000000], [122.12500000, 31.75000000], [122.12500000, 32.00000000], [122.00000000, 32.12500000], [121.87500000, 32.25000000], [121.75000000, 32.37500000], [121.62500000, 32.50000000], [121.50000000, 32.62500000], [121.37500000, 32.75000000], [121.25000000, 32.87500000], [121.00000000, 32.87500000], [120.75000000, 32.87500000], [120.50000000, 32.87500000], [120.25000000, 32.87500000], [120.00000000, 32.87500000], [119.75000000, 32.87500000], [119.50000000, 32.87500000], [119.37500000, 32.75000000], [119.25000000, 32.62500000], [119.12500000, 32.50000000], [119.00000000, 32.37500000]]]}
    },
    {
      "type": "Feature",
      "properties": {"model_domain_id": "GTC_0077", "rank_domain": 41, "plot_rank": 48, "position_connected_rank": 48, "quicklook_basin_id": "BASIN_WNP", "basin_id": "BASIN_WNP", "basin_label": "Western North Pacific and East Asia", "grid_cell_count": 38, "lowlying_area_km2": 878.870879, "tc_landfall_count_max": 16, "tc_landfall_max_wind_ms": 74.530000, "priority": 0.37735182, "span_km": 360.995024, "cross_shore_width_km": 147.143683, "contains_estuary_proxy": 1, "domain_ocean_connected": 1, "source_ring_count": 1, "output_vertex_count": 51, "filled_internal_holes": 1, "polygon_contour_mode": "outer_covering_diagonal", "limit_exception_reason": "none"},
      "geometry": {"type": "Polygon", "coordinates": [[[118.50000000, 10.37500000], [118.37500000, 10.25000000], [118.37500000, 10.00000000], [118.37500000, 9.75000000], [118.50000000, 9.62500000], [118.62500000, 9.50000000], [118.75000000, 9.37500000], [119.00000000, 9.37500000], [119.12500000, 9.50000000], [119.25000000, 9.62500000], [119.37500000, 9.75000000], [119.50000000, 9.87500000], [119.62500000, 10.00000000], [119.75000000, 10.12500000], [120.00000000, 10.12500000], [120.12500000, 10.25000000], [120.25000000, 10.37500000], [120.50000000, 10.37500000], [120.62500000, 10.50000000], [120.62500000, 10.75000000], [120.50000000, 10.87500000], [120.25000000, 10.87500000], [120.00000000, 10.87500000], [119.87500000, 11.00000000], [120.00000000, 11.12500000], [120.25000000, 11.12500000], [120.37500000, 11.25000000], [120.37500000, 11.50000000], [120.50000000, 11.62500000], [120.62500000, 11.75000000], [120.62500000, 12.00000000], [120.62500000, 12.25000000], [120.62500000, 12.50000000], [120.50000000, 12.62500000], [120.25000000, 12.62500000], [120.00000000, 12.62500000], [119.75000000, 12.62500000], [119.62500000, 12.50000000], [119.62500000, 12.25000000], [119.62500000, 12.00000000], [119.62500000, 11.75000000], [119.50000000, 11.62500000], [119.25000000, 11.62500000], [119.12500000, 11.50000000], [119.12500000, 11.25000000], [119.00000000, 11.12500000], [118.87500000, 11.00000000], [118.87500000, 10.75000000], [118.75000000, 10.62500000], [118.62500000, 10.50000000], [118.50000000, 10.37500000]]]}
    },
    {
      "type": "Feature",
      "properties": {"model_domain_id": "GTC_0004", "rank_domain": 7, "plot_rank": 49, "position_connected_rank": 49, "quicklook_basin_id": "BASIN_WNP", "basin_id": "BASIN_WNP", "basin_label": "Western North Pacific and East Asia", "grid_cell_count": 42, "lowlying_area_km2": 1615.924792, "tc_landfall_count_max": 56, "tc_landfall_max_wind_ms": 79.670000, "priority": 0.57049224, "span_km": 433.128750, "cross_shore_width_km": 268.346049, "contains_estuary_proxy": 1, "domain_ocean_connected": 1, "source_ring_count": 1, "output_vertex_count": 75, "filled_internal_holes": 1, "polygon_contour_mode": "outer_covering_diagonal", "limit_exception_reason": "kept_to_preserve_estuary_proxy"},
      "geometry": {"type": "Polygon", "coordinates": [[[120.25000000, 18.37500000], [120.12500000, 18.25000000], [120.12500000, 18.00000000], [120.12500000, 17.75000000], [120.12500000, 17.50000000], [120.12500000, 17.25000000], [120.25000000, 17.12500000], [120.50000000, 17.12500000], [120.75000000, 17.12500000], [120.87500000, 17.25000000], [120.87500000, 17.50000000], [120.87500000, 17.75000000], [120.87500000, 18.00000000], [120.87500000, 18.25000000], [121.00000000, 18.37500000], [121.12500000, 18.25000000], [121.25000000, 18.12500000], [121.37500000, 18.00000000], [121.37500000, 17.75000000], [121.37500000, 17.50000000], [121.50000000, 17.37500000], [121.75000000, 17.37500000], [121.87500000, 17.25000000], [122.00000000, 17.12500000], [122.12500000, 17.00000000], [122.00000000, 16.87500000], [121.87500000, 16.75000000], [121.87500000, 16.50000000], [121.75000000, 16.37500000], [121.62500000, 16.25000000], [121.62500000, 16.00000000], [121.75000000, 15.87500000], [122.00000000, 15.87500000], [122.25000000, 15.87500000], [122.37500000, 16.00000000], [122.37500000, 16.25000000], [122.50000000, 16.37500000], [122.62500000, 16.50000000], [122.62500000, 16.75000000], [122.75000000, 16.87500000], [122.87500000, 17.00000000], [122.87500000, 17.25000000], [122.75000000, 17.37500000], [122.62500000, 17.50000000], [122.50000000, 17.62500000], [122.37500000, 17.75000000], [122.37500000, 18.00000000], [122.50000000, 18.12500000], [122.62500000, 18.25000000], [122.62500000, 18.50000000], [122.50000000, 18.62500000], [122.37500000, 18.75000000], [122.25000000, 18.87500000], [122.00000000, 18.87500000], [121.87500000, 18.75000000], [121.75000000, 18.62500000], [121.62500000, 18.75000000], [121.62500000, 19.00000000], [121.75000000, 19.12500000], [122.00000000, 19.12500000], [122.12500000, 19.25000000], [122.12500000, 19.50000000], [122.00000000, 19.62500000], [121.75000000, 19.62500000], [121.50000000, 19.62500000], [121.25000000, 19.62500000], [121.12500000, 19.50000000], [121.00000000, 19.37500000], [120.87500000, 19.25000000], [120.87500000, 19.00000000], [120.75000000, 18.87500000], [120.50000000, 18.87500000], [120.37500000, 18.75000000], [120.37500000, 18.50000000], [120.25000000, 18.37500000]]]}
    },
    {
      "type": "Feature",
      "properties": {"model_domain_id": "GTC_0001", "rank_domain": 6, "plot_rank": 50, "position_connected_rank": 50, "quicklook_basin_id": "BASIN_WNP", "basin_id": "BASIN_WNP", "basin_label": "Western North Pacific and East Asia", "grid_cell_count": 25, "lowlying_area_km2": 3107.407637, "tc_landfall_count_max": 55, "tc_landfall_max_wind_ms": 71.960000, "priority": 0.57376884, "span_km": 298.252922, "cross_shore_width_km": 119.339835, "contains_estuary_proxy": 1, "domain_ocean_connected": 1, "source_ring_count": 1, "output_vertex_count": 37, "filled_internal_holes": 1, "polygon_contour_mode": "outer_covering_diagonal", "limit_exception_reason": "none"},
      "geometry": {"type": "Polygon", "coordinates": [[[119.75000000, 16.62500000], [119.62500000, 16.50000000], [119.62500000, 16.25000000], [119.62500000, 16.00000000], [119.62500000, 15.75000000], [119.62500000, 15.50000000], [119.62500000, 15.25000000], [119.75000000, 15.12500000], [119.87500000, 15.00000000], [119.87500000, 14.75000000], [120.00000000, 14.62500000], [120.12500000, 14.50000000], [120.25000000, 14.37500000], [120.50000000, 14.37500000], [120.62500000, 14.50000000], [120.75000000, 14.62500000], [121.00000000, 14.62500000], [121.12500000, 14.75000000], [121.12500000, 15.00000000], [121.12500000, 15.25000000], [121.12500000, 15.50000000], [121.00000000, 15.62500000], [120.75000000, 15.62500000], [120.62500000, 15.75000000], [120.62500000, 16.00000000], [120.62500000, 16.25000000], [120.62500000, 16.50000000], [120.62500000, 16.75000000], [120.62500000, 17.00000000], [120.62500000, 17.25000000], [120.50000000, 17.37500000], [120.25000000, 17.37500000], [120.12500000, 17.25000000], [120.12500000, 17.00000000], [120.12500000, 16.75000000], [120.00000000, 16.62500000], [119.75000000, 16.62500000]]]}
    },
    {
      "type": "Feature",
      "properties": {"model_domain_id": "GTC_0002", "rank_domain": 3, "plot_rank": 51, "position_connected_rank": 51, "quicklook_basin_id": "BASIN_WNP", "basin_id": "BASIN_WNP", "basin_label": "Western North Pacific and East Asia", "grid_cell_count": 110, "lowlying_area_km2": 4426.985493, "tc_landfall_count_max": 50, "tc_landfall_max_wind_ms": 87.380000, "priority": 0.60151214, "span_km": 582.002956, "cross_shore_width_km": 415.510252, "contains_estuary_proxy": 1, "domain_ocean_connected": 1, "source_ring_count": 1, "output_vertex_count": 73, "filled_internal_holes": 1, "polygon_contour_mode": "outer_covering_diagonal", "limit_exception_reason": "kept_to_preserve_estuary_proxy"},
      "geometry": {"type": "Polygon", "coordinates": [[[120.00000000, 14.12500000], [119.87500000, 14.00000000], [119.87500000, 13.75000000], [119.87500000, 13.50000000], [120.00000000, 13.37500000], [120.12500000, 13.25000000], [120.25000000, 13.12500000], [120.37500000, 13.00000000], [120.50000000, 12.87500000], [120.62500000, 12.75000000], [120.62500000, 12.50000000], [120.62500000, 12.25000000], [120.75000000, 12.12500000], [120.87500000, 12.00000000], [121.00000000, 11.87500000], [121.12500000, 11.75000000], [121.25000000, 11.62500000], [121.37500000, 11.50000000], [121.50000000, 11.37500000], [121.75000000, 11.37500000], [122.00000000, 11.37500000], [122.25000000, 11.37500000], [122.37500000, 11.50000000], [122.37500000, 11.75000000], [122.37500000, 12.00000000], [122.50000000, 12.12500000], [122.75000000, 12.12500000], [122.87500000, 12.25000000], [122.87500000, 12.50000000], [122.75000000, 12.62500000], [122.62500000, 12.75000000], [122.50000000, 12.87500000], [122.37500000, 13.00000000], [122.50000000, 13.12500000], [122.75000000, 13.12500000], [122.87500000, 13.25000000], [123.00000000, 13.37500000], [123.25000000, 13.37500000], [123.50000000, 13.37500000], [123.62500000, 13.50000000], [123.75000000, 13.62500000], [124.00000000, 13.62500000], [124.12500000, 13.75000000], [124.12500000, 14.00000000], [124.00000000, 14.12500000], [123.75000000, 14.12500000], [123.62500000, 14.25000000], [123.50000000, 14.37500000], [123.25000000, 14.37500000], [123.12500000, 14.50000000], [123.00000000, 14.62500000], [122.75000000, 14.62500000], [122.62500000, 14.75000000], [122.62500000, 15.00000000], [122.50000000, 15.12500000], [122.37500000, 15.25000000], [122.25000000, 15.37500000], [122.00000000, 15.37500000], [121.75000000, 15.37500000], [121.62500000, 15.50000000], [121.50000000, 15.62500000], [121.25000000, 15.62500000], [121.12500000, 15.50000000], [121.12500000, 15.25000000], [121.12500000, 15.00000000], [121.00000000, 14.87500000], [120.75000000, 14.87500000], [120.50000000, 14.87500000], [120.37500000, 14.75000000], [120.25000000, 14.62500000], [120.12500000, 14.50000000], [120.12500000, 14.25000000], [120.00000000, 14.12500000]]]}
    },
    {
      "type": "Feature",
      "properties": {"model_domain_id": "GTC_0008", "rank_domain": 10, "plot_rank": 52, "position_connected_rank": 52, "quicklook_basin_id": "BASIN_WNP", "basin_id": "BASIN_WNP", "basin_label": "Western North Pacific and East Asia", "grid_cell_count": 37, "lowlying_area_km2": 1648.354886, "tc_landfall_count_max": 40, "tc_landfall_max_wind_ms": 87.380000, "priority": 0.54105803, "span_km": 293.391607, "cross_shore_width_km": 150.967325, "contains_estuary_proxy": 1, "domain_ocean_connected": 1, "source_ring_count": 1, "output_vertex_count": 41, "filled_internal_holes": 1, "polygon_contour_mode": "outer_covering_diagonal", "limit_exception_reason": "none"},
      "geometry": {"type": "Polygon", "coordinates": [[[121.75000000, 11.12500000], [121.62500000, 11.00000000], [121.62500000, 10.75000000], [121.62500000, 10.50000000], [121.62500000, 10.25000000], [121.75000000, 10.12500000], [122.00000000, 10.12500000], [122.25000000, 10.12500000], [122.50000000, 10.12500000], [122.75000000, 10.12500000], [122.87500000, 10.25000000], [123.00000000, 10.37500000], [123.12500000, 10.50000000], [123.25000000, 10.62500000], [123.50000000, 10.62500000], [123.62500000, 10.75000000], [123.62500000, 11.00000000], [123.75000000, 11.12500000], [123.87500000, 11.25000000], [123.87500000, 11.50000000], [123.87500000, 11.75000000], [123.87500000, 12.00000000], [123.75000000, 12.12500000], [123.62500000, 12.25000000], [123.62500000, 12.50000000], [123.50000000, 12.62500000], [123.25000000, 12.62500000], [123.00000000, 12.62500000], [122.87500000, 12.50000000], [122.87500000, 12.25000000], [122.87500000, 12.00000000], [122.75000000, 11.87500000], [122.62500000, 12.00000000], [122.50000000, 12.12500000], [122.25000000, 12.12500000], [122.12500000, 12.00000000], [122.12500000, 11.75000000], [122.00000000, 11.62500000], [121.87500000, 11.50000000], [121.87500000, 11.25000000], [121.75000000, 11.12500000]]]}
    },
    {
      "type": "Feature",
      "properties": {"model_domain_id": "GTC_0020", "rank_domain": 16, "plot_rank": 53, "position_connected_rank": 53, "quicklook_basin_id": "BASIN_WNP", "basin_id": "BASIN_WNP", "basin_label": "Western North Pacific and East Asia", "grid_cell_count": 70, "lowlying_area_km2": 1927.694476, "tc_landfall_count_max": 31, "tc_landfall_max_wind_ms": 86.352000, "priority": 0.51030923, "span_km": 432.006825, "cross_shore_width_km": 233.253337, "contains_estuary_proxy": 0, "domain_ocean_connected": 1, "source_ring_count": 1, "output_vertex_count": 55, "filled_internal_holes": 1, "polygon_contour_mode": "outer_covering_diagonal", "limit_exception_reason": "none"},
      "geometry": {"type": "Polygon", "coordinates": [[[122.25000000, 10.12500000], [122.12500000, 10.00000000], [122.12500000, 9.75000000], [122.12500000, 9.50000000], [122.25000000, 9.37500000], [122.37500000, 9.25000000], [122.50000000, 9.12500000], [122.62500000, 9.00000000], [122.75000000, 8.87500000], [122.87500000, 8.75000000], [122.87500000, 8.50000000], [122.87500000, 8.25000000], [123.00000000, 8.12500000], [123.25000000, 8.12500000], [123.50000000, 8.12500000], [123.75000000, 8.12500000], [124.00000000, 8.12500000], [124.12500000, 8.25000000], [124.12500000, 8.50000000], [124.12500000, 8.75000000], [124.00000000, 8.87500000], [123.87500000, 9.00000000], [123.87500000, 9.25000000], [124.00000000, 9.37500000], [124.25000000, 9.37500000], [124.50000000, 9.37500000], [124.75000000, 9.37500000], [124.87500000, 9.50000000], [124.87500000, 9.75000000], [124.87500000, 10.00000000], [124.87500000, 10.25000000], [124.87500000, 10.50000000], [124.87500000, 10.75000000], [125.00000000, 10.87500000], [125.12500000, 11.00000000], [125.12500000, 11.25000000], [125.00000000, 11.37500000], [124.75000000, 11.37500000], [124.50000000, 11.37500000], [124.37500000, 11.50000000], [124.25000000, 11.62500000], [124.00000000, 11.62500000], [123.75000000, 11.62500000], [123.62500000, 11.50000000], [123.50000000, 11.37500000], [123.37500000, 11.25000000], [123.37500000, 11.00000000], [123.25000000, 10.87500000], [123.12500000, 10.75000000], [123.00000000, 10.62500000], [122.75000000, 10.62500000], [122.62500000, 10.50000000], [122.50000000, 10.37500000], [122.37500000, 10.25000000], [122.25000000, 10.12500000]]]}
    },
    {
      "type": "Feature",
      "properties": {"model_domain_id": "GTC_0006", "rank_domain": 8, "plot_rank": 54, "position_connected_rank": 54, "quicklook_basin_id": "BASIN_WNP", "basin_id": "BASIN_WNP", "basin_label": "Western North Pacific and East Asia", "grid_cell_count": 68, "lowlying_area_km2": 2728.222211, "tc_landfall_count_max": 43, "tc_landfall_max_wind_ms": 87.380000, "priority": 0.56636095, "span_km": 466.900886, "cross_shore_width_km": 215.766169, "contains_estuary_proxy": 1, "domain_ocean_connected": 1, "source_ring_count": 1, "output_vertex_count": 61, "filled_internal_holes": 1, "polygon_contour_mode": "outer_covering_diagonal", "limit_exception_reason": "none"},
      "geometry": {"type": "Polygon", "coordinates": [[[122.50000000, 13.37500000], [122.37500000, 13.25000000], [122.37500000, 13.00000000], [122.50000000, 12.87500000], [122.75000000, 12.87500000], [122.87500000, 12.75000000], [123.00000000, 12.62500000], [123.12500000, 12.50000000], [123.25000000, 12.37500000], [123.37500000, 12.25000000], [123.37500000, 12.00000000], [123.50000000, 11.87500000], [123.62500000, 11.75000000], [123.75000000, 11.62500000], [123.87500000, 11.50000000], [124.00000000, 11.37500000], [124.12500000, 11.25000000], [124.25000000, 11.12500000], [124.50000000, 11.12500000], [124.75000000, 11.12500000], [124.87500000, 11.00000000], [125.00000000, 10.87500000], [125.25000000, 10.87500000], [125.37500000, 11.00000000], [125.50000000, 11.12500000], [125.75000000, 11.12500000], [125.87500000, 11.25000000], [125.87500000, 11.50000000], [125.75000000, 11.62500000], [125.62500000, 11.75000000], [125.75000000, 11.87500000], [125.87500000, 12.00000000], [125.87500000, 12.25000000], [125.75000000, 12.37500000], [125.62500000, 12.50000000], [125.50000000, 12.62500000], [125.37500000, 12.75000000], [125.25000000, 12.87500000], [125.00000000, 12.87500000], [124.75000000, 12.87500000], [124.50000000, 12.87500000], [124.37500000, 13.00000000], [124.37500000, 13.25000000], [124.50000000, 13.37500000], [124.62500000, 13.50000000], [124.62500000, 13.75000000], [124.62500000, 14.00000000], [124.62500000, 14.25000000], [124.50000000, 14.37500000], [124.25000000, 14.37500000], [124.00000000, 14.37500000], [123.87500000, 14.25000000], [123.87500000, 14.00000000], [123.75000000, 13.87500000], [123.50000000, 13.87500000], [123.37500000, 13.75000000], [123.25000000, 13.62500000], [123.00000000, 13.62500000], [122.87500000, 13.50000000], [122.75000000, 13.37500000], [122.50000000, 13.37500000]]]}
    },
    {
      "type": "Feature",
      "properties": {"model_domain_id": "GTC_0023", "rank_domain": 22, "plot_rank": 55, "position_connected_rank": 55, "quicklook_basin_id": "BASIN_WNP", "basin_id": "BASIN_WNP", "basin_label": "Western North Pacific and East Asia", "grid_cell_count": 59, "lowlying_area_km2": 1849.308642, "tc_landfall_count_max": 23, "tc_landfall_max_wind_ms": 86.352000, "priority": 0.46993361, "span_km": 423.221363, "cross_shore_width_km": 245.088717, "contains_estuary_proxy": 1, "domain_ocean_connected": 1, "source_ring_count": 1, "output_vertex_count": 61, "filled_internal_holes": 1, "polygon_contour_mode": "outer_covering_diagonal", "limit_exception_reason": "none"},
      "geometry": {"type": "Polygon", "coordinates": [[[124.25000000, 8.87500000], [124.12500000, 8.75000000], [124.12500000, 8.50000000], [124.12500000, 8.25000000], [124.12500000, 8.00000000], [124.25000000, 7.87500000], [124.50000000, 7.87500000], [124.62500000, 8.00000000], [124.75000000, 8.12500000], [125.00000000, 8.12500000], [125.12500000, 8.25000000], [125.12500000, 8.50000000], [125.25000000, 8.62500000], [125.37500000, 8.50000000], [125.37500000, 8.25000000], [125.50000000, 8.12500000], [125.75000000, 8.12500000], [126.00000000, 8.12500000], [126.12500000, 8.00000000], [126.12500000, 7.75000000], [126.25000000, 7.62500000], [126.50000000, 7.62500000], [126.62500000, 7.75000000], [126.62500000, 8.00000000], [126.62500000, 8.25000000], [126.62500000, 8.50000000], [126.62500000, 8.75000000], [126.62500000, 9.00000000], [126.50000000, 9.12500000], [126.37500000, 9.25000000], [126.37500000, 9.50000000], [126.37500000, 9.75000000], [126.37500000, 10.00000000], [126.37500000, 10.25000000], [126.25000000, 10.37500000], [126.12500000, 10.50000000], [126.12500000, 10.75000000], [126.12500000, 11.00000000], [126.12500000, 11.25000000], [126.00000000, 11.37500000], [125.75000000, 11.37500000], [125.50000000, 11.37500000], [125.25000000, 11.37500000], [125.12500000, 11.25000000], [125.00000000, 11.12500000], [124.75000000, 11.12500000], [124.62500000, 11.00000000], [124.62500000, 10.75000000], [124.62500000, 10.50000000], [124.62500000, 10.25000000], [124.62500000, 10.00000000], [124.75000000, 9.87500000], [124.87500000, 9.75000000], [125.00000000, 9.62500000], [125.12500000, 9.50000000], [125.00000000, 9.37500000], [124.75000000, 9.37500000], [124.50000000, 9.37500000], [124.37500000, 9.25000000], [124.37500000, 9.00000000], [124.25000000, 8.87500000]]]}
    },
    {
      "type": "Feature",
      "properties": {"model_domain_id": "GTC_0003", "rank_domain": 9, "plot_rank": 56, "position_connected_rank": 56, "quicklook_basin_id": "BASIN_WNP", "basin_id": "BASIN_WNP", "basin_label": "Western North Pacific and East Asia", "grid_cell_count": 36, "lowlying_area_km2": 2876.798021, "tc_landfall_count_max": 48, "tc_landfall_max_wind_ms": 71.960000, "priority": 0.55322421, "span_km": 428.557834, "cross_shore_width_km": 169.578311, "contains_estuary_proxy": 1, "domain_ocean_connected": 1, "source_ring_count": 1, "output_vertex_count": 59, "filled_internal_holes": 1, "polygon_contour_mode": "outer_covering_diagonal", "limit_exception_reason": "none"},
      "geometry": {"type": "Polygon", "coordinates": [[[120.00000000, 24.12500000], [119.87500000, 24.00000000], [119.87500000, 23.75000000], [119.87500000, 23.50000000], [119.87500000, 23.25000000], [119.87500000, 23.00000000], [119.87500000, 22.75000000], [120.00000000, 22.62500000], [120.12500000, 22.50000000], [120.12500000, 22.25000000], [120.25000000, 22.12500000], [120.37500000, 22.00000000], [120.37500000, 21.75000000], [120.50000000, 21.62500000], [120.75000000, 21.62500000], [121.00000000, 21.62500000], [121.12500000, 21.75000000], [121.12500000, 22.00000000], [121.00000000, 22.12500000], [120.87500000, 22.25000000], [120.87500000, 22.50000000], [120.87500000, 22.75000000], [120.75000000, 22.87500000], [120.62500000, 23.00000000], [120.62500000, 23.25000000], [120.62500000, 23.50000000], [120.62500000, 23.75000000], [120.75000000, 23.87500000], [120.87500000, 24.00000000], [120.87500000, 24.25000000], [121.00000000, 24.37500000], [121.12500000, 24.50000000], [121.25000000, 24.62500000], [121.37500000, 24.50000000], [121.50000000, 24.37500000], [121.62500000, 24.25000000], [121.75000000, 24.12500000], [122.00000000, 24.12500000], [122.12500000, 24.25000000], [122.12500000, 24.50000000], [122.12500000, 24.75000000], [122.12500000, 25.00000000], [122.12500000, 25.25000000], [122.00000000, 25.37500000], [121.87500000, 25.50000000], [121.75000000, 25.62500000], [121.50000000, 25.62500000], [121.25000000, 25.62500000], [121.12500000, 25.50000000], [121.00000000, 25.37500000], [120.87500000, 25.25000000], [120.75000000, 25.12500000], [120.62500000, 25.00000000], [120.50000000, 24.87500000], [120.37500000, 24.75000000], [120.37500000, 24.50000000], [120.25000000, 24.37500000], [120.12500000, 24.25000000], [120.00000000, 24.12500000]]]}
    },
    {
      "type": "Feature",
      "properties": {"model_domain_id": "GTC_0084", "rank_domain": 90, "plot_rank": 57, "position_connected_rank": 57, "quicklook_basin_id": "BASIN_WNP", "basin_id": "BASIN_WNP", "basin_label": "Western North Pacific and East Asia", "grid_cell_count": 55, "lowlying_area_km2": 4295.640309, "tc_landfall_count_max": 4, "tc_landfall_max_wind_ms": 37.522000, "priority": 0.18998008, "span_km": 366.430947, "cross_shore_width_km": 190.462559, "contains_estuary_proxy": 1, "domain_ocean_connected": 1, "source_ring_count": 1, "output_vertex_count": 55, "filled_internal_holes": 1, "polygon_contour_mode": "outer_covering_diagonal", "limit_exception_reason": "none"},
      "geometry": {"type": "Polygon", "coordinates": [[[124.00000000, 40.12500000], [123.87500000, 40.00000000], [123.87500000, 39.75000000], [124.00000000, 39.62500000], [124.25000000, 39.62500000], [124.37500000, 39.50000000], [124.50000000, 39.37500000], [124.75000000, 39.37500000], [124.87500000, 39.25000000], [124.87500000, 39.00000000], [124.75000000, 38.87500000], [124.62500000, 38.75000000], [124.62500000, 38.50000000], [124.50000000, 38.37500000], [124.37500000, 38.25000000], [124.37500000, 38.00000000], [124.37500000, 37.75000000], [124.50000000, 37.62500000], [124.75000000, 37.62500000], [124.87500000, 37.50000000], [125.00000000, 37.37500000], [125.25000000, 37.37500000], [125.50000000, 37.37500000], [125.75000000, 37.37500000], [126.00000000, 37.37500000], [126.25000000, 37.37500000], [126.50000000, 37.37500000], [126.62500000, 37.50000000], [126.75000000, 37.62500000], [127.00000000, 37.62500000], [127.12500000, 37.75000000], [127.12500000, 38.00000000], [127.00000000, 38.12500000], [126.75000000, 38.12500000], [126.62500000, 38.25000000], [126.50000000, 38.37500000], [126.25000000, 38.37500000], [126.12500000, 38.50000000], [126.12500000, 38.75000000], [126.12500000, 39.00000000], [126.12500000, 39.25000000], [126.12500000, 39.50000000], [126.12500000, 39.75000000], [126.00000000, 39.87500000], [125.75000000, 39.87500000], [125.50000000, 39.87500000], [125.25000000, 39.87500000], [125.12500000, 40.00000000], [125.00000000, 40.12500000], [124.87500000, 40.25000000], [124.75000000, 40.37500000], [124.50000000, 40.37500000], [124.37500000, 40.25000000], [124.25000000, 40.12500000], [124.00000000, 40.12500000]]]}
    },
    {
      "type": "Feature",
      "properties": {"model_domain_id": "GTC_0045", "rank_domain": 42, "plot_rank": 58, "position_connected_rank": 58, "quicklook_basin_id": "BASIN_WNP", "basin_id": "BASIN_WNP", "basin_label": "Western North Pacific and East Asia", "grid_cell_count": 139, "lowlying_area_km2": 6021.511001, "tc_landfall_count_max": 14, "tc_landfall_max_wind_ms": 51.400000, "priority": 0.37622920, "span_km": 798.303471, "cross_shore_width_km": 343.624127, "contains_estuary_proxy": 1, "domain_ocean_connected": 1, "source_ring_count": 1, "output_vertex_count": 143, "filled_internal_holes": 1, "polygon_contour_mode": "outer_covering_diagonal", "limit_exception_reason": "kept_to_preserve_estuary_proxy"},
      "geometry": {"type": "Polygon", "coordinates": [[[125.75000000, 37.37500000], [125.62500000, 37.25000000], [125.62500000, 37.00000000], [125.75000000, 36.87500000], [125.87500000, 36.75000000], [125.87500000, 36.50000000], [126.00000000, 36.37500000], [126.12500000, 36.25000000], [126.12500000, 36.00000000], [126.12500000, 35.75000000], [126.00000000, 35.62500000], [125.87500000, 35.50000000], [125.75000000, 35.37500000], [125.62500000, 35.25000000], [125.62500000, 35.00000000], [125.62500000, 34.75000000], [125.62500000, 34.50000000], [125.62500000, 34.25000000], [125.62500000, 34.00000000], [125.75000000, 33.87500000], [126.00000000, 33.87500000], [126.12500000, 33.75000000], [126.00000000, 33.62500000], [125.87500000, 33.50000000], [125.87500000, 33.25000000], [125.87500000, 33.00000000], [126.00000000, 32.87500000], [126.25000000, 32.87500000], [126.50000000, 32.87500000], [126.75000000, 32.87500000], [126.87500000, 33.00000000], [127.00000000, 33.12500000], [127.12500000, 33.25000000], [127.12500000, 33.50000000], [127.12500000, 33.75000000], [127.25000000, 33.87500000], [127.50000000, 33.87500000], [127.62500000, 34.00000000], [127.75000000, 34.12500000], [128.00000000, 34.12500000], [128.12500000, 34.25000000], [128.25000000, 34.37500000], [128.50000000, 34.37500000], [128.75000000, 34.37500000], [128.87500000, 34.50000000], [128.87500000, 34.75000000], [129.00000000, 34.87500000], [129.25000000, 34.87500000], [129.37500000, 35.00000000], [129.50000000, 35.12500000], [129.62500000, 35.25000000], [129.62500000, 35.50000000], [129.75000000, 35.62500000], [129.87500000, 35.75000000], [129.87500000, 36.00000000], [129.87500000, 36.25000000], [129.75000000, 36.37500000], [129.62500000, 36.50000000], [129.62500000, 36.75000000], [129.62500000, 37.00000000], [129.62500000, 37.25000000], [129.62500000, 37.50000000], [129.50000000, 37.62500000], [129.37500000, 37.75000000], [129.25000000, 37.87500000], [129.12500000, 38.00000000], [129.00000000, 38.12500000], [128.87500000, 38.25000000], [128.87500000, 38.50000000], [128.75000000, 38.62500000], [128.62500000, 38.75000000], [128.50000000, 38.87500000], [128.37500000, 39.00000000], [128.25000000, 39.12500000], [128.12500000, 39.25000000], [128.00000000, 39.37500000], [127.75000000, 39.37500000], [127.62500000, 39.50000000], [127.50000000, 39.62500000], [127.37500000, 39.75000000], [127.25000000, 39.87500000], [127.00000000, 39.87500000], [126.87500000, 39.75000000], [126.87500000, 39.50000000], [126.87500000, 39.25000000], [127.00000000, 39.12500000], [127.12500000, 39.00000000], [127.25000000, 38.87500000], [127.50000000, 38.87500000], [127.62500000, 38.75000000], [127.75000000, 38.62500000], [127.87500000, 38.50000000], [128.00000000, 38.37500000], [128.12500000, 38.25000000], [128.25000000, 38.12500000], [128.37500000, 38.00000000], [128.37500000, 37.75000000], [128.50000000, 37.62500000], [128.62500000, 37.50000000], [128.75000000, 37.37500000], [128.87500000, 37.25000000], [129.00000000, 37.12500000], [129.12500000, 37.00000000], [129.12500000, 36.75000000], [129.12500000, 36.50000000], [129.00000000, 36.37500000], [128.87500000, 36.25000000], [128.87500000, 36.00000000], [128.87500000, 35.75000000], [128.75000000, 35.62500000], [128.62500000, 35.75000000], [128.50000000, 35.87500000], [128.25000000, 35.87500000], [128.12500000, 35.75000000], [128.12500000, 35.50000000], [128.00000000, 35.37500000], [127.75000000, 35.37500000], [127.50000000, 35.37500000], [127.37500000, 35.25000000], [127.25000000, 35.12500000], [127.12500000, 35.25000000], [127.12500000, 35.50000000], [127.25000000, 35.62500000], [127.37500000, 35.75000000], [127.37500000, 36.00000000], [127.50000000, 36.12500000], [127.62500000, 36.25000000], [127.62500000, 36.50000000], [127.50000000, 36.62500000], [127.37500000, 36.75000000], [127.37500000, 37.00000000], [127.37500000, 37.25000000], [127.37500000, 37.50000000], [127.37500000, 37.75000000], [127.25000000, 37.87500000], [127.00000000, 37.87500000], [126.75000000, 37.87500000], [126.50000000, 37.87500000], [126.37500000, 37.75000000], [126.25000000, 37.62500000], [126.12500000, 37.50000000], [126.00000000, 37.37500000], [125.75000000, 37.37500000]]]}
    },
    {
      "type": "Feature",
      "properties": {"model_domain_id": "GTC_0061", "rank_domain": 23, "plot_rank": 59, "position_connected_rank": 59, "quicklook_basin_id": "BASIN_WNP", "basin_id": "BASIN_WNP", "basin_label": "Western North Pacific and East Asia", "grid_cell_count": 59, "lowlying_area_km2": 1779.358001, "tc_landfall_count_max": 18, "tc_landfall_max_wind_ms": 51.400000, "priority": 0.46372139, "span_km": 600.991444, "cross_shore_width_km": 180.800052, "contains_estuary_proxy": 1, "domain_ocean_connected": 1, "source_ring_count": 1, "output_vertex_count": 77, "filled_internal_holes": 1, "polygon_contour_mode": "outer_covering_diagonal", "limit_exception_reason": "none"},
      "geometry": {"type": "Polygon", "coordinates": [[[131.75000000, 35.12500000], [131.62500000, 35.00000000], [131.62500000, 34.75000000], [131.75000000, 34.62500000], [132.00000000, 34.62500000], [132.25000000, 34.62500000], [132.50000000, 34.62500000], [132.62500000, 34.75000000], [132.75000000, 34.87500000], [132.87500000, 35.00000000], [133.00000000, 35.12500000], [133.25000000, 35.12500000], [133.50000000, 35.12500000], [133.75000000, 35.12500000], [134.00000000, 35.12500000], [134.25000000, 35.12500000], [134.50000000, 35.12500000], [134.75000000, 35.12500000], [135.00000000, 35.12500000], [135.25000000, 35.12500000], [135.50000000, 35.12500000], [135.75000000, 35.12500000], [136.00000000, 35.12500000], [136.12500000, 35.25000000], [136.25000000, 35.37500000], [136.37500000, 35.50000000], [136.37500000, 35.75000000], [136.50000000, 35.87500000], [136.62500000, 36.00000000], [136.75000000, 36.12500000], [136.87500000, 36.25000000], [137.00000000, 36.37500000], [137.25000000, 36.37500000], [137.50000000, 36.37500000], [137.62500000, 36.50000000], [137.75000000, 36.62500000], [137.87500000, 36.75000000], [137.87500000, 37.00000000], [137.75000000, 37.12500000], [137.62500000, 37.25000000], [137.62500000, 37.50000000], [137.62500000, 37.75000000], [137.50000000, 37.87500000], [137.25000000, 37.87500000], [137.00000000, 37.87500000], [136.87500000, 37.75000000], [136.75000000, 37.62500000], [136.50000000, 37.62500000], [136.37500000, 37.50000000], [136.37500000, 37.25000000], [136.37500000, 37.00000000], [136.37500000, 36.75000000], [136.25000000, 36.62500000], [136.00000000, 36.62500000], [135.87500000, 36.50000000], [135.87500000, 36.25000000], [135.75000000, 36.12500000], [135.50000000, 36.12500000], [135.25000000, 36.12500000], [135.12500000, 36.00000000], [135.00000000, 35.87500000], [134.75000000, 35.87500000], [134.50000000, 35.87500000], [134.25000000, 35.87500000], [134.00000000, 35.87500000], [133.75000000, 35.87500000], [133.50000000, 35.87500000], [133.25000000, 35.87500000], [133.00000000, 35.87500000], [132.75000000, 35.87500000], [132.62500000, 35.75000000], [132.50000000, 35.62500000], [132.37500000, 35.50000000], [132.25000000, 35.37500000], [132.00000000, 35.37500000], [131.87500000, 35.25000000], [131.75000000, 35.12500000]]]}
    },
    {
      "type": "Feature",
      "properties": {"model_domain_id": "GTC_0011", "rank_domain": 20, "plot_rank": 60, "position_connected_rank": 60, "quicklook_basin_id": "BASIN_WNP", "basin_id": "BASIN_WNP", "basin_label": "Western North Pacific and East Asia", "grid_cell_count": 128, "lowlying_area_km2": 3856.551364, "tc_landfall_count_max": 31, "tc_landfall_max_wind_ms": 59.110000, "priority": 0.47997077, "span_km": 684.527297, "cross_shore_width_km": 374.976779, "contains_estuary_proxy": 0, "domain_ocean_connected": 1, "source_ring_count": 1, "output_vertex_count": 91, "filled_internal_holes": 1, "polygon_contour_mode": "outer_covering_diagonal", "limit_exception_reason": "split_failed_review_needed"},
      "geometry": {"type": "Polygon", "coordinates": [[[128.50000000, 32.87500000], [128.37500000, 32.75000000], [128.37500000, 32.50000000], [128.50000000, 32.37500000], [128.75000000, 32.37500000], [129.00000000, 32.37500000], [129.12500000, 32.50000000], [129.25000000, 32.62500000], [129.37500000, 32.50000000], [129.50000000, 32.37500000], [129.62500000, 32.25000000], [129.62500000, 32.00000000], [129.62500000, 31.75000000], [129.75000000, 31.62500000], [129.87500000, 31.50000000], [129.87500000, 31.25000000], [130.00000000, 31.12500000], [130.12500000, 31.00000000], [130.12500000, 30.75000000], [130.00000000, 30.62500000], [129.87500000, 30.50000000], [129.87500000, 30.25000000], [130.00000000, 30.12500000], [130.25000000, 30.12500000], [130.37500000, 30.00000000], [130.50000000, 29.87500000], [130.75000000, 29.87500000], [130.87500000, 30.00000000], [131.00000000, 30.12500000], [131.12500000, 30.25000000], [131.25000000, 30.37500000], [131.37500000, 30.50000000], [131.37500000, 30.75000000], [131.37500000, 31.00000000], [131.50000000, 31.12500000], [131.62500000, 31.25000000], [131.62500000, 31.50000000], [131.62500000, 31.75000000], [131.75000000, 31.87500000], [131.87500000, 32.00000000], [131.87500000, 32.25000000], [132.00000000, 32.37500000], [132.12500000, 32.50000000], [132.25000000, 32.62500000], [132.37500000, 32.50000000], [132.50000000, 32.37500000], [132.75000000, 32.37500000], [132.87500000, 32.50000000], [133.00000000, 32.62500000], [133.12500000, 32.75000000], [133.25000000, 32.87500000], [133.37500000, 33.00000000], [133.50000000, 33.12500000], [133.75000000, 33.12500000], [133.87500000, 33.25000000], [133.87500000, 33.50000000], [133.75000000, 33.62500000], [133.50000000, 33.62500000], [133.25000000, 33.62500000], [133.00000000, 33.62500000], [132.87500000, 33.75000000], [132.87500000, 34.00000000], [132.75000000, 34.12500000], [132.62500000, 34.25000000], [132.62500000, 34.50000000], [132.50000000, 34.62500000], [132.25000000, 34.62500000], [132.12500000, 34.75000000], [132.00000000, 34.87500000], [131.75000000, 34.87500000], [131.50000000, 34.87500000], [131.25000000, 34.87500000], [131.12500000, 34.75000000], [131.00000000, 34.62500000], [130.75000000, 34.62500000], [130.62500000, 34.50000000], [130.62500000, 34.25000000], [130.50000000, 34.12500000], [130.25000000, 34.12500000], [130.00000000, 34.12500000], [129.75000000, 34.12500000], [129.50000000, 34.12500000], [129.37500000, 34.00000000], [129.37500000, 33.75000000], [129.25000000, 33.62500000], [129.00000000, 33.62500000], [128.87500000, 33.50000000], [128.87500000, 33.25000000], [128.75000000, 33.12500000], [128.62500000, 33.00000000], [128.50000000, 32.87500000]]]}
    },
    {
      "type": "Feature",
      "properties": {"model_domain_id": "GTC_0017", "rank_domain": 4, "plot_rank": 61, "position_connected_rank": 61, "quicklook_basin_id": "BASIN_WNP", "basin_id": "BASIN_WNP", "basin_label": "Western North Pacific and East Asia", "grid_cell_count": 86, "lowlying_area_km2": 4813.736538, "tc_landfall_count_max": 27, "tc_landfall_max_wind_ms": 56.540000, "priority": 0.59395694, "span_km": 550.778606, "cross_shore_width_km": 198.871857, "contains_estuary_proxy": 1, "domain_ocean_connected": 1, "source_ring_count": 2, "output_vertex_count": 73, "filled_internal_holes": 1, "polygon_contour_mode": "outer_covering_diagonal", "limit_exception_reason": "none"},
      "geometry": {"type": "Polygon", "coordinates": [[[132.50000000, 34.62500000], [132.37500000, 34.50000000], [132.37500000, 34.25000000], [132.37500000, 34.00000000], [132.50000000, 33.87500000], [132.62500000, 33.75000000], [132.75000000, 33.62500000], [133.00000000, 33.62500000], [133.12500000, 33.50000000], [133.25000000, 33.37500000], [133.50000000, 33.37500000], [133.62500000, 33.25000000], [133.75000000, 33.12500000], [134.00000000, 33.12500000], [134.25000000, 33.12500000], [134.37500000, 33.25000000], [134.50000000, 33.37500000], [134.75000000, 33.37500000], [134.87500000, 33.50000000], [135.00000000, 33.62500000], [135.12500000, 33.50000000], [135.25000000, 33.37500000], [135.37500000, 33.25000000], [135.50000000, 33.12500000], [135.75000000, 33.12500000], [136.00000000, 33.12500000], [136.12500000, 33.25000000], [136.25000000, 33.37500000], [136.37500000, 33.50000000], [136.50000000, 33.62500000], [136.62500000, 33.75000000], [136.62500000, 34.00000000], [136.75000000, 34.12500000], [137.00000000, 34.12500000], [137.12500000, 34.25000000], [137.25000000, 34.37500000], [137.50000000, 34.37500000], [137.75000000, 34.37500000], [138.00000000, 34.37500000], [138.12500000, 34.50000000], [138.25000000, 34.62500000], [138.37500000, 34.75000000], [138.37500000, 35.00000000], [138.25000000, 35.12500000], [138.00000000, 35.12500000], [137.75000000, 35.12500000], [137.50000000, 35.12500000], [137.37500000, 35.25000000], [137.25000000, 35.37500000], [137.12500000, 35.50000000], [137.00000000, 35.62500000], [136.75000000, 35.62500000], [136.50000000, 35.62500000], [136.37500000, 35.50000000], [136.37500000, 35.25000000], [136.25000000, 35.12500000], [136.00000000, 35.12500000], [135.75000000, 35.12500000], [135.50000000, 35.12500000], [135.25000000, 35.12500000], [135.00000000, 35.12500000], [134.75000000, 35.12500000], [134.50000000, 35.12500000], [134.25000000, 35.12500000], [134.12500000, 35.00000000], [134.00000000, 34.87500000], [133.75000000, 34.87500000], [133.50000000, 34.87500000], [133.25000000, 34.87500000], [133.12500000, 34.75000000], [133.00000000, 34.62500000], [132.75000000, 34.62500000], [132.50000000, 34.62500000]]]}
    },
    {
      "type": "Feature",
      "properties": {"model_domain_id": "GTC_0022", "rank_domain": 30, "plot_rank": 62, "position_connected_rank": 62, "quicklook_basin_id": "BASIN_WNP", "basin_id": "BASIN_WNP", "basin_label": "Western North Pacific and East Asia", "grid_cell_count": 47, "lowlying_area_km2": 3872.831910, "tc_landfall_count_max": 21, "tc_landfall_max_wind_ms": 53.970000, "priority": 0.41939638, "span_km": 352.812674, "cross_shore_width_km": 142.734062, "contains_estuary_proxy": 1, "domain_ocean_connected": 1, "source_ring_count": 1, "output_vertex_count": 53, "filled_internal_holes": 1, "polygon_contour_mode": "outer_covering_diagonal", "limit_exception_reason": "none"},
      "geometry": {"type": "Polygon", "coordinates": [[[138.00000000, 34.87500000], [137.87500000, 34.75000000], [137.87500000, 34.50000000], [138.00000000, 34.37500000], [138.25000000, 34.37500000], [138.50000000, 34.37500000], [138.75000000, 34.37500000], [139.00000000, 34.37500000], [139.12500000, 34.50000000], [139.25000000, 34.62500000], [139.37500000, 34.75000000], [139.50000000, 34.87500000], [139.62500000, 34.75000000], [139.75000000, 34.62500000], [140.00000000, 34.62500000], [140.12500000, 34.75000000], [140.25000000, 34.87500000], [140.50000000, 34.87500000], [140.62500000, 35.00000000], [140.62500000, 35.25000000], [140.75000000, 35.37500000], [141.00000000, 35.37500000], [141.12500000, 35.50000000], [141.12500000, 35.75000000], [141.12500000, 36.00000000], [141.00000000, 36.12500000], [140.87500000, 36.25000000], [140.87500000, 36.50000000], [141.00000000, 36.62500000], [141.12500000, 36.75000000], [141.12500000, 37.00000000], [141.00000000, 37.12500000], [140.75000000, 37.12500000], [140.50000000, 37.12500000], [140.37500000, 37.00000000], [140.25000000, 36.87500000], [140.12500000, 36.75000000], [140.12500000, 36.50000000], [140.00000000, 36.37500000], [139.75000000, 36.37500000], [139.50000000, 36.37500000], [139.37500000, 36.25000000], [139.25000000, 36.12500000], [139.12500000, 36.00000000], [139.12500000, 35.75000000], [139.00000000, 35.62500000], [138.87500000, 35.50000000], [138.75000000, 35.37500000], [138.50000000, 35.37500000], [138.25000000, 35.37500000], [138.12500000, 35.25000000], [138.12500000, 35.00000000], [138.00000000, 34.87500000]]]}
    },
    {
      "type": "Feature",
      "properties": {"model_domain_id": "GTC_0074", "rank_domain": 56, "plot_rank": 63, "position_connected_rank": 63, "quicklook_basin_id": "BASIN_WNP", "basin_id": "BASIN_WNP", "basin_label": "Western North Pacific and East Asia", "grid_cell_count": 79, "lowlying_area_km2": 2769.690703, "tc_landfall_count_max": 13, "tc_landfall_max_wind_ms": 48.830000, "priority": 0.33773649, "span_km": 604.659947, "cross_shore_width_km": 220.337032, "contains_estuary_proxy": 1, "domain_ocean_connected": 1, "source_ring_count": 1, "output_vertex_count": 103, "filled_internal_holes": 1, "polygon_contour_mode": "outer_covering_diagonal", "limit_exception_reason": "none"},
      "geometry": {"type": "Polygon", "coordinates": [[[139.25000000, 42.37500000], [139.12500000, 42.25000000], [139.12500000, 42.00000000], [139.25000000, 41.87500000], [139.50000000, 41.87500000], [139.62500000, 41.75000000], [139.62500000, 41.50000000], [139.75000000, 41.37500000], [139.87500000, 41.25000000], [139.87500000, 41.00000000], [139.75000000, 40.87500000], [139.62500000, 40.75000000], [139.62500000, 40.50000000], [139.62500000, 40.25000000], [139.50000000, 40.12500000], [139.37500000, 40.00000000], [139.37500000, 39.75000000], [139.50000000, 39.62500000], [139.62500000, 39.50000000], [139.50000000, 39.37500000], [139.37500000, 39.25000000], [139.37500000, 39.00000000], [139.50000000, 38.87500000], [139.75000000, 38.87500000], [140.00000000, 38.87500000], [140.12500000, 39.00000000], [140.25000000, 39.12500000], [140.50000000, 39.12500000], [140.62500000, 39.25000000], [140.62500000, 39.50000000], [140.62500000, 39.75000000], [140.50000000, 39.87500000], [140.37500000, 40.00000000], [140.37500000, 40.25000000], [140.37500000, 40.50000000], [140.50000000, 40.62500000], [140.75000000, 40.62500000], [140.87500000, 40.50000000], [141.00000000, 40.37500000], [141.12500000, 40.25000000], [141.25000000, 40.12500000], [141.37500000, 40.00000000], [141.50000000, 39.87500000], [141.62500000, 39.75000000], [141.62500000, 39.50000000], [141.50000000, 39.37500000], [141.37500000, 39.25000000], [141.25000000, 39.12500000], [141.00000000, 39.12500000], [140.87500000, 39.00000000], [140.87500000, 38.75000000], [140.75000000, 38.62500000], [140.62500000, 38.50000000], [140.50000000, 38.37500000], [140.37500000, 38.25000000], [140.37500000, 38.00000000], [140.50000000, 37.87500000], [140.62500000, 37.75000000], [140.62500000, 37.50000000], [140.62500000, 37.25000000], [140.62500000, 37.00000000], [140.75000000, 36.87500000], [141.00000000, 36.87500000], [141.25000000, 36.87500000], [141.37500000, 37.00000000], [141.37500000, 37.25000000], [141.37500000, 37.50000000], [141.37500000, 37.75000000], [141.37500000, 38.00000000], [141.50000000, 38.12500000], [141.75000000, 38.12500000], [141.87500000, 38.25000000], [141.87500000, 38.50000000], [141.87500000, 38.75000000], [142.00000000, 38.87500000], [142.12500000, 39.00000000], [142.12500000, 39.25000000], [142.25000000, 39.37500000], [142.37500000, 39.50000000], [142.37500000, 39.75000000], [142.25000000, 39.87500000], [142.12500000, 40.00000000], [142.12500000, 40.25000000], [142.00000000, 40.37500000], [141.87500000, 40.50000000], [141.87500000, 40.75000000], [141.75000000, 40.87500000], [141.62500000, 41.00000000], [141.62500000, 41.25000000], [141.62500000, 41.50000000], [141.50000000, 41.62500000], [141.37500000, 41.75000000], [141.37500000, 42.00000000], [141.25000000, 42.12500000], [141.00000000, 42.12500000], [140.75000000, 42.12500000], [140.50000000, 42.12500000], [140.37500000, 42.25000000], [140.25000000, 42.37500000], [140.00000000, 42.37500000], [139.75000000, 42.37500000], [139.50000000, 42.37500000], [139.25000000, 42.37500000]]]}
    },
    {
      "type": "Feature",
      "properties": {"model_domain_id": "GTC_0047", "rank_domain": 64, "plot_rank": 64, "position_connected_rank": 64, "quicklook_basin_id": "BASIN_WNP", "basin_id": "BASIN_WNP", "basin_label": "Western North Pacific and East Asia", "grid_cell_count": 18, "lowlying_area_km2": 1560.937272, "tc_landfall_count_max": 13, "tc_landfall_max_wind_ms": 46.260000, "priority": 0.31495591, "span_km": 262.279710, "cross_shore_width_km": 61.187448, "contains_estuary_proxy": 1, "domain_ocean_connected": 1, "source_ring_count": 1, "output_vertex_count": 39, "filled_internal_holes": 1, "polygon_contour_mode": "outer_covering_diagonal", "limit_exception_reason": "none"},
      "geometry": {"type": "Polygon", "coordinates": [[[137.75000000, 37.37500000], [137.62500000, 37.25000000], [137.62500000, 37.00000000], [137.75000000, 36.87500000], [138.00000000, 36.87500000], [138.25000000, 36.87500000], [138.50000000, 36.87500000], [138.62500000, 37.00000000], [138.75000000, 37.12500000], [138.87500000, 37.25000000], [139.00000000, 37.37500000], [139.25000000, 37.37500000], [139.37500000, 37.50000000], [139.50000000, 37.62500000], [139.62500000, 37.75000000], [139.62500000, 38.00000000], [139.75000000, 38.12500000], [139.87500000, 38.25000000], [140.00000000, 38.37500000], [140.12500000, 38.50000000], [140.12500000, 38.75000000], [140.12500000, 39.00000000], [140.00000000, 39.12500000], [139.75000000, 39.12500000], [139.62500000, 39.00000000], [139.50000000, 38.87500000], [139.37500000, 38.75000000], [139.25000000, 38.62500000], [139.00000000, 38.62500000], [138.87500000, 38.50000000], [138.87500000, 38.25000000], [138.75000000, 38.12500000], [138.62500000, 38.00000000], [138.50000000, 37.87500000], [138.37500000, 37.75000000], [138.25000000, 37.62500000], [138.12500000, 37.50000000], [138.00000000, 37.37500000], [137.75000000, 37.37500000]]]}
    },
    {
      "type": "Feature",
      "properties": {"model_domain_id": "GTC_0097", "rank_domain": 97, "plot_rank": 65, "position_connected_rank": 65, "quicklook_basin_id": "BASIN_WNP", "basin_id": "BASIN_WNP", "basin_label": "Western North Pacific and East Asia", "grid_cell_count": 12, "lowlying_area_km2": 104.311095, "tc_landfall_count_max": 2, "tc_landfall_max_wind_ms": 34.952000, "priority": 0.00000000, "span_km": 132.471708, "cross_shore_width_km": 92.383860, "contains_estuary_proxy": 1, "domain_ocean_connected": 1, "source_ring_count": 1, "output_vertex_count": 29, "filled_internal_holes": 1, "polygon_contour_mode": "outer_covering_diagonal", "limit_exception_reason": "none"},
      "geometry": {"type": "Polygon", "coordinates": [[[142.00000000, 42.87500000], [141.87500000, 42.75000000], [141.87500000, 42.50000000], [141.87500000, 42.25000000], [142.00000000, 42.12500000], [142.25000000, 42.12500000], [142.37500000, 42.00000000], [142.50000000, 41.87500000], [142.75000000, 41.87500000], [142.87500000, 41.75000000], [143.00000000, 41.62500000], [143.25000000, 41.62500000], [143.50000000, 41.62500000], [143.62500000, 41.75000000], [143.62500000, 42.00000000], [143.62500000, 42.25000000], [143.62500000, 42.50000000], [143.62500000, 42.75000000], [143.50000000, 42.87500000], [143.25000000, 42.87500000], [143.12500000, 42.75000000], [143.12500000, 42.50000000], [143.00000000, 42.37500000], [142.87500000, 42.50000000], [142.75000000, 42.62500000], [142.50000000, 42.62500000], [142.37500000, 42.75000000], [142.25000000, 42.87500000], [142.00000000, 42.87500000]]]}
    },
    {
      "type": "Feature",
      "properties": {"model_domain_id": "GTC_0043", "rank_domain": 62, "plot_rank": 66, "position_connected_rank": 66, "quicklook_basin_id": "BASIN_SIO", "basin_id": "BASIN_SIO", "basin_label": "South Indian Ocean", "grid_cell_count": 44, "lowlying_area_km2": 6247.545061, "tc_landfall_count_max": 8, "tc_landfall_max_wind_ms": 59.110000, "priority": 0.32268905, "span_km": 517.655416, "cross_shore_width_km": 148.889695, "contains_estuary_proxy": 1, "domain_ocean_connected": 1, "source_ring_count": 1, "output_vertex_count": 61, "filled_internal_holes": 1, "polygon_contour_mode": "outer_covering_diagonal", "limit_exception_reason": "none"},
      "geometry": {"type": "Polygon", "coordinates": [[[34.25000000, -19.12500000], [34.12500000, -19.25000000], [34.12500000, -19.50000000], [34.12500000, -19.75000000], [34.12500000, -20.00000000], [34.12500000, -20.25000000], [34.12500000, -20.50000000], [34.25000000, -20.62500000], [34.37500000, -20.75000000], [34.50000000, -20.87500000], [34.62500000, -21.00000000], [34.62500000, -21.25000000], [34.62500000, -21.50000000], [34.75000000, -21.62500000], [34.87500000, -21.75000000], [35.00000000, -21.87500000], [35.12500000, -22.00000000], [35.12500000, -22.25000000], [35.12500000, -22.50000000], [35.12500000, -22.75000000], [35.12500000, -23.00000000], [35.12500000, -23.25000000], [35.12500000, -23.50000000], [35.12500000, -23.75000000], [35.25000000, -23.87500000], [35.50000000, -23.87500000], [35.62500000, -23.75000000], [35.62500000, -23.50000000], [35.75000000, -23.37500000], [35.87500000, -23.25000000], [35.87500000, -23.00000000], [35.87500000, -22.75000000], [35.87500000, -22.50000000], [35.87500000, -22.25000000], [35.87500000, -22.00000000], [35.75000000, -21.87500000], [35.62500000, -21.75000000], [35.62500000, -21.50000000], [35.50000000, -21.37500000], [35.37500000, -21.25000000], [35.37500000, -21.00000000], [35.37500000, -20.75000000], [35.37500000, -20.50000000], [35.25000000, -20.37500000], [35.12500000, -20.25000000], [35.25000000, -20.12500000], [35.37500000, -20.00000000], [35.50000000, -19.87500000], [35.62500000, -19.75000000], [35.75000000, -19.62500000], [35.87500000, -19.50000000], [35.87500000, -19.25000000], [35.87500000, -19.00000000], [35.75000000, -18.87500000], [35.50000000, -18.87500000], [35.37500000, -19.00000000], [35.25000000, -19.12500000], [35.00000000, -19.12500000], [34.75000000, -19.12500000], [34.50000000, -19.12500000], [34.25000000, -19.12500000]]]}
    },
    {
      "type": "Feature",
      "properties": {"model_domain_id": "GTC_0055", "rank_domain": 65, "plot_rank": 67, "position_connected_rank": 67, "quicklook_basin_id": "BASIN_SIO", "basin_id": "BASIN_SIO", "basin_label": "South Indian Ocean", "grid_cell_count": 35, "lowlying_area_km2": 13328.708992, "tc_landfall_count_max": 6, "tc_landfall_max_wind_ms": 59.110000, "priority": 0.31218108, "span_km": 287.557980, "cross_shore_width_km": 101.028578, "contains_estuary_proxy": 1, "domain_ocean_connected": 1, "source_ring_count": 1, "output_vertex_count": 39, "filled_internal_holes": 1, "polygon_contour_mode": "outer_covering_diagonal", "limit_exception_reason": "none"},
      "geometry": {"type": "Polygon", "coordinates": [[[35.50000000, -18.12500000], [35.37500000, -18.25000000], [35.37500000, -18.50000000], [35.37500000, -18.75000000], [35.37500000, -19.00000000], [35.50000000, -19.12500000], [35.62500000, -19.25000000], [35.75000000, -19.37500000], [36.00000000, -19.37500000], [36.12500000, -19.25000000], [36.25000000, -19.12500000], [36.50000000, -19.12500000], [36.62500000, -19.00000000], [36.75000000, -18.87500000], [36.87500000, -18.75000000], [37.00000000, -18.62500000], [37.12500000, -18.50000000], [37.12500000, -18.25000000], [37.25000000, -18.12500000], [37.37500000, -18.00000000], [37.50000000, -17.87500000], [37.75000000, -17.87500000], [37.87500000, -17.75000000], [37.87500000, -17.50000000], [37.87500000, -17.25000000], [37.75000000, -17.12500000], [37.50000000, -17.12500000], [37.25000000, -17.12500000], [37.00000000, -17.12500000], [36.75000000, -17.12500000], [36.62500000, -17.25000000], [36.50000000, -17.37500000], [36.37500000, -17.50000000], [36.25000000, -17.62500000], [36.00000000, -17.62500000], [35.87500000, -17.75000000], [35.75000000, -17.87500000], [35.62500000, -18.00000000], [35.50000000, -18.12500000]]]}
    },
    {
      "type": "Feature",
      "properties": {"model_domain_id": "GTC_0087", "rank_domain": 81, "plot_rank": 68, "position_connected_rank": 68, "quicklook_basin_id": "BASIN_SIO", "basin_id": "BASIN_SIO", "basin_label": "South Indian Ocean", "grid_cell_count": 49, "lowlying_area_km2": 3841.119132, "tc_landfall_count_max": 4, "tc_landfall_max_wind_ms": 61.680000, "priority": 0.23257090, "span_km": 609.810075, "cross_shore_width_km": 187.192472, "contains_estuary_proxy": 0, "domain_ocean_connected": 1, "source_ring_count": 1, "output_vertex_count": 73, "filled_internal_holes": 1, "polygon_contour_mode": "outer_covering_diagonal", "limit_exception_reason": "none"},
      "geometry": {"type": "Polygon", "coordinates": [[[37.50000000, -16.87500000], [37.37500000, -17.00000000], [37.37500000, -17.25000000], [37.50000000, -17.37500000], [37.62500000, -17.50000000], [37.75000000, -17.62500000], [38.00000000, -17.62500000], [38.25000000, -17.62500000], [38.37500000, -17.50000000], [38.50000000, -17.37500000], [38.75000000, -17.37500000], [39.00000000, -17.37500000], [39.25000000, -17.37500000], [39.37500000, -17.25000000], [39.50000000, -17.12500000], [39.62500000, -17.00000000], [39.75000000, -16.87500000], [40.00000000, -16.87500000], [40.12500000, -16.75000000], [40.12500000, -16.50000000], [40.25000000, -16.37500000], [40.37500000, -16.25000000], [40.50000000, -16.12500000], [40.62500000, -16.00000000], [40.75000000, -15.87500000], [40.87500000, -15.75000000], [40.87500000, -15.50000000], [41.00000000, -15.37500000], [41.12500000, -15.25000000], [41.12500000, -15.00000000], [41.12500000, -14.75000000], [41.12500000, -14.50000000], [41.12500000, -14.25000000], [41.00000000, -14.12500000], [40.87500000, -14.00000000], [40.87500000, -13.75000000], [40.87500000, -13.50000000], [40.87500000, -13.25000000], [40.87500000, -13.00000000], [40.87500000, -12.75000000], [40.75000000, -12.62500000], [40.50000000, -12.62500000], [40.25000000, -12.62500000], [40.12500000, -12.75000000], [40.12500000, -13.00000000], [40.12500000, -13.25000000], [40.12500000, -13.50000000], [40.12500000, -13.75000000], [40.25000000, -13.87500000], [40.37500000, -14.00000000], [40.37500000, -14.25000000], [40.37500000, -14.50000000], [40.37500000, -14.75000000], [40.25000000, -14.87500000], [40.12500000, -15.00000000], [40.12500000, -15.25000000], [40.12500000, -15.50000000], [40.00000000, -15.62500000], [39.75000000, -15.62500000], [39.62500000, -15.75000000], [39.50000000, -15.87500000], [39.37500000, -16.00000000], [39.37500000, -16.25000000], [39.25000000, -16.37500000], [39.00000000, -16.37500000], [38.87500000, -16.50000000], [38.75000000, -16.62500000], [38.50000000, -16.62500000], [38.25000000, -16.62500000], [38.12500000, -16.75000000], [38.00000000, -16.87500000], [37.75000000, -16.87500000], [37.50000000, -16.87500000]]]}
    },
    {
      "type": "Feature",
      "properties": {"model_domain_id": "GTC_0068", "rank_domain": 87, "plot_rank": 69, "position_connected_rank": 69, "quicklook_basin_id": "BASIN_SIO", "basin_id": "BASIN_SIO", "basin_label": "South Indian Ocean", "grid_cell_count": 40, "lowlying_area_km2": 2725.898867, "tc_landfall_count_max": 4, "tc_landfall_max_wind_ms": 51.400000, "priority": 0.20226841, "span_km": 585.023043, "cross_shore_width_km": 166.640358, "contains_estuary_proxy": 1, "domain_ocean_connected": 1, "source_ring_count": 1, "output_vertex_count": 71, "filled_internal_holes": 1, "polygon_contour_mode": "outer_covering_diagonal", "limit_exception_reason": "none"},
      "geometry": {"type": "Polygon", "coordinates": [[[43.00000000, -21.87500000], [42.87500000, -22.00000000], [42.87500000, -22.25000000], [42.87500000, -22.50000000], [43.00000000, -22.62500000], [43.12500000, -22.75000000], [43.12500000, -23.00000000], [43.12500000, -23.25000000], [43.25000000, -23.37500000], [43.37500000, -23.50000000], [43.37500000, -23.75000000], [43.37500000, -24.00000000], [43.37500000, -24.25000000], [43.37500000, -24.50000000], [43.50000000, -24.62500000], [43.62500000, -24.75000000], [43.62500000, -25.00000000], [43.75000000, -25.12500000], [43.87500000, -25.25000000], [44.00000000, -25.37500000], [44.12500000, -25.50000000], [44.25000000, -25.62500000], [44.50000000, -25.62500000], [44.75000000, -25.62500000], [45.00000000, -25.62500000], [45.12500000, -25.50000000], [45.12500000, -25.25000000], [45.00000000, -25.12500000], [44.87500000, -25.00000000], [44.75000000, -24.87500000], [44.50000000, -24.87500000], [44.37500000, -24.75000000], [44.25000000, -24.62500000], [44.12500000, -24.50000000], [44.12500000, -24.25000000], [44.12500000, -24.00000000], [44.12500000, -23.75000000], [44.12500000, -23.50000000], [44.12500000, -23.25000000], [44.00000000, -23.12500000], [43.87500000, -23.00000000], [43.87500000, -22.75000000], [43.75000000, -22.62500000], [43.62500000, -22.50000000], [43.62500000, -22.25000000], [43.75000000, -22.12500000], [43.87500000, -22.00000000], [43.87500000, -21.75000000], [44.00000000, -21.62500000], [44.12500000, -21.50000000], [44.12500000, -21.25000000], [44.25000000, -21.12500000], [44.37500000, -21.00000000], [44.37500000, -20.75000000], [44.50000000, -20.62500000], [44.62500000, -20.50000000], [44.62500000, -20.25000000], [44.50000000, -20.12500000], [44.25000000, -20.12500000], [44.00000000, -20.12500000], [43.87500000, -20.25000000], [43.87500000, -20.50000000], [43.75000000, -20.62500000], [43.62500000, -20.75000000], [43.62500000, -21.00000000], [43.50000000, -21.12500000], [43.25000000, -21.12500000], [43.12500000, -21.25000000], [43.12500000, -21.50000000], [43.12500000, -21.75000000], [43.00000000, -21.87500000]]]}
    },
    {
      "type": "Feature",
      "properties": {"model_domain_id": "GTC_0071", "rank_domain": 84, "plot_rank": 70, "position_connected_rank": 70, "quicklook_basin_id": "BASIN_SIO", "basin_id": "BASIN_SIO", "basin_label": "South Indian Ocean", "grid_cell_count": 14, "lowlying_area_km2": 1600.512019, "tc_landfall_count_max": 5, "tc_landfall_max_wind_ms": 51.400000, "priority": 0.21043548, "span_km": 159.863554, "cross_shore_width_km": 71.178466, "contains_estuary_proxy": 1, "domain_ocean_connected": 1, "source_ring_count": 1, "output_vertex_count": 27, "filled_internal_holes": 1, "polygon_contour_mode": "outer_covering_diagonal", "limit_exception_reason": "none"},
      "geometry": {"type": "Polygon", "coordinates": [[[44.00000000, -18.62500000], [43.87500000, -18.75000000], [43.87500000, -19.00000000], [43.87500000, -19.25000000], [44.00000000, -19.37500000], [44.12500000, -19.50000000], [44.12500000, -19.75000000], [44.12500000, -20.00000000], [44.12500000, -20.25000000], [44.25000000, -20.37500000], [44.50000000, -20.37500000], [44.75000000, -20.37500000], [44.87500000, -20.25000000], [45.00000000, -20.12500000], [45.12500000, -20.00000000], [45.12500000, -19.75000000], [45.12500000, -19.50000000], [45.00000000, -19.37500000], [44.75000000, -19.37500000], [44.62500000, -19.25000000], [44.75000000, -19.12500000], [44.87500000, -19.00000000], [44.87500000, -18.75000000], [44.75000000, -18.62500000], [44.50000000, -18.62500000], [44.25000000, -18.62500000], [44.00000000, -18.62500000]]]}
    },
    {
      "type": "Feature",
      "properties": {"model_domain_id": "GTC_0070", "rank_domain": 71, "plot_rank": 71, "position_connected_rank": 71, "quicklook_basin_id": "BASIN_SIO", "basin_id": "BASIN_SIO", "basin_label": "South Indian Ocean", "grid_cell_count": 26, "lowlying_area_km2": 2905.235273, "tc_landfall_count_max": 7, "tc_landfall_max_wind_ms": 51.400000, "priority": 0.26810484, "span_km": 333.779834, "cross_shore_width_km": 95.809985, "contains_estuary_proxy": 1, "domain_ocean_connected": 1, "source_ring_count": 1, "output_vertex_count": 45, "filled_internal_holes": 1, "polygon_contour_mode": "outer_covering_diagonal", "limit_exception_reason": "none"},
      "geometry": {"type": "Polygon", "coordinates": [[[43.75000000, -17.12500000], [43.62500000, -17.25000000], [43.62500000, -17.50000000], [43.62500000, -17.75000000], [43.75000000, -17.87500000], [43.87500000, -18.00000000], [43.75000000, -18.12500000], [43.62500000, -18.25000000], [43.62500000, -18.50000000], [43.75000000, -18.62500000], [43.87500000, -18.75000000], [44.00000000, -18.87500000], [44.25000000, -18.87500000], [44.50000000, -18.87500000], [44.62500000, -18.75000000], [44.62500000, -18.50000000], [44.50000000, -18.37500000], [44.37500000, -18.25000000], [44.37500000, -18.00000000], [44.37500000, -17.75000000], [44.37500000, -17.50000000], [44.50000000, -17.37500000], [44.62500000, -17.25000000], [44.75000000, -17.12500000], [44.87500000, -17.00000000], [44.87500000, -16.75000000], [45.00000000, -16.62500000], [45.25000000, -16.62500000], [45.37500000, -16.50000000], [45.37500000, -16.25000000], [45.37500000, -16.00000000], [45.37500000, -15.75000000], [45.25000000, -15.62500000], [45.00000000, -15.62500000], [44.87500000, -15.75000000], [44.75000000, -15.87500000], [44.50000000, -15.87500000], [44.25000000, -15.87500000], [44.12500000, -16.00000000], [44.12500000, -16.25000000], [44.12500000, -16.50000000], [44.00000000, -16.62500000], [43.87500000, -16.75000000], [43.87500000, -17.00000000], [43.75000000, -17.12500000]]]}
    },
    {
      "type": "Feature",
      "properties": {"model_domain_id": "GTC_0044", "rank_domain": 47, "plot_rank": 72, "position_connected_rank": 72, "quicklook_basin_id": "BASIN_SIO", "basin_id": "BASIN_SIO", "basin_label": "South Indian Ocean", "grid_cell_count": 55, "lowlying_area_km2": 4815.906553, "tc_landfall_count_max": 11, "tc_landfall_max_wind_ms": 63.222000, "priority": 0.36149678, "span_km": 463.730535, "cross_shore_width_km": 195.423969, "contains_estuary_proxy": 1, "domain_ocean_connected": 1, "source_ring_count": 1, "output_vertex_count": 57, "filled_internal_holes": 1, "polygon_contour_mode": "outer_covering_diagonal", "limit_exception_reason": "none"},
      "geometry": {"type": "Polygon", "coordinates": [[[45.25000000, -15.62500000], [45.12500000, -15.75000000], [45.12500000, -16.00000000], [45.12500000, -16.25000000], [45.25000000, -16.37500000], [45.50000000, -16.37500000], [45.75000000, -16.37500000], [46.00000000, -16.37500000], [46.12500000, -16.50000000], [46.25000000, -16.62500000], [46.37500000, -16.75000000], [46.50000000, -16.87500000], [46.75000000, -16.87500000], [47.00000000, -16.87500000], [47.12500000, -16.75000000], [47.12500000, -16.50000000], [47.12500000, -16.25000000], [47.25000000, -16.12500000], [47.37500000, -16.00000000], [47.50000000, -15.87500000], [47.75000000, -15.87500000], [47.87500000, -15.75000000], [48.00000000, -15.62500000], [48.12500000, -15.50000000], [48.12500000, -15.25000000], [48.25000000, -15.12500000], [48.37500000, -15.00000000], [48.37500000, -14.75000000], [48.37500000, -14.50000000], [48.37500000, -14.25000000], [48.50000000, -14.12500000], [48.62500000, -14.00000000], [48.62500000, -13.75000000], [48.50000000, -13.62500000], [48.25000000, -13.62500000], [48.12500000, -13.50000000], [48.00000000, -13.37500000], [47.75000000, -13.37500000], [47.62500000, -13.50000000], [47.62500000, -13.75000000], [47.62500000, -14.00000000], [47.50000000, -14.12500000], [47.37500000, -14.25000000], [47.25000000, -14.37500000], [47.12500000, -14.50000000], [47.00000000, -14.62500000], [46.87500000, -14.75000000], [46.75000000, -14.87500000], [46.62500000, -15.00000000], [46.50000000, -15.12500000], [46.37500000, -15.25000000], [46.25000000, -15.37500000], [46.00000000, -15.37500000], [45.87500000, -15.50000000], [45.75000000, -15.62500000], [45.50000000, -15.62500000], [45.25000000, -15.62500000]]]}
    },
    {
      "type": "Feature",
      "properties": {"model_domain_id": "GTC_0058", "rank_domain": 55, "plot_rank": 73, "position_connected_rank": 73, "quicklook_basin_id": "BASIN_SIO", "basin_id": "BASIN_SIO", "basin_label": "South Indian Ocean", "grid_cell_count": 32, "lowlying_area_km2": 2073.762825, "tc_landfall_count_max": 10, "tc_landfall_max_wind_ms": 71.960000, "priority": 0.34007000, "span_km": 291.514361, "cross_shore_width_km": 221.778143, "contains_estuary_proxy": 1, "domain_ocean_connected": 1, "source_ring_count": 1, "output_vertex_count": 45, "filled_internal_holes": 1, "polygon_contour_mode": "outer_covering_diagonal", "limit_exception_reason": "none"},
      "geometry": {"type": "Polygon", "coordinates": [[[48.00000000, -13.12500000], [47.87500000, -13.25000000], [47.87500000, -13.50000000], [47.87500000, -13.75000000], [48.00000000, -13.87500000], [48.25000000, -13.87500000], [48.50000000, -13.87500000], [48.75000000, -13.87500000], [48.87500000, -13.75000000], [49.00000000, -13.62500000], [49.12500000, -13.50000000], [49.25000000, -13.37500000], [49.37500000, -13.25000000], [49.50000000, -13.12500000], [49.62500000, -13.25000000], [49.62500000, -13.50000000], [49.62500000, -13.75000000], [49.75000000, -13.87500000], [50.00000000, -13.87500000], [50.25000000, -13.87500000], [50.37500000, -13.75000000], [50.37500000, -13.50000000], [50.37500000, -13.25000000], [50.25000000, -13.12500000], [50.12500000, -13.00000000], [50.12500000, -12.75000000], [50.00000000, -12.62500000], [49.87500000, -12.50000000], [49.87500000, -12.25000000], [49.75000000, -12.12500000], [49.62500000, -12.00000000], [49.62500000, -11.75000000], [49.50000000, -11.62500000], [49.25000000, -11.62500000], [49.00000000, -11.62500000], [48.87500000, -11.75000000], [48.87500000, -12.00000000], [48.75000000, -12.12500000], [48.50000000, -12.12500000], [48.37500000, -12.25000000], [48.37500000, -12.50000000], [48.37500000, -12.75000000], [48.25000000, -12.87500000], [48.12500000, -13.00000000], [48.00000000, -13.12500000]]]}
    },
    {
      "type": "Feature",
      "properties": {"model_domain_id": "GTC_0036", "rank_domain": 43, "plot_rank": 74, "position_connected_rank": 74, "quicklook_basin_id": "BASIN_SIO", "basin_id": "BASIN_SIO", "basin_label": "South Indian Ocean", "grid_cell_count": 36, "lowlying_area_km2": 2161.158633, "tc_landfall_count_max": 13, "tc_landfall_max_wind_ms": 71.960000, "priority": 0.37411871, "span_km": 491.671281, "cross_shore_width_km": 90.098230, "contains_estuary_proxy": 1, "domain_ocean_connected": 1, "source_ring_count": 1, "output_vertex_count": 55, "filled_internal_holes": 1, "polygon_contour_mode": "outer_covering_diagonal", "limit_exception_reason": "none"},
      "geometry": {"type": "Polygon", "coordinates": [[[49.00000000, -17.87500000], [48.87500000, -18.00000000], [48.87500000, -18.25000000], [49.00000000, -18.37500000], [49.25000000, -18.37500000], [49.50000000, -18.37500000], [49.62500000, -18.25000000], [49.75000000, -18.12500000], [49.87500000, -18.00000000], [49.87500000, -17.75000000], [49.87500000, -17.50000000], [50.00000000, -17.37500000], [50.12500000, -17.25000000], [50.25000000, -17.12500000], [50.37500000, -17.00000000], [50.37500000, -16.75000000], [50.25000000, -16.62500000], [50.12500000, -16.50000000], [50.12500000, -16.25000000], [50.25000000, -16.12500000], [50.50000000, -16.12500000], [50.62500000, -16.00000000], [50.62500000, -15.75000000], [50.62500000, -15.50000000], [50.62500000, -15.25000000], [50.62500000, -15.00000000], [50.62500000, -14.75000000], [50.50000000, -14.62500000], [50.37500000, -14.50000000], [50.37500000, -14.25000000], [50.37500000, -14.00000000], [50.37500000, -13.75000000], [50.25000000, -13.62500000], [50.00000000, -13.62500000], [49.87500000, -13.75000000], [49.87500000, -14.00000000], [49.87500000, -14.25000000], [49.87500000, -14.50000000], [49.87500000, -14.75000000], [49.87500000, -15.00000000], [49.75000000, -15.12500000], [49.50000000, -15.12500000], [49.37500000, -15.25000000], [49.37500000, -15.50000000], [49.37500000, -15.75000000], [49.37500000, -16.00000000], [49.37500000, -16.25000000], [49.37500000, -16.50000000], [49.25000000, -16.62500000], [49.12500000, -16.75000000], [49.12500000, -17.00000000], [49.12500000, -17.25000000], [49.12500000, -17.50000000], [49.12500000, -17.75000000], [49.00000000, -17.87500000]]]}
    },
    {
      "type": "Feature",
      "properties": {"model_domain_id": "GTC_0060", "rank_domain": 60, "plot_rank": 75, "position_connected_rank": 75, "quicklook_basin_id": "BASIN_SIO", "basin_id": "BASIN_SIO", "basin_label": "South Indian Ocean", "grid_cell_count": 38, "lowlying_area_km2": 3027.964137, "tc_landfall_count_max": 10, "tc_landfall_max_wind_ms": 59.110000, "priority": 0.32736264, "span_km": 506.968922, "cross_shore_width_km": 56.947131, "contains_estuary_proxy": 1, "domain_ocean_connected": 1, "source_ring_count": 1, "output_vertex_count": 57, "filled_internal_holes": 1, "polygon_contour_mode": "outer_covering_diagonal", "limit_exception_reason": "none"},
      "geometry": {"type": "Polygon", "coordinates": [[[47.50000000, -21.87500000], [47.37500000, -22.00000000], [47.37500000, -22.25000000], [47.37500000, -22.50000000], [47.37500000, -22.75000000], [47.50000000, -22.87500000], [47.75000000, -22.87500000], [48.00000000, -22.87500000], [48.12500000, -22.75000000], [48.12500000, -22.50000000], [48.25000000, -22.37500000], [48.37500000, -22.25000000], [48.37500000, -22.00000000], [48.50000000, -21.87500000], [48.62500000, -21.75000000], [48.62500000, -21.50000000], [48.62500000, -21.25000000], [48.62500000, -21.00000000], [48.75000000, -20.87500000], [48.87500000, -20.75000000], [48.87500000, -20.50000000], [49.00000000, -20.37500000], [49.12500000, -20.25000000], [49.12500000, -20.00000000], [49.12500000, -19.75000000], [49.12500000, -19.50000000], [49.25000000, -19.37500000], [49.37500000, -19.25000000], [49.37500000, -19.00000000], [49.50000000, -18.87500000], [49.62500000, -18.75000000], [49.62500000, -18.50000000], [49.62500000, -18.25000000], [49.50000000, -18.12500000], [49.25000000, -18.12500000], [49.00000000, -18.12500000], [48.87500000, -18.25000000], [48.75000000, -18.37500000], [48.62500000, -18.50000000], [48.62500000, -18.75000000], [48.62500000, -19.00000000], [48.62500000, -19.25000000], [48.50000000, -19.37500000], [48.37500000, -19.50000000], [48.37500000, -19.75000000], [48.25000000, -19.87500000], [48.12500000, -20.00000000], [48.12500000, -20.25000000], [48.12500000, -20.50000000], [48.12500000, -20.75000000], [48.00000000, -20.87500000], [47.87500000, -21.00000000], [47.87500000, -21.25000000], [47.75000000, -21.37500000], [47.62500000, -21.50000000], [47.62500000, -21.75000000], [47.50000000, -21.87500000]]]}
    },
    {
      "type": "Feature",
      "properties": {"model_domain_id": "GTC_0090", "rank_domain": 95, "plot_rank": 76, "position_connected_rank": 76, "quicklook_basin_id": "BASIN_SIO", "basin_id": "BASIN_SIO", "basin_label": "South Indian Ocean", "grid_cell_count": 11, "lowlying_area_km2": 564.388411, "tc_landfall_count_max": 2, "tc_landfall_max_wind_ms": 59.110000, "priority": 0.09850042, "span_km": 148.169422, "cross_shore_width_km": 43.150389, "contains_estuary_proxy": 1, "domain_ocean_connected": 1, "source_ring_count": 1, "output_vertex_count": 23, "filled_internal_holes": 1, "polygon_contour_mode": "outer_covering_diagonal", "limit_exception_reason": "none"},
      "geometry": {"type": "Polygon", "coordinates": [[[47.00000000, -24.12500000], [46.87500000, -24.25000000], [46.87500000, -24.50000000], [46.87500000, -24.75000000], [47.00000000, -24.87500000], [47.25000000, -24.87500000], [47.50000000, -24.87500000], [47.62500000, -24.75000000], [47.62500000, -24.50000000], [47.62500000, -24.25000000], [47.75000000, -24.12500000], [47.87500000, -24.00000000], [47.87500000, -23.75000000], [47.87500000, -23.50000000], [47.87500000, -23.25000000], [47.75000000, -23.12500000], [47.50000000, -23.12500000], [47.25000000, -23.12500000], [47.12500000, -23.25000000], [47.12500000, -23.50000000], [47.12500000, -23.75000000], [47.12500000, -24.00000000], [47.00000000, -24.12500000]]]}
    },
    {
      "type": "Feature",
      "properties": {"model_domain_id": "GTC_0081", "rank_domain": 69, "plot_rank": 77, "position_connected_rank": 77, "quicklook_basin_id": "BASIN_NIO", "basin_id": "BASIN_NIO", "basin_label": "North Indian Ocean", "grid_cell_count": 15, "lowlying_area_km2": 1843.560883, "tc_landfall_count_max": 2, "tc_landfall_max_wind_ms": 50.372000, "priority": 0.27497126, "span_km": 171.373854, "cross_shore_width_km": 86.848337, "contains_estuary_proxy": 1, "domain_ocean_connected": 1, "source_ring_count": 1, "output_vertex_count": 29, "filled_internal_holes": 1, "polygon_contour_mode": "outer_covering_diagonal", "limit_exception_reason": "none"},
      "geometry": {"type": "Polygon", "coordinates": [[[57.75000000, 20.62500000], [57.62500000, 20.50000000], [57.62500000, 20.25000000], [57.62500000, 20.00000000], [57.75000000, 19.87500000], [58.00000000, 19.87500000], [58.12500000, 20.00000000], [58.25000000, 20.12500000], [58.37500000, 20.00000000], [58.50000000, 19.87500000], [58.75000000, 19.87500000], [58.87500000, 20.00000000], [59.00000000, 20.12500000], [59.12500000, 20.25000000], [59.12500000, 20.50000000], [59.12500000, 20.75000000], [59.25000000, 20.87500000], [59.37500000, 21.00000000], [59.37500000, 21.25000000], [59.25000000, 21.37500000], [59.00000000, 21.37500000], [58.75000000, 21.37500000], [58.62500000, 21.25000000], [58.50000000, 21.12500000], [58.37500000, 21.00000000], [58.25000000, 20.87500000], [58.00000000, 20.87500000], [57.87500000, 20.75000000], [57.75000000, 20.62500000]]]}
    },
    {
      "type": "Feature",
      "properties": {"model_domain_id": "GTC_0076", "rank_domain": 25, "plot_rank": 78, "position_connected_rank": 78, "quicklook_basin_id": "BASIN_NIO", "basin_id": "BASIN_NIO", "basin_label": "North Indian Ocean", "grid_cell_count": 63, "lowlying_area_km2": 23424.626112, "tc_landfall_count_max": 2, "tc_landfall_max_wind_ms": 56.540000, "priority": 0.45495327, "span_km": 377.631689, "cross_shore_width_km": 217.569946, "contains_estuary_proxy": 1, "domain_ocean_connected": 1, "source_ring_count": 1, "output_vertex_count": 51, "filled_internal_holes": 1, "polygon_contour_mode": "outer_covering_diagonal", "limit_exception_reason": "none"},
      "geometry": {"type": "Polygon", "coordinates": [[[68.25000000, 23.87500000], [68.12500000, 23.75000000], [68.12500000, 23.50000000], [68.12500000, 23.25000000], [68.25000000, 23.12500000], [68.37500000, 23.00000000], [68.50000000, 22.87500000], [68.62500000, 22.75000000], [68.75000000, 22.62500000], [69.00000000, 22.62500000], [69.12500000, 22.75000000], [69.12500000, 23.00000000], [69.25000000, 23.12500000], [69.50000000, 23.12500000], [69.75000000, 23.12500000], [70.00000000, 23.12500000], [70.25000000, 23.12500000], [70.50000000, 23.12500000], [70.62500000, 23.25000000], [70.75000000, 23.37500000], [70.87500000, 23.50000000], [71.00000000, 23.62500000], [71.25000000, 23.62500000], [71.37500000, 23.75000000], [71.50000000, 23.87500000], [71.62500000, 24.00000000], [71.62500000, 24.25000000], [71.62500000, 24.50000000], [71.50000000, 24.62500000], [71.37500000, 24.75000000], [71.25000000, 24.87500000], [71.00000000, 24.87500000], [70.75000000, 24.87500000], [70.50000000, 24.87500000], [70.37500000, 24.75000000], [70.25000000, 24.62500000], [70.00000000, 24.62500000], [69.87500000, 24.75000000], [69.87500000, 25.00000000], [69.75000000, 25.12500000], [69.50000000, 25.12500000], [69.25000000, 25.12500000], [69.12500000, 25.00000000], [69.00000000, 24.87500000], [68.87500000, 24.75000000], [68.75000000, 24.62500000], [68.62500000, 24.50000000], [68.50000000, 24.37500000], [68.37500000, 24.25000000], [68.37500000, 24.00000000], [68.25000000, 23.87500000]]]}
    },
    {
      "type": "Feature",
      "properties": {"model_domain_id": "GTC_0079", "rank_domain": 39, "plot_rank": 79, "position_connected_rank": 79, "quicklook_basin_id": "BASIN_NIO", "basin_id": "BASIN_NIO", "basin_label": "North Indian Ocean", "grid_cell_count": 50, "lowlying_area_km2": 8304.570984, "tc_landfall_count_max": 2, "tc_landfall_max_wind_ms": 56.540000, "priority": 0.37810882, "span_km": 472.105341, "cross_shore_width_km": 284.185142, "contains_estuary_proxy": 0, "domain_ocean_connected": 1, "source_ring_count": 1, "output_vertex_count": 71, "filled_internal_holes": 1, "polygon_contour_mode": "outer_covering_diagonal", "limit_exception_reason": "split_failed_review_needed"},
      "geometry": {"type": "Polygon", "coordinates": [[[68.75000000, 22.62500000], [68.62500000, 22.50000000], [68.62500000, 22.25000000], [68.62500000, 22.00000000], [68.75000000, 21.87500000], [69.00000000, 21.87500000], [69.12500000, 21.75000000], [69.12500000, 21.50000000], [69.25000000, 21.37500000], [69.37500000, 21.25000000], [69.50000000, 21.12500000], [69.62500000, 21.00000000], [69.75000000, 20.87500000], [69.87500000, 20.75000000], [70.00000000, 20.62500000], [70.25000000, 20.62500000], [70.37500000, 20.50000000], [70.50000000, 20.37500000], [70.75000000, 20.37500000], [70.87500000, 20.50000000], [70.87500000, 20.75000000], [70.87500000, 21.00000000], [70.75000000, 21.12500000], [70.62500000, 21.25000000], [70.50000000, 21.37500000], [70.37500000, 21.50000000], [70.37500000, 21.75000000], [70.25000000, 21.87500000], [70.00000000, 21.87500000], [69.87500000, 22.00000000], [70.00000000, 22.12500000], [70.25000000, 22.12500000], [70.37500000, 22.25000000], [70.50000000, 22.37500000], [70.62500000, 22.50000000], [70.75000000, 22.62500000], [70.87500000, 22.75000000], [71.00000000, 22.87500000], [71.25000000, 22.87500000], [71.50000000, 22.87500000], [71.62500000, 22.75000000], [71.75000000, 22.62500000], [71.87500000, 22.50000000], [72.00000000, 22.37500000], [72.25000000, 22.37500000], [72.37500000, 22.50000000], [72.37500000, 22.75000000], [72.37500000, 23.00000000], [72.25000000, 23.12500000], [72.12500000, 23.25000000], [72.00000000, 23.37500000], [71.87500000, 23.50000000], [71.87500000, 23.75000000], [71.75000000, 23.87500000], [71.50000000, 23.87500000], [71.25000000, 23.87500000], [71.12500000, 23.75000000], [71.00000000, 23.62500000], [70.75000000, 23.62500000], [70.62500000, 23.50000000], [70.50000000, 23.37500000], [70.37500000, 23.25000000], [70.25000000, 23.12500000], [70.00000000, 23.12500000], [69.75000000, 23.12500000], [69.50000000, 23.12500000], [69.25000000, 23.12500000], [69.00000000, 23.12500000], [68.87500000, 23.00000000], [68.87500000, 22.75000000], [68.75000000, 22.62500000]]]}
    },
    {
      "type": "Feature",
      "properties": {"model_domain_id": "GTC_0065", "rank_domain": 2, "plot_rank": 80, "position_connected_rank": 80, "quicklook_basin_id": "BASIN_NIO", "basin_id": "BASIN_NIO", "basin_label": "North Indian Ocean", "grid_cell_count": 58, "lowlying_area_km2": 9528.452709, "tc_landfall_count_max": 7, "tc_landfall_max_wind_ms": 71.960000, "priority": 0.61833529, "span_km": 546.620102, "cross_shore_width_km": 221.129161, "contains_estuary_proxy": 0, "domain_ocean_connected": 1, "source_ring_count": 1, "output_vertex_count": 69, "filled_internal_holes": 1, "polygon_contour_mode": "outer_covering_diagonal", "limit_exception_reason": "none"},
      "geometry": {"type": "Polygon", "coordinates": [[[78.75000000, 10.12500000], [78.62500000, 10.00000000], [78.62500000, 9.75000000], [78.62500000, 9.50000000], [78.75000000, 9.37500000], [78.87500000, 9.25000000], [78.87500000, 9.00000000], [79.00000000, 8.87500000], [79.25000000, 8.87500000], [79.50000000, 8.87500000], [79.62500000, 8.75000000], [79.75000000, 8.62500000], [80.00000000, 8.62500000], [80.25000000, 8.62500000], [80.37500000, 8.75000000], [80.37500000, 9.00000000], [80.50000000, 9.12500000], [80.62500000, 9.00000000], [80.75000000, 8.87500000], [81.00000000, 8.87500000], [81.12500000, 9.00000000], [81.12500000, 9.25000000], [81.12500000, 9.50000000], [81.00000000, 9.62500000], [80.87500000, 9.75000000], [80.75000000, 9.87500000], [80.62500000, 10.00000000], [80.50000000, 10.12500000], [80.25000000, 10.12500000], [80.12500000, 10.25000000], [80.12500000, 10.50000000], [80.12500000, 10.75000000], [80.12500000, 11.00000000], [80.12500000, 11.25000000], [80.12500000, 11.50000000], [80.12500000, 11.75000000], [80.25000000, 11.87500000], [80.37500000, 12.00000000], [80.37500000, 12.25000000], [80.37500000, 12.50000000], [80.50000000, 12.62500000], [80.62500000, 12.75000000], [80.62500000, 13.00000000], [80.62500000, 13.25000000], [80.62500000, 13.50000000], [80.50000000, 13.62500000], [80.25000000, 13.62500000], [80.00000000, 13.62500000], [79.87500000, 13.50000000], [79.87500000, 13.25000000], [79.87500000, 13.00000000], [79.87500000, 12.75000000], [79.75000000, 12.62500000], [79.62500000, 12.50000000], [79.62500000, 12.25000000], [79.50000000, 12.12500000], [79.37500000, 12.00000000], [79.25000000, 11.87500000], [79.12500000, 11.75000000], [79.12500000, 11.50000000], [79.25000000, 11.37500000], [79.37500000, 11.25000000], [79.37500000, 11.00000000], [79.25000000, 10.87500000], [79.12500000, 10.75000000], [79.12500000, 10.50000000], [79.00000000, 10.37500000], [78.87500000, 10.25000000], [78.75000000, 10.12500000]]]}
    },
    {
      "type": "Feature",
      "properties": {"model_domain_id": "GTC_0056", "rank_domain": 5, "plot_rank": 81, "position_connected_rank": 81, "quicklook_basin_id": "BASIN_NIO", "basin_id": "BASIN_NIO", "basin_label": "North Indian Ocean", "grid_cell_count": 35, "lowlying_area_km2": 9586.764667, "tc_landfall_count_max": 4, "tc_landfall_max_wind_ms": 71.960000, "priority": 0.57986127, "span_km": 370.694088, "cross_shore_width_km": 122.461966, "contains_estuary_proxy": 0, "domain_ocean_connected": 1, "source_ring_count": 1, "output_vertex_count": 47, "filled_internal_holes": 1, "polygon_contour_mode": "outer_covering_diagonal", "limit_exception_reason": "none"},
      "geometry": {"type": "Polygon", "coordinates": [[[79.75000000, 15.62500000], [79.62500000, 15.50000000], [79.62500000, 15.25000000], [79.62500000, 15.00000000], [79.62500000, 14.75000000], [79.62500000, 14.50000000], [79.62500000, 14.25000000], [79.62500000, 14.00000000], [79.62500000, 13.75000000], [79.62500000, 13.50000000], [79.75000000, 13.37500000], [80.00000000, 13.37500000], [80.25000000, 13.37500000], [80.50000000, 13.37500000], [80.62500000, 13.50000000], [80.62500000, 13.75000000], [80.62500000, 14.00000000], [80.50000000, 14.12500000], [80.37500000, 14.25000000], [80.37500000, 14.50000000], [80.37500000, 14.75000000], [80.37500000, 15.00000000], [80.37500000, 15.25000000], [80.50000000, 15.37500000], [80.75000000, 15.37500000], [81.00000000, 15.37500000], [81.12500000, 15.50000000], [81.25000000, 15.62500000], [81.37500000, 15.75000000], [81.37500000, 16.00000000], [81.50000000, 16.12500000], [81.62500000, 16.25000000], [81.62500000, 16.50000000], [81.50000000, 16.62500000], [81.25000000, 16.62500000], [81.12500000, 16.75000000], [81.00000000, 16.87500000], [80.75000000, 16.87500000], [80.50000000, 16.87500000], [80.37500000, 16.75000000], [80.37500000, 16.50000000], [80.25000000, 16.37500000], [80.12500000, 16.25000000], [80.00000000, 16.12500000], [79.87500000, 16.00000000], [79.87500000, 15.75000000], [79.75000000, 15.62500000]]]}
    },
    {
      "type": "Feature",
      "properties": {"model_domain_id": "GTC_0049", "rank_domain": 13, "plot_rank": 82, "position_connected_rank": 82, "quicklook_basin_id": "BASIN_NIO", "basin_id": "BASIN_NIO", "basin_label": "North Indian Ocean", "grid_cell_count": 35, "lowlying_area_km2": 7056.840769, "tc_landfall_count_max": 6, "tc_landfall_max_wind_ms": 59.110000, "priority": 0.52304955, "span_km": 427.335800, "cross_shore_width_km": 106.902471, "contains_estuary_proxy": 0, "domain_ocean_connected": 1, "source_ring_count": 1, "output_vertex_count": 53, "filled_internal_holes": 1, "polygon_contour_mode": "outer_covering_diagonal", "limit_exception_reason": "none"},
      "geometry": {"type": "Polygon", "coordinates": [[[81.00000000, 17.12500000], [80.87500000, 17.00000000], [80.87500000, 16.75000000], [80.87500000, 16.50000000], [81.00000000, 16.37500000], [81.25000000, 16.37500000], [81.37500000, 16.25000000], [81.50000000, 16.12500000], [81.75000000, 16.12500000], [82.00000000, 16.12500000], [82.25000000, 16.12500000], [82.37500000, 16.25000000], [82.50000000, 16.37500000], [82.62500000, 16.50000000], [82.62500000, 16.75000000], [82.75000000, 16.87500000], [82.87500000, 17.00000000], [83.00000000, 17.12500000], [83.25000000, 17.12500000], [83.37500000, 17.25000000], [83.50000000, 17.37500000], [83.62500000, 17.50000000], [83.75000000, 17.62500000], [83.87500000, 17.75000000], [84.00000000, 17.87500000], [84.25000000, 17.87500000], [84.37500000, 18.00000000], [84.50000000, 18.12500000], [84.62500000, 18.25000000], [84.62500000, 18.50000000], [84.62500000, 18.75000000], [84.50000000, 18.87500000], [84.25000000, 18.87500000], [84.00000000, 18.87500000], [83.87500000, 18.75000000], [83.75000000, 18.62500000], [83.62500000, 18.50000000], [83.50000000, 18.37500000], [83.37500000, 18.25000000], [83.25000000, 18.12500000], [83.12500000, 18.00000000], [83.00000000, 17.87500000], [82.75000000, 17.87500000], [82.62500000, 17.75000000], [82.50000000, 17.62500000], [82.25000000, 17.62500000], [82.12500000, 17.50000000], [82.00000000, 17.37500000], [81.87500000, 17.25000000], [81.75000000, 17.12500000], [81.50000000, 17.12500000], [81.25000000, 17.12500000], [81.00000000, 17.12500000]]]}
    },
    {
      "type": "Feature",
      "properties": {"model_domain_id": "GTC_0040", "rank_domain": 57, "plot_rank": 83, "position_connected_rank": 83, "quicklook_basin_id": "BASIN_NIO", "basin_id": "BASIN_NIO", "basin_label": "North Indian Ocean", "grid_cell_count": 44, "lowlying_area_km2": 11845.078302, "tc_landfall_count_max": 6, "tc_landfall_max_wind_ms": 70.932000, "priority": 0.33104942, "span_km": 440.151114, "cross_shore_width_km": 105.069994, "contains_estuary_proxy": 1, "domain_ocean_connected": 1, "source_ring_count": 1, "output_vertex_count": 57, "filled_internal_holes": 1, "polygon_contour_mode": "outer_covering_diagonal", "limit_exception_reason": "none"},
      "geometry": {"type": "Polygon", "coordinates": [[[84.50000000, 19.37500000], [84.37500000, 19.25000000], [84.37500000, 19.00000000], [84.37500000, 18.75000000], [84.50000000, 18.62500000], [84.75000000, 18.62500000], [84.87500000, 18.75000000], [85.00000000, 18.87500000], [85.12500000, 19.00000000], [85.25000000, 19.12500000], [85.37500000, 19.25000000], [85.50000000, 19.37500000], [85.75000000, 19.37500000], [85.87500000, 19.50000000], [86.00000000, 19.62500000], [86.25000000, 19.62500000], [86.50000000, 19.62500000], [86.62500000, 19.75000000], [86.75000000, 19.87500000], [86.87500000, 20.00000000], [87.00000000, 20.12500000], [87.12500000, 20.25000000], [87.25000000, 20.37500000], [87.37500000, 20.50000000], [87.37500000, 20.75000000], [87.25000000, 20.87500000], [87.12500000, 21.00000000], [87.25000000, 21.12500000], [87.37500000, 21.25000000], [87.50000000, 21.37500000], [87.62500000, 21.50000000], [87.62500000, 21.75000000], [87.62500000, 22.00000000], [87.50000000, 22.12500000], [87.25000000, 22.12500000], [87.00000000, 22.12500000], [86.87500000, 22.00000000], [86.75000000, 21.87500000], [86.62500000, 21.75000000], [86.50000000, 21.62500000], [86.37500000, 21.50000000], [86.37500000, 21.25000000], [86.25000000, 21.12500000], [86.00000000, 21.12500000], [85.87500000, 21.00000000], [85.87500000, 20.75000000], [85.75000000, 20.62500000], [85.62500000, 20.50000000], [85.50000000, 20.37500000], [85.37500000, 20.25000000], [85.25000000, 20.12500000], [85.00000000, 20.12500000], [84.87500000, 20.00000000], [84.75000000, 19.87500000], [84.62500000, 19.75000000], [84.62500000, 19.50000000], [84.50000000, 19.37500000]]]}
    },
    {
      "type": "Feature",
      "properties": {"model_domain_id": "GTC_0018", "rank_domain": 26, "plot_rank": 84, "position_connected_rank": 84, "quicklook_basin_id": "BASIN_NIO", "basin_id": "BASIN_NIO", "basin_label": "North Indian Ocean", "grid_cell_count": 136, "lowlying_area_km2": 64131.676214, "tc_landfall_count_max": 11, "tc_landfall_max_wind_ms": 69.390000, "priority": 0.45401341, "span_km": 480.896351, "cross_shore_width_km": 321.661402, "contains_estuary_proxy": 1, "domain_ocean_connected": 1, "source_ring_count": 1, "output_vertex_count": 63, "filled_internal_holes": 1, "polygon_contour_mode": "outer_covering_diagonal", "limit_exception_reason": "kept_to_preserve_estuary_proxy"},
      "geometry": {"type": "Polygon", "coordinates": [[[87.25000000, 22.37500000], [87.12500000, 22.25000000], [87.12500000, 22.00000000], [87.25000000, 21.87500000], [87.37500000, 21.75000000], [87.37500000, 21.50000000], [87.50000000, 21.37500000], [87.75000000, 21.37500000], [88.00000000, 21.37500000], [88.25000000, 21.37500000], [88.50000000, 21.37500000], [88.75000000, 21.37500000], [89.00000000, 21.37500000], [89.25000000, 21.37500000], [89.50000000, 21.37500000], [89.75000000, 21.37500000], [89.87500000, 21.50000000], [90.00000000, 21.62500000], [90.25000000, 21.62500000], [90.50000000, 21.62500000], [90.75000000, 21.62500000], [91.00000000, 21.62500000], [91.12500000, 21.75000000], [91.25000000, 21.87500000], [91.37500000, 22.00000000], [91.50000000, 22.12500000], [91.62500000, 22.25000000], [91.62500000, 22.50000000], [91.50000000, 22.62500000], [91.37500000, 22.75000000], [91.37500000, 23.00000000], [91.25000000, 23.12500000], [91.12500000, 23.25000000], [91.25000000, 23.37500000], [91.50000000, 23.37500000], [91.62500000, 23.50000000], [91.62500000, 23.75000000], [91.62500000, 24.00000000], [91.50000000, 24.12500000], [91.25000000, 24.12500000], [91.00000000, 24.12500000], [90.75000000, 24.12500000], [90.50000000, 24.12500000], [90.25000000, 24.12500000], [90.00000000, 24.12500000], [89.75000000, 24.12500000], [89.50000000, 24.12500000], [89.25000000, 24.12500000], [89.00000000, 24.12500000], [88.75000000, 24.12500000], [88.50000000, 24.12500000], [88.25000000, 24.12500000], [88.00000000, 24.12500000], [87.87500000, 24.00000000], [87.87500000, 23.75000000], [87.87500000, 23.50000000], [87.87500000, 23.25000000], [87.75000000, 23.12500000], [87.50000000, 23.12500000], [87.37500000, 23.00000000], [87.37500000, 22.75000000], [87.37500000, 22.50000000], [87.25000000, 22.37500000]]]}
    },
    {
      "type": "Feature",
      "properties": {"model_domain_id": "GTC_0019", "rank_domain": 32, "plot_rank": 85, "position_connected_rank": 85, "quicklook_basin_id": "BASIN_NIO", "basin_id": "BASIN_NIO", "basin_label": "North Indian Ocean", "grid_cell_count": 100, "lowlying_area_km2": 18788.728282, "tc_landfall_count_max": 11, "tc_landfall_max_wind_ms": 69.390000, "priority": 0.41572009, "span_km": 886.421631, "cross_shore_width_km": 184.261419, "contains_estuary_proxy": 1, "domain_ocean_connected": 1, "source_ring_count": 1, "output_vertex_count": 105, "filled_internal_holes": 1, "polygon_contour_mode": "outer_covering_diagonal", "limit_exception_reason": "none"},
      "geometry": {"type": "Polygon", "coordinates": [[[91.00000000, 23.62500000], [90.87500000, 23.50000000], [90.87500000, 23.25000000], [90.87500000, 23.00000000], [91.00000000, 22.87500000], [91.12500000, 22.75000000], [91.12500000, 22.50000000], [91.25000000, 22.37500000], [91.37500000, 22.25000000], [91.50000000, 22.12500000], [91.62500000, 22.00000000], [91.62500000, 21.75000000], [91.62500000, 21.50000000], [91.62500000, 21.25000000], [91.75000000, 21.12500000], [91.87500000, 21.00000000], [91.87500000, 20.75000000], [92.00000000, 20.62500000], [92.12500000, 20.50000000], [92.25000000, 20.37500000], [92.37500000, 20.25000000], [92.50000000, 20.12500000], [92.62500000, 20.00000000], [92.62500000, 19.75000000], [92.75000000, 19.62500000], [93.00000000, 19.62500000], [93.12500000, 19.50000000], [93.12500000, 19.25000000], [93.12500000, 19.00000000], [93.12500000, 18.75000000], [93.25000000, 18.62500000], [93.37500000, 18.50000000], [93.50000000, 18.37500000], [93.75000000, 18.37500000], [94.00000000, 18.37500000], [94.12500000, 18.25000000], [94.12500000, 18.00000000], [94.12500000, 17.75000000], [94.25000000, 17.62500000], [94.37500000, 17.50000000], [94.25000000, 17.37500000], [94.12500000, 17.25000000], [94.12500000, 17.00000000], [94.12500000, 16.75000000], [94.12500000, 16.50000000], [94.25000000, 16.37500000], [94.50000000, 16.37500000], [94.62500000, 16.50000000], [94.75000000, 16.62500000], [94.87500000, 16.75000000], [95.00000000, 16.87500000], [95.25000000, 16.87500000], [95.37500000, 17.00000000], [95.50000000, 17.12500000], [95.62500000, 17.25000000], [95.75000000, 17.37500000], [95.87500000, 17.50000000], [95.87500000, 17.75000000], [95.87500000, 18.00000000], [95.75000000, 18.12500000], [95.62500000, 18.25000000], [95.50000000, 18.37500000], [95.25000000, 18.37500000], [95.12500000, 18.25000000], [95.12500000, 18.00000000], [95.00000000, 17.87500000], [94.87500000, 18.00000000], [94.87500000, 18.25000000], [94.87500000, 18.50000000], [94.75000000, 18.62500000], [94.62500000, 18.75000000], [94.62500000, 19.00000000], [94.50000000, 19.12500000], [94.37500000, 19.25000000], [94.37500000, 19.50000000], [94.37500000, 19.75000000], [94.25000000, 19.87500000], [94.12500000, 20.00000000], [94.12500000, 20.25000000], [94.00000000, 20.37500000], [93.75000000, 20.37500000], [93.62500000, 20.50000000], [93.62500000, 20.75000000], [93.50000000, 20.87500000], [93.37500000, 21.00000000], [93.37500000, 21.25000000], [93.25000000, 21.37500000], [93.12500000, 21.50000000], [93.12500000, 21.75000000], [93.00000000, 21.87500000], [92.75000000, 21.87500000], [92.62500000, 22.00000000], [92.62500000, 22.25000000], [92.50000000, 22.37500000], [92.37500000, 22.50000000], [92.37500000, 22.75000000], [92.25000000, 22.87500000], [92.00000000, 22.87500000], [91.87500000, 23.00000000], [91.87500000, 23.25000000], [91.75000000, 23.37500000], [91.62500000, 23.50000000], [91.50000000, 23.62500000], [91.25000000, 23.62500000], [91.00000000, 23.62500000]]]}
    },
    {
      "type": "Feature",
      "properties": {"model_domain_id": "GTC_0066", "rank_domain": 72, "plot_rank": 86, "position_connected_rank": 86, "quicklook_basin_id": "BASIN_NIO", "basin_id": "BASIN_NIO", "basin_label": "North Indian Ocean", "grid_cell_count": 83, "lowlying_area_km2": 33286.802951, "tc_landfall_count_max": 3, "tc_landfall_max_wind_ms": 59.110000, "priority": 0.26470493, "span_km": 509.273575, "cross_shore_width_km": 214.406285, "contains_estuary_proxy": 0, "domain_ocean_connected": 1, "source_ring_count": 1, "output_vertex_count": 65, "filled_internal_holes": 1, "polygon_contour_mode": "outer_covering_diagonal", "limit_exception_reason": "none"},
      "geometry": {"type": "Polygon", "coordinates": [[[94.00000000, 16.62500000], [93.87500000, 16.50000000], [93.87500000, 16.25000000], [93.87500000, 16.00000000], [93.87500000, 15.75000000], [94.00000000, 15.62500000], [94.25000000, 15.62500000], [94.50000000, 15.62500000], [94.62500000, 15.50000000], [94.75000000, 15.37500000], [95.00000000, 15.37500000], [95.25000000, 15.37500000], [95.37500000, 15.50000000], [95.50000000, 15.62500000], [95.75000000, 15.62500000], [95.87500000, 15.75000000], [96.00000000, 15.87500000], [96.25000000, 15.87500000], [96.37500000, 16.00000000], [96.50000000, 16.12500000], [96.75000000, 16.12500000], [96.87500000, 16.25000000], [97.00000000, 16.37500000], [97.12500000, 16.25000000], [97.25000000, 16.12500000], [97.50000000, 16.12500000], [97.75000000, 16.12500000], [97.87500000, 16.25000000], [98.00000000, 16.37500000], [98.12500000, 16.50000000], [98.25000000, 16.62500000], [98.37500000, 16.75000000], [98.37500000, 17.00000000], [98.37500000, 17.25000000], [98.25000000, 17.37500000], [98.00000000, 17.37500000], [97.75000000, 17.37500000], [97.62500000, 17.50000000], [97.50000000, 17.62500000], [97.25000000, 17.62500000], [97.12500000, 17.75000000], [97.12500000, 18.00000000], [97.12500000, 18.25000000], [97.00000000, 18.37500000], [96.75000000, 18.37500000], [96.62500000, 18.25000000], [96.50000000, 18.12500000], [96.37500000, 18.00000000], [96.37500000, 17.75000000], [96.25000000, 17.62500000], [96.12500000, 17.75000000], [96.00000000, 17.87500000], [95.75000000, 17.87500000], [95.62500000, 17.75000000], [95.50000000, 17.62500000], [95.37500000, 17.50000000], [95.25000000, 17.37500000], [95.12500000, 17.25000000], [95.00000000, 17.12500000], [94.75000000, 17.12500000], [94.62500000, 17.00000000], [94.50000000, 16.87500000], [94.37500000, 16.75000000], [94.25000000, 16.62500000], [94.00000000, 16.62500000]]]}
    },
    {
      "type": "Feature",
      "properties": {"model_domain_id": "GTC_0069", "rank_domain": 21, "plot_rank": 87, "position_connected_rank": 87, "quicklook_basin_id": "BASIN_AUSSP", "basin_id": "BASIN_AUSSP", "basin_label": "Australia and South Pacific", "grid_cell_count": 42, "lowlying_area_km2": 6302.934942, "tc_landfall_count_max": 4, "tc_landfall_max_wind_ms": 55.512000, "priority": 0.47373879, "span_km": 402.577977, "cross_shore_width_km": 101.209860, "contains_estuary_proxy": 1, "domain_ocean_connected": 1, "source_ring_count": 1, "output_vertex_count": 49, "filled_internal_holes": 1, "polygon_contour_mode": "outer_covering_diagonal", "limit_exception_reason": "none"},
      "geometry": {"type": "Polygon", "coordinates": [[[113.25000000, -23.62500000], [113.12500000, -23.75000000], [113.12500000, -24.00000000], [113.12500000, -24.25000000], [113.12500000, -24.50000000], [113.12500000, -24.75000000], [113.25000000, -24.87500000], [113.37500000, -25.00000000], [113.37500000, -25.25000000], [113.25000000, -25.37500000], [113.12500000, -25.50000000], [113.12500000, -25.75000000], [113.12500000, -26.00000000], [113.25000000, -26.12500000], [113.37500000, -26.25000000], [113.50000000, -26.37500000], [113.62500000, -26.50000000], [113.75000000, -26.62500000], [114.00000000, -26.62500000], [114.25000000, -26.62500000], [114.50000000, -26.62500000], [114.62500000, -26.50000000], [114.62500000, -26.25000000], [114.62500000, -26.00000000], [114.62500000, -25.75000000], [114.50000000, -25.62500000], [114.37500000, -25.50000000], [114.37500000, -25.25000000], [114.25000000, -25.12500000], [114.12500000, -25.00000000], [114.12500000, -24.75000000], [114.12500000, -24.50000000], [114.25000000, -24.37500000], [114.37500000, -24.25000000], [114.37500000, -24.00000000], [114.37500000, -23.75000000], [114.37500000, -23.50000000], [114.25000000, -23.37500000], [114.12500000, -23.25000000], [114.12500000, -23.00000000], [114.12500000, -22.75000000], [114.00000000, -22.62500000], [113.75000000, -22.62500000], [113.62500000, -22.75000000], [113.62500000, -23.00000000], [113.62500000, -23.25000000], [113.50000000, -23.37500000], [113.37500000, -23.50000000], [113.25000000, -23.62500000]]]}
    },
    {
      "type": "Feature",
      "properties": {"model_domain_id": "GTC_0027", "rank_domain": 1, "plot_rank": 88, "position_connected_rank": 88, "quicklook_basin_id": "BASIN_AUSSP", "basin_id": "BASIN_AUSSP", "basin_label": "Australia and South Pacific", "grid_cell_count": 48, "lowlying_area_km2": 6175.293058, "tc_landfall_count_max": 14, "tc_landfall_max_wind_ms": 66.820000, "priority": 0.70642746, "span_km": 506.233839, "cross_shore_width_km": 114.761491, "contains_estuary_proxy": 1, "domain_ocean_connected": 1, "source_ring_count": 1, "output_vertex_count": 61, "filled_internal_holes": 1, "polygon_contour_mode": "outer_covering_diagonal", "limit_exception_reason": "none"},
      "geometry": {"type": "Polygon", "coordinates": [[[113.50000000, -22.12500000], [113.37500000, -22.25000000], [113.37500000, -22.50000000], [113.37500000, -22.75000000], [113.50000000, -22.87500000], [113.75000000, -22.87500000], [114.00000000, -22.87500000], [114.25000000, -22.87500000], [114.50000000, -22.87500000], [114.75000000, -22.87500000], [114.87500000, -22.75000000], [114.87500000, -22.50000000], [115.00000000, -22.37500000], [115.12500000, -22.25000000], [115.25000000, -22.12500000], [115.50000000, -22.12500000], [115.62500000, -22.00000000], [115.75000000, -21.87500000], [115.87500000, -21.75000000], [116.00000000, -21.62500000], [116.12500000, -21.50000000], [116.25000000, -21.37500000], [116.37500000, -21.25000000], [116.50000000, -21.12500000], [116.75000000, -21.12500000], [117.00000000, -21.12500000], [117.25000000, -21.12500000], [117.50000000, -21.12500000], [117.75000000, -21.12500000], [117.87500000, -21.00000000], [118.00000000, -20.87500000], [118.12500000, -20.75000000], [118.12500000, -20.50000000], [118.00000000, -20.37500000], [117.75000000, -20.37500000], [117.50000000, -20.37500000], [117.25000000, -20.37500000], [117.12500000, -20.25000000], [117.00000000, -20.12500000], [116.75000000, -20.12500000], [116.50000000, -20.12500000], [116.37500000, -20.25000000], [116.25000000, -20.37500000], [116.12500000, -20.50000000], [116.00000000, -20.62500000], [115.75000000, -20.62500000], [115.62500000, -20.75000000], [115.62500000, -21.00000000], [115.50000000, -21.12500000], [115.25000000, -21.12500000], [115.00000000, -21.12500000], [114.75000000, -21.12500000], [114.62500000, -21.25000000], [114.62500000, -21.50000000], [114.50000000, -21.62500000], [114.25000000, -21.62500000], [114.00000000, -21.62500000], [113.75000000, -21.62500000], [113.62500000, -21.75000000], [113.62500000, -22.00000000], [113.50000000, -22.12500000]]]}
    },
    {
      "type": "Feature",
      "properties": {"model_domain_id": "GTC_0016", "rank_domain": 33, "plot_rank": 89, "position_connected_rank": 89, "quicklook_basin_id": "BASIN_AUSSP", "basin_id": "BASIN_AUSSP", "basin_label": "Australia and South Pacific", "grid_cell_count": 48, "lowlying_area_km2": 6161.844074, "tc_landfall_count_max": 15, "tc_landfall_max_wind_ms": 66.820000, "priority": 0.41512697, "span_km": 615.889177, "cross_shore_width_km": 200.254781, "contains_estuary_proxy": 1, "domain_ocean_connected": 1, "source_ring_count": 1, "output_vertex_count": 73, "filled_internal_holes": 1, "polygon_contour_mode": "outer_covering_diagonal", "limit_exception_reason": "none"},
      "geometry": {"type": "Polygon", "coordinates": [[[117.75000000, -20.12500000], [117.62500000, -20.25000000], [117.62500000, -20.50000000], [117.75000000, -20.62500000], [117.87500000, -20.75000000], [118.00000000, -20.87500000], [118.25000000, -20.87500000], [118.37500000, -20.75000000], [118.50000000, -20.62500000], [118.75000000, -20.62500000], [119.00000000, -20.62500000], [119.25000000, -20.62500000], [119.37500000, -20.50000000], [119.50000000, -20.37500000], [119.75000000, -20.37500000], [120.00000000, -20.37500000], [120.25000000, -20.37500000], [120.37500000, -20.25000000], [120.50000000, -20.12500000], [120.75000000, -20.12500000], [121.00000000, -20.12500000], [121.25000000, -20.12500000], [121.50000000, -20.12500000], [121.62500000, -20.00000000], [121.62500000, -19.75000000], [121.75000000, -19.62500000], [121.87500000, -19.50000000], [121.87500000, -19.25000000], [122.00000000, -19.12500000], [122.12500000, -19.00000000], [122.12500000, -18.75000000], [122.25000000, -18.62500000], [122.50000000, -18.62500000], [122.62500000, -18.50000000], [122.75000000, -18.37500000], [122.87500000, -18.25000000], [122.87500000, -18.00000000], [122.87500000, -17.75000000], [122.75000000, -17.62500000], [122.62500000, -17.50000000], [122.50000000, -17.37500000], [122.37500000, -17.25000000], [122.25000000, -17.12500000], [122.00000000, -17.12500000], [121.87500000, -17.25000000], [121.87500000, -17.50000000], [121.87500000, -17.75000000], [121.87500000, -18.00000000], [121.75000000, -18.12500000], [121.62500000, -18.25000000], [121.50000000, -18.37500000], [121.37500000, -18.50000000], [121.37500000, -18.75000000], [121.25000000, -18.87500000], [121.12500000, -19.00000000], [121.00000000, -19.12500000], [120.87500000, -19.25000000], [120.75000000, -19.37500000], [120.50000000, -19.37500000], [120.37500000, -19.50000000], [120.25000000, -19.62500000], [120.00000000, -19.62500000], [119.75000000, -19.62500000], [119.50000000, -19.62500000], [119.25000000, -19.62500000], [119.00000000, -19.62500000], [118.87500000, -19.75000000], [118.75000000, -19.87500000], [118.62500000, -20.00000000], [118.50000000, -20.12500000], [118.25000000, -20.12500000], [118.00000000, -20.12500000], [117.75000000, -20.12500000]]]}
    },
    {
      "type": "Feature",
      "properties": {"model_domain_id": "GTC_0067", "rank_domain": 85, "plot_rank": 90, "position_connected_rank": 90, "quicklook_basin_id": "BASIN_AUSSP", "basin_id": "BASIN_AUSSP", "basin_label": "Australia and South Pacific", "grid_cell_count": 15, "lowlying_area_km2": 1595.936354, "tc_landfall_count_max": 4, "tc_landfall_max_wind_ms": 64.250000, "priority": 0.21008778, "span_km": 213.400182, "cross_shore_width_km": 98.721880, "contains_estuary_proxy": 0, "domain_ocean_connected": 1, "source_ring_count": 1, "output_vertex_count": 33, "filled_internal_holes": 1, "polygon_contour_mode": "outer_covering_diagonal", "limit_exception_reason": "none"},
      "geometry": {"type": "Polygon", "coordinates": [[[122.25000000, -16.62500000], [122.12500000, -16.75000000], [122.12500000, -17.00000000], [122.12500000, -17.25000000], [122.25000000, -17.37500000], [122.50000000, -17.37500000], [122.62500000, -17.25000000], [122.75000000, -17.12500000], [122.87500000, -17.25000000], [123.00000000, -17.37500000], [123.12500000, -17.50000000], [123.12500000, -17.75000000], [123.25000000, -17.87500000], [123.37500000, -18.00000000], [123.50000000, -18.12500000], [123.75000000, -18.12500000], [123.87500000, -18.00000000], [123.87500000, -17.75000000], [123.87500000, -17.50000000], [123.87500000, -17.25000000], [123.75000000, -17.12500000], [123.62500000, -17.00000000], [123.50000000, -16.87500000], [123.37500000, -16.75000000], [123.25000000, -16.62500000], [123.12500000, -16.50000000], [123.12500000, -16.25000000], [123.00000000, -16.12500000], [122.75000000, -16.12500000], [122.62500000, -16.25000000], [122.50000000, -16.37500000], [122.37500000, -16.50000000], [122.25000000, -16.62500000]]]}
    },
    {
      "type": "Feature",
      "properties": {"model_domain_id": "GTC_0075", "rank_domain": 73, "plot_rank": 91, "position_connected_rank": 91, "quicklook_basin_id": "BASIN_AUSSP", "basin_id": "BASIN_AUSSP", "basin_label": "Australia and South Pacific", "grid_cell_count": 80, "lowlying_area_km2": 3559.422814, "tc_landfall_count_max": 5, "tc_landfall_max_wind_ms": 65.792000, "priority": 0.26280715, "span_km": 617.381945, "cross_shore_width_km": 165.175838, "contains_estuary_proxy": 0, "domain_ocean_connected": 1, "source_ring_count": 1, "output_vertex_count": 73, "filled_internal_holes": 1, "polygon_contour_mode": "outer_covering_diagonal", "limit_exception_reason": "none"},
      "geometry": {"type": "Polygon", "coordinates": [[[123.00000000, -16.12500000], [122.87500000, -16.25000000], [122.87500000, -16.50000000], [122.87500000, -16.75000000], [123.00000000, -16.87500000], [123.25000000, -16.87500000], [123.37500000, -17.00000000], [123.37500000, -17.25000000], [123.50000000, -17.37500000], [123.62500000, -17.50000000], [123.75000000, -17.62500000], [124.00000000, -17.62500000], [124.25000000, -17.62500000], [124.37500000, -17.50000000], [124.37500000, -17.25000000], [124.37500000, -17.00000000], [124.50000000, -16.87500000], [124.75000000, -16.87500000], [125.00000000, -16.87500000], [125.12500000, -16.75000000], [125.12500000, -16.50000000], [125.12500000, -16.25000000], [125.12500000, -16.00000000], [125.25000000, -15.87500000], [125.50000000, -15.87500000], [125.62500000, -15.75000000], [125.75000000, -15.62500000], [125.87500000, -15.50000000], [125.87500000, -15.25000000], [125.87500000, -15.00000000], [126.00000000, -14.87500000], [126.25000000, -14.87500000], [126.37500000, -14.75000000], [126.50000000, -14.62500000], [126.75000000, -14.62500000], [126.87500000, -14.50000000], [127.00000000, -14.37500000], [127.12500000, -14.25000000], [127.25000000, -14.12500000], [127.50000000, -14.12500000], [127.62500000, -14.00000000], [127.62500000, -13.75000000], [127.50000000, -13.62500000], [127.25000000, -13.62500000], [127.12500000, -13.50000000], [127.00000000, -13.37500000], [126.75000000, -13.37500000], [126.62500000, -13.50000000], [126.50000000, -13.62500000], [126.25000000, -13.62500000], [126.00000000, -13.62500000], [125.75000000, -13.62500000], [125.62500000, -13.75000000], [125.50000000, -13.87500000], [125.37500000, -14.00000000], [125.25000000, -14.12500000], [125.00000000, -14.12500000], [124.87500000, -14.25000000], [124.87500000, -14.50000000], [124.75000000, -14.62500000], [124.50000000, -14.62500000], [124.37500000, -14.75000000], [124.37500000, -15.00000000], [124.25000000, -15.12500000], [124.00000000, -15.12500000], [123.87500000, -15.25000000], [123.87500000, -15.50000000], [123.87500000, -15.75000000], [123.75000000, -15.87500000], [123.50000000, -15.87500000], [123.25000000, -15.87500000], [123.12500000, -16.00000000], [123.00000000, -16.12500000]]]}
    },
    {
      "type": "Feature",
      "properties": {"model_domain_id": "GTC_0082", "rank_domain": 83, "plot_rank": 92, "position_connected_rank": 92, "quicklook_basin_id": "BASIN_AUSSP", "basin_id": "BASIN_AUSSP", "basin_label": "Australia and South Pacific", "grid_cell_count": 29, "lowlying_area_km2": 4150.272134, "tc_landfall_count_max": 3, "tc_landfall_max_wind_ms": 65.792000, "priority": 0.21251415, "span_km": 270.738476, "cross_shore_width_km": 209.955643, "contains_estuary_proxy": 0, "domain_ocean_connected": 1, "source_ring_count": 1, "output_vertex_count": 39, "filled_internal_holes": 1, "polygon_contour_mode": "outer_covering_diagonal", "limit_exception_reason": "none"},
      "geometry": {"type": "Polygon", "coordinates": [[[127.25000000, -13.87500000], [127.12500000, -14.00000000], [127.12500000, -14.25000000], [127.25000000, -14.37500000], [127.37500000, -14.50000000], [127.37500000, -14.75000000], [127.50000000, -14.87500000], [127.62500000, -15.00000000], [127.62500000, -15.25000000], [127.50000000, -15.37500000], [127.37500000, -15.50000000], [127.37500000, -15.75000000], [127.50000000, -15.87500000], [127.62500000, -16.00000000], [127.75000000, -16.12500000], [128.00000000, -16.12500000], [128.12500000, -16.00000000], [128.25000000, -15.87500000], [128.50000000, -15.87500000], [128.75000000, -15.87500000], [128.87500000, -15.75000000], [128.87500000, -15.50000000], [129.00000000, -15.37500000], [129.25000000, -15.37500000], [129.37500000, -15.25000000], [129.37500000, -15.00000000], [129.37500000, -14.75000000], [129.25000000, -14.62500000], [129.00000000, -14.62500000], [128.75000000, -14.62500000], [128.62500000, -14.50000000], [128.50000000, -14.37500000], [128.25000000, -14.37500000], [128.12500000, -14.25000000], [128.00000000, -14.12500000], [127.87500000, -14.00000000], [127.75000000, -13.87500000], [127.50000000, -13.87500000], [127.25000000, -13.87500000]]]}
    },
    {
      "type": "Feature",
      "properties": {"model_domain_id": "GTC_0041", "rank_domain": 58, "plot_rank": 93, "position_connected_rank": 93, "quicklook_basin_id": "BASIN_AUSSP", "basin_id": "BASIN_AUSSP", "basin_label": "Australia and South Pacific", "grid_cell_count": 90, "lowlying_area_km2": 15115.136558, "tc_landfall_count_max": 6, "tc_landfall_max_wind_ms": 65.278000, "priority": 0.32786879, "span_km": 574.275362, "cross_shore_width_km": 250.350109, "contains_estuary_proxy": 1, "domain_ocean_connected": 1, "source_ring_count": 1, "output_vertex_count": 79, "filled_internal_holes": 1, "polygon_contour_mode": "outer_covering_diagonal", "limit_exception_reason": "none"},
      "geometry": {"type": "Polygon", "coordinates": [[[131.00000000, -12.12500000], [130.87500000, -12.25000000], [130.87500000, -12.50000000], [130.87500000, -12.75000000], [131.00000000, -12.87500000], [131.12500000, -13.00000000], [131.25000000, -13.12500000], [131.50000000, -13.12500000], [131.75000000, -13.12500000], [131.87500000, -13.00000000], [132.00000000, -12.87500000], [132.12500000, -13.00000000], [132.25000000, -13.12500000], [132.37500000, -13.25000000], [132.50000000, -13.37500000], [132.75000000, -13.37500000], [132.87500000, -13.25000000], [133.00000000, -13.12500000], [133.12500000, -13.00000000], [133.25000000, -12.87500000], [133.37500000, -12.75000000], [133.37500000, -12.50000000], [133.50000000, -12.37500000], [133.75000000, -12.37500000], [133.87500000, -12.50000000], [134.00000000, -12.62500000], [134.25000000, -12.62500000], [134.50000000, -12.62500000], [134.62500000, -12.75000000], [134.75000000, -12.87500000], [134.87500000, -13.00000000], [135.00000000, -13.12500000], [135.25000000, -13.12500000], [135.37500000, -13.00000000], [135.50000000, -12.87500000], [135.62500000, -12.75000000], [135.75000000, -12.62500000], [136.00000000, -12.62500000], [136.12500000, -12.50000000], [136.12500000, -12.25000000], [136.12500000, -12.00000000], [136.12500000, -11.75000000], [136.00000000, -11.62500000], [135.75000000, -11.62500000], [135.50000000, -11.62500000], [135.37500000, -11.50000000], [135.25000000, -11.37500000], [135.00000000, -11.37500000], [134.87500000, -11.50000000], [134.75000000, -11.62500000], [134.50000000, -11.62500000], [134.25000000, -11.62500000], [134.12500000, -11.50000000], [134.00000000, -11.37500000], [133.75000000, -11.37500000], [133.62500000, -11.25000000], [133.50000000, -11.12500000], [133.37500000, -11.00000000], [133.37500000, -10.75000000], [133.25000000, -10.62500000], [133.00000000, -10.62500000], [132.75000000, -10.62500000], [132.50000000, -10.62500000], [132.37500000, -10.75000000], [132.25000000, -10.87500000], [132.00000000, -10.87500000], [131.75000000, -10.87500000], [131.62500000, -11.00000000], [131.50000000, -11.12500000], [131.37500000, -11.25000000], [131.37500000, -11.50000000], [131.50000000, -11.62500000], [131.75000000, -11.62500000], [131.87500000, -11.75000000], [131.75000000, -11.87500000], [131.50000000, -11.87500000], [131.25000000, -11.87500000], [131.12500000, -12.00000000], [131.00000000, -12.12500000]]]}
    },
    {
      "type": "Feature",
      "properties": {"model_domain_id": "GTC_0057", "rank_domain": 63, "plot_rank": 94, "position_connected_rank": 94, "quicklook_basin_id": "BASIN_AUSSP", "basin_id": "BASIN_AUSSP", "basin_label": "Australia and South Pacific", "grid_cell_count": 74, "lowlying_area_km2": 7936.070141, "tc_landfall_count_max": 7, "tc_landfall_max_wind_ms": 61.680000, "priority": 0.31905138, "span_km": 544.762035, "cross_shore_width_km": 244.176401, "contains_estuary_proxy": 1, "domain_ocean_connected": 1, "source_ring_count": 1, "output_vertex_count": 73, "filled_internal_holes": 1, "polygon_contour_mode": "outer_covering_diagonal", "limit_exception_reason": "none"},
      "geometry": {"type": "Polygon", "coordinates": [[[134.25000000, -14.37500000], [134.12500000, -14.50000000], [134.12500000, -14.75000000], [134.25000000, -14.87500000], [134.37500000, -15.00000000], [134.50000000, -15.12500000], [134.75000000, -15.12500000], [134.87500000, -15.25000000], [135.00000000, -15.37500000], [135.12500000, -15.50000000], [135.12500000, -15.75000000], [135.25000000, -15.87500000], [135.50000000, -15.87500000], [135.62500000, -15.75000000], [135.75000000, -15.62500000], [136.00000000, -15.62500000], [136.25000000, -15.62500000], [136.37500000, -15.50000000], [136.37500000, -15.25000000], [136.25000000, -15.12500000], [136.12500000, -15.00000000], [136.00000000, -14.87500000], [135.87500000, -14.75000000], [136.00000000, -14.62500000], [136.12500000, -14.50000000], [136.25000000, -14.37500000], [136.37500000, -14.50000000], [136.50000000, -14.62500000], [136.75000000, -14.62500000], [137.00000000, -14.62500000], [137.12500000, -14.50000000], [137.12500000, -14.25000000], [137.12500000, -14.00000000], [137.12500000, -13.75000000], [137.12500000, -13.50000000], [137.00000000, -13.37500000], [136.87500000, -13.25000000], [136.87500000, -13.00000000], [137.00000000, -12.87500000], [137.12500000, -12.75000000], [137.12500000, -12.50000000], [137.12500000, -12.25000000], [137.12500000, -12.00000000], [137.00000000, -11.87500000], [136.87500000, -11.75000000], [136.87500000, -11.50000000], [136.87500000, -11.25000000], [136.75000000, -11.12500000], [136.50000000, -11.12500000], [136.25000000, -11.12500000], [136.12500000, -11.25000000], [136.00000000, -11.37500000], [135.75000000, -11.37500000], [135.62500000, -11.50000000], [135.62500000, -11.75000000], [135.75000000, -11.87500000], [135.87500000, -12.00000000], [135.87500000, -12.25000000], [135.75000000, -12.37500000], [135.62500000, -12.50000000], [135.62500000, -12.75000000], [135.50000000, -12.87500000], [135.37500000, -13.00000000], [135.37500000, -13.25000000], [135.37500000, -13.50000000], [135.37500000, -13.75000000], [135.37500000, -14.00000000], [135.25000000, -14.12500000], [135.00000000, -14.12500000], [134.87500000, -14.25000000], [134.75000000, -14.37500000], [134.50000000, -14.37500000], [134.25000000, -14.37500000]]]}
    },
    {
      "type": "Feature",
      "properties": {"model_domain_id": "GTC_0062", "rank_domain": 75, "plot_rank": 95, "position_connected_rank": 95, "quicklook_basin_id": "BASIN_AUSSP", "basin_id": "BASIN_AUSSP", "basin_label": "Australia and South Pacific", "grid_cell_count": 22, "lowlying_area_km2": 4060.505853, "tc_landfall_count_max": 5, "tc_landfall_max_wind_ms": 61.680000, "priority": 0.25907127, "span_km": 233.288876, "cross_shore_width_km": 85.899503, "contains_estuary_proxy": 1, "domain_ocean_connected": 1, "source_ring_count": 1, "output_vertex_count": 33, "filled_internal_holes": 1, "polygon_contour_mode": "outer_covering_diagonal", "limit_exception_reason": "none"},
      "geometry": {"type": "Polygon", "coordinates": [[[136.00000000, -15.37500000], [135.87500000, -15.50000000], [135.87500000, -15.75000000], [136.00000000, -15.87500000], [136.12500000, -16.00000000], [136.12500000, -16.25000000], [136.25000000, -16.37500000], [136.50000000, -16.37500000], [136.75000000, -16.37500000], [136.87500000, -16.50000000], [137.00000000, -16.62500000], [137.25000000, -16.62500000], [137.37500000, -16.75000000], [137.50000000, -16.87500000], [137.75000000, -16.87500000], [138.00000000, -16.87500000], [138.12500000, -16.75000000], [138.12500000, -16.50000000], [138.12500000, -16.25000000], [138.00000000, -16.12500000], [137.87500000, -16.00000000], [137.75000000, -15.87500000], [137.50000000, -15.87500000], [137.37500000, -15.75000000], [137.37500000, -15.50000000], [137.25000000, -15.37500000], [137.00000000, -15.37500000], [136.75000000, -15.37500000], [136.62500000, -15.25000000], [136.50000000, -15.12500000], [136.25000000, -15.12500000], [136.12500000, -15.25000000], [136.00000000, -15.37500000]]]}
    },
    {
      "type": "Feature",
      "properties": {"model_domain_id": "GTC_0059", "rank_domain": 59, "plot_rank": 96, "position_connected_rank": 96, "quicklook_basin_id": "BASIN_AUSSP", "basin_id": "BASIN_AUSSP", "basin_label": "Australia and South Pacific", "grid_cell_count": 64, "lowlying_area_km2": 16711.575873, "tc_landfall_count_max": 7, "tc_landfall_max_wind_ms": 53.970000, "priority": 0.32757200, "span_km": 687.082313, "cross_shore_width_km": 102.726052, "contains_estuary_proxy": 1, "domain_ocean_connected": 1, "source_ring_count": 1, "output_vertex_count": 73, "filled_internal_holes": 1, "polygon_contour_mode": "outer_covering_diagonal", "limit_exception_reason": "none"},
      "geometry": {"type": "Polygon", "coordinates": [[[140.75000000, -16.62500000], [140.62500000, -16.75000000], [140.62500000, -17.00000000], [140.62500000, -17.25000000], [140.62500000, -17.50000000], [140.62500000, -17.75000000], [140.75000000, -17.87500000], [141.00000000, -17.87500000], [141.25000000, -17.87500000], [141.37500000, -17.75000000], [141.37500000, -17.50000000], [141.50000000, -17.37500000], [141.62500000, -17.25000000], [141.62500000, -17.00000000], [141.75000000, -16.87500000], [142.00000000, -16.87500000], [142.12500000, -16.75000000], [142.12500000, -16.50000000], [142.00000000, -16.37500000], [141.87500000, -16.25000000], [142.00000000, -16.12500000], [142.12500000, -16.00000000], [142.12500000, -15.75000000], [142.12500000, -15.50000000], [142.12500000, -15.25000000], [142.12500000, -15.00000000], [142.12500000, -14.75000000], [142.12500000, -14.50000000], [142.12500000, -14.25000000], [142.12500000, -14.00000000], [142.12500000, -13.75000000], [142.12500000, -13.50000000], [142.25000000, -13.37500000], [142.37500000, -13.25000000], [142.37500000, -13.00000000], [142.37500000, -12.75000000], [142.37500000, -12.50000000], [142.50000000, -12.37500000], [142.62500000, -12.25000000], [142.62500000, -12.00000000], [142.62500000, -11.75000000], [142.62500000, -11.50000000], [142.50000000, -11.37500000], [142.25000000, -11.37500000], [142.00000000, -11.37500000], [141.87500000, -11.50000000], [141.75000000, -11.62500000], [141.62500000, -11.75000000], [141.50000000, -11.87500000], [141.37500000, -12.00000000], [141.37500000, -12.25000000], [141.37500000, -12.50000000], [141.37500000, -12.75000000], [141.37500000, -13.00000000], [141.37500000, -13.25000000], [141.37500000, -13.50000000], [141.25000000, -13.62500000], [141.12500000, -13.75000000], [141.12500000, -14.00000000], [141.25000000, -14.12500000], [141.37500000, -14.25000000], [141.37500000, -14.50000000], [141.37500000, -14.75000000], [141.37500000, -15.00000000], [141.25000000, -15.12500000], [141.12500000, -15.25000000], [141.12500000, -15.50000000], [141.12500000, -15.75000000], [141.12500000, -16.00000000], [141.12500000, -16.25000000], [141.00000000, -16.37500000], [140.87500000, -16.50000000], [140.75000000, -16.62500000]]]}
    },
    {
      "type": "Feature",
      "properties": {"model_domain_id": "GTC_0053", "rank_domain": 68, "plot_rank": 97, "position_connected_rank": 97, "quicklook_basin_id": "BASIN_AUSSP", "basin_id": "BASIN_AUSSP", "basin_label": "Australia and South Pacific", "grid_cell_count": 52, "lowlying_area_km2": 3673.542092, "tc_landfall_count_max": 6, "tc_landfall_max_wind_ms": 64.250000, "priority": 0.28179133, "span_km": 717.128061, "cross_shore_width_km": 148.589896, "contains_estuary_proxy": 1, "domain_ocean_connected": 1, "source_ring_count": 1, "output_vertex_count": 81, "filled_internal_holes": 1, "polygon_contour_mode": "outer_covering_diagonal", "limit_exception_reason": "none"},
      "geometry": {"type": "Polygon", "coordinates": [[[142.75000000, -11.37500000], [142.62500000, -11.50000000], [142.62500000, -11.75000000], [142.62500000, -12.00000000], [142.62500000, -12.25000000], [142.75000000, -12.37500000], [142.87500000, -12.50000000], [142.87500000, -12.75000000], [143.00000000, -12.87500000], [143.12500000, -13.00000000], [143.12500000, -13.25000000], [143.12500000, -13.50000000], [143.12500000, -13.75000000], [143.25000000, -13.87500000], [143.37500000, -14.00000000], [143.37500000, -14.25000000], [143.37500000, -14.50000000], [143.50000000, -14.62500000], [143.62500000, -14.75000000], [143.75000000, -14.87500000], [143.87500000, -15.00000000], [144.00000000, -15.12500000], [144.25000000, -15.12500000], [144.37500000, -15.00000000], [144.50000000, -14.87500000], [144.62500000, -15.00000000], [144.75000000, -15.12500000], [144.87500000, -15.25000000], [144.87500000, -15.50000000], [144.87500000, -15.75000000], [145.00000000, -15.87500000], [145.12500000, -16.00000000], [145.12500000, -16.25000000], [145.12500000, -16.50000000], [145.12500000, -16.75000000], [145.25000000, -16.87500000], [145.37500000, -17.00000000], [145.50000000, -17.12500000], [145.62500000, -17.25000000], [145.62500000, -17.50000000], [145.75000000, -17.62500000], [146.00000000, -17.62500000], [146.12500000, -17.50000000], [146.12500000, -17.25000000], [146.12500000, -17.00000000], [146.12500000, -16.75000000], [146.00000000, -16.62500000], [145.87500000, -16.50000000], [145.75000000, -16.37500000], [145.62500000, -16.25000000], [145.62500000, -16.00000000], [145.62500000, -15.75000000], [145.62500000, -15.50000000], [145.62500000, -15.25000000], [145.62500000, -15.00000000], [145.62500000, -14.75000000], [145.62500000, -14.50000000], [145.50000000, -14.37500000], [145.25000000, -14.37500000], [145.12500000, -14.25000000], [145.00000000, -14.12500000], [144.87500000, -14.00000000], [144.75000000, -13.87500000], [144.50000000, -13.87500000], [144.25000000, -13.87500000], [144.00000000, -13.87500000], [143.87500000, -13.75000000], [143.87500000, -13.50000000], [143.87500000, -13.25000000], [143.87500000, -13.00000000], [143.87500000, -12.75000000], [143.75000000, -12.62500000], [143.62500000, -12.50000000], [143.62500000, -12.25000000], [143.50000000, -12.12500000], [143.37500000, -12.00000000], [143.37500000, -11.75000000], [143.25000000, -11.62500000], [143.12500000, -11.50000000], [143.00000000, -11.37500000], [142.75000000, -11.37500000]]]}
    }
  ]
}
