grid_id,grid_row,grid_col,lon,lat,lowlying_area_km2,lowlying_sample_count,mean_elevation_m,min_elevation_m,mean_coast_distance_km,tc_landfall_count,tc_landfall_per_year,tc_landfall_max_wind_ms,tc_landfall_mean_wind_ms,nearest_landfall_km,impact_min_wind_ms,score_lowland_area,score_landfall,score_wind,screen_score,rank_grid,low_elevation_threshold_m,coast_buffer_km,osm_coast_distance_km,osm_coast_within_inland_cap,osm_coast_contact_cell,exclusion_reason,ocean_connected_cell,ocean_sample_count,landcover_sample_count,population_sum_2020,population_density_per_lowland_km2,estuary_proxy_id
LLC_459_1006,459,1006,71.375,24.625,72.796226964919,93,8.29061089131373,7.23999977111816,195.463199251625,2,0.0487804878048781,40.092,36.494,126.447994238646,33,0.62639008848726,0,0.123809523809524,0.300446968390696,4564,10,200,209.209167480469,0,0,osm_coast_distance_gt_inland_cap,0,NaN,NaN,NaN,NaN,
LLC_487_0355,487,355,-91.375,31.625,3.66523162881944,5,9,9,179.970489226078,8,0.195121951219512,52.942,41.0804615384615,106.131268076395,33,0.178605004511277,0.373114300021637,0.361904761904762,0.283903686324444,4734,10,200,204.33561706543,0,0,osm_coast_distance_gt_inland_cap,0,NaN,NaN,NaN,NaN,
LLC_487_0354,487,354,-91.625,31.625,2.19929604695401,3,9.16680072411569,9,192.232967841632,7,0.170731707317073,55.512,41.2913333333333,102.88282514848,33,0.117432559525303,0.333112440078278,0.40952380952381,0.247518199246269,5037,10,200,200.645690917969,0,0,osm_coast_distance_gt_inland_cap,0,NaN,NaN,NaN,NaN,
LLC_488_0354,488,354,-91.625,31.875,0.731653081453532,1,9.5,9.5,198.895629882812,6,0.146341463414634,55.512,40.6631111111111,130.675649737406,33,0.0178824442980172,0.287762071614427,0.40952380952381,0.18458050000845,5438,10,200,228.279602050781,0,0,osm_coast_distance_gt_inland_cap,0,NaN,NaN,NaN,NaN,
LLC_488_0355,488,355,-91.375,31.875,0.731653081453532,1,9.5,9.5,194.866516113281,5,0.121951219512195,43.69,39.4311428571429,133.241446294117,33,0.0178824442980172,0.235408913366638,0.19047619047619,0.130782093852192,5703,10,200,231.593109130859,0,0,osm_coast_distance_gt_inland_cap,0,NaN,NaN,NaN,NaN,
LLC_440_0365,440,365,-88.875,19.875,13.7594182300706,17,6.24195842437992,1.5,113.16947962925,10,0.24390243902439,77.1,46.1382631578947,8.73962415938355,33,0.365385870772076,0.44126673818796,0.80952380952381,0.462358908551189,2689,10,200,120.804718017578,1,0,inland_block_no_open_ocean_contact,0,0,0,NaN,NaN,
LLC_440_0366,440,366,-88.625,19.875,7.2867022148454,9,5.36893078515773,1.5,109.21870020767,11,0.268292682926829,77.1,47.6139512195122,24.9574910861955,33,0.271775312028152,0.470817826733276,0.80952380952381,0.43205459253455,3079,10,200,95.232551574707,1,0,inland_block_no_open_ocean_contact,0,0,0,NaN,NaN,
LLC_432_0345,432,345,-93.875,17.875,484.776135861141,592,3.27093106355623,0,35.6501287253095,2,0.0487804878048781,35.98,35.98,139.640711107929,33,0.931993950446079,0,0.0476190476190476,0.426540134843593,3142,10,200,44.153736114502,1,0,inland_block_no_open_ocean_contact,0,0,0,NaN,NaN,
LLC_432_0344,432,344,-94.125,17.875,351.349633306048,429,3.17128779341599,-0.5,32.1461040785175,2,0.0487804878048781,35.98,35.98,116.786515416453,33,0.879916569828998,0,0.0476190476190476,0.403105313565906,3421,10,200,36.6854019165039,1,0,inland_block_no_open_ocean_contact,0,0,0,NaN,NaN,
LLC_431_0342,431,342,-94.625,17.625,263.996502016603,322,5.83754577062636,-1.5,48.233206491453,2,0.0487804878048781,35.98,35.98,102.149811444072,33,0.833712515550772,0,0.0476190476190476,0.382313489140704,3665,10,200,47.2234954833984,1,0,inland_block_no_open_ocean_contact,0,0,0,NaN,NaN,
LLC_439_0365,439,365,-88.875,19.625,2.4299596238598,3,7.97999199299963,5.78999996185303,111.219880465584,9,0.219512195121951,77.1,46.5774705882353,36.232882424129,33,0.128722614656313,0.408897183077904,0.80952380952381,0.342912621255074,4110,10,200,118.140983581543,1,0,inland_block_no_open_ocean_contact,0,0,0,NaN,NaN,
LLC_405_1148,405,1148,106.875,11.125,83.6204366157211,99,6.5762451314887,-4.48000001907349,53.3807283014018,2,0.0487804878048781,48.83,40.7773333333333,143.253931486369,33,0.648586308098217,0,0.285714285714286,0.334720981501341,4189,10,200,69.0521240234375,1,0,inland_block_no_open_ocean_contact,0,0,0,NaN,NaN,
LLC_431_0344,431,344,-94.125,17.625,133.650862436003,163,7.0633747026934,1.5,50.7977871375995,2,0.0487804878048781,35.98,35.98,134.089961797459,33,0.72391683113686,0,0.0476190476190476,0.332905431154444,4205,10,200,55.1754684448242,1,0,inland_block_no_open_ocean_contact,0,0,0,NaN,NaN,
LLC_431_0345,431,345,-93.875,17.625,121.327513479564,148,6.72164175496015,1.5,55.6943087270197,2,0.0487804878048781,35.98,35.98,154.430734156362,33,0.708351016208762,0,0.0476190476190476,0.3259008144368,4286,10,200,70.6223754882812,1,0,inland_block_no_open_ocean_contact,0,0,0,NaN,NaN,
LLC_431_0341,431,341,-94.875,17.625,115.60186664851,141,6.51352808629052,1.5,59.2908587074026,2,0.0487804878048781,35.98,35.98,93.5831057081287,33,0.700577014940015,0,0.0476190476190476,0.322402513865864,4323,10,200,62.4321250915527,1,0,inland_block_no_open_ocean_contact,0,0,0,NaN,NaN,
LLC_431_0343,431,343,-94.375,17.625,42.625650779225,52,7.1097317445976,2.84999990463257,37.9766936093168,2,0.0487804878048781,35.98,35.98,116.226901256584,33,0.541142265946493,0,0.0476190476190476,0.250656876818779,5016,10,200,44.0096168518066,1,0,inland_block_no_open_ocean_contact,0,0,0,NaN,NaN,
LLC_496_0396,496,396,-81.125,33.875,0.713722095504193,1,-7.96999979019165,-7.96999979019165,152.924423217773,5,0.121951219512195,61.68,41.3536363636364,46.4902333733132,33,0.0161944226014167,0.235408913366638,0.523809523809524,0.180022484088721,5475,10,200,161.121932983398,1,0,inland_block_no_open_ocean_contact,0,0,0,NaN,NaN,
LLC_430_0341,430,341,-94.875,17.375,1.64158582627305,2,9.00001145576985,8.5,74.5907021801711,3,0.0731707317073171,35.98,35.3375,120.960010447653,33,0.0863682486195695,0.0977035267116395,0.0476190476190476,0.0850899797063192,5857,10,200,84.3700942993164,1,0,inland_block_no_open_ocean_contact,0,0,0,NaN,NaN,
LLC_287_1284,287,1284,140.875,-18.375,1.6343197868968,2,5.40481697313771,3.5,79.8742597928938,2,0.0487804878048781,41.12,37.3506666666667,146.762186669832,33,0.0859215573567583,0,0.142857142857143,0.0600932722391127,5912,10,200,90.0952606201172,1,0,inland_block_no_open_ocean_contact,0,0,0,NaN,NaN,
LLC_431_0346,431,346,-93.625,17.625,0.820132060272962,1,9,9,67.6872406005859,2,0.0487804878048781,35.98,35.98,173.062830434354,33,0.0259639024628964,0,0.0476190476190476,0.0188266132511605,5956,10,200,78.5683975219727,1,0,inland_block_no_open_ocean_contact,0,0,0,NaN,NaN,
LLC_455_1199,455,1199,119.625,23.625,31.5444276115329,40,4.74244685466864,0,1.06710798930729,38,0.926829268292683,69.39,44.1510103092784,33.9448816395079,33,0.493619458710977,0.871116493026344,0.666666666666667,0.670575353630477,488,10,200,0.947388529777527,1,1,tiny_isolated_connected_block_cells1_area31.5km2_tc38,1,0,0,NaN,NaN,
LLC_467_0406,467,406,-78.625,26.625,303.93696437856,395,2.55345969596272,0,3.13218692773312,6,0.146341463414634,53.97,42.4906666666667,151.203729789229,33,0.85647962276999,0.287762071614427,0.380952380952381,0.557663516035123,1535,10,200,1.44023025035858,1,1,tiny_isolated_connected_block_cells9_area683.9km2_tc7,1,0,0,NaN,NaN,
LLC_451_1205,451,1205,121.125,22.625,3.96933257274685,5,8.79000330697635,7.8899998664856,0.893057644367218,37,0.902439024390244,71.96,45.746,22.7178550886581,33,0.188845864579049,0.862294613345001,0.714285714285715,0.53704134154143,1770,10,200,8.98977756500244,1,1,tiny_isolated_connected_block_cells3_area7.1km2_tc37,1,0,0,NaN,NaN,
LLC_467_0405,467,405,-78.875,26.625,61.559040442211,80,2.40070137719223,-2,0.986860858176979,7,0.170731707317073,74.53,44.2725333333333,129.058595941532,33,0.599599749279277,0.333112440078278,0.761904761904762,0.5173505774927,2010,10,200,0.492085307836533,1,1,tiny_isolated_connected_block_cells9_area683.9km2_tc7,1,0,0,NaN,NaN,
LLC_451_1206,451,1206,121.375,22.625,2.38224657150255,3,4.43315371159972,0,1.19076763520599,37,0.902439024390244,71.96,45.9540476190476,33.1559838591249,33,0.126450851922269,0.862294613345001,0.714285714285715,0.508963585845879,2116,10,200,10.3204345703125,1,1,tiny_isolated_connected_block_cells3_area7.1km2_tc37,1,0,0,NaN,NaN,
LLC_467_0407,467,407,-78.375,26.625,276.884838519525,360,2.16064279847417,0,3.06641065572923,4,0.0975609756097561,53.97,40.8997142857143,174.098399717479,33,0.84141409885366,0.173488269711265,0.380952380952381,0.50517450951151,2178,10,200,2.07893800735474,1,1,tiny_isolated_connected_block_cells9_area683.9km2_tc7,1,0,0,NaN,NaN,
LLC_454_1206,454,1206,121.375,23.375,0.789340693635643,1,5.5,5.5,2.81451630592346,48,1.17073170731707,71.96,45.1529230769231,3.7736946697632,33,0.0231969468907062,0.948638443250491,0.714285714285715,0.497036860543871,2283,10,200,9.85380172729492,1,1,tiny_isolated_connected_block_cells1_area0.8km2_tc48,1,0,0,NaN,NaN,
LLC_449_1207,449,1207,121.625,22.125,3.19039176681157,4,1.87288610829466,0,0.985555870803513,26,0.634146341463415,71.96,46.4611304347826,70.9354525316892,33,0.161196910616673,0.746228600043274,0.714285714285715,0.47817290693767,2499,10,200,6.63586807250977,1,1,tiny_isolated_connected_block_cells1_area3.2km2_tc26,1,0,0,NaN,NaN,
LLC_404_1205,404,1205,121.125,10.875,13.5227652420581,16,5.36187415534339,0,0.943745002998318,12,0.292682926829268,74.53,42.7320909090909,73.7578582994019,33,0.362764524196296,0.498002193004707,0.761904761904762,0.47673062737593,2518,10,200,5.05943822860718,1,1,tiny_isolated_connected_block_cells8_area27.9km2_tc18,1,0,0,NaN,NaN,
LLC_451_1207,451,1207,121.625,22.625,0.794050034404643,1,8.47000026702881,8.47000026702881,0.893057644367218,37,0.902439024390244,71.96,46.0976842105263,25.1499393327828,33,0.0236232050008997,0.862294613345001,0.714285714285715,0.462691144731263,2687,10,200,12.012303352356,1,1,tiny_isolated_connected_block_cells3_area7.1km2_tc37,1,0,0,NaN,NaN,
LLC_453_1198,453,1198,119.375,23.125,1.5817565715773,2,6.41000008583069,5.90000009536743,0.890028178691864,29,0.707317073170732,69.39,44.5942592592593,57.3548795631531,33,0.0826529772146362,0.782011483099541,0.666666666666667,0.449998432986403,2834,10,200,8.71489238739014,1,1,tiny_isolated_connected_block_cells2_area2.4km2_tc35,1,0,0,NaN,NaN,
LLC_453_1199,453,1199,119.625,23.125,0.790680789574233,1,0,0,0.890028178691864,35,0.853658536585366,69.39,45.211974025974,38.2537273476864,33,0.0233183575261141,0.843932126754913,0.666666666666667,0.448066111588717,2864,10,200,13.320574760437,1,1,tiny_isolated_connected_block_cells2_area2.4km2_tc35,1,0,0,NaN,NaN,
LLC_406_1203,406,1203,120.625,11.375,3.37531290067514,4,2.08742053075608,0,0.918402254581451,18,0.439024390243902,74.53,42.5287407407407,97.3336054659407,33,0.168200124468125,0.626885699978363,0.761904761904762,0.440730050287716,2972,10,200,8.47760963439941,1,1,tiny_isolated_connected_block_cells8_area27.9km2_tc18,1,0,0,NaN,NaN,
LLC_458_1212,458,1212,122.875,24.375,0.7834450158798,1,2.5,2.5,0.886887550354004,34,0.829268292682927,66.82,45.6663661971831,68.475481273899,33,0.0226617253090851,0.834364641347329,0.619047619047619,0.436800775785163,3022,10,200,10.0992670059204,1,1,tiny_isolated_connected_block_cells1_area0.8km2_tc34,1,0,0,NaN,NaN,
LLC_463_0403,463,403,-79.375,25.625,13.9578006415792,18,5.352745671167,0,0.924298403345995,8,0.195121951219512,74.53,42.2021052631579,78.3945568053859,33,0.367551120074274,0.373114300021637,0.761904761904762,0.428929438327793,3115,10,200,6.06706428527832,1,1,tiny_isolated_connected_block_cells4_area21.7km2_tc8,1,0,0,NaN,NaN,
LLC_406_1204,406,1204,120.875,11.375,2.53036710206354,3,3.04345284046438,0,0.918402254581451,17,0.414634146341463,74.53,42.8714074074074,100.330041815659,33,0.133401829813274,0.608523213388275,0.761904761904762,0.417725823056998,3242,10,200,0.26204988360405,1,1,tiny_isolated_connected_block_cells8_area27.9km2_tc18,1,0,0,NaN,NaN,
LLC_405_1204,405,1204,120.875,11.125,3.3777915187787,4,8.94747944937224,7.30999994277954,0.918402254581451,15,0.365853658536585,74.53,42.8088571428571,104.014823965402,33,0.168291969141322,0.568521353444916,0.761904761904762,0.417425641777276,3246,10,200,7.15626096725464,1,1,tiny_isolated_connected_block_cells8_area27.9km2_tc18,1,0,0,NaN,NaN,
LLC_444_1012,444,1012,72.875,20.875,343.318805829914,427,5.38192847455744,0,4.01859321363162,2,0.0487804878048781,41.12,38.2416,148.869956321797,33,0.876177532067352,0,0.142857142857143,0.41570846085888,3260,10,200,7.01085376739502,1,1,tiny_isolated_connected_block_cells6_area539.1km2_tc2,1,0,0,NaN,NaN,
LLC_435_0463,435,463,-64.375,18.625,35.0471904676076,43,4.08031420725473,0,1.06497617333821,4,0.0975609756097561,69.904,52.942,130.772926816191,33,0.510197151633713,0.173488269711265,0.676190476190476,0.400412597548248,3454,10,200,10.6504611968994,1,1,tiny_isolated_connected_block_cells3_area57.1km2_tc4,1,0,0,NaN,NaN,
LLC_404_1204,404,1204,120.875,10.875,2.53530703355081,3,5.4661362142059,0,0.919932544231415,13,0.317073170731707,74.53,43.3112631578947,101.042029996087,33,0.133628593675779,0.523170984981065,0.761904761904762,0.383686975432241,3642,10,200,6.53282403945923,1,1,tiny_isolated_connected_block_cells8_area27.9km2_tc18,1,0,0,NaN,NaN,
LLC_505_1253,505,1253,133.125,36.125,11.1248216573396,16,3.34442678126228,0,0.937780000454993,11,0.268292682926829,46.26,38.8221176470588,52.3370616075897,33,0.333498486661978,0.470817826733276,0.238095238095238,0.374115735405486,3763,10,200,0.348842144012451,1,1,tiny_isolated_connected_block_cells5_area23.6km2_tc11,1,0,0,NaN,NaN,
LLC_466_0406,466,406,-78.625,26.375,7.7015051743804,10,4.14000000953674,0,0.953208804130554,7,0.170731707317073,74.53,43.8185,141.84947583708,33,0.279696440847105,0.333112440078278,0.761904761904762,0.373394088698223,3775,10,200,13.9255771636963,1,1,tiny_isolated_connected_block_cells9_area683.9km2_tc7,1,0,0,NaN,NaN,
LLC_431_0461,431,461,-64.875,17.625,16.3964869558723,20,4.63403865930032,0,0.970546561934034,5,0.121951219512195,69.904,51.4934545454545,99.292953730035,33,0.39204485638877,0.235408913366638,0.676190476190476,0.372012322150173,3790,10,200,6.14933776855469,1,1,tiny_isolated_connected_block_cells3_area28.7km2_tc5,1,0,0,NaN,NaN,
LLC_284_1434,284,1434,178.375,-19.125,9.7627725641529,12,4.15915836489415,0,1.08765972031524,5,0.121951219512195,79.67,45.0035555555556,86.2162304005561,33,0.314173796453637,0.235408913366638,0.857142857142857,0.36411320232222,3875,10,200,7.40543508529663,1,1,tiny_isolated_connected_block_cells3_area24.4km2_tc5,1,0,0,NaN,NaN,
LLC_485_1238,485,1238,129.375,31.125,1.47226080992138,2,0,0,0.862030267715454,19,0.463414634146341,59.11,42.1860740740741,76.4894418090632,33,0.0756249247597072,0.644306096444542,0.476190476190476,0.363182226148256,3889,10,200,4.64000272750854,1,1,tiny_isolated_connected_block_cells1_area1.5km2_tc19,1,0,0,NaN,NaN,
LLC_468_0406,468,406,-78.625,26.875,18.4376422532691,24,0.37084077217137,-0.5,1.09646742101494,6,0.146341463414634,53.97,42.5829230769231,150.489673743328,33,0.410036764773874,0.287762071614427,0.380952380952381,0.356764229936871,3959,10,200,4.27403974533081,1,1,tiny_isolated_connected_block_cells9_area683.9km2_tc7,1,0,0,NaN,NaN,
LLC_448_0432,448,432,-72.125,21.875,83.8632220139277,105,2.68195458090568,-1.5,1.31349285362294,2,0.0487804878048781,56.54,49.6866666666667,132.921299867903,33,0.649050931931557,0,0.428571428571429,0.356358633654915,3965,10,200,2.07095456123352,1,1,tiny_isolated_connected_block_cells4_area176.6km2_tc2,1,0,0,NaN,NaN,
LLC_405_1205,405,1205,121.125,11.125,0.844394589081866,1,0,0,0.918402254581451,14,0.341463414634146,74.53,42.49752,77.8064572676237,33,0.028111391618383,0.546602569732902,0.761904761904762,0.345576868407148,4083,10,200,1.75215327739716,1,1,tiny_isolated_connected_block_cells8_area27.9km2_tc18,1,0,0,NaN,NaN,
LLC_285_1434,285,1434,178.375,-18.875,7.32462490104101,9,4.92355355346924,0,1.06976430354392,5,0.121951219512195,79.67,48.1104,58.4367157106444,33,0.272515772654024,0.235408913366638,0.857142857142857,0.345367091612395,4086,10,200,6.58804559707642,1,1,tiny_isolated_connected_block_cells3_area24.4km2_tc5,1,0,0,NaN,NaN,
LLC_284_1433,284,1433,178.125,-19.125,7.31927901755816,9,2.59896160205185,-1.69000005722046,0.942960480220688,5,0.121951219512195,79.67,45.0035555555556,90.9112863308599,33,0.2724115959154,0.235408913366638,0.857142857142857,0.345320212080014,4087,10,200,0.935193419456482,1,1,tiny_isolated_connected_block_cells3_area24.4km2_tc5,1,0,0,NaN,NaN,
LLC_550_0473,550,473,-61.875,47.375,48.3783090974857,83,2.94440512545051,-1.5,0.896895877582204,4,0.0975609756097561,41.12,36.2884,46.5895866128648,33,0.561229880669263,0.173488269711265,0.142857142857143,0.343377325614246,4105,10,200,0.620584666728973,1,1,tiny_isolated_connected_block_cells7_area105.4km2_tc5,1,0,0,NaN,NaN,
LLC_443_1012,443,1012,72.875,20.625,112.725860458284,140,5.11901188108983,0,2.69266761216513,2,0.0487804878048781,41.12,38.2416,171.011926124811,33,0.696526850833282,0,0.142857142857143,0.334865654303548,4188,10,200,1.23211896419525,1,1,tiny_isolated_connected_block_cells6_area539.1km2_tc2,1,0,0,NaN,NaN,
LLC_295_1279,295,1279,139.625,-16.375,111.418626657702,135,5.34187150358315,0,2.05684455297949,2,0.0487804878048781,41.12,38.2562857142857,165.429012692726,33,0.694651948910574,0,0.142857142857143,0.33402194843833,4195,10,200,3.81706595420837,1,1,tiny_isolated_connected_block_cells4_area231.1km2_tc2,1,0,0,NaN,NaN,
LLC_463_0404,463,404,-79.125,25.625,3.876151127368,5,6.53805007253539,5.78999996185303,0.956830157249323,7,0.170731707317073,74.53,41.69825,99.5067704791975,33,0.185776052387846,0.333112440078278,0.761904761904762,0.331129913891556,4218,10,200,14.3022317886353,1,1,tiny_isolated_connected_block_cells4_area21.7km2_tc8,1,0,0,NaN,NaN,
LLC_290_1394,290,1394,168.375,-17.625,17.2206807040199,21,6.40436210733508,0,1.71330628973111,5,0.121951219512195,53.97,46.8474285714286,131.916964791424,33,0.399551640478521,0.235408913366638,0.380952380952381,0.331104660704847,4220,10,200,9.08748817443848,1,1,tiny_isolated_connected_block_cells5_area71.3km2_tc6,1,0,0,NaN,NaN,
LLC_505_1254,505,1254,133.375,36.125,5.55554689864016,8,4.06124759980019,0,1.29401942219171,11,0.268292682926829,46.26,38.260875,30.3711624572141,33,0.233771786577442,0.470817826733276,0.238095238095238,0.329238720367445,4241,10,200,5.67137575149536,1,1,tiny_isolated_connected_block_cells5_area23.6km2_tc11,1,0,0,NaN,NaN,
LLC_289_1394,289,1394,168.375,-17.875,34.4145297162964,42,6.48775703031269,0,2.07509867621045,3,0.0731707317073171,53.97,49.6524,157.532283646414,33,0.507325609275181,0.0977035267116395,0.380952380952381,0.324520792001344,4299,10,200,5.66586494445801,1,1,tiny_isolated_connected_block_cells5_area71.3km2_tc6,1,0,0,NaN,NaN,
LLC_441_1151,441,1151,107.625,20.125,0.807980588186794,1,6.07999992370605,6.07999992370605,0.89877325296402,18,0.439024390243902,55.512,39.3512352941176,80.3382731329771,33,0.0248775863829595,0.626885699978363,0.40952380952381,0.323377765292248,4309,10,200,9.49059104919434,1,1,tiny_isolated_connected_block_cells1_area0.8km2_tc18,1,0,0,NaN,NaN,
LLC_434_0462,434,462,-64.625,18.375,11.4330889438891,14,3.17969991688161,0,0.930751762476241,4,0.0975609756097561,69.904,53.6273333333333,98.6304759658904,33,0.33757008840133,0.173488269711265,0.676190476190476,0.322730419093676,4318,10,200,2.58335328102112,1,1,tiny_isolated_connected_block_cells3_area57.1km2_tc4,1,0,0,NaN,NaN,
LLC_464_0403,464,403,-79.375,25.875,2.3250600870304,3,6.33667204433112,5.8899998664856,0.883638441562652,8,0.195121951219512,74.53,43.812380952381,65.4431305735573,33,0.123685424827282,0.373114300021637,0.761904761904762,0.319189875466646,4370,10,200,15.7627782821655,1,1,tiny_isolated_connected_block_cells4_area21.7km2_tc8,1,0,0,NaN,NaN,
LLC_434_0461,434,461,-64.875,18.375,10.6186901339262,13,4.57523383778349,0,0.932820418668271,4,0.0975609756097561,69.904,53.0448,72.5983202421997,33,0.326583510601576,0.173488269711265,0.676190476190476,0.317786459083787,4388,10,200,1.33487474918365,1,1,tiny_isolated_connected_block_cells3_area57.1km2_tc4,1,0,0,NaN,NaN,
LLC_403_1204,403,1204,120.875,10.625,0.845509908148645,1,6.69000005722046,6.69000005722046,0.919932544231415,11,0.268292682926829,74.53,44.043375,105.571348077389,33,0.0282094287209952,0.470817826733276,0.761904761904762,0.315307087903473,4416,10,200,7.65927743911743,1,1,tiny_isolated_connected_block_cells8_area27.9km2_tc18,1,0,0,NaN,NaN,
LLC_277_1390,277,1390,167.375,-20.875,5.62911683673027,7,5.4845842987745,0,0.89877325296402,8,0.195121951219512,52.942,44.0326666666667,121.279979244563,33,0.235581635375284,0.373114300021637,0.361904761904762,0.309543170213247,4483,10,200,7.57365369796753,1,1,tiny_isolated_connected_block_cells9_area23.3km2_tc8,1,0,0,NaN,NaN,
LLC_290_1393,290,1393,168.125,-17.625,9.01873909704916,11,7.40502044387804,0,1.04242373808519,6,0.146341463414634,53.97,45.16775,123.056089952464,33,0.302556436219504,0.287762071614427,0.380952380952381,0.308398082087405,4498,10,200,2.77380800247192,1,1,tiny_isolated_connected_block_cells5_area71.3km2_tc6,1,0,0,NaN,NaN,
LLC_448_0431,448,431,-72.375,21.875,40.7505708690913,51,3.38824023395953,-0.509999990463257,1.69486180222167,2,0.0487804878048781,56.54,51.143,116.837257076846,33,0.534017687943076,0,0.428571428571429,0.304593673860099,4533,10,200,4.30363082885742,1,1,tiny_isolated_connected_block_cells4_area176.6km2_tc2,1,0,0,NaN,NaN,
LLC_295_1278,295,1278,139.375,-16.375,72.6206887560706,88,5.06790212253367,0,2.16191317226652,2,0.0487804878048781,41.12,37.265,191.685050240764,33,0.626003871829865,0,0.142857142857143,0.303130313752011,4544,10,200,8.44887828826904,1,1,tiny_isolated_connected_block_cells4_area231.1km2_tc2,1,0,0,NaN,NaN,
LLC_276_1390,276,1390,167.375,-21.125,4.81864097017627,6,5.95321720787192,0,1.04529964601296,8,0.195121951219512,52.942,43.8001428571429,110.530267979519,33,0.214433589276396,0.373114300021637,0.361904761904762,0.300026549468747,4573,10,200,3.50384330749512,1,1,tiny_isolated_connected_block_cells9_area23.3km2_tc8,1,0,0,NaN,NaN,
LLC_464_0404,464,404,-79.125,25.875,1.55005820271671,2,7.08498547318572,6.67000007629395,0.883638441562653,8,0.195121951219512,74.53,43.69,89.6145581209763,33,0.0806495299330617,0.373114300021637,0.761904761904762,0.299823722764247,4575,10,200,12.6605739593506,1,1,tiny_isolated_connected_block_cells4_area21.7km2_tc8,1,0,0,NaN,NaN,
LLC_480_1240,480,1240,129.875,29.875,1.49322888151911,2,5.41003361080217,4.59999990463257,0.869614899158478,11,0.268292682926829,59.11,43.6504615384615,126.284189795529,33,0.0769945616383359,0.470817826733276,0.476190476190476,0.294403254859133,4626,10,200,0.0151276765391231,1,1,tiny_isolated_connected_block_cells2_area3.0km2_tc11,1,0,0,NaN,NaN,
LLC_402_1205,402,1205,121.125,10.375,0.846337476336422,1,0,0,0.919932544231415,9,0.219512195121951,74.53,44.7970769230769,92.264998795765,33,0.0282821340943485,0.408897183077904,0.761904761904762,0.290571547859333,4659,10,200,40.3747100830078,1,0,tiny_isolated_connected_block_cells8_area27.9km2_tc18,0,0,0,NaN,NaN,
LLC_431_0462,431,462,-64.625,17.625,6.55790182767475,8,5.83733732557609,0,1.01975141978504,4,0.0975609756097561,69.904,52.942,120.022543753654,33,0.256845985462773,0.173488269711265,0.676190476190476,0.286404572771325,4712,10,200,10.7469282150269,1,1,tiny_isolated_connected_block_cells3_area28.7km2_tc5,1,0,0,NaN,NaN,
LLC_497_1277,497,1277,139.125,34.125,0.711617399526438,1,8,8,0.85001403093338,14,0.341463414634146,53.97,40.9180714285714,49.9290270807178,33,0.0159951295039309,0.546602569732902,0.380952380952381,0.282981693312787,4745,10,200,6.41331148147583,1,1,tiny_isolated_connected_block_cells2_area1.4km2_tc14,1,0,0,NaN,NaN,
LLC_498_1278,498,1278,139.375,34.375,0.710136048786594,1,0,0,0.85001403093338,14,0.341463414634146,53.97,40.6745333333333,27.5170288392601,33,0.015854713805076,0.546602569732902,0.380952380952381,0.282918506248302,4747,10,200,8.40485382080078,1,1,tiny_isolated_connected_block_cells2_area1.4km2_tc14,1,0,0,NaN,NaN,
LLC_260_0906,260,906,46.375,-25.125,49.8697431321174,64,5.56185036106495,0.5,6.10906359398357,2,0.0487804878048781,42.662,37.3506666666667,109.613670481223,33,0.566055650509181,0,0.171428571428571,0.280439328443417,4772,10,200,5.92979717254639,1,1,tiny_isolated_connected_block_cells2_area92.7km2_tc2,1,0,0,NaN,NaN,
LLC_447_0431,447,431,-72.375,21.625,28.7875633621245,36,2.83791812355599,-0.330000013113022,1.06165161157708,2,0.0487804878048781,56.54,51.143,94.9817810307299,33,0.479264754024336,0,0.428571428571429,0.279954853596665,4779,10,200,7.84406518936157,1,1,tiny_isolated_connected_block_cells4_area176.6km2_tc2,1,0,0,NaN,NaN,
LLC_442_1012,442,1012,72.875,20.375,52.4345362584246,65,6.80676705824264,0,1.98653961501197,2,0.0487804878048781,41.12,39.064,152.927318827876,33,0.574032735549336,0,0.142857142857143,0.279743302425773,4780,10,200,5.29023122787476,1,1,tiny_isolated_connected_block_cells6_area539.1km2_tc2,1,0,0,NaN,NaN,
LLC_549_0473,549,473,-61.875,47.125,13.4395852735713,23,2.83571196451349,-0.5,0.951656507023632,5,0.121951219512195,41.12,37.0936666666667,25.0417881751476,33,0.361833003316683,0.235408913366638,0.142857142857143,0.278416988267734,4792,10,200,10.288293838501,1,1,tiny_isolated_connected_block_cells7_area105.4km2_tc5,1,0,0,NaN,NaN,
LLC_444_1208,444,1208,121.875,20.875,2.4126366261453,3,0,0,0.89877325296402,8,0.195121951219512,59.11,44.0897777777778,157.525082374385,33,0.127901489203411,0.373114300021637,0.476190476190476,0.278229961578761,4795,10,200,3.65628528594971,1,1,tiny_isolated_connected_block_cells3_area15.3km2_tc8,1,0,0,NaN,NaN,
LLC_432_0462,432,462,-64.625,17.875,5.73685330379752,7,5.43007226383672,0,0.906453311443329,4,0.0975609756097561,69.904,53.6273333333333,106.305439251435,33,0.238196071903567,0.173488269711265,0.676190476190476,0.278012111669683,4797,10,200,9.44504261016846,1,1,tiny_isolated_connected_block_cells3_area28.7km2_tc5,1,0,0,NaN,NaN,
LLC_505_1252,505,1252,132.875,36.125,2.781464940826,4,4.14294134522035,0,0.928759483443638,10,0.24390243902439,46.26,39.1374285714286,73.9792207924398,33,0.14454462206415,0.44126673818796,0.238095238095238,0.277266060918337,4806,10,200,7.99738264083862,1,1,tiny_isolated_connected_block_cells5_area23.6km2_tc11,1,0,0,NaN,NaN,
LLC_506_1254,506,1254,133.375,36.375,3.46725710130413,5,2.07386959999797,0,1.009934047534,9,0.219512195121951,46.26,37.8304,46.4339498220041,33,0.171572748579383,0.408897183077904,0.238095238095238,0.276480895806169,4809,10,200,6.97576856613159,1,1,tiny_isolated_connected_block_cells5_area23.6km2_tc11,1,0,0,NaN,NaN,
LLC_496_1279,496,1279,139.625,33.875,0.714629912865824,1,9.63000011444092,9.63000011444092,0.854099810123444,13,0.317073170731707,53.97,41.16112,87.6770604900801,33,0.0162803080406116,0.523170984981065,0.380952380952381,0.273737389753558,4829,10,200,0.401420801877975,1,1,tiny_isolated_connected_block_cells1_area0.7km2_tc13,1,0,0,NaN,NaN,
LLC_294_1279,294,1279,139.625,-16.625,46.2021757559636,56,5.97371422659613,0,1.45354962107653,2,0.0487804878048781,41.12,38.2562857142857,162.496734243148,33,0.553920575641315,0,0.142857142857143,0.270692830467163,4858,10,200,8.44421005249023,1,1,tiny_isolated_connected_block_cells4_area231.1km2_tc2,1,0,0,NaN,NaN,
LLC_260_0907,260,907,46.625,-25.125,42.8473276535856,55,5.4837443629424,0,3.60758591171876,2,0.0487804878048781,42.662,37.3506666666667,120.697685747023,33,0.541964231955013,0,0.171428571428571,0.269598190094042,4866,10,200,6.40380334854126,1,1,tiny_isolated_connected_block_cells2_area92.7km2_tc2,1,0,0,NaN,NaN,
LLC_449_0418,449,418,-75.625,22.125,13.5456125647349,17,2.32355671628849,0,0.91481927048718,3,0.0731707317073171,57.054,42.662,91.772144324901,33,0.363019454264502,0.0977035267116395,0.438095238095238,0.268154450817967,4876,10,200,6.81068325042725,1,1,tiny_isolated_connected_block_cells3_area26.3km2_tc3,1,0,0,NaN,NaN,
LLC_433_0449,433,449,-67.875,18.125,3.2724316836659,4,5.66994799041814,0,0.99762802569128,5,0.121951219512195,69.39,45.4738823529412,60.2657386279859,33,0.164341254155802,0.235408913366638,0.666666666666667,0.268117129716766,4877,10,200,0.925426304340363,1,1,tiny_isolated_connected_block_cells1_area3.3km2_tc5,1,0,0,NaN,NaN,
LLC_447_0433,447,433,-71.875,21.625,23.1812004869476,29,0.463447683772246,0,1.29827719751432,2,0.0487804878048781,56.54,49.6866666666667,135.687040198332,33,0.445449336416311,0,0.428571428571429,0.264737915673054,4907,10,200,9.62038707733154,1,1,tiny_isolated_connected_block_cells4_area176.6km2_tc2,1,0,0,NaN,NaN,
LLC_450_0417,450,417,-75.875,22.375,11.9359664242258,15,2.92055419704622,0,0.893057644367218,3,0.0731707317073171,57.054,42.7354285714286,122.858245145305,33,0.344000240370505,0.0977035267116395,0.438095238095238,0.259595804565669,4943,10,200,5.24473857879639,1,1,tiny_isolated_connected_block_cells3_area26.3km2_tc3,1,0,0,NaN,NaN,
LLC_446_0436,446,436,-71.125,21.375,19.2292698317207,24,2.86377729218165,0,0.979666591998731,2,0.0487804878048781,56.54,44.975,188.439713428357,33,0.416510525475073,0,0.428571428571429,0.251715450749497,5007,10,200,0.314985066652298,1,1,tiny_isolated_connected_block_cells3_area22.4km2_tc2,1,0,0,NaN,NaN,
LLC_551_0462,551,462,-64.625,47.625,36.4683507264306,63,3.27793871122338,-0.0399999991059303,1.21412754640849,2,0.0487804878048781,40.092,36.751,114.363987536308,33,0.516467973401509,0,0.123809523809524,0.250982016602108,5014,10,200,10.187328338623,1,1,tiny_isolated_connected_block_cells2_area46.8km2_tc2,1,0,0,NaN,NaN,
LLC_447_0294,447,294,-106.625,21.625,3.19919711923882,4,4.99657903160737,0,0.89597350358963,5,0.121951219512195,63.222,52.5748571428571,106.905485716182,33,0.161537328742426,0.235408913366638,0.552380952380952,0.24971250613789,5019,10,200,0.760228991508484,1,1,tiny_isolated_connected_block_cells2_area4.0km2_tc5,1,0,0,NaN,NaN,
LLC_304_1390,304,1390,167.375,-14.125,1.66847988770576,2,0,0,3.47197985649109,5,0.121951219512195,68.362,50.372,113.757910356968,33,0.0880109804181946,0.235408913366638,0.647619047619048,0.2309113636777,5155,10,200,12.9432573318481,1,1,tiny_isolated_connected_block_cells6_area13.4km2_tc5,1,0,0,NaN,NaN,
LLC_277_1389,277,1389,167.125,-20.875,0.803809314640545,1,0,0,0.89877325296402,8,0.195121951219512,58.082,45.4318888888889,99.3402341216353,33,0.0245029992646851,0.373114300021637,0.457142857142857,0.228843498249192,5166,10,200,1.48450171947479,1,1,tiny_isolated_connected_block_cells9_area23.3km2_tc8,1,0,0,NaN,NaN,
LLC_441_1011,441,1011,72.625,20.125,21.8244179892319,27,7.09677179217666,3,1.28878030656114,2,0.0487804878048781,42.662,39.8864,154.479629416146,33,0.436084772275305,0,0.171428571428571,0.221952433238173,5219,10,200,10.3232021331787,1,1,tiny_isolated_connected_block_cells6_area539.1km2_tc2,1,0,0,NaN,NaN,
LLC_550_0474,550,474,-61.625,47.375,8.148786091768,14,1.61204306211983,-0.550000011920929,0.89496613940009,4,0.0975609756097561,41.12,37.8304,57.5558981869162,33,0.287825353086671,0.173488269711265,0.142857142857143,0.220345288202079,5232,10,200,10.559814453125,1,1,tiny_isolated_connected_block_cells7_area105.4km2_tc5,1,0,0,NaN,NaN,
LLC_278_1389,278,1389,167.125,-20.625,0.804921551372735,1,0,0,0.89877325296402,8,0.195121951219512,53.97,45.0851428571429,117.888433638129,33,0.0246029645493093,0.373114300021637,0.380952380952381,0.217459911198701,5256,10,200,8.14150238037109,1,1,tiny_isolated_connected_block_cells9_area23.3km2_tc8,1,0,0,NaN,NaN,
LLC_551_0475,551,475,-61.375,47.625,20.3066646353248,35,1.05439486335164,-0.550000011920929,0.928919382619603,2,0.0487804878048781,40.092,36.751,90.7931306657883,33,0.424925538146021,0,0.123809523809524,0.209787920737138,5306,10,200,1.38782799243927,1,1,tiny_isolated_connected_block_cells7_area105.4km2_tc5,1,0,0,NaN,NaN,
LLC_468_0407,468,407,-78.375,26.875,3.84154949690228,5,1.19405351187951,0.129999995231628,0.880283713340759,4,0.0975609756097561,53.97,42.3682857142857,174.626439926636,33,0.184621160483171,0.173488269711265,0.380952380952381,0.20961768724479,5309,10,200,13.1253786087036,1,1,tiny_isolated_connected_block_cells9_area683.9km2_tc7,1,0,0,NaN,NaN,
LLC_275_1391,275,1391,167.625,-21.375,1.60296925223814,2,5.21498612437244,4.73000001907349,0.89597350358963,6,0.146341463414634,52.942,44.91075,132.039414949413,33,0.0839800007817287,0.287762071614427,0.361904761904762,0.207181543283263,5315,10,200,8.23708629608154,1,1,tiny_isolated_connected_block_cells9_area23.3km2_tc8,1,0,0,NaN,NaN,
LLC_305_1391,305,1391,167.625,-13.875,6.68441578578716,8,6.99641211845413,0,0.914940655231476,3,0.0731707317073171,51.4,46.26,152.210894769582,33,0.259538164035509,0.0977035267116395,0.333333333333333,0.205873584500635,5323,10,200,0.817701756954193,1,1,tiny_isolated_connected_block_cells6_area13.4km2_tc5,1,0,0,NaN,NaN,
LLC_506_1253,506,1253,133.125,36.375,0.693407038853715,1,9.97999954223633,9.97999954223633,1.68324136734009,9,0.219512195121951,46.26,37.8304,62.9847460196773,33,0.0142604912950047,0.408897183077904,0.238095238095238,0.205690380028199,5326,10,200,10.1472663879395,1,1,tiny_isolated_connected_block_cells5_area23.6km2_tc11,1,0,0,NaN,NaN,
LLC_304_1391,304,1391,167.625,-14.125,0.83423994385288,1,0,0,3.76444482803345,5,0.121951219512195,68.362,50.372,131.473334385596,33,0.0272160563992365,0.235408913366638,0.647619047619048,0.203553647869169,5337,10,200,10.7927083969116,1,1,tiny_isolated_connected_block_cells6_area13.4km2_tc5,1,0,0,NaN,NaN,
LLC_289_1395,289,1395,168.625,-17.875,5.73558309697496,7,7.50999935386004,0,1.21907786055081,3,0.0731707317073171,53.97,48.4873333333333,168.768288428447,33,0.2381654920956,0.0977035267116395,0.380952380952381,0.203398739270533,5339,10,200,11.9455366134644,1,1,tiny_isolated_connected_block_cells5_area71.3km2_tc6,1,0,0,NaN,NaN,
LLC_290_1395,290,1395,168.625,-17.625,4.91865680589673,6,8.78499705327533,6.92000007629395,0.969034723627051,3,0.0731707317073171,53.97,49.6524,145.166845446754,33,0.217197459269071,0.0977035267116395,0.380952380952381,0.193963124498595,5394,10,200,7.67415428161621,1,1,tiny_isolated_connected_block_cells5_area71.3km2_tc6,1,0,0,NaN,NaN,
LLC_411_0394,411,394,-81.625,12.625,10.9196996173964,13,5.50860071817138,1.12000000476837,0.945944707760461,2,0.0487804878048781,48.83,41.891,192.609298196788,33,0.330731461033787,0,0.285714285714286,0.191686300322347,5406,10,200,7.45712375640869,1,1,tiny_isolated_connected_block_cells1_area10.9km2_tc2,1,0,0,NaN,NaN,
LLC_446_0295,446,295,-106.375,21.375,0.800823513849002,1,6.46000003814697,6.46000003814697,0.89597350358963,5,0.121951219512195,63.222,49.858,81.4091184759726,33,0.0242343371999648,0.235408913366638,0.552380952380952,0.187926159943782,5423,10,200,5.10135221481323,1,1,tiny_isolated_connected_block_cells2_area4.0km2_tc5,1,0,0,NaN,NaN,
LLC_493_1280,493,1280,139.875,33.125,3.60347039599281,5,1.62018463442749,0,0.854099810123443,4,0.0975609756097561,46.26,41.7625,173.867442375617,33,0.176443730071262,0.173488269711265,0.238095238095238,0.18450927213086,5441,10,200,2.78245949745178,1,1,tiny_isolated_connected_block_cells1_area3.6km2_tc4,1,0,0,NaN,NaN,
LLC_551_0474,551,474,-61.625,47.625,13.93307014229,24,0.526262655126588,-1.0900000333786,0.791626989841461,2,0.0487804878048781,40.092,36.751,79.9768858132601,33,0.367282770525099,0,0.123809523809524,0.183848675307723,5445,10,200,3.71437048912048,1,1,tiny_isolated_connected_block_cells7_area105.4km2_tc5,1,0,0,NaN,NaN,
LLC_442_1208,442,1208,121.875,20.375,12.1024677284656,15,2.71110323179893,0,0.89877325296402,2,0.0487804878048781,41.12,37.265,193.198225439983,33,0.346074270918549,0,0.142857142857143,0.177161993341919,5489,10,200,3.52377915382385,1,1,tiny_isolated_connected_block_cells3_area15.3km2_tc8,1,0,0,NaN,NaN,
LLC_469_0407,469,407,-78.375,27.125,3.06109260901303,4,-0.267464621283953,-1.0900000333786,0.876826167106629,3,0.0731707317073171,53.97,43.433,170.859548945651,33,0.15611408022893,0.0977035267116395,0.380952380952381,0.166475603930531,5554,10,200,10.9277467727661,1,1,tiny_isolated_connected_block_cells9_area683.9km2_tc7,1,0,0,NaN,NaN,
LLC_552_0463,552,463,-64.375,47.875,10.3724184674444,18,2.00686255192959,-0.579999983310699,1.07942521129843,2,0.0487804878048781,40.092,36.751,124.943373775955,33,0.323109128326419,0,0.123809523809524,0.163970536318317,5563,10,200,9.51696968078613,1,1,tiny_isolated_connected_block_cells2_area46.8km2_tc2,1,0,0,NaN,NaN,
LLC_469_0408,469,408,-78.125,27.125,5.36551489244403,7,0.834320625918096,0.589999973773956,0.876826167106628,2,0.0487804878048781,53.97,50.629,195.5660778924,33,0.22900126000718,0,0.380952380952381,0.160193424146088,5579,10,200,1.92402601242065,1,1,tiny_isolated_connected_block_cells9_area683.9km2_tc7,1,0,0,NaN,NaN,
LLC_499_1222,499,1222,125.375,34.625,2.12238722276717,3,2.16314219894753,0,0.85001403093338,5,0.121951219512195,38.55,35.53025,94.1160892475388,33,0.113486430145487,0.235408913366638,0.0952380952380953,0.159518173197839,5585,10,200,1.63518512248993,1,1,tiny_isolated_connected_block_cells3_area4.2km2_tc5,1,0,0,NaN,NaN,
LLC_443_1208,443,1208,121.875,20.625,0.804790122160595,1,0,0,0.89877325296402,4,0.0975609756097561,59.11,47.031,180.436421819516,33,0.0245911552033855,0.173488269711265,0.476190476190476,0.151889899154601,5616,10,200,9.67661476135254,1,1,tiny_isolated_connected_block_cells3_area15.3km2_tc8,1,0,0,NaN,NaN,
LLC_298_1213,298,1213,123.125,-15.625,2.48753175064248,3,1.40998102172778,0,0.910953462123871,3,0.0731707317073171,51.4,43.5431428571429,127.170117600265,33,0.131422094742734,0.0977035267116395,0.333333333333333,0.148221353318886,5644,10,200,10.4306411743164,1,1,tiny_isolated_connected_block_cells1_area2.5km2_tc3,1,0,0,NaN,NaN,
LLC_505_1224,505,1224,125.875,36.125,0.695181881173826,1,-0.319999992847443,-0.319999992847443,0.841620683670044,6,0.146341463414634,42.662,36.494,149.836355790157,33,0.0144303733017443,0.287762071614427,0.171428571428571,0.147312782345841,5645,10,200,8.24026966094971,1,1,tiny_isolated_connected_block_cells1_area0.7km2_tc6,1,0,0,NaN,NaN,
LLC_274_1392,274,1392,167.875,-21.625,2.40053639331751,3,3.71311958368541,0,0.89597350358963,3,0.0731707317073171,51.4,44.5466666666667,141.257411009755,33,0.127325451090266,0.0977035267116395,0.333333333333333,0.146377863675275,5653,10,200,2.74510335922241,1,1,tiny_isolated_connected_block_cells9_area23.3km2_tc8,1,0,0,NaN,NaN,
LLC_444_1013,444,1013,73.125,20.875,7.23527343172898,9,5.6212216155523,1,16.605393848519,2,0.0487804878048781,41.12,38.2416,160.890355034321,33,0.27076570555387,0,0.142857142857143,0.143273138927813,5667,10,200,29.543758392334,1,1,tiny_isolated_connected_block_cells6_area539.1km2_tc2,1,0,0,NaN,NaN,
LLC_479_1239,479,1239,129.625,29.625,1.49614554206212,2,5.03023485996597,2.19000005722046,0.869614899158478,4,0.0975609756097561,46.26,40.863,162.63400799818,33,0.0771841651134881,0.173488269711265,0.238095238095238,0.139842467899862,5675,10,200,5.96668863296509,1,1,tiny_isolated_connected_block_cells2_area3.0km2_tc11,1,0,0,NaN,NaN,
LLC_275_1392,275,1392,167.875,-21.375,4.00685315250214,5,2.01596719772496,0,0.89597350358963,2,0.0487804878048781,51.4,43.69,157.918742959001,33,0.190065734480577,0,0.333333333333333,0.13552958051626,5694,10,200,2.15969252586365,1,1,tiny_isolated_connected_block_cells9_area23.3km2_tc8,1,0,0,NaN,NaN,
LLC_305_1390,305,1390,167.375,-13.875,0.835334482190357,1,8.15999984741211,8.15999984741211,0.914940655231476,4,0.0975609756097561,51.4,45.0264,136.832020763379,33,0.0273127998877648,0.173488269711265,0.333333333333333,0.131686067834,5701,10,200,2.32159876823425,1,1,tiny_isolated_connected_block_cells6_area13.4km2_tc5,1,0,0,NaN,NaN,
LLC_468_0408,468,408,-78.125,26.875,3.06747895157726,4,1.22256298087892,0.800000011920929,0.880283713340759,2,0.0487804878048781,53.97,50.629,198.916307162941,33,0.156368906688209,0,0.380952380952381,0.127508865152551,5721,10,200,11.9035339355469,1,1,tiny_isolated_connected_block_cells9_area683.9km2_tc7,1,0,0,NaN,NaN,
LLC_307_1387,307,1387,166.625,-13.375,3.34970357823819,4,8.55003578668746,7.3899998664856,1.10444409491754,2,0.0487804878048781,51.4,42.405,164.034663626131,33,0.167248118802395,0,0.333333333333333,0.125261653461078,5727,10,200,2.11345601081848,1,1,tiny_isolated_connected_block_cells1_area3.3km2_tc2,1,0,0,NaN,NaN,
LLC_481_1212,481,1212,122.875,30.125,0.744206411532274,1,0,0,0.865867614746094,4,0.0975609756097561,47.802,39.51375,127.225754509724,33,0.0190538439153039,0.173488269711265,0.266666666666667,0.117969537646393,5755,10,200,4.02684116363525,1,1,tiny_isolated_connected_block_cells1_area0.7km2_tc4,1,0,0,NaN,NaN,
LLC_498_1222,498,1222,125.375,34.375,0.710136048786594,1,0,0,0.85001403093338,5,0.121951219512195,38.55,35.5516666666667,100.601757253254,33,0.015854713805076,0.235408913366638,0.0952380952380953,0.115583900844654,5763,10,200,5.63104486465454,1,1,tiny_isolated_connected_block_cells3_area4.2km2_tc5,1,0,0,NaN,NaN,
LLC_451_0417,451,417,-75.875,22.625,0.794291079128398,1,3.59999990463257,3.59999990463257,0.893057644367218,3,0.0731707317073171,57.054,45.6432,150.037675182385,33,0.0236449926495279,0.0977035267116395,0.438095238095238,0.115435943091229,5765,10,200,1.30021178722382,1,1,tiny_isolated_connected_block_cells3_area26.3km2_tc3,1,0,0,NaN,NaN,
LLC_286_1440,286,1440,179.875,-18.625,2.44708764745924,3,5.44679370714863,0,0.904015302658081,2,0.0487804878048781,51.4,39.4066666666667,142.575059322566,33,0.129530430923866,0,0.333333333333333,0.10828869391574,5781,10,200,0.273536056280136,1,1,tiny_isolated_connected_block_cells3_area6.5km2_tc2,1,0,0,NaN,NaN,
LLC_285_0001,285,1,-179.875,-18.875,2.4417722477303,3,3.20983985880879,0,0.904015302658081,2,0.0487804878048781,51.4,42.405,177.429743379348,33,0.129280168804885,0,0.333333333333333,0.108176075962198,5783,10,200,4.70958185195923,1,1,tiny_isolated_connected_block_cells3_area6.5km2_tc2,1,0,0,NaN,NaN,
LLC_274_1393,274,1393,168.125,-21.625,2.40039670020358,3,3.82549129509101,0,0.89597350358963,2,0.0487804878048781,51.4,43.69,163.088586375396,33,0.127318788962617,0,0.333333333333333,0.107293455033178,5787,10,200,0.907443523406982,1,1,tiny_isolated_connected_block_cells9_area23.3km2_tc8,1,0,0,NaN,NaN,
LLC_445_0436,445,436,-71.125,21.125,1.60469805513162,2,0,0,0.89597350358963,2,0.0487804878048781,56.54,44.975,161.023423492843,33,0.0840876742540723,0,0.428571428571429,0.102125167700047,5801,10,200,13.3108224868774,1,1,tiny_isolated_connected_block_cells3_area22.4km2_tc2,1,0,0,NaN,NaN,
LLC_446_0435,446,435,-71.375,21.375,1.60141780897874,2,3.49505307174238,1.63999998569489,0.89597350358963,2,0.0487804878048781,56.54,44.975,173.559775716749,33,0.083883312737677,0,0.428571428571429,0.102033205017669,5802,10,200,17.2844123840332,1,1,tiny_isolated_connected_block_cells3_area22.4km2_tc2,1,0,0,NaN,NaN,
LLC_398_1204,398,1204,120.875,9.375,0.849294682793204,1,0,0,0.921327412128448,3,0.0731707317073171,51.4,43.433,191.049263006737,33,0.0285416711983624,0.0977035267116395,0.333333333333333,0.101925162723919,5804,10,200,11.7673835754395,1,1,tiny_isolated_connected_block_cells1_area0.8km2_tc3,1,0,0,NaN,NaN,
LLC_549_0472,549,472,-62.125,47.125,0.584153997114853,1,3.4300000667572,3.4300000667572,0.791626989841461,4,0.0975609756097561,41.12,36.2884,14.0277835908214,33,0.00344490335410028,0.173488269711265,0.142857142857143,0.0923740858224227,5832,10,200,13.5608730316162,1,1,tiny_isolated_connected_block_cells7_area105.4km2_tc5,1,0,0,NaN,NaN,
LLC_306_1391,306,1391,167.625,-13.625,1.67281222112875,2,1.17495858127492,0,0.914940655231476,2,0.0487804878048781,51.4,42.405,174.918558507206,33,0.0882740569406094,0,0.333333333333333,0.0897233256232742,5839,10,200,4.34391117095947,1,1,tiny_isolated_connected_block_cells6_area13.4km2_tc5,1,0,0,NaN,NaN,
LLC_306_1390,306,1390,167.375,-13.625,1.67269138066608,2,4.47794681267268,0,0.914940655231476,2,0.0487804878048781,51.4,42.405,159.784269110178,33,0.0882667248097645,0,0.333333333333333,0.089720026164394,5840,10,200,7.45416402816772,1,1,tiny_isolated_connected_block_cells6_area13.4km2_tc5,1,0,0,NaN,NaN,
LLC_284_1440,284,1440,179.875,-19.125,1.6260924872138,2,4.09989648651483,0,1.35217048274962,2,0.0487804878048781,51.4,42.405,169.175268213916,33,0.0854142813257953,0,0.333333333333333,0.0884364265966079,5851,10,200,9.88486766815186,1,1,tiny_isolated_connected_block_cells3_area6.5km2_tc2,1,0,0,NaN,NaN,
LLC_499_1221,499,1221,125.125,34.625,1.4148772981168,2,2.48449921208196,0,0.85001403093338,3,0.0731707317073171,38.55,34.695,116.908241074521,33,0.0718163812263121,0.0977035267116395,0.0952380952380953,0.0856844965222105,5855,10,200,6.76719856262207,1,1,tiny_isolated_connected_block_cells3_area4.2km2_tc5,1,0,0,NaN,NaN,
LLC_510_1244,510,1244,130.875,37.375,0.683038403762164,1,0,0,0.837321162223816,3,0.0731707317073171,45.232,37.8304,139.529339221229,33,0.0132644675949453,0.0977035267116395,0.219047619047619,0.077907563959524,5872,10,200,8.70759201049805,1,1,tiny_isolated_connected_block_cells1_area0.7km2_tc3,1,0,0,NaN,NaN,
LLC_439_0402,439,402,-79.625,19.625,0.810071068020155,1,7.82000017166138,7.82000017166138,0.901454567909241,2,0.0487804878048781,55.512,48.316,188.340614624699,33,0.0250649898930597,0,0.40952380952381,0.0727078168804483,5884,10,200,16.8522872924805,1,1,tiny_isolated_connected_block_cells1_area0.8km2_tc2,1,0,0,NaN,NaN,
LLC_314_1297,314,1297,144.125,-11.625,0.842988190573241,1,0,0,0.918402254581451,2,0.0487804878048781,53.97,49.4468,165.160769722868,33,0.0279876839422675,0,0.380952380952381,0.0697373149168775,5888,10,200,10.0714521408081,1,1,tiny_isolated_connected_block_cells1_area0.8km2_tc2,1,0,0,NaN,NaN,
LLC_275_1393,275,1393,168.125,-21.375,0.800959377072514,1,0,0,0.89597350358963,2,0.0487804878048781,51.4,43.69,178.571365666961,33,0.0242465718298958,0,0.333333333333333,0.0609109573234531,5908,10,200,6.75463199615479,1,1,tiny_isolated_connected_block_cells9_area23.3km2_tc8,1,0,0,NaN,NaN,
LLC_443_1013,443,1013,73.125,20.625,1.61037566524765,2,8.2348969934735,8,9.94822025517351,2,0.0487804878048781,39.578,37.522,160.74521185364,33,0.0844407856544021,0,0.114285714285714,0.0551412106873381,5921,10,200,24.096607208252,1,1,tiny_isolated_connected_block_cells6_area539.1km2_tc2,1,0,0,NaN,NaN,
LLC_559_0493,559,493,-56.875,49.625,1.67143974808209,3,2.09372132453632,0,1.21315711515317,2,0.0487804878048781,38.55,36.494,52.3093857472652,33,0.0881907610911641,0,0.0952380952380953,0.0539715567767381,5923,10,200,3.72607564926147,1,1,tiny_isolated_connected_block_cells1_area1.7km2_tc2,1,0,0,NaN,NaN,
LLC_293_1279,293,1279,139.625,-16.875,0.822998803476941,1,8.65999984741211,8.65999984741211,0.908766627311707,2,0.0487804878048781,41.12,37.84325,164.282753171096,33,0.0262191259059321,0,0.142857142857143,0.0332271780862409,5941,10,200,17.4875545501709,1,1,tiny_isolated_connected_block_cells4_area231.1km2_tc2,1,0,0,NaN,NaN,
LLC_552_0475,552,475,-61.375,47.875,0.578246492379862,1,0,0,0.791626989841461,2,0.0487804878048781,40.092,36.751,113.418321529808,33,0.00283901281854951,0,0.123809523809524,0.0198489843397758,5953,10,200,9.15748691558838,1,1,tiny_isolated_connected_block_cells7_area105.4km2_tc5,1,0,0,NaN,NaN,
LLC_410_0374,410,374,-86.625,12.375,0.840945198432242,1,6.19999980926514,6.19999980926514,7.39097738265991,2,0.0487804878048781,35.98,34.695,155.154869567037,33,0.0278078128279559,0,0.0476190476190476,0.0196563729154373,5954,10,200,18.8734722137451,1,1,tiny_isolated_connected_block_cells1_area0.8km2_tc2,1,0,0,NaN,NaN,
LLC_424_1207,424,1207,121.625,15.875,52.1638576768331,63,6.26716752470294,0,2.2339877290969,50,1.21951219512195,79.67,46.1272450331126,8.75753413762583,33,0.573209146397504,0.962225185885254,0.857142857142857,0.771405618804407,49,10,200,7.18154621124268,1,1,weak_ocean_contact_no_edge_neighbor,1,0,0,0,0,
LLC_423_1207,423,1207,121.625,15.625,14.0824547109135,17,6.49440140858621,1.5,2.56028200825915,53,1.29268292682927,79.67,46.0635668789809,8.4994588586317,33,0.368897016955855,0.981637513409912,0.857142857142857,0.687230091565528,402,10,200,1.58030414581299,1,1,weak_ocean_contact_no_edge_neighbor,1,0,0,0,0,
LLC_456_1207,456,1207,121.625,23.875,5.50463978657985,7,7.5511743294303,1.5,1.37677718307126,44,1.07317073170732,71.96,45.1340952380952,8.7181270807991,33,0.232507522702638,0.919716869754539,0.714285714285715,0.57965799026086,1297,10,200,2.37145709991455,1,1,weak_ocean_contact_no_edge_neighbor,1,0,0,0,0,
LLC_457_1207,457,1207,121.625,24.125,2.35696863880957,3,8.03029786674456,7.19999980926514,1.65761487339852,43,1.04878048780488,71.96,45.1242258064516,8.10200115864234,33,0.125234271795023,0.912084564921236,0.714285714285715,0.528332105419112,1873,10,200,2.06339693069458,1,1,weak_ocean_contact_no_edge_neighbor,1,0,0,0,0,
LLC_436_1208,436,1208,121.875,18.875,6.51225474136896,8,4.32076880384537,0,0.904015302658081,24,0.585365853658537,71.96,47.288,47.9138227973173,33,0.255863552153613,0.720090839444168,0.714285714285715,0.51031779138965,2098,10,200,1.36072587966919,1,1,weak_ocean_contact_no_edge_neighbor,1,0,0,0,0,EST_0095
LLC_314_1246,314,1246,131.375,-11.625,125.605535933217,149,4.26831162420779,0.779999971389771,2.93847913100701,2,0.0487804878048781,61.68,53.5416666666667,89.3426653508731,33,0.713925564912934,0,0.523809523809524,0.399837932782249,3461,10,200,1.13317346572876,1,1,weak_ocean_contact_no_edge_neighbor,1,0,0,0,0,
LLC_487_1239,487,1239,129.625,31.625,0.732574077635012,1,9.02000045776367,9.02000045776367,0.862030267715454,26,0.634146341463415,59.11,42.7290434782609,42.5986459020297,33,0.01796867420769,0.746228600043274,0.476190476190476,0.378005914839341,3711,10,200,3.80797672271729,1,1,weak_ocean_contact_no_edge_neighbor,1,0,0,0,0,
LLC_453_0282,453,282,-109.625,23.125,7.91758773641895,10,5.72285126168298,0,1.39348196900517,10,0.24390243902439,56.54,42.7073529411765,20.9177282211006,33,0.283674437410673,0.44126673818796,0.428571428571429,0.368445906395701,3830,10,200,5.17647171020508,1,1,weak_ocean_contact_no_edge_neighbor,1,0,0,0,0,EST_0004
LLC_291_1438,291,1438,179.375,-17.375,4.10723569910412,5,6.04589136208256,3.23000001907349,1.31304981927747,7,0.170731707317073,79.67,48.1875,58.9188444813826,33,0.193284965612034,0.333112440078278,0.857142857142857,0.348794639128155,4048,10,200,0.278088986873627,1,1,weak_ocean_contact_no_edge_neighbor,1,0,0,0,0,EST_0002
LLC_521_0421,521,421,-74.875,40.125,140.87843887018,214,6.06023612256266,0,58.7499141446552,2,0.0487804878048781,38.55,36.8366666666667,52.8606897462534,33,0.732396070842392,0,0.0952380952380953,0.343863946164791,4102,10,200,44.048770904541,1,0,weak_ocean_contact_no_edge_neighbor,0,0,0,0,0,EST_0038
LLC_409_0388,409,388,-83.125,12.125,5.0473130829917,6,4.58001041356682,0.439999997615814,0.980026774098913,7,0.170731707317073,64.764,49.3954,65.573909024081,33,0.220684895410746,0.333112440078278,0.580952380952381,0.319696036109004,4356,10,200,6.83165645599365,1,1,weak_ocean_contact_no_edge_neighbor,1,0,0,0,0,
LLC_500_0405,500,405,-78.875,34.875,4.23340905137412,6,8.1659672655142,7,112.634542189214,10,0.24390243902439,51.4,41.377,38.8642991974681,33,0.197242712638234,0.44126673818796,0.333333333333333,0.315265915962389,4419,10,200,116.788749694824,1,0,weak_ocean_contact_no_edge_neighbor,0,0,0,0,0,
LLC_500_1245,500,1245,131.125,34.875,0.706939435619073,1,1.53999996185303,1.53999996185303,0.85001403093338,19,0.463414634146341,51.4,41.4430857142857,43.4161069632156,33,0.0155512952808573,0.644306096444542,0.333333333333333,0.314720521454203,4425,10,200,8.43309020996094,1,1,weak_ocean_contact_no_edge_neighbor,1,0,0,0,0,
LLC_270_1390,270,1390,167.375,-22.625,15.0936614603694,19,5.99486644733119,0,1.1119402732408,4,0.0975609756097561,52.942,46.5684,71.1215543268262,33,0.379420918376205,0.173488269711265,0.361904761904762,0.294420435439513,4625,10,200,3.37419033050537,1,1,weak_ocean_contact_no_edge_neighbor,1,0,0,0,0,
LLC_274_1178,274,1178,114.375,-21.625,1.59961957956357,2,5.98980664224934,2.64000010490417,0.89597350358963,8,0.195121951219512,64.25,47.09525,74.0722789247847,33,0.0837711724689272,0.373114300021637,0.571428571428571,0.272657033333958,4841,10,200,0.338021636009216,1,1,weak_ocean_contact_no_edge_neighbor,1,0,0,1027.16413680648,642.130260175189,EST_0087
LLC_501_0405,501,405,-78.875,35.125,2.11228959708205,3,9.166626916657,9,130.801471453211,9,0.219512195121951,51.4,41.4798,46.0876487185852,33,0.112961124395679,0.408897183077904,0.333333333333333,0.264391379209217,4911,10,200,136.464096069336,1,0,weak_ocean_contact_no_edge_neighbor,0,0,0,0,0,
LLC_455_0402,455,402,-79.625,23.625,3.1556648732841,4,1.37969382419799,0,0.890028178691864,6,0.146341463414634,53.97,43.5965454545455,87.1849147090369,33,0.159847346359215,0.287762071614427,0.380952380952381,0.244178991650274,5064,10,200,3.72390222549438,1,1,weak_ocean_contact_no_edge_neighbor,1,0,0,0,0,EST_0034
LLC_476_1210,476,1210,122.375,28.875,0.753456009335564,1,0,0,0.873268842697144,10,0.24390243902439,53.97,41.1934285714286,44.9525055777339,33,0.0199115775169848,0.44126673818796,0.380952380952381,0.242609762300684,5078,10,200,9.85565185546875,1,1,weak_ocean_contact_no_edge_neighbor,1,0,0,0,0,
LLC_410_0389,410,389,-82.875,12.375,0.840812103400082,1,8.14000034332275,8.14000034332275,0.916737914085388,7,0.170731707317073,64.764,49.4251578947368,64.6762240549568,33,0.0277960878200981,0.333112440078278,0.580952380952381,0.232896072693212,5148,10,200,13.955735206604,1,1,weak_ocean_contact_no_edge_neighbor,1,0,0,0,0,
LLC_521_0422,521,422,-74.625,40.125,25.6492295775056,39,4.13522585487489,0.860000014305115,54.4144963587163,2,0.0487804878048781,38.55,36.8366666666667,57.7946032723028,33,0.461210002831344,0,0.0952380952380953,0.221830215559819,5220,10,200,41.2171249389648,1,0,weak_ocean_contact_no_edge_neighbor,0,0,0,0,0,EST_0038
LLC_270_1391,270,1391,167.625,-22.625,7.14792920319483,9,7.28662066940629,0,0.934155896108227,3,0.0731707317073171,51.4,44.975,94.9555799597296,33,0.269036502560344,0.0977035267116395,0.333333333333333,0.210147836836811,5302,10,200,6.60216426849365,1,1,weak_ocean_contact_no_edge_neighbor,1,0,0,0,0,
LLC_454_0402,454,402,-79.625,23.375,0.789191042311444,1,9.47000026702881,9.47000026702881,0.890028178691864,5,0.121951219512195,61.68,48.7015,62.4018888159877,33,0.0231833830667398,0.235408913366638,0.523809523809524,0.183167516298117,5452,10,200,16.9476108551025,1,1,weak_ocean_contact_no_edge_neighbor,1,0,0,0,0,EST_0034
LLC_295_1265,295,1265,136.125,-16.375,0.825374952968436,1,6.23000001907349,6.23000001907349,84.300048828125,4,0.0975609756097561,61.68,49.0584444444445,38.570339215906,33,0.0264303682373114,0.173488269711265,0.523809523809524,0.159860402162725,5584,10,200,66.4029006958008,1,0,weak_ocean_contact_no_edge_neighbor,0,0,0,0,0,EST_0117
LLC_289_0003,289,3,-179.375,-17.875,1.63915839022828,2,7.52499089797562,7.13000011444092,1.35969052033798,3,0.0731707317073171,53.97,46.774,166.242633978337,33,0.0862191549690329,0.0977035267116395,0.380952380952381,0.135022887563578,5697,10,200,12.0918216705322,1,1,weak_ocean_contact_no_edge_neighbor,1,0,0,0,0,
LLC_260_1173,260,1173,113.125,-25.125,4.6758528806211,6,4.97986014292701,0,0.883638441562652,2,0.0487804878048781,46.26,39.12825,64.6349823103699,33,0.210404277019693,0,0.238095238095238,0.130396210373148,5704,10,200,1.25387012958527,1,1,weak_ocean_contact_no_edge_neighbor,1,0,0,2957.8243707306,632.574301682843,EST_0086
LLC_512_1268,512,1268,136.875,37.875,0.679520836531958,1,8.07999992370605,8.07999992370605,0.837321162223816,5,0.121951219512195,43.69,37.0936666666667,62.1636584989037,33,0.0129251713335004,0.235408913366638,0.19047619047619,0.128551321018159,5714,10,200,4.18770694732666,1,1,weak_ocean_contact_no_edge_neighbor,1,0,0,0,0,
LLC_291_0002,291,2,-179.625,-17.375,0.821819418983769,1,4.26999998092651,4.26999998092651,1.2819185256958,3,0.0731707317073171,59.11,49.2583333333333,104.72646659502,33,0.0261141750443345,0.0977035267116395,0.476190476190476,0.122261360883178,5742,10,200,10.1266593933105,1,1,weak_ocean_contact_no_edge_neighbor,1,0,0,0,0,
LLC_261_1173,261,1173,113.125,-24.875,3.90390095023571,5,3.15507425911301,0,0.886887550354004,2,0.0487804878048781,46.26,41.634,41.3082923824475,33,0.186696346549647,0,0.238095238095238,0.119727641661627,5749,10,200,0.238515451550484,1,1,weak_ocean_contact_no_edge_neighbor,1,0,0,31.680485051038,8.11508423366253,EST_0086
LLC_283_1376,283,1376,163.875,-19.375,0.811787248507731,1,0,0,0.901454567909241,3,0.0731707317073171,58.082,46.6026666666667,101.459336553362,33,0.02521867719584,0.0977035267116395,0.457142857142857,0.119001243994212,5752,10,200,11.8587169647217,1,1,weak_ocean_contact_no_edge_neighbor,1,0,0,0,0,EST_0128
LLC_292_0003,292,3,-179.375,-17.125,0.822925613973227,1,0.150000005960464,0.150000005960464,0.906453311443329,3,0.0731707317073171,57.568,47.288,100.207613693858,33,0.026212614907441,0.0977035267116395,0.447619047619048,0.118019944535861,5754,10,200,14.2596073150635,1,1,weak_ocean_contact_no_edge_neighbor,1,0,0,0,0,
LLC_290_0003,290,3,-179.375,-17.625,0.819636428343495,1,5.32999992370605,5.32999992370605,2.5638370513916,3,0.0731707317073171,57.568,49.4725,142.218614659005,33,0.0259197360658779,0.0977035267116395,0.447619047619048,0.117888149057158,5756,10,200,11.8784141540527,1,1,weak_ocean_contact_no_edge_neighbor,1,0,0,0,0,
LLC_553_0485,553,485,-58.875,48.125,4.58755762452826,8,2.78020833281498,0,1.30893042575201,2,0.0487804878048781,41.12,37.6933333333333,53.8966866406624,33,0.207861649122221,0,0.142857142857143,0.114966313533571,5766,10,200,6.23586654663086,1,1,weak_ocean_contact_no_edge_neighbor,1,0,0,0,0,
LLC_522_0421,522,421,-74.875,40.375,4.59396728029154,7,4.77926452555519,-11.6099996566772,62.0258154288366,2,0.0487804878048781,38.55,36.8366666666667,80.6444770863292,33,0.208047575141741,0,0.0952380952380953,0.107907123099498,5784,10,200,51.9231719970703,1,0,weak_ocean_contact_no_edge_neighbor,0,0,0,0,0,EST_0038
LLC_314_1268,314,1268,136.875,-11.625,2.52838412854691,3,8.73333703909097,8.46000003814697,0.918402254581451,3,0.0731707317073171,33.41,33.41,109.038629980711,33,0.133310713633546,0.0977035267116395,0,0.0990712318197514,5813,10,200,5.63438987731934,1,1,weak_ocean_contact_no_edge_neighbor,1,0,0,0,0,
LLC_275_1322,275,1322,150.375,-21.375,0.800776155691848,1,2.4300000667572,2.4300000667572,0.89597350358963,2,0.0487804878048781,61.68,54.227,114.702256023361,33,0.0242300723298431,0,0.523809523809524,0.089474961119858,5844,10,200,15.4079132080078,1,1,weak_ocean_contact_no_edge_neighbor,1,0,0,0,0,
LLC_549_0480,549,480,-60.125,47.125,0.584429673483758,1,0,0,0.791626989841461,3,0.0731707317073171,41.12,37.008,119.915647269037,33,0.00347312230180433,0.0977035267116395,0.142857142857143,0.0620728871490392,5900,10,200,7.01150846481323,1,1,weak_ocean_contact_no_edge_neighbor,1,0,0,0,0,
LLC_457_0412,457,412,-77.125,24.125,1.57187448442202,2,6.20498962081943,5.88000011444092,0.886887550354004,2,0.0487804878048781,41.12,38.036,71.4468108421879,33,0.0820310460192519,0,0.142857142857143,0.0583425421372348,5913,10,200,9.70219898223877,1,1,weak_ocean_contact_no_edge_neighbor,1,0,0,0,0,EST_0036
LLC_468_0393,468,393,-81.875,26.875,498.235048128329,649,7.5517191625104,0,10.9057016211747,9,0.219512195121951,74.53,44.9892777777778,23.8169297311334,33,0.936425976282904,0.408897183077904,0.761904761904762,0.699236276844183,332,10,200,15.0725336074829,1,1,final_domain_le_10_cells,1,0,0,0,0,
LLC_468_0394,468,394,-81.625,26.875,185.894806422706,242,8.31311602578136,5.46999979019165,20.0732222019115,9,0.219512195121951,74.53,44.7457837837838,35.1509740646229,33,0.777086728512154,0.408897183077904,0.761904761904762,0.627533615347345,824,10,200,24.0319232940674,1,1,final_domain_le_10_cells,1,0,0,0,0,
LLC_469_0393,469,393,-81.875,27.125,180.031698671262,235,6.07738374058577,0,16.6032678090065,9,0.219512195121951,66.82,44.91075,7.92514675566072,33,0.771917687000746,0.408897183077904,0.619047619047619,0.60377897523864,1042,10,200,26.7165298461914,1,1,final_domain_le_10_cells,1,0,0,0,0,
LLC_471_0391,471,391,-82.375,27.625,287.439152900187,377,5.83255681695735,0,6.96322056734488,5,0.121951219512195,66.82,45.6032222222222,40.6082494028827,33,0.847459453826765,0.235408913366638,0.619047619047619,0.568377462425843,1419,10,200,11.5794486999512,1,1,final_domain_le_10_cells,1,0,0,0,0,
LLC_445_0427,445,427,-73.375,21.125,474.510426698491,591,1.48005681275156,0,6.68896237440266,4,0.0975609756097561,60.652,47.1737777777778,15.9296512955073,33,0.928530100672444,0.173488269711265,0.504761904761905,0.562948138901392,1482,10,200,5.37277126312256,1,1,final_domain_le_10_cells,1,0,0,0,0,EST_0045
LLC_445_0428,445,428,-73.125,21.125,401.368885113036,500,2.16853508546207,0,4.15007988263197,4,0.0975609756097561,60.652,48.89425,19.0113708735872,33,0.901444175051984,0.173488269711265,0.504761904761905,0.550759472372185,1619,10,200,4.56409406661987,1,1,final_domain_le_10_cells,1,0,0,0,0,EST_0045
LLC_473_0390,473,390,-82.625,28.125,306.636033384426,404,5.97856801728072,0,5.72374886390035,4,0.0975609756097561,66.82,45.0343076923077,46.6582257850427,33,0.857908731930185,0.173488269711265,0.619047619047619,0.548311380110232,1650,10,200,10.4602289199829,1,1,final_domain_le_10_cells,1,0,0,0,0,
LLC_472_0390,472,390,-82.625,27.875,301.224309905058,396,4.20333945018085,0,2.59180244235468,4,0.0975609756097561,66.82,45.232,55.761617091239,33,0.855030518093082,0.173488269711265,0.619047619047619,0.547016183883536,1661,10,200,0.755541026592255,1,1,final_domain_le_10_cells,1,0,0,0,0,
LLC_472_0391,472,391,-82.375,27.875,242.628699316885,319,5.4747817849152,0,3.77713364653252,4,0.0975609756097561,66.82,45.1292,32.0696650937063,33,0.820078488947724,0.173488269711265,0.619047619047619,0.531287770768125,1843,10,200,1.22890818119049,1,1,final_domain_le_10_cells,1,0,0,0,0,
LLC_498_1238,498,1238,129.375,34.375,15.6246797521089,22,3.59342717692321,0,1.27392005169524,23,0.560975609756098,51.4,41.3341666666667,67.4019057853397,33,0.384685487044657,0.706226740099915,0.333333333333333,0.505599165210062,2168,10,200,0.311154842376709,1,1,final_domain_le_10_cells,1,0,0,0,0,
LLC_277_1182,277,1182,115.375,-20.875,33.7771625207217,42,6.32913148866124,2.39000010490417,1.30859027534059,10,0.24390243902439,64.25,45.7855384615385,46.274530896977,33,0.504380357783534,0.44126673818796,0.571428571428571,0.48919214199206,2375,10,200,0.5440953373909,1,1,final_domain_le_10_cells,1,0,0,12405.6760598375,367.279994352006,EST_0091
LLC_444_0427,444,427,-73.375,20.875,157.494817419833,196,2.36690276441179,0,3.5257223524088,4,0.0975609756097561,60.652,45.7974,15.9328375154702,33,0.750356849748139,0.173488269711265,0.504761904761905,0.482770175985455,2443,10,200,6.80392265319824,1,1,final_domain_le_10_cells,1,0,0,0,0,EST_0045
LLC_445_0426,445,426,-73.625,21.125,132.490269381824,165,2.24429730136803,0,3.45562409249513,4,0.0975609756097561,60.652,47.1737777777778,8.2616531640655,33,0.722512965012547,0.173488269711265,0.504761904761905,0.470240427854438,2600,10,200,1.89646399021149,1,1,final_domain_le_10_cells,1,0,0,0,0,EST_0045
LLC_470_0392,470,392,-82.125,27.375,33.6446682540648,44,7.21648761905273,3.78999996185303,29.9041273532811,8,0.195121951219512,66.82,46.003,33.3894137961413,33,0.50376133304701,0.373114300021637,0.619047619047619,0.468795462736952,2611,10,200,33.2577590942383,1,1,final_domain_le_10_cells,1,0,0,0,0,
LLC_499_1238,499,1238,129.375,34.625,9.91424664962324,14,3.43625723114417,0,1.5177244222537,20,0.48780487804878,51.4,41.5215625,48.6154576277182,33,0.316440278582263,0.660876371636064,0.333333333333333,0.456748674016444,2756,10,200,1.74253785610199,1,1,final_domain_le_10_cells,1,0,0,0,0,
LLC_278_1182,278,1182,115.375,-20.625,20.9308359644235,26,5.61909338492532,0,1.47300445684635,10,0.24390243902439,64.25,45.6317777777778,55.3701693777325,33,0.429608060498321,0.44126673818796,0.571428571428571,0.455544608213714,2768,10,200,7.61258602142334,1,1,final_domain_le_10_cells,1,0,0,799195.333532563,38182.6762624756,EST_0091
LLC_470_0393,470,393,-81.875,27.375,25.9882038385202,34,8.89561861836328,4.5,43.944707981954,8,0.195121951219512,66.82,45.8877931034483,19.6148618683762,33,0.463259800380846,0.373114300021637,0.619047619047619,0.450569773037178,2825,10,200,48.9728317260742,1,0,final_domain_le_10_cells,0,0,0,0,0,
LLC_472_0389,472,389,-82.875,27.875,79.1083247166356,104,4.52201515098682,0,1.98690798407948,4,0.0975609756097561,66.82,44.9552307692308,77.4623085440726,33,0.639699914788726,0.173488269711265,0.619047619047619,0.450117412396576,2832,10,200,2.32217264175415,1,1,final_domain_le_10_cells,1,0,0,0,0,
LLC_444_0426,444,426,-73.625,20.875,86.7874457151407,108,2.77753560671895,0,2.53577438141387,4,0.0975609756097561,60.652,45.7974,22.8802699826493,33,0.654544952965849,0.173488269711265,0.504761904761905,0.439654822433424,2983,10,200,4.76089334487915,1,1,final_domain_le_10_cells,1,0,0,0,0,EST_0045
LLC_473_0389,473,389,-82.875,28.125,63.751865975631,84,3.63386541773275,-1.5,1.43541173728188,4,0.0975609756097561,66.82,45.0450909090909,71.143030012051,33,0.605186867695077,0.173488269711265,0.619047619047619,0.434586541204434,3048,10,200,4.08610486984253,1,1,final_domain_le_10_cells,1,0,0,0,0,
LLC_279_1387,279,1387,166.625,-20.375,24.1934292756105,30,5.15827159954728,0,1.30285267797276,8,0.195121951219512,58.082,45.328375,117.500798349235,33,0.452099650253223,0.373114300021637,0.457142857142857,0.421261991194034,3202,10,200,2.84199380874634,1,1,final_domain_le_10_cells,1,0,0,0,0,
LLC_450_0424,450,424,-74.125,22.375,118.602283743425,149,3.50201154082859,0.400000005960464,1.89604923911943,3,0.0731707317073171,56.54,50.6804,148.41362667764,33,0.70469726828648,0.0977035267116395,0.428571428571429,0.420480895699286,3215,10,200,2.30864119529724,1,1,final_domain_le_10_cells,1,0,0,0,0,EST_0044
LLC_446_0428,446,428,-73.125,21.375,100.175442181121,125,4.45098018129958,0,2.17094906651826,3,0.0731707317073171,59.11,52.7364,43.6656274862103,33,0.677563281651288,0.0977035267116395,0.476190476190476,0.415413458856307,3264,10,200,8.51617622375488,1,1,final_domain_le_10_cells,1,0,0,0,0,EST_0045
LLC_458_1216,458,1216,123.875,24.375,23.5236536351126,30,3.5472392251856,0,1.14983561164493,6,0.146341463414634,66.82,51.4,158.188149874673,33,0.447729901793105,0.287762071614427,0.619047619047619,0.409440427309811,3340,10,200,1.57127237319946,1,1,final_domain_le_10_cells,1,0,0,0,0,
LLC_278_1387,278,1387,166.625,-20.625,19.3272613531028,24,5.61950812153537,0,1.2058295775931,8,0.195121951219512,58.082,45.6107368421053,90.7807512068151,33,0.417294198677766,0.373114300021637,0.457142857142857,0.405599537985078,3391,10,200,1.93488132953644,1,1,final_domain_le_10_cells,1,0,0,0,0,
LLC_497_1237,497,1237,129.125,34.125,3.5604770680832,5,2.97623831177809,1.08000004291534,0.85001403093338,22,0.536585365853659,51.4,41.6037647058824,79.177702789354,33,0.174922033323926,0.691772504600409,0.333333333333333,0.40542391683593,3397,10,200,3.82479763031006,1,1,final_domain_le_10_cells,1,0,0,0,0,
LLC_451_0425,451,425,-73.875,22.625,158.855175689769,200,2.41438224174835,0,1.85951502516085,2,0.0487804878048781,56.54,49.344,170.531206260496,33,0.7517428316308,0,0.428571428571429,0.402569988519574,3428,10,200,0.621412575244904,1,1,final_domain_le_10_cells,1,0,0,0,0,EST_0044
LLC_444_0428,444,428,-73.125,20.875,47.4062604163753,59,2.8001639884331,0,2.26497399995575,4,0.0975609756097561,60.652,47.1737777777778,19.0187867118626,33,0.558005558371175,0.173488269711265,0.504761904761905,0.396212094865821,3502,10,200,10.7301425933838,1,1,final_domain_le_10_cells,1,0,0,0,0,EST_0045
LLC_279_1183,279,1183,115.625,-20.375,8.06469330503991,10,5.99023319519097,2.48000001907349,0.89877325296402,10,0.24390243902439,64.25,46.1509696969697,57.7759163163479,33,0.2863278236588,0.44126673818796,0.571428571428571,0.39106850163593,3559,10,200,5.06390190124512,1,1,final_domain_le_10_cells,1,0,0,1.6596907455978,0.205797131127181,EST_0091
LLC_473_0391,473,391,-82.375,28.125,34.181937057415,45,7.4364538948302,3.5,10.9237152184197,4,0.0975609756097561,66.82,45.1292,22.2363781009008,33,0.506256994776276,0.173488269711265,0.619047619047619,0.390068098390973,3567,10,200,19.4677085876465,1,1,final_domain_le_10_cells,1,0,0,0,0,
LLC_497_1238,497,1238,129.375,34.125,2.1345705328783,3,4.01395715655725,0,1.08473503423473,23,0.560975609756098,52.942,42.8201538461539,78.1862850333396,33,0.114117982092518,0.706226740099915,0.361904761904762,0.388129502267313,3587,10,200,8.31767272949219,1,1,final_domain_le_10_cells,1,0,0,0,0,
LLC_450_0429,450,429,-72.875,22.375,128.134427456693,161,3.59065543170021,0,1.66070540337211,2,0.0487804878048781,56.54,51.143,153.437526359777,33,0.71713295816917,0,0.428571428571429,0.386995545461841,3598,10,200,1.75156080722809,1,1,final_domain_le_10_cells,1,0,0,0,0,EST_0044
LLC_451_0424,451,424,-74.125,22.625,126.221396176312,159,2.50914445273987,0,1.75995340599282,2,0.0487804878048781,56.54,49.344,175.151977752586,33,0.714712523310695,0,0.428571428571429,0.385906349775527,3608,10,200,4.57775259017944,1,1,final_domain_le_10_cells,1,0,0,0,0,EST_0044
LLC_512_1274,512,1274,138.375,37.875,21.0349924364983,31,4.28555932290935,0.5,2.09816801851231,9,0.219512195121951,43.69,35.5802222222222,41.2033905697544,33,0.430376444416582,0.408897183077904,0.19047619047619,0.385799701790052,3612,10,200,2.72025346755981,1,1,final_domain_le_10_cells,1,0,0,0,0,EST_0109
LLC_450_0428,450,428,-73.125,22.375,121.738396820344,153,3.20826021389811,0,2.33877466953195,2,0.0487804878048781,56.54,51.143,153.437526359777,33,0.708894820324792,0,0.428571428571429,0.383288383431871,3647,10,200,1.15500915050507,1,1,final_domain_le_10_cells,1,0,0,0,0,EST_0044
LLC_498_1237,498,1237,129.125,34.375,2.13273844949124,3,0.26002578537409,0,0.967388114234167,21,0.51219512195122,51.4,40.8364137931035,53.5446839172049,33,0.114023168501336,0.676675651554598,0.333333333333333,0.37198068644744,3792,10,200,8.73673534393311,1,1,final_domain_le_10_cells,1,0,0,0,0,
LLC_513_1274,513,1274,138.375,38.125,32.5270020656204,48,4.75090904045716,0,2.78993601418196,6,0.146341463414634,43.69,35.1233333333333,66.9205029384211,33,0.498443269194008,0.287762071614427,0.19047619047619,0.367975728354503,3835,10,200,5.38546705245972,1,1,final_domain_le_10_cells,1,0,0,0,0,EST_0109
LLC_458_1215,458,1215,123.625,24.375,1.56843993928268,2,3.57023455737622,0,0.886887550354004,16,0.390243902439024,66.82,45.4675833333333,134.630544711752,33,0.0818143324714849,0.589110885863617,0.619047619047619,0.365317946814758,3861,10,200,7.491286277771,1,1,final_domain_le_10_cells,1,0,0,0,0,
LLC_465_0412,465,412,-77.125,26.125,143.715333690541,186,4.51309936626635,0,2.47922142299351,2,0.0487804878048781,41.12,37.008,176.160098587384,33,0.735606751589164,0,0.142857142857143,0.352451609643695,4008,10,200,4.91078424453735,1,1,final_domain_le_10_cells,1,0,0,0,0,
LLC_451_0423,451,423,-74.375,22.625,39.7052709096704,50,3.01245192651083,-0.5,1.11088627205975,3,0.0731707317073171,55.512,46.774,183.32113849012,33,0.529905724698875,0.0977035267116395,0.40952380952381,0.338967558227721,4142,10,200,3.6965057849884,1,1,final_domain_le_10_cells,1,0,0,0,0,EST_0044
LLC_446_0429,446,429,-72.875,21.375,32.8311051035558,41,4.5298125661342,1.73000001907349,2.16482986982632,3,0.0731707317073171,59.11,52.7364,43.6656274862103,33,0.499907603673268,0.0977035267116395,0.476190476190476,0.335468403766198,4178,10,200,12.6461706161499,1,1,final_domain_le_10_cells,1,0,0,0,0,EST_0045
LLC_450_0425,450,425,-73.875,22.375,58.8664380100115,74,4.12692897884005,0,1.73000122688037,2,0.0487804878048781,56.54,51.143,142.92112826902,33,0.592465029530234,0,0.428571428571429,0.33089497757432,4222,10,200,8.53349208831787,1,1,final_domain_le_10_cells,1,0,0,0,0,EST_0044
LLC_464_0412,464,412,-77.125,25.875,103.705339058685,134,4.88942342705096,0,2.7181316769069,2,0.0487804878048781,41.12,37.008,149.606583170159,33,0.683124823698221,0,0.142857142857143,0.328834742092771,4246,10,200,5.96331930160522,1,1,final_domain_le_10_cells,1,0,0,0,0,
LLC_460_0416,460,416,-76.125,24.875,89.0042168487399,114,4.86021651579331,0,1.35097074598019,2,0.0487804878048781,41.12,38.55,152.066925983001,33,0.658589206992695,0,0.142857142857143,0.317793714575284,4387,10,200,0.952537357807159,1,1,final_domain_le_10_cells,1,0,0,0,0,
LLC_465_0411,465,411,-77.375,26.125,87.3735040639894,113,2.77002147224347,0.150000005960464,2.81144044288285,2,0.0487804878048781,41.12,37.008,171.072536179663,33,0.655623997253098,0,0.142857142857143,0.316459370192466,4399,10,200,6.55749988555908,1,1,final_domain_le_10_cells,1,0,0,0,0,
LLC_462_0414,462,414,-76.625,25.375,71.4812244692944,92,3.87950885112492,-0.25,1.57718780921577,2,0.0487804878048781,41.12,37.008,130.700010819963,33,0.62347422394196,0,0.142857142857143,0.301991972202453,4554,10,200,5.11181354522705,1,1,final_domain_le_10_cells,1,0,0,0,0,
LLC_472_0392,472,392,-82.125,27.875,6.08560100279877,8,8.958712508847,7.51999998092651,18.6555434262855,5,0.121951219512195,66.82,45.3176666666667,7.8795342263232,33,0.246381187573903,0.235408913366638,0.619047619047619,0.297892242612054,4590,10,200,25.7605209350586,1,1,final_domain_le_10_cells,1,0,0,0,0,
LLC_447_0428,447,428,-73.125,21.625,19.2140767304621,24,5.09379982414672,0,1.83365224852496,3,0.0731707317073171,59.11,52.7364,70.6928472461888,33,0.416388681005589,0.0977035267116395,0.476190476190476,0.297884888565742,4591,10,200,13.7627897262573,1,1,final_domain_le_10_cells,1,0,0,0,0,EST_0045
LLC_447_0429,447,429,-72.875,21.625,33.6233022429827,42,4.06690147257835,0,2.06442174163849,2,0.0487804878048781,56.54,51.143,70.6928472461888,33,0.503661287571363,0,0.428571428571429,0.290933293692828,4656,10,200,12.845947265625,1,1,final_domain_le_10_cells,1,0,0,0,0,EST_0045
LLC_458_1217,458,1217,124.125,24.375,20.3778426114915,26,5.53308417074871,0,1.50189563127042,2,0.0487804878048781,66.82,65.535,182.205844958037,33,0.425466394852476,0,0.619047619047619,0.284317020540757,4732,10,200,0.32551047205925,1,1,final_domain_le_10_cells,1,0,0,0,0,
LLC_449_0424,449,424,-74.125,22.125,15.1363686124226,19,5.39629213801849,2.1800000667572,1.15088098025073,3,0.0731707317073171,56.54,50.6804,122.149531899516,33,0.379850698778677,0.0977035267116395,0.428571428571429,0.274299939420775,4825,10,200,12.0178422927856,1,1,final_domain_le_10_cells,1,0,0,0,0,EST_0044
LLC_278_1183,278,1183,115.625,-20.625,0.805275220225915,1,5.71000003814697,5.71000003814697,0.89877325296402,10,0.24390243902439,64.25,45.8406842105263,34.2549396023064,33,0.0246347385862106,0.44126673818796,0.571428571428571,0.273306613353264,4834,10,200,5.38511180877686,1,1,final_domain_le_10_cells,1,0,0,226122.932127926,280802.049347164,EST_0091
LLC_449_0423,449,423,-74.375,22.125,8.76431325501787,11,5.58562932772571,3,1.25664235668981,4,0.0975609756097561,56.54,47.802,133.638623345647,33,0.298384877899101,0.173488269711265,0.428571428571429,0.267954217224816,4880,10,200,4.65076684951782,1,1,final_domain_le_10_cells,1,0,0,0,0,EST_0044
LLC_464_0411,464,411,-77.375,25.875,44.0970039061438,57,2.5277784196874,0,1.68524477592081,2,0.0487804878048781,41.12,37.008,143.568316209201,33,0.546521601803725,0,0.142857142857143,0.267363292240248,4884,10,200,10.5677032470703,1,1,final_domain_le_10_cells,1,0,0,0,0,
LLC_461_0416,461,416,-76.125,25.125,42.0731070122872,54,5.11194749866381,-0.5,1.04000020484584,2,0.0487804878048781,41.12,38.55,159.850983776466,33,0.539075143786704,0,0.142857142857143,0.264012386132588,4914,10,200,0.38141942024231,1,1,final_domain_le_10_cells,1,0,0,0,0,
LLC_278_1386,278,1386,166.375,-20.625,0.80501007076855,1,5.05000019073486,5.05000019073486,0.89877325296402,9,0.219512195121951,64.25,46.8908181818182,86.2151986540821,33,0.0246109178228368,0.408897183077904,0.571428571428571,0.260348071965724,4932,10,200,4.03384065628052,1,1,final_domain_le_10_cells,1,0,0,0,0,
LLC_459_0416,459,416,-76.125,24.625,32.0541478985841,41,3.96003037736148,0,1.25508032729408,2,0.0487804878048781,41.12,38.55,149.136245234873,33,0.496139761410776,0,0.142857142857143,0.244691464063421,5061,10,200,1.98605096340179,1,1,final_domain_le_10_cells,1,0,0,0,0,
LLC_457_1216,457,1216,123.875,24.125,2.35640503016929,3,7.24095047800283,5.28000020980835,0.886887550354004,5,0.121951219512195,66.82,52.942,169.637455811384,33,0.125207042068723,0.235408913366638,0.619047619047619,0.243363877134723,5070,10,200,9.45643424987793,1,1,final_domain_le_10_cells,1,0,0,0,0,
LLC_279_1386,279,1386,166.375,-20.375,0.806329683522048,1,5.17000007629395,5.17000007629395,0.89877325296402,9,0.219512195121951,58.082,45.773052631579,104.941466398465,33,0.0247294359085842,0.408897183077904,0.457142857142857,0.243258547961453,5074,10,200,8.46356964111328,1,1,final_domain_le_10_cells,1,0,0,0,0,
LLC_460_0415,460,415,-76.375,24.875,29.6876473885744,38,4.47692855904036,0,1.19512909560002,2,0.0487804878048781,41.12,37.008,127.436394996529,33,0.484092497534998,0,0.142857142857143,0.23927019531932,5104,10,200,2.76288509368896,1,1,final_domain_le_10_cells,1,0,0,0,0,
LLC_512_1273,512,1273,138.125,37.875,3.39452642018505,5,2.69178559991398,0,0.837321162223816,7,0.170731707317073,43.69,35.0988571428571,55.2436225752493,33,0.168910719943275,0.333112440078278,0.19047619047619,0.237826228577214,5111,10,200,8.64553928375244,1,1,final_domain_le_10_cells,1,0,0,0,0,EST_0109
LLC_463_0414,463,414,-76.625,25.625,20.9659561927753,27,2.09401789175507,-0.239999994635582,0.984149826258188,2,0.0487804878048781,41.12,37.008,150.421344428607,33,0.429867556752222,0,0.142857142857143,0.214868971967072,5273,10,200,8.14120292663574,1,1,final_domain_le_10_cells,1,0,0,0,0,
LLC_282_1375,282,1375,163.625,-19.625,5.67415152107856,7,4.33857139270397,0,0.901454567909241,3,0.0731707317073171,58.082,46.6026666666667,88.5513683614415,33,0.236679621580292,0.0977035267116395,0.457142857142857,0.214158668967216,5276,10,200,0.200525239109993,1,1,final_domain_le_10_cells,1,0,0,0,0,EST_0128
LLC_457_1217,457,1217,124.125,24.125,7.0625594974497,9,5.57887394882109,2.4300000667572,1.00934739549655,2,0.0487804878048781,66.82,65.535,192.272091399921,33,0.267328383475059,0,0.619047619047619,0.213154915420919,5285,10,200,15.3857564926147,1,1,final_domain_le_10_cells,1,0,0,0,0,
LLC_292_0005,292,5,-178.875,-17.125,6.57611261759976,8,4.4575485439488,0,1.04725118310571,3,0.0731707317073171,53.97,46.774,144.380298445525,33,0.257236269962499,0.0977035267116395,0.380952380952381,0.211980589310637,5290,10,200,6.15406799316406,1,1,final_domain_le_10_cells,1,0,0,0,0,
LLC_451_0426,451,426,-73.625,22.625,10.3285753587743,13,3.94688302858045,1.95000004768372,0.949968026594933,2,0.0487804878048781,56.54,51.143,169.74885869859,33,0.322482711430832,0,0.428571428571429,0.209402934429589,5311,10,200,2.14779090881348,1,1,final_domain_le_10_cells,1,0,0,0,0,EST_0044
LLC_466_0410,466,410,-77.625,26.375,17.7447907585951,23,2.2180278743096,-0.5,0.981963131610711,2,0.0487804878048781,41.12,37.522,193.555848826671,33,0.404150623426367,0,0.142857142857143,0.203296351970437,5341,10,200,6.73044204711914,1,1,final_domain_le_10_cells,1,0,0,0,0,
LLC_258_0902,258,902,45.375,-25.625,13.9728814255612,18,5.83555076843423,3.25,1.24762385340711,2,0.0487804878048781,46.26,39.578,81.2631103808881,33,0.36771454330644,0,0.238095238095238,0.201185830202184,5359,10,200,4.96048974990845,1,1,final_domain_le_10_cells,1,0,0,0,0,
LLC_281_1375,281,1375,163.625,-19.875,1.61963175846719,2,3.79019814785534,0,0.901454567909241,4,0.0975609756097561,64.25,49.1237142857143,68.8876952145883,33,0.0850148126558014,0.173488269711265,0.571428571428571,0.193366259293903,5398,10,200,7.32914876937866,1,1,final_domain_le_10_cells,1,0,0,0,0,EST_0128
LLC_459_0413,459,413,-76.875,24.625,14.8674751194301,19,4.05417561977776,0,0.886887550354004,2,0.0487804878048781,41.12,38.036,73.3444099562074,33,0.377125521089723,0,0.142857142857143,0.191135055918947,5410,10,200,5.70582866668701,1,1,final_domain_le_10_cells,1,0,0,0,0,EST_0036
LLC_462_0415,462,415,-76.375,25.375,14.7796005112087,19,4.28040295954924,-1.5,0.922159152376291,2,0.0487804878048781,41.12,37.008,150.562949147719,33,0.376224909800559,0,0.142857142857143,0.190729780838823,5413,10,200,2.56644749641418,1,1,final_domain_le_10_cells,1,0,0,0,0,
LLC_426_0374,426,374,-86.625,16.375,4.12924626015424,5,3.53779297826465,0,1.49810449113302,4,0.0975609756097561,43.69,37.0936666666667,104.719415669524,33,0.193982374552213,0.173488269711265,0.19047619047619,0.185258805004431,5435,10,200,7.4269642829895,1,1,final_domain_le_10_cells,1,0,0,0,0,
LLC_291_0005,291,5,-178.875,-17.375,4.10827847700013,5,6.14418100760504,2.05999994277954,0.906453311443329,3,0.0731707317073171,53.97,46.774,159.342171072268,33,0.193318074000408,0.0977035267116395,0.380952380952381,0.183217401127697,5451,10,200,0.019661471247673,1,1,final_domain_le_10_cells,1,0,0,0,0,
LLC_462_0413,462,413,-76.875,25.375,13.2161003578992,17,4.72652322014414,0.389999985694885,0.883638441562652,2,0.0487804878048781,41.12,37.008,112.984393813645,33,0.359303398554408,0,0.142857142857143,0.183115100778055,5453,10,200,2.99922180175781,1,1,final_domain_le_10_cells,1,0,0,0,0,
LLC_259_0903,259,903,45.625,-25.375,9.32553007637416,12,5.9002450396239,1,3.7296307416426,2,0.0487804878048781,46.26,39.578,98.3396847921006,33,0.307447911572359,0,0.238095238095238,0.174065845921847,5505,10,200,13.2238626480103,1,1,final_domain_le_10_cells,1,0,0,0,0,
LLC_514_1274,514,1274,138.375,38.375,2.02683362440865,3,0,0,0.832958817481995,5,0.121951219512195,43.69,35.466,93.8324144541764,33,0.108445991086392,0.235408913366638,0.19047619047619,0.17153568990696,5520,10,200,9.34108257293701,1,1,final_domain_le_10_cells,1,0,0,0,0,EST_0109
LLC_291_0004,291,4,-179.125,-17.375,3.28645650362447,4,0.437172060703327,0,1.18635282825329,3,0.0731707317073171,53.97,46.774,138.450542337673,33,0.164872733981868,0.0977035267116395,0.380952380952381,0.170416998119354,5527,10,200,6.05648374557495,1,1,final_domain_le_10_cells,1,0,0,0,0,
LLC_450_0430,450,430,-72.625,22.375,4.77637039290517,6,3.9499608731531,0,1.25239109216818,2,0.0487804878048781,56.54,51.143,157.725886181565,33,0.213251159445492,0,0.428571428571429,0.160248736036186,5578,10,200,10.5093507766724,1,1,final_domain_le_10_cells,1,0,0,0,0,
LLC_426_0375,426,375,-86.375,16.375,10.7324712405883,13,4.44990403547506,0,1.02458123321379,2,0.0487804878048781,37.522,35.0805,81.7853588112018,33,0.328163927115345,0,0.0761904761904761,0.159102338630477,5588,10,200,0.730697989463806,1,1,final_domain_le_10_cells,1,0,0,0,0,
LLC_513_1273,513,1273,138.125,38.125,1.35542384956058,2,0,0,0.832958817481995,5,0.121951219512195,43.69,35.466,76.3406781331301,33,0.0677737865885543,0.235408913366638,0.19047619047619,0.153233197882933,5612,10,200,10.8424615859985,1,1,final_domain_le_10_cells,1,0,0,0,0,EST_0109
LLC_514_1275,514,1275,138.625,38.375,0.675119933045518,1,8.59000015258789,8.59000015258789,0.832958817481995,6,0.146341463414634,43.69,35.1233333333333,91.7618506522378,33,0.0124996684315226,0.287762071614427,0.19047619047619,0.149301108011385,5638,10,200,10.5383634567261,1,1,final_domain_le_10_cells,1,0,0,0,0,EST_0109
LLC_456_0416,456,416,-76.125,23.875,7.87297462144259,10,4.49790585643683,0,0.890028178691864,2,0.0487804878048781,41.12,38.55,169.896935957234,33,0.282861082233864,0,0.142857142857143,0.14871605843381,5640,10,200,7.50699853897095,1,1,final_domain_le_10_cells,1,0,0,0,0,
LLC_457_0415,457,415,-76.375,24.125,7.85308542582204,10,4.48160625294428,0,0.886887550354004,2,0.0487804878048781,41.12,37.008,134.856837045453,33,0.282497157444813,0,0.142857142857143,0.148552292278737,5641,10,200,2.77289843559265,1,1,final_domain_le_10_cells,1,0,0,0,0,
LLC_451_0427,451,427,-73.375,22.625,3.17798254120129,4,2.91497361496917,1.16999995708466,0.893057644367218,2,0.0487804878048781,56.54,51.143,172.857062846983,33,0.160715949070699,0,0.428571428571429,0.136607891367529,5685,10,200,10.4842767715454,1,1,final_domain_le_10_cells,1,0,0,0,0,EST_0044
LLC_465_0410,465,410,-77.625,26.125,5.40725747344935,7,2.26681081059901,0.200000002980232,0.932400179932346,2,0.0487804878048781,41.12,37.008,166.995180794304,33,0.230061250880646,0,0.142857142857143,0.124956134324862,5733,10,200,6.05498695373535,1,1,final_domain_le_10_cells,1,0,0,0,0,
LLC_282_1374,282,1374,163.375,-19.625,0.810364947636333,1,0,0,0.901454567909241,3,0.0731707317073171,58.082,46.1572,106.735208679994,33,0.0250913177216573,0.0977035267116395,0.457142857142857,0.11894393223083,5753,10,200,1.41177296638489,1,1,final_domain_le_10_cells,1,0,0,0,0,EST_0128
LLC_458_0414,458,414,-76.625,24.375,4.70397703101047,6,1.71006624936157,0,0.886887550354004,2,0.0487804878048781,41.12,38.036,101.785544034665,33,0.211205864597645,0,0.142857142857143,0.116471210497512,5760,10,200,0.352847695350647,1,1,final_domain_le_10_cells,1,0,0,0,0,
LLC_258_0901,258,901,45.125,-25.625,1.55308802023362,2,0,0,0.883638441562653,3,0.0731707317073171,46.26,38.3444,59.8333151912576,33,0.0808420983074168,0.0977035267116395,0.238095238095238,0.111174640637279,5775,10,200,3.44962048530579,1,1,final_domain_le_10_cells,1,0,0,0,0,
LLC_456_0415,456,415,-76.375,23.875,3.93184984619235,5,3.96800186116261,1.35000002384186,0.890028178691864,2,0.0487804878048781,41.12,38.55,148.073739357606,33,0.187617993865705,0,0.142857142857143,0.105856668668139,5790,10,200,9.21740627288818,1,1,final_domain_le_10_cells,1,0,0,0,0,
LLC_463_0413,463,413,-76.875,25.625,3.88286420751806,5,3.8460965894561,1.32000005245209,0.883638441562652,2,0.0487804878048781,41.12,37.008,135.345625608422,33,0.185999164092319,0,0.142857142857143,0.105128195270115,5793,10,200,10.7741727828979,1,1,final_domain_le_10_cells,1,0,0,0,0,
LLC_258_0903,258,903,45.625,-25.625,2.32895761973243,3,8.03003569019211,7.05000019073486,0.883638441562653,2,0.0487804878048781,46.26,39.578,104.341797484052,33,0.123875406767558,0,0.238095238095238,0.0914582187596868,5834,10,200,9.21538734436035,1,1,final_domain_le_10_cells,1,0,0,0,0,
LLC_457_0414,457,414,-76.625,24.125,2.35404947465925,3,4.04005504925748,2.53999996185303,0.886887550354004,2,0.0487804878048781,41.12,38.036,111.996817316673,33,0.125093188177515,0,0.142857142857143,0.0777205061084534,5874,10,200,14.3364381790161,1,1,final_domain_le_10_cells,1,0,0,0,0,
LLC_426_0376,426,376,-86.125,16.375,2.47634085309146,3,2.30333336194356,1,0.908766627311707,2,0.0487804878048781,37.522,35.0805,61.9459496275657,33,0.130900874913348,0,0.0761904761904761,0.0703339651395782,5887,10,200,4.16532278060913,1,1,final_domain_le_10_cells,1,0,0,0,0,
LLC_458_0413,458,413,-76.875,24.375,1.56652730528532,2,5.53492313661021,3.21000003814697,0.886887550354004,2,0.0487804878048781,41.12,38.036,77.5133564028147,33,0.081693523088244,0,0.142857142857143,0.0581906568182812,5914,10,200,14.5658178329468,1,1,final_domain_le_10_cells,1,0,0,0,0,EST_0036
LLC_460_0413,460,413,-76.875,24.875,1.56214296761104,2,1.58515996870317,0,0.886887550354004,2,0.0487804878048781,41.12,38.036,79.3470559851294,33,0.0814162512408854,0,0.142857142857143,0.0580658844869699,5915,10,200,4.58687973022461,1,1,final_domain_le_10_cells,1,0,0,0,0,EST_0036
LLC_461_0415,461,415,-76.375,25.125,1.55695421655848,2,4.48423173158568,0,0.883638441562653,2,0.0487804878048781,41.12,37.008,136.681915694211,33,0.0810874934434141,0,0.142857142857143,0.0579179434781078,5916,10,200,14.109414100647,1,1,final_domain_le_10_cells,1,0,0,0,0,
LLC_288_1435,288,1435,178.625,-18.125,204.538318521841,250,4.23435753700204,0,4.33742991807803,6,0.146341463414634,79.67,50.1347692307692,8.74794735537332,33,0.792507126136315,0.287762071614427,0.857142857142857,0.600304463978541,1075,10,200,1.83453750610352,1,1,manual_region_AUS_NE_CORAL_SEA_SMALL_ISLANDS,1,0,0,0,0,EST_0001
LLC_276_1380,276,1380,164.875,-21.125,84.292827346324,105,3.90834268642859,0,2.73418616845849,10,0.24390243902439,64.25,46.26,34.2015744134752,33,0.649869829621492,0.44126673818796,0.571428571428571,0.554662404319141,1571,10,200,3.67807054519653,1,1,manual_region_AUS_NE_CORAL_SEA_SMALL_ISLANDS,1,0,0,0,0,EST_0128
LLC_277_1379,277,1379,164.625,-20.875,79.5771526962758,99,3.64402003926345,0,2.728732057377,10,0.24390243902439,64.25,46.26,46.3268018605428,33,0.640646249087605,0.44126673818796,0.571428571428571,0.550511793078892,1622,10,200,3.837730884552,1,1,manual_region_AUS_NE_CORAL_SEA_SMALL_ISLANDS,1,0,0,0,0,EST_0128
LLC_275_1381,275,1381,165.125,-21.375,73.7298109654713,92,4.33046409880531,0,3.44124257179251,10,0.24390243902439,64.25,46.4656,44.0914769546417,33,0.628428833809245,0.44126673818796,0.571428571428571,0.54501395620363,1680,10,200,0.320028811693192,1,1,manual_region_AUS_NE_CORAL_SEA_SMALL_ISLANDS,1,0,0,0,0,EST_0128
LLC_289_1435,289,1435,178.625,-17.875,83.5454337553441,102,3.9629166229451,0,2.86033325739736,6,0.146341463414634,79.67,50.1347692307692,36.2348797418448,33,0.6484425039014,0.287762071614427,0.857142857142857,0.53547538397283,1787,10,200,0.468189269304276,1,1,manual_region_AUS_NE_CORAL_SEA_SMALL_ISLANDS,1,0,0,0,0,EST_0001
LLC_295_1438,295,1438,179.375,-16.375,105.671237384979,128,3.67060646200133,0,3.06547200732315,5,0.121951219512195,79.67,53.3275,41.7834280004467,33,0.686141461502531,0.235408913366638,0.857142857142857,0.531498651594223,1839,10,200,0.650312662124634,1,1,manual_region_AUS_NE_CORAL_SEA_SMALL_ISLANDS,1,0,0,0,0,EST_0002
LLC_288_1433,288,1433,178.125,-18.125,76.0233737629334,93,4.81205135678022,0,3.00392451277392,6,0.146341463414634,79.67,50.1347692307692,14.1484282831565,33,0.633331274478133,0.287762071614427,0.857142857142857,0.528675330732359,1869,10,200,11.3658866882324,1,1,manual_region_AUS_NE_CORAL_SEA_SMALL_ISLANDS,1,0,0,0,0,EST_0001
LLC_294_1436,294,1436,178.875,-16.625,56.0832891564891,68,3.59103345530138,0,3.59000588264338,7,0.170731707317073,79.67,50.4087142857143,11.5515273613566,33,0.58474488055491,0.333112440078278,0.857142857142857,0.524951600852449,1916,10,200,7.02486801147461,1,1,manual_region_AUS_NE_CORAL_SEA_SMALL_ISLANDS,1,0,0,0,0,EST_0002
LLC_283_1308,283,1308,146.875,-19.375,164.054847843877,202,4.50085690784101,0,3.82163602463088,5,0.121951219512195,64.25,43.88275,67.5749083750032,33,0.756933895655856,0.235408913366638,0.571428571428571,0.520498104106076,1976,10,200,7.80263996124268,1,1,manual_region_AUS_NE_CORAL_SEA_SMALL_ISLANDS,1,0,0,0,0,EST_0125
LLC_290_1305,290,1305,146.125,-17.625,223.914058371641,273,4.72481889606482,0,4.2008783098526,4,0.0975609756097561,64.25,51.5285,15.6557469850682,33,0.807116553973555,0.173488269711265,0.571428571428571,0.518312042886892,2001,10,200,0.890704452991486,1,1,manual_region_AUS_NE_CORAL_SEA_SMALL_ISLANDS,1,0,0,0,0,EST_0126
LLC_274_1383,274,1383,165.625,-21.625,59.9729531430711,75,3.38850686871915,0,2.49766299727459,9,0.219512195121951,64.25,47.310347826087,18.9813206766463,33,0.595435104568423,0.408897183077904,0.571428571428571,0.517218956001238,2013,10,200,8.99366474151611,1,1,manual_region_AUS_NE_CORAL_SEA_SMALL_ISLANDS,1,0,0,0,0,EST_0129
LLC_273_1385,273,1385,166.125,-21.875,70.2478638442261,88,3.82321457006676,0,2.84718033130929,8,0.195121951219512,64.25,46.5427,28.5104328854768,33,0.620690907901506,0.373114300021637,0.571428571428571,0.514270914278618,2045,10,200,5.96536874771118,1,1,manual_region_AUS_NE_CORAL_SEA_SMALL_ISLANDS,1,0,0,0,0,EST_0129
LLC_291_1431,291,1431,177.625,-17.375,61.5655560296637,75,2.72893010265404,0,2.31740555153682,6,0.146341463414634,79.67,49.8151666666667,31.1515048020905,33,0.599616638800648,0.287762071614427,0.857142857142857,0.513503744677491,2050,10,200,7.82926082611084,1,1,manual_region_AUS_NE_CORAL_SEA_SMALL_ISLANDS,1,0,0,0,0,EST_0001
LLC_279_1378,279,1378,164.375,-20.375,56.4853751168809,70,4.08670430951926,0,6.14961907330701,9,0.219512195121951,64.25,46.3809411764706,18.4502915971056,33,0.585883192507185,0.408897183077904,0.571428571428571,0.512920595573681,2060,10,200,12.1932048797607,1,1,manual_region_AUS_NE_CORAL_SEA_SMALL_ISLANDS,1,0,0,0,0,EST_0128
LLC_286_1306,286,1306,146.375,-18.625,206.330770498359,253,3.77942632627367,0,3.25890368009578,4,0.0975609756097561,64.25,52.0326153846154,88.6708839213871,33,0.793915261294195,0.173488269711265,0.571428571428571,0.51237146118118,2068,10,200,3.7711079120636,1,1,manual_region_AUS_NE_CORAL_SEA_SMALL_ISLANDS,1,0,0,0,0,EST_0125
LLC_291_1432,291,1432,177.875,-17.375,58.2948121156037,71,3.86917141053331,0,1.87265347005805,6,0.146341463414634,79.67,50.1347692307692,26.2526927262333,33,0.590909111806166,0.287762071614427,0.857142857142857,0.509585357529974,2103,10,200,3.61047744750977,1,1,manual_region_AUS_NE_CORAL_SEA_SMALL_ISLANDS,1,0,0,0,0,EST_0001
LLC_289_1430,289,1430,177.375,-17.875,71.2755065218057,87,5.69787684518731,2.35999989509583,2.28335089067509,5,0.121951219512195,79.67,48.1104,11.5137803481154,33,0.623013288437794,0.235408913366638,0.857142857142857,0.503090973715091,2204,10,200,4.41752958297729,1,1,manual_region_AUS_NE_CORAL_SEA_SMALL_ISLANDS,1,0,0,0,0,EST_0001
LLC_286_1305,286,1305,146.125,-18.625,176.145760777578,216,6.77649813465487,1.92999994754791,8.10278412486996,4,0.0975609756097561,64.25,52.0326153846154,69.2872616460307,33,0.768398672166668,0.173488269711265,0.571428571428571,0.500888996073792,2229,10,200,17.8492221832275,1,1,manual_region_AUS_NE_CORAL_SEA_SMALL_ISLANDS,1,0,0,0,0,EST_0126
LLC_278_1378,278,1378,164.375,-20.625,47.5114322470326,59,4.44106119822465,0,2.3097995964158,9,0.219512195121951,64.25,46.7495238095238,18.4246217621214,33,0.558357526217881,0.408897183077904,0.571428571428571,0.500534045743494,2232,10,200,4.94752740859985,1,1,manual_region_AUS_NE_CORAL_SEA_SMALL_ISLANDS,1,0,0,0,0,EST_0128
LLC_274_1384,274,1384,165.875,-21.625,47.1921716354953,59,4.41074178314133,0.5,5.09437054150777,9,0.219512195121951,64.25,46.8908181818182,3.79542885455313,33,0.55728672042192,0.408897183077904,0.571428571428571,0.500052183135311,2243,10,200,12.9722747802734,1,1,manual_region_AUS_NE_CORAL_SEA_SMALL_ISLANDS,1,0,0,0,0,EST_0129
LLC_274_1382,274,1382,165.375,-21.625,38.4131784439013,48,5.59674669250626,0,2.03832984416439,10,0.24390243902439,64.25,46.4656,30.3143781858929,33,0.52467447839536,0.44126673818796,0.571428571428571,0.498324496267382,2266,10,200,1.91250133514404,1,1,manual_region_AUS_NE_CORAL_SEA_SMALL_ISLANDS,1,0,0,0,0,EST_0129
LLC_293_1435,293,1435,178.625,-16.875,30.4766191689145,37,3.76949263009786,0,1.27579880764198,8,0.195121951219512,79.67,48.540875,40.6608295558385,33,0.488209209006961,0.373114300021637,0.857142857142857,0.497511292633216,2277,10,200,0.276008635759354,1,1,manual_region_AUS_NE_CORAL_SEA_SMALL_ISLANDS,1,0,0,0,0,EST_0001
LLC_287_1305,287,1305,146.125,-18.375,164.971543950952,202,3.60974809817022,0,1.56966688760851,4,0.0975609756097561,64.25,53.0276666666667,51.3798401484538,33,0.75783209003001,0.173488269711265,0.571428571428571,0.496134034112297,2293,10,200,0.924893260002136,1,1,manual_region_AUS_NE_CORAL_SEA_SMALL_ISLANDS,1,0,0,0,0,EST_0126
LLC_282_1310,282,1310,147.375,-19.625,402.156659630693,496,6.57692961688,2,10.2592303958807,3,0.0731707317073171,51.4,40.092,23.0082310864381,33,0.901761372148401,0.0977035267116395,0.333333333333333,0.494874028151436,2303,10,200,11.8473997116089,1,1,manual_region_AUS_NE_CORAL_SEA_SMALL_ISLANDS,1,0,0,0,0,EST_0125
LLC_273_1384,273,1384,165.875,-21.875,52.7102884886597,66,2.78371205761148,0,1.33364119596521,8,0.195121951219512,64.25,46.5427,3.79244592013345,33,0.574867483280296,0.373114300021637,0.571428571428571,0.493650373199074,2318,10,200,0.950188279151917,1,1,manual_region_AUS_NE_CORAL_SEA_SMALL_ISLANDS,1,0,0,0,0,EST_0129
LLC_272_1385,272,1385,166.125,-22.125,51.0513810132936,64,4.04336498049713,0,2.79499326556128,8,0.195121951219512,64.25,46.4223157894737,25.1508870227046,33,0.569779614052604,0.373114300021637,0.571428571428571,0.491360832046612,2352,10,200,1.88307952880859,1,1,manual_region_AUS_NE_CORAL_SEA_SMALL_ISLANDS,1,0,0,0,0,EST_0129
LLC_293_1437,293,1437,179.125,-16.875,34.5974214600539,42,4.58217056866882,0,1.99199459928462,7,0.170731707317073,79.67,48.1875,26.2623702821255,33,0.508160962336781,0.333112440078278,0.857142857142857,0.490488837654291,2361,10,200,5.89499568939209,1,1,manual_region_AUS_NE_CORAL_SEA_SMALL_ISLANDS,1,0,0,0,0,EST_0002
LLC_279_1377,279,1377,164.125,-20.375,49.2192774432764,61,5.11572395078903,0,1.54643859894925,8,0.195121951219512,64.25,47.6649333333333,3.81034635918948,33,0.563968600518568,0.373114300021637,0.571428571428571,0.488745875956296,2378,10,200,0.480608314275742,1,1,manual_region_AUS_NE_CORAL_SEA_SMALL_ISLANDS,1,0,0,0,0,EST_0128
LLC_272_1386,272,1386,166.375,-22.125,48.6099038910215,61,4.52352261380066,0,1.8567886317917,8,0.195121951219512,64.25,46.4223157894737,37.7767628551545,33,0.561988724754997,0.373114300021637,0.571428571428571,0.487854931862689,2389,10,200,4.13297462463379,1,1,manual_region_AUS_NE_CORAL_SEA_SMALL_ISLANDS,1,0,0,0,0,EST_0129
LLC_290_1430,290,1430,177.375,-17.625,42.6391900080157,52,3.74573112690237,0,1.72321914586411,6,0.146341463414634,79.67,49.1103636363636,11.5196932116403,33,0.541192588316137,0.287762071614427,0.857142857142857,0.487212921959461,2397,10,200,1.97154951095581,1,1,manual_region_AUS_NE_CORAL_SEA_SMALL_ISLANDS,1,0,0,0,0,EST_0001
LLC_290_1431,290,1431,177.625,-17.625,41.848447220824,51,5.11576132065281,0.5,5.73375685495853,6,0.146341463414634,79.67,49.8151666666667,18.7544592436585,33,0.538227075798523,0.287762071614427,0.857142857142857,0.485878441326535,2408,10,200,13.8079357147217,1,1,manual_region_AUS_NE_CORAL_SEA_SMALL_ISLANDS,1,0,0,0,0,EST_0001
LLC_294_1438,294,1438,179.375,-16.625,32.1475724557978,39,3.61385576134517,0,2.28430110472819,7,0.170731707317073,79.67,51.143,26.2625431779628,33,0.496597479961989,0.333112440078278,0.857142857142857,0.485285270585635,2412,10,200,11.8273458480835,1,1,manual_region_AUS_NE_CORAL_SEA_SMALL_ISLANDS,1,0,0,0,0,EST_0002
LLC_294_1439,294,1439,179.625,-16.625,55.2475374513932,67,2.9045578020898,0,1.46520497035912,5,0.121951219512195,79.67,53.3275,30.4697230870663,33,0.582352977677405,0.235408913366638,0.857142857142857,0.484793833872916,2416,10,200,6.7687349319458,1,1,manual_region_AUS_NE_CORAL_SEA_SMALL_ISLANDS,1,0,0,0,0,EST_0002
LLC_288_1434,288,1434,178.375,-18.125,39.2584961595884,48,4.85602318199225,0,2.34873674570105,6,0.146341463414634,79.67,50.1347692307692,25.1578431530147,33,0.528115907093853,0.287762071614427,0.857142857142857,0.481328415409433,2464,10,200,0.616557359695435,1,1,manual_region_AUS_NE_CORAL_SEA_SMALL_ISLANDS,1,0,0,0,0,EST_0001
LLC_288_1304,288,1304,145.875,-18.125,195.507305807765,239,5.1992855553231,0.170000001788139,7.0582286125456,3,0.0731707317073171,64.25,52.5136666666667,18.6995230746081,33,0.785220262749518,0.0977035267116395,0.571428571428571,0.478144814636224,2500,10,200,13.8689365386963,1,1,manual_region_AUS_NE_CORAL_SEA_SMALL_ISLANDS,1,0,0,0,0,EST_0126
LLC_283_1309,283,1309,147.125,-19.375,301.109184485822,371,3.39026897419959,0,3.85783723822331,3,0.0731707317073171,51.4,40.6794285714286,46.6811736378413,33,0.854968730536896,0.0977035267116395,0.333333333333333,0.473817339426259,2546,10,200,1.81607949733734,1,1,manual_region_AUS_NE_CORAL_SEA_SMALL_ISLANDS,1,0,0,0,0,EST_0125
LLC_295_1439,295,1439,179.625,-16.375,45.4238700228806,55,4.60768788507411,0,3.45298142015339,5,0.121951219512195,79.67,53.3275,35.1941026159409,33,0.55122426450409,0.235408913366638,0.857142857142857,0.470785912944924,2588,10,200,13.5402030944824,1,1,manual_region_AUS_NE_CORAL_SEA_SMALL_ISLANDS,1,0,0,0,0,EST_0002
LLC_293_1439,293,1439,179.625,-16.875,33.781627093953,41,2.61634570948839,0,1.21957900047366,6,0.146341463414634,79.67,53.1133333333333,18.8290956095518,33,0.504401175562297,0.287762071614427,0.857142857142857,0.470656786220233,2591,10,200,8.52668762207031,1,1,manual_region_AUS_NE_CORAL_SEA_SMALL_ISLANDS,1,0,0,0,0,EST_0002
LLC_284_1307,284,1307,146.625,-19.125,113.78911246293,140,5.46087402563382,0,2.61195181217131,4,0.0975609756097561,64.25,51.6056,105.157446190954,33,0.698035996414119,0.173488269711265,0.571428571428571,0.469225791985146,2607,10,200,3.78087401390076,1,1,manual_region_AUS_NE_CORAL_SEA_SMALL_ISLANDS,1,0,0,0,0,EST_0125
LLC_274_1318,274,1318,149.375,-21.625,172.056197154897,215,5.69437949058532,0,2.7328632161762,3,0.0731707317073171,61.68,45.5746666666667,144.485992875504,33,0.764610893485245,0.0977035267116395,0.523809523809524,0.461727741324445,2697,10,200,6.7299370765686,1,1,manual_region_AUS_NE_CORAL_SEA_SMALL_ISLANDS,1,0,0,0,0,
LLC_280_1377,280,1377,164.125,-20.125,42.0098551466293,52,4.23976186423522,0,1.14541079766136,7,0.170731707317073,64.25,47.9889090909091,14.1420101395864,33,0.53883682259126,0.333112440078278,0.571428571428571,0.461435831911664,2699,10,200,2.02248668670654,1,1,manual_region_AUS_NE_CORAL_SEA_SMALL_ISLANDS,1,0,0,0,0,EST_0128
LLC_291_1433,291,1433,178.125,-17.375,29.5655170383191,36,5.37445483739765,0,1.58212204714645,6,0.146341463414634,79.67,50.1347692307692,8.75131060905677,33,0.483445798665485,0.287762071614427,0.857142857142857,0.461226866616668,2703,10,200,1.12953519821167,1,1,manual_region_AUS_NE_CORAL_SEA_SMALL_ISLANDS,1,0,0,0,0,EST_0001
LLC_294_1435,294,1435,178.625,-16.625,18.1380649344704,22,4.87667491688289,0,1.06688981471301,8,0.195121951219512,79.67,49.3782666666667,20.42860037375,33,0.407517868884944,0.373114300021637,0.857142857142857,0.461200189578308,2704,10,200,2.45587205886841,1,1,manual_region_AUS_NE_CORAL_SEA_SMALL_ISLANDS,1,0,0,0,0,EST_0001
LLC_293_1436,293,1436,178.875,-16.875,18.1142121720547,22,5.36718466540705,1.94000005722046,1.92814383055273,8,0.195121951219512,79.67,48.540875,31.1942723497608,33,0.407315619178915,0.373114300021637,0.857142857142857,0.461109177210595,2708,10,200,1.11742317676544,1,1,manual_region_AUS_NE_CORAL_SEA_SMALL_ISLANDS,1,0,0,0,0,EST_0002
LLC_294_1437,294,1437,179.125,-16.625,22.258146130689,27,4.00789921815047,0,5.68237286802237,7,0.170731707317073,79.67,49.5309090909091,8.46071414786015,33,0.439137585562705,0.333112440078278,0.857142857142857,0.459428318105957,2728,10,200,10.9633283615112,1,1,manual_region_AUS_NE_CORAL_SEA_SMALL_ISLANDS,1,0,0,0,0,EST_0002
LLC_285_1305,285,1305,146.125,-18.875,94.4973052978897,116,4.9933505988932,1.27999997138977,6.85966676992713,4,0.0975609756097561,64.25,52.0326153846154,92.2338042555478,33,0.668196533643886,0.173488269711265,0.571428571428571,0.455798033738541,2766,10,200,14.452919960022,1,1,manual_region_AUS_NE_CORAL_SEA_SMALL_ISLANDS,1,0,0,0,0,EST_0125
LLC_285_1306,285,1306,146.375,-18.875,92.0192711036919,113,4.21048093384141,1.71000003814697,2.03897873116853,4,0.0975609756097561,64.25,52.0326153846154,107.537856328138,33,0.663932808310102,0.173488269711265,0.571428571428571,0.453879357338338,2792,10,200,7.7922306060791,1,1,manual_region_AUS_NE_CORAL_SEA_SMALL_ISLANDS,1,0,0,0,0,EST_0125
LLC_283_1310,283,1310,147.375,-19.375,220.71151130417,272,2.9238892253961,0,3.68752548816284,3,0.0731707317073171,51.4,40.092,23.0195254811506,33,0.804790788949473,0.0977035267116395,0.333333333333333,0.451237265711919,2816,10,200,4.84607648849487,1,1,manual_region_AUS_NE_CORAL_SEA_SMALL_ISLANDS,1,0,0,0,0,EST_0125
LLC_290_1435,290,1435,178.625,-17.625,15.5795568302972,19,4.98492880455389,0,1.34152609866844,8,0.195121951219512,79.67,48.540875,39.5738244715663,33,0.384244718661246,0.373114300021637,0.857142857142857,0.450727271977644,2822,10,200,3.97193360328674,1,1,manual_region_AUS_NE_CORAL_SEA_SMALL_ISLANDS,1,0,0,0,0,EST_0001
LLC_289_1434,289,1434,178.375,-17.875,25.3817640011959,31,7.3836955954293,3,17.6249134620316,6,0.146341463414634,79.67,50.1347692307692,27.5636730710502,33,0.459574134794461,0.287762071614427,0.857142857142857,0.450484617874707,2827,10,200,21.8510360717773,1,1,manual_region_AUS_NE_CORAL_SEA_SMALL_ISLANDS,1,0,0,0,0,EST_0001
LLC_293_1438,293,1438,179.375,-16.875,18.12528345041,22,3.03084702113199,0,1.07667670721013,7,0.170731707317073,79.67,48.1875,8.45099830595097,33,0.407409524906151,0.333112440078278,0.857142857142857,0.445150690810507,2900,10,200,7.21774864196777,1,1,manual_region_AUS_NE_CORAL_SEA_SMALL_ISLANDS,1,0,0,0,0,EST_0002
LLC_289_1305,289,1305,146.125,-17.875,121.213976245574,148,4.70459441081834,0,3.50655659388125,3,0.0731707317073171,64.25,53.1756363636364,16.0075325792168,33,0.708200427558442,0.0977035267116395,0.571428571428571,0.443485888800241,2928,10,200,1.92773866653442,1,1,manual_region_AUS_NE_CORAL_SEA_SMALL_ISLANDS,1,0,0,0,0,EST_0126
LLC_282_1311,282,1311,147.625,-19.625,192.902542298939,238,4.23497839596115,0,2.29736021023994,3,0.0731707317073171,51.4,40.092,15.9672055415575,33,0.783056246923684,0.0977035267116395,0.333333333333333,0.441456721800314,2966,10,200,3.22501349449158,1,1,manual_region_AUS_NE_CORAL_SEA_SMALL_ISLANDS,1,0,0,0,0,EST_0125
LLC_298_1389,298,1389,167.125,-15.625,14.0908090079281,17,5.09779970581189,0,1.49804772314847,10,0.24390243902439,68.362,47.769875,8.49814666491129,33,0.368986820626296,0.44126673818796,0.647619047619048,0.439693621699874,2982,10,200,0.25505656003952,1,1,manual_region_AUS_NE_CORAL_SEA_SMALL_ISLANDS,1,0,0,0,0,EST_0130
LLC_281_1312,281,1312,147.875,-19.875,185.323756851495,229,4.71861831275664,0,2.81918722865233,3,0.0731707317073171,51.4,40.092,53.8192934582065,33,0.776590459262856,0.0977035267116395,0.333333333333333,0.438547117352941,2996,10,200,0.599043726921082,1,1,manual_region_AUS_NE_CORAL_SEA_SMALL_ISLANDS,1,0,0,0,0,EST_0125
LLC_276_1382,276,1382,165.375,-21.125,16.0618333088998,20,5.02285237227011,0,3.66713918641317,10,0.24390243902439,64.25,46.4656,14.1394054476055,33,0.388894776504775,0.44126673818796,0.571428571428571,0.437223630416619,3014,10,200,7.28714275360107,1,1,manual_region_AUS_NE_CORAL_SEA_SMALL_ISLANDS,1,0,0,0,0,EST_0128
LLC_275_1380,275,1380,164.875,-21.375,16.03660882984,20,4.60397804901451,0.920000016689301,1.44514267661469,10,0.24390243902439,64.25,46.26,23.4650042490946,33,0.388654841175215,0.44126673818796,0.571428571428571,0.437115659518316,3015,10,200,7.32355785369873,1,1,manual_region_AUS_NE_CORAL_SEA_SMALL_ISLANDS,1,0,0,0,0,EST_0128
LLC_277_1378,277,1378,164.375,-20.875,19.3056448059648,24,4.90551801062879,0.819999992847443,1.32461122810562,9,0.219512195121951,64.25,46.7272727272727,35.5842804720063,33,0.417121648689692,0.408897183077904,0.571428571428571,0.436977900855809,3018,10,200,8.97098827362061,1,1,manual_region_AUS_NE_CORAL_SEA_SMALL_ISLANDS,1,0,0,0,0,EST_0128
LLC_295_1437,295,1437,179.125,-16.375,20.6364597089263,25,2.99712880049218,0,0.938876811534415,6,0.146341463414634,79.67,51.1144444444444,31.6068573019843,33,0.42741649105508,0.287762071614427,0.857142857142857,0.436013678191985,3032,10,200,0.753134071826935,1,1,manual_region_AUS_NE_CORAL_SEA_SMALL_ISLANDS,1,0,0,0,0,EST_0002
LLC_282_1309,282,1309,147.125,-19.625,178.426474210931,220,5.85572789376792,0.5,10.7198633029439,3,0.0731707317073171,51.4,40.6794285714286,31.5697278408447,33,0.77047327789906,0.0977035267116395,0.333333333333333,0.435794385739233,3034,10,200,23.5549602508545,1,1,manual_region_AUS_NE_CORAL_SEA_SMALL_ISLANDS,1,0,0,0,0,EST_0125
LLC_275_1384,275,1384,165.875,-21.375,18.4271379077128,23,5.35743737182498,0,1.81940064191962,9,0.219512195121951,64.25,47.310347826087,18.9888910585574,33,0.409949101184512,0.408897183077904,0.571428571428571,0.433750254478478,3059,10,200,0.727027773857117,1,1,manual_region_AUS_NE_CORAL_SEA_SMALL_ISLANDS,1,0,0,0,0,EST_0129
LLC_281_1311,281,1311,147.625,-19.875,170.833821004234,211,4.46783384234945,0,4.36293881763863,3,0.0731707317073171,51.4,40.092,42.4310538634567,33,0.763461331179402,0.0977035267116395,0.333333333333333,0.432639009715387,3070,10,200,7.10057830810547,1,1,manual_region_AUS_NE_CORAL_SEA_SMALL_ISLANDS,1,0,0,0,0,EST_0125
LLC_288_1430,288,1430,177.375,-18.125,26.1768016901028,32,5.23667923149024,0,1.82357981729646,5,0.121951219512195,79.67,48.1104,13.4999485757103,33,0.464389144144482,0.235408913366638,0.857142857142857,0.431710108783101,3080,10,200,0.0729701444506645,1,1,manual_region_AUS_NE_CORAL_SEA_SMALL_ISLANDS,1,0,0,0,0,EST_0001
LLC_275_1383,275,1383,165.625,-21.375,13.6319498230392,17,5.66876820847187,0,2.71672113358958,10,0.24390243902439,64.25,46.4656,8.24762113616494,33,0.363979201716895,0.44126673818796,0.571428571428571,0.426011621762073,3149,10,200,10.9802579879761,1,1,manual_region_AUS_NE_CORAL_SEA_SMALL_ISLANDS,1,0,0,0,0,EST_0129
LLC_279_1315,279,1315,148.625,-20.375,148.37287728959,184,5.52963079126926,2.80999994277954,5.56874765484404,3,0.0731707317073171,51.4,40.092,3.80972518916818,33,0.740743899622847,0.0977035267116395,0.333333333333333,0.422416165514937,3179,10,200,12.1627950668335,1,1,manual_region_AUS_NE_CORAL_SEA_SMALL_ISLANDS,1,0,0,0,0,
LLC_288_1431,288,1431,177.625,-18.125,22.9003290840114,28,5.96610047201045,0,5.79930249434579,5,0.121951219512195,79.67,48.1104,13.4999485757103,33,0.443554635600602,0.235408913366638,0.857142857142857,0.422334579938355,3180,10,200,6.65560054779053,1,1,manual_region_AUS_NE_CORAL_SEA_SMALL_ISLANDS,1,0,0,0,0,EST_0001
LLC_296_1390,296,1390,167.375,-16.125,10.7460262587915,13,5.63880768201245,0,1.78234358963011,10,0.24390243902439,68.362,47.769875,30.9159919960936,33,0.328351183358486,0.44126673818796,0.647619047619048,0.42140758492936,3201,10,200,4.0727219581604,1,1,manual_region_AUS_NE_CORAL_SEA_SMALL_ISLANDS,1,0,0,0,0,EST_0130
LLC_289_1438,289,1438,179.375,-17.875,9.82485613648186,12,4.22858871134739,0,1.13842086590217,8,0.195121951219512,79.67,47.9733333333334,89.555999527495,33,0.315106576848781,0.373114300021637,0.857142857142857,0.419615108162035,3224,10,200,5.38160419464111,1,1,manual_region_AUS_NE_CORAL_SEA_SMALL_ISLANDS,1,0,0,0,0,EST_0002
LLC_277_1381,277,1381,165.125,-20.875,12.0664963933954,15,5.48000425206452,1,2.83593709876118,10,0.24390243902439,64.25,46.26,27.1881552504383,33,0.345628433256961,0.44126673818796,0.571428571428571,0.417753775955102,3241,10,200,12.5479030609131,1,1,manual_region_AUS_NE_CORAL_SEA_SMALL_ISLANDS,1,0,0,0,0,EST_0128
LLC_290_1436,290,1436,178.875,-17.625,9.01760074528789,11,4.75286372775315,0,1.20781524773365,8,0.195121951219512,79.67,48.540875,63.9959077219008,33,0.302538008798906,0.373114300021637,0.857142857142857,0.413959252539591,3278,10,200,5.66180658340454,1,1,manual_region_AUS_NE_CORAL_SEA_SMALL_ISLANDS,1,0,0,0,0,EST_0001
LLC_277_1382,277,1382,165.375,-20.875,11.2544877959371,14,5.50821542923264,0,1.89428901830065,10,0.24390243902439,64.25,46.26,14.1398044118592,33,0.335223592427703,0.44126673818796,0.571428571428571,0.413071597581936,3291,10,200,4.96431922912598,1,1,manual_region_AUS_NE_CORAL_SEA_SMALL_ISLANDS,1,0,0,0,0,EST_0128
LLC_276_1379,276,1379,164.625,-21.125,11.2444091944732,14,2.90311828668422,0,1.11453153784017,10,0.24390243902439,64.25,46.26,25.152731921794,33,0.335090160359173,0.44126673818796,0.571428571428571,0.413011553151097,3292,10,200,11.5649337768555,1,1,manual_region_AUS_NE_CORAL_SEA_SMALL_ISLANDS,1,0,0,0,0,EST_0128
LLC_288_1305,288,1305,146.125,-18.125,78.5311680106177,96,2.1086452763983,-0.0900000035762787,1.85483566538863,3,0.0731707317073171,64.25,53.1756363636364,35.7432053014086,33,0.63852728275822,0.0977035267116395,0.571428571428571,0.41213297364014,3302,10,200,4.81546545028687,1,1,manual_region_AUS_NE_CORAL_SEA_SMALL_ISLANDS,1,0,0,0,0,EST_0126
LLC_280_1314,280,1314,148.375,-20.125,125.219042351105,155,5.34791735658569,0,2.07358625299198,3,0.0731707317073171,51.4,40.092,30.4938143040916,33,0.713429738352868,0.0977035267116395,0.333333333333333,0.410124792943447,3331,10,200,3.6714403629303,1,1,manual_region_AUS_NE_CORAL_SEA_SMALL_ISLANDS,1,0,0,0,0,
LLC_278_1315,278,1315,148.625,-20.625,123.265831191792,153,5.23096815959174,0,2.87274448610773,3,0.0731707317073171,51.4,40.092,25.1539441175177,33,0.710900539661191,0.0977035267116395,0.333333333333333,0.408986653532192,3346,10,200,5.84755325317383,1,1,manual_region_AUS_NE_CORAL_SEA_SMALL_ISLANDS,1,0,0,0,0,
LLC_281_1313,281,1313,148.125,-19.875,118.911898954017,147,3.78664588486599,0,2.48904308545443,3,0.0731707317073171,51.4,40.092,68.5120006759528,33,0.70511654210975,0.0977035267116395,0.333333333333333,0.406383854634043,3376,10,200,4.5820779800415,1,1,manual_region_AUS_NE_CORAL_SEA_SMALL_ISLANDS,1,0,0,0,0,EST_0125
LLC_287_1306,287,1306,146.375,-18.375,47.374614737669,58,3.60173031201939,0,1.74879198497079,4,0.0975609756097561,64.25,52.0326153846154,71.916911929313,33,0.557899503324727,0.173488269711265,0.571428571428571,0.406164370094919,3380,10,200,3.82039260864258,1,1,manual_region_AUS_NE_CORAL_SEA_SMALL_ISLANDS,1,0,0,0,0,EST_0126
LLC_273_1318,273,1318,149.375,-21.875,79.0714454810552,99,6.54998531526667,0,2.40306344091589,3,0.0731707317073171,61.68,45.5746666666667,129.746606980171,33,0.639625238847447,0.0977035267116395,0.523809523809524,0.405484196737436,3395,10,200,5.91074323654175,1,1,manual_region_AUS_NE_CORAL_SEA_SMALL_ISLANDS,1,0,0,0,0,
LLC_279_1379,279,1379,164.625,-20.375,12.1020130497646,15,3.68729154506727,0.839999973773956,0.923591117736023,9,0.219512195121951,64.25,46.7495238095238,3.81026899843466,33,0.346068643159367,0.408897183077904,0.571428571428571,0.405004048367162,3399,10,200,3.40367436408997,1,1,manual_region_AUS_NE_CORAL_SEA_SMALL_ISLANDS,1,0,0,0,0,EST_0128
LLC_298_1388,298,1388,166.875,-15.625,8.28860415662944,10,6.04396206066643,0,1.37230075436072,10,0.24390243902439,68.362,47.769875,14.1547150047614,33,0.29028503313163,0.44126673818796,0.647619047619048,0.404277817327274,3408,10,200,0.158817559480667,1,1,manual_region_AUS_NE_CORAL_SEA_SMALL_ISLANDS,1,0,0,0,0,EST_0130
LLC_278_1380,278,1380,164.875,-20.625,9.66087197830264,12,4.9999364802109,0,2.03218292155865,10,0.24390243902439,64.25,46.26,13.3011538135814,33,0.31263105533257,0.44126673818796,0.571428571428571,0.402904955889126,3424,10,200,0.139778271317482,1,1,manual_region_AUS_NE_CORAL_SEA_SMALL_ISLANDS,1,0,0,0,0,EST_0128
LLC_291_1305,291,1305,146.125,-17.375,45.1627162456102,55,5.45853780156614,1.5,2.66124487566535,4,0.0975609756097561,64.25,50.3324615384615,16.0157374324743,33,0.550309401963915,0.173488269711265,0.571428571428571,0.402748824482554,3427,10,200,6.01703071594238,1,1,manual_region_AUS_NE_CORAL_SEA_SMALL_ISLANDS,1,0,0,0,0,EST_0126
LLC_287_1433,287,1433,178.125,-18.375,17.1611784578337,21,4.09147761905575,0,1.13984292801383,5,0.121951219512195,79.67,48.1104,29.1546017196241,33,0.399021177214892,0.235408913366638,0.857142857142857,0.402294523664786,3432,10,200,1.59571158885956,1,1,manual_region_AUS_NE_CORAL_SEA_SMALL_ISLANDS,1,0,0,0,0,EST_0001
LLC_280_1376,280,1376,163.875,-20.125,17.7846978831849,22,3.11994656903523,-0.629999995231628,0.932618724714228,7,0.170731707317073,64.25,47.9889090909091,31.8881088014985,33,0.404495516447962,0.333112440078278,0.571428571428571,0.40098224414718,3449,10,200,3.97793292999268,1,1,manual_region_AUS_NE_CORAL_SEA_SMALL_ISLANDS,1,0,0,0,0,EST_0128
LLC_274_1385,274,1385,166.125,-21.625,13.6047404658219,17,6.45768609623194,2.79999995231628,1.88853451666796,8,0.195121951219512,64.25,46.5427,28.5596560708317,33,0.363677347912346,0.373114300021637,0.571428571428571,0.398614812283496,3471,10,200,8.22429943084717,1,1,manual_region_AUS_NE_CORAL_SEA_SMALL_ISLANDS,1,0,0,0,0,EST_0129
LLC_298_1393,298,1393,168.125,-15.625,7.45909742650238,9,2.60863472983062,0,1.35781304978643,10,0.24390243902439,68.362,47.769875,80.233545832141,33,0.275114501828872,0.44126673818796,0.647619047619048,0.397451078241033,3481,10,200,0.16823536157608,1,1,manual_region_AUS_NE_CORAL_SEA_SMALL_ISLANDS,1,0,0,0,0,EST_0130
LLC_295_1392,295,1392,167.875,-16.375,9.07968591263994,11,6.04834764219532,0,1.22501036339069,9,0.219512195121951,68.362,48.5362857142857,19.2650832694114,33,0.303539986978997,0.408897183077904,0.647619047619048,0.397294724514567,3483,10,200,8.40596675872803,1,1,manual_region_AUS_NE_CORAL_SEA_SMALL_ISLANDS,1,0,0,0,0,EST_0130
LLC_293_1430,293,1430,177.375,-16.875,11.5274152755515,14,4.80368287695879,0,1.09239080486824,6,0.146341463414634,79.67,49.8151666666667,69.9520722378107,33,0.338795799481121,0.287762071614427,0.857142857142857,0.396134366983704,3503,10,200,1.8986918926239,1,1,manual_region_AUS_NE_CORAL_SEA_SMALL_ISLANDS,1,0,0,0,0,EST_0001
LLC_294_1391,294,1391,167.625,-16.625,10.7257553846563,13,5.03243125596958,0,1.74823878070994,8,0.195121951219512,68.362,48.316,8.75486520040495,33,0.328071070540734,0.373114300021637,0.647619047619048,0.394020558894842,3523,10,200,9.60658359527588,1,1,manual_region_AUS_NE_CORAL_SEA_SMALL_ISLANDS,1,0,0,0,0,EST_0130
LLC_290_1434,290,1434,178.375,-17.625,10.6665021737912,13,4.72591001609751,0,2.0406907237772,6,0.146341463414634,79.67,50.1347692307692,21.0214111295933,33,0.327249495693807,0.287762071614427,0.857142857142857,0.390938530279413,3560,10,200,8.61173248291016,1,1,manual_region_AUS_NE_CORAL_SEA_SMALL_ISLANDS,1,0,0,0,0,EST_0001
LLC_275_1318,275,1318,149.375,-21.375,64.0970929840406,80,5.38983893127766,0,1.58077554922692,3,0.0731707317073171,61.68,43.88275,125.726619932414,33,0.606049198239831,0.0977035267116395,0.523809523809524,0.390374978464008,3565,10,200,5.92087078094482,1,1,manual_region_AUS_NE_CORAL_SEA_SMALL_ISLANDS,1,0,0,0,0,
LLC_299_1389,299,1389,167.125,-15.375,6.64001796537196,8,7.77500437808356,4.94000005722046,1.16632362086494,10,0.24390243902439,68.362,47.769875,31.6167802814237,33,0.258598473434753,0.44126673818796,0.647619047619048,0.39001886546368,3568,10,200,6.66443347930908,1,1,manual_region_AUS_NE_CORAL_SEA_SMALL_ISLANDS,1,0,0,0,0,
LLC_275_1317,275,1317,149.125,-21.375,62.5381792734028,78,6.65293544744637,1.5,2.50589393272292,3,0.0731707317073171,61.68,41.5605714285714,119.117128332411,33,0.602118318813548,0.0977035267116395,0.523809523809524,0.388606082722181,3584,10,200,12.9648656845093,1,1,manual_region_AUS_NE_CORAL_SEA_SMALL_ISLANDS,1,0,0,0,0,
LLC_287_1432,287,1432,177.875,-18.375,13.893327079366,17,5.42233580860095,2.63000011444092,1.35489728327721,5,0.121951219512195,79.67,48.1104,50.0348600638391,33,0.366850587955325,0.235408913366638,0.857142857142857,0.38781775849798,3591,10,200,11.1860189437866,1,1,manual_region_AUS_NE_CORAL_SEA_SMALL_ISLANDS,1,0,0,0,0,EST_0001
LLC_284_1306,284,1306,146.375,-19.125,35.7911378933137,44,6.86363010207196,3.25,1.42343935629514,4,0.0975609756097561,64.25,52.0853333333333,122.076588040544,33,0.513510017339112,0.173488269711265,0.571428571428571,0.386189101401392,3602,10,200,9.99762725830078,1,1,manual_region_AUS_NE_CORAL_SEA_SMALL_ISLANDS,1,0,0,0,0,EST_0125
LLC_276_1317,276,1317,149.125,-21.125,175.809916250238,219,6.0149661541259,0,2.15118587213528,2,0.0487804878048781,47.802,38.2073333333333,92.652561843265,33,0.768090923643608,0,0.266666666666667,0.385640915639623,3615,10,200,8.70304298400879,1,1,manual_region_AUS_NE_CORAL_SEA_SMALL_ISLANDS,1,0,0,0,0,
LLC_272_1387,272,1387,166.625,-22.125,14.3385731478321,18,4.70834231119449,1.54999995231628,1.75734962401748,8,0.195121951219512,58.082,45.4318888888889,28.133042259535,33,0.371627777843628,0.373114300021637,0.457142857142857,0.385049648609716,3624,10,200,14.1577224731445,1,1,manual_region_AUS_NE_CORAL_SEA_SMALL_ISLANDS,1,0,0,0,0,EST_0129
LLC_284_1308,284,1308,146.875,-19.125,31.6945168571693,39,3.87793249213886,0,1.7827677169724,4,0.0975609756097561,64.25,50.82175,82.1946099517683,33,0.494365649474184,0.173488269711265,0.571428571428571,0.377574135862175,3718,10,200,0.325746655464172,1,1,manual_region_AUS_NE_CORAL_SEA_SMALL_ISLANDS,1,0,0,0,0,EST_0125
LLC_288_1438,288,1438,179.375,-18.125,6.5459376455816,8,3.70725429784252,0,1.06386166866175,7,0.170731707317073,79.67,48.9234545454545,82.3061392387687,33,0.256589062928349,0.333112440078278,0.857142857142857,0.377281482920497,3725,10,200,2.63163042068481,1,1,manual_region_AUS_NE_CORAL_SEA_SMALL_ISLANDS,1,0,0,0,0,
LLC_271_1386,271,1386,166.375,-22.375,11.9452238135865,15,4.90521667122997,0,1.00192136507532,8,0.195121951219512,58.082,44.9296470588235,28.4154009350383,33,0.344116254465718,0.373114300021637,0.457142857142857,0.372669463089656,3782,10,200,0.406984031200409,1,1,manual_region_AUS_NE_CORAL_SEA_SMALL_ISLANDS,1,0,0,0,0,EST_0129
LLC_271_1387,271,1387,166.625,-22.375,11.9437997674411,15,5.61616329697619,0,1.63153912652059,8,0.195121951219512,58.082,44.685875,13.1512164743648,33,0.344098413644323,0.373114300021637,0.457142857142857,0.372661434720029,3783,10,200,7.8009557723999,1,1,manual_region_AUS_NE_CORAL_SEA_SMALL_ISLANDS,1,0,0,0,0,EST_0129
LLC_300_1388,300,1388,166.875,-15.125,4.98347674614959,6,6.67336339646201,4.21999979019165,1.40227884106609,10,0.24390243902439,68.362,47.769875,23.6398662107831,33,0.218963881633258,0.44126673818796,0.647619047619048,0.372183299153007,3788,10,200,4.97126054763794,1,1,manual_region_AUS_NE_CORAL_SEA_SMALL_ISLANDS,1,0,0,0,0,
LLC_278_1377,278,1377,164.125,-20.625,7.25350624212397,9,4.81113743853128,0,1.53442399198379,9,0.219512195121951,64.25,46.3809411764706,8.28565479031353,33,0.271124356293951,0.408897183077904,0.571428571428571,0.371279119277725,3800,10,200,9.59340286254883,1,1,manual_region_AUS_NE_CORAL_SEA_SMALL_ISLANDS,1,0,0,0,0,EST_0128
LLC_273_1383,273,1383,165.625,-21.875,7.19338090156596,9,3.0766937127544,0,0.937211401814696,9,0.219512195121951,64.25,46.8908181818182,3.7921400615177,33,0.269938636076009,0.408897183077904,0.571428571428571,0.370745545179651,3807,10,200,11.2161378860474,1,1,manual_region_AUS_NE_CORAL_SEA_SMALL_ISLANDS,1,0,0,0,0,EST_0129
LLC_294_1390,294,1390,167.375,-16.625,5.77467505175603,7,5.18597023891948,0,1.83345334091223,9,0.219512195121951,68.362,48.7272,25.3864299752461,33,0.239103985891276,0.408897183077904,0.647619047619048,0.368298524025093,3832,10,200,10.2405452728271,1,1,manual_region_AUS_NE_CORAL_SEA_SMALL_ISLANDS,1,0,0,0,0,EST_0130
LLC_278_1381,278,1381,165.125,-20.625,5.63383069599681,7,5.25287256970848,0.5,1.23905635240589,10,0.24390243902439,64.25,46.26,13.3011538135814,33,0.23569691247267,0.44126673818796,0.571428571428571,0.368284591602171,3833,10,200,7.79723739624023,1,1,manual_region_AUS_NE_CORAL_SEA_SMALL_ISLANDS,1,0,0,0,0,EST_0128
LLC_291_1434,291,1434,178.375,-17.375,4.10457774628721,5,6.20398229209777,0,1.49303049732413,8,0.195121951219512,79.67,49.2754666666667,11.5272606724924,33,0.19320054454088,0.373114300021637,0.857142857142857,0.364757393623479,3868,10,200,9.7666482925415,1,1,manual_region_AUS_NE_CORAL_SEA_SMALL_ISLANDS,1,0,0,0,0,EST_0001
LLC_286_1431,286,1431,177.625,-18.625,9.79042143806067,12,6.26580277838735,3.94000005722046,1.13539026033496,5,0.121951219512195,79.67,48.1104,59.8492997090955,33,0.314589872296503,0.235408913366638,0.857142857142857,0.36430043645151,3874,10,200,3.71564936637878,1,1,manual_region_AUS_NE_CORAL_SEA_SMALL_ISLANDS,1,0,0,0,0,EST_0001
LLC_300_1393,300,1393,168.125,-15.125,4.15415690980508,5,2.93939525063454,0,1.42607889326938,10,0.24390243902439,68.362,47.6992,129.190459246486,33,0.194768072273795,0.44126673818796,0.647619047619048,0.361295184941249,3905,10,200,1.84828162193298,1,1,manual_region_AUS_NE_CORAL_SEA_SMALL_ISLANDS,1,0,0,0,0,
LLC_296_1389,296,1389,167.125,-16.125,4.13402760095277,5,6.06146622779909,0,2.23689767607271,10,0.24390243902439,68.362,47.769875,19.2709598798423,33,0.194133476571185,0.44126673818796,0.647619047619048,0.361009616875074,3909,10,200,5.16335964202881,1,1,manual_region_AUS_NE_CORAL_SEA_SMALL_ISLANDS,1,0,0,0,0,EST_0130
LLC_289_1304,289,1304,145.875,-17.875,24.5557685991887,30,7.56034961725579,4.78999996185303,11.0661325610645,4,0.0975609756097561,64.25,51.0441538461538,8.41075616700699,33,0.454415445297778,0.173488269711265,0.571428571428571,0.359596543982792,3926,10,200,22.9297580718994,1,1,manual_region_AUS_NE_CORAL_SEA_SMALL_ISLANDS,1,0,0,0,0,EST_0126
LLC_288_1432,288,1432,177.875,-18.125,8.99095459580148,11,7.32726536823524,4.3600001335144,1.53271661900199,5,0.121951219512195,79.67,48.1104,32.2236304911407,33,0.302106066796311,0.235408913366638,0.857142857142857,0.358682723976424,3937,10,200,13.499626159668,1,1,manual_region_AUS_NE_CORAL_SEA_SMALL_ISLANDS,1,0,0,0,0,EST_0001
LLC_276_1383,276,1383,165.625,-21.125,4.81489892700105,6,4.5453631970405,0,1.61703589537637,10,0.24390243902439,64.25,46.4656,15.9268352199753,33,0.214329260676542,0.44126673818796,0.571428571428571,0.358669148293914,3938,10,200,5.99809312820435,1,1,manual_region_AUS_NE_CORAL_SEA_SMALL_ISLANDS,1,0,0,0,0,EST_0129
LLC_273_1386,273,1386,166.375,-21.875,7.19208080225599,9,5.97224776980015,0.5,1.9356908507123,8,0.195121951219512,64.25,46.5427,52.8807041721946,33,0.269912901068521,0.373114300021637,0.571428571428571,0.356420811203775,3963,10,200,14.4444141387939,1,1,manual_region_AUS_NE_CORAL_SEA_SMALL_ISLANDS,1,0,0,0,0,EST_0129
LLC_277_1316,277,1316,148.875,-20.875,113.374269380251,141,5.40899619501263,0,2.44608941383026,2,0.0487804878048781,47.802,38.2073333333333,57.7746796218906,33,0.697448851155591,0,0.266666666666667,0.353851983020016,4000,10,200,0.249827951192856,1,1,manual_region_AUS_NE_CORAL_SEA_SMALL_ISLANDS,1,0,0,0,0,
LLC_293_1434,293,1434,178.375,-16.875,3.29512472142442,4,3.52244287835757,0,1.00286629231734,8,0.195121951219512,79.67,48.540875,57.9184345348662,33,0.165200352995743,0.373114300021637,0.857142857142857,0.352157307428168,4015,10,200,6.95578527450562,1,1,manual_region_AUS_NE_CORAL_SEA_SMALL_ISLANDS,1,0,0,0,0,EST_0001
LLC_289_1437,289,1437,179.125,-17.875,3.27766729925879,4,2.49254747069747,0,1.09418810960063,8,0.195121951219512,79.67,49.2069333333333,66.235626895868,33,0.164539865073353,0.373114300021637,0.857142857142857,0.351860087863092,4021,10,200,8.2768497467041,1,1,manual_region_AUS_NE_CORAL_SEA_SMALL_ISLANDS,1,0,0,0,0,
LLC_299_1393,299,1393,168.125,-15.375,3.32022350935798,4,2.32045574621141,0,2.4269324630849,10,0.24390243902439,68.362,47.769875,105.242652487392,33,0.166145256794678,0.44126673818796,0.647619047619048,0.348414917975646,4053,10,200,0.385989218950272,1,1,manual_region_AUS_NE_CORAL_SEA_SMALL_ISLANDS,1,0,0,0,0,
LLC_299_1387,299,1387,166.625,-15.375,3.31833298445946,4,3.21793539616627,0,2.78445500949791,10,0.24390243902439,68.362,47.769875,14.1553307358469,33,0.166074274884204,0.44126673818796,0.647619047619048,0.348382976115933,4054,10,200,2.46540093421936,1,1,manual_region_AUS_NE_CORAL_SEA_SMALL_ISLANDS,1,0,0,0,0,
LLC_297_1393,297,1393,168.125,-15.875,3.31069973440939,4,7.21247374170158,4.38000011444092,0.910953462123871,10,0.24390243902439,68.362,47.769875,57.8303248593226,33,0.165787359430695,0.44126673818796,0.647619047619048,0.348253864161854,4058,10,200,4.90930795669556,1,1,manual_region_AUS_NE_CORAL_SEA_SMALL_ISLANDS,1,0,0,0,0,EST_0130
LLC_295_1390,295,1390,167.375,-16.375,3.30231178687767,4,8.43545741453468,5.76000022888184,1.92481127571958,10,0.24390243902439,68.362,47.769875,25.4069296383058,33,0.165471490239849,0.44126673818796,0.647619047619048,0.348111723025973,4060,10,200,1.303715467453,1,1,manual_region_AUS_NE_CORAL_SEA_SMALL_ISLANDS,1,0,0,0,0,EST_0130
LLC_272_1388,272,1388,166.875,-22.125,7.97417527320878,10,4.3216672202856,2.30999994277954,1.09282687097792,8,0.195121951219512,58.082,44.685875,28.133042259535,33,0.284700267785873,0.373114300021637,0.457142857142857,0.345932269083726,4079,10,200,6.76780796051025,1,1,manual_region_AUS_NE_CORAL_SEA_SMALL_ISLANDS,1,0,0,0,0,EST_0129
LLC_294_1392,294,1392,167.875,-16.625,4.9504390925604,6,5.84844284976554,2.71000003814697,1.6646990574889,8,0.195121951219512,68.362,48.316,8.75486520040495,33,0.218065969608973,0.373114300021637,0.647619047619048,0.34451826347555,4095,10,200,10.0492095947266,1,1,manual_region_AUS_NE_CORAL_SEA_SMALL_ISLANDS,1,0,0,0,0,EST_0130
LLC_295_1436,295,1436,178.875,-16.375,4.95122106219992,6,2.60156077794683,0,0.908766627311706,6,0.146341463414634,79.67,49.344,21.0387610341909,33,0.218087279871538,0.287762071614427,0.857142857142857,0.341815533159392,4121,10,200,10.7128858566284,1,1,manual_region_AUS_NE_CORAL_SEA_SMALL_ISLANDS,1,0,0,0,0,EST_0002
LLC_292_1430,292,1430,177.375,-17.125,4.93557168404476,6,7.10344246033427,3.53999996185303,0.906453311443329,6,0.146341463414634,79.67,49.8151666666667,42.4514905213678,33,0.217660268835988,0.287762071614427,0.857142857142857,0.341623378193394,4124,10,200,9.04517555236816,1,1,manual_region_AUS_NE_CORAL_SEA_SMALL_ISLANDS,1,0,0,0,0,EST_0001
LLC_289_1436,289,1436,178.875,-17.875,3.2780494724508,4,2.51732518714663,0,1.00032070989796,7,0.170731707317073,79.67,50.0415714285714,46.3830435545827,33,0.164554353134634,0.333112440078278,0.857142857142857,0.335865863513325,4172,10,200,13.6411561965942,1,1,manual_region_AUS_NE_CORAL_SEA_SMALL_ISLANDS,1,0,0,0,0,
LLC_301_1387,301,1387,166.625,-14.875,4.15865894318613,5,3.36033966976227,0,2.53694256853613,8,0.195121951219512,68.362,47.5021666666667,3.86625223350288,33,0.194909664017115,0.373114300021637,0.647619047619048,0.334097925959214,4194,10,200,7.2076358795166,1,1,manual_region_AUS_NE_CORAL_SEA_SMALL_ISLANDS,1,0,0,0,0,
LLC_294_1440,294,1440,179.875,-16.625,20.6119357990034,25,4.9964194099455,0,1.38866156557175,4,0.0975609756097561,59.11,49.5642857142857,8.75486520040495,33,0.427232572217942,0.173488269711265,0.476190476190476,0.333078536811152,4202,10,200,0.740870118141174,1,1,manual_region_AUS_NE_CORAL_SEA_SMALL_ISLANDS,1,0,0,0,0,EST_0002
LLC_300_1387,300,1387,166.625,-15.125,2.49170426461264,3,0,0,2.21690001731346,10,0.24390243902439,68.362,47.3565333333333,20.5495372662562,33,0.13161600305202,0.44126673818796,0.647619047619048,0.33287675379145,4206,10,200,1.25544118881226,1,1,manual_region_AUS_NE_CORAL_SEA_SMALL_ISLANDS,1,0,0,0,0,
LLC_274_1386,274,1386,166.375,-21.625,4.79723985033841,6,5.43323324934254,2.80999994277954,1.10716727245932,8,0.195121951219512,64.25,46.5427,25.1521258940411,33,0.213836015822726,0.373114300021637,0.571428571428571,0.331186212843167,4217,10,200,3.70860505104065,1,1,manual_region_AUS_NE_CORAL_SEA_SMALL_ISLANDS,1,0,0,0,0,EST_0129
LLC_293_1393,293,1393,168.125,-16.875,4.94333800157371,6,7.50828102312032,4.46000003814697,1.86313380165656,7,0.170731707317073,68.362,47.5964,46.5157097096629,33,0.21787232215672,0.333112440078278,0.647619047619048,0.328430378144692,4254,10,200,9.71100902557373,1,1,manual_region_AUS_NE_CORAL_SEA_SMALL_ISLANDS,1,0,0,0,0,EST_0130
LLC_280_1313,280,1313,148.125,-20.125,38.8104081222726,48,6.97680034637463,1.5,4.3219596693793,3,0.0731707317073171,51.4,40.092,47.8459417708125,33,0.52630076573848,0.0977035267116395,0.333333333333333,0.325916755266972,4285,10,200,13.9279127120972,1,1,manual_region_AUS_NE_CORAL_SEA_SMALL_ISLANDS,1,0,0,0,0,EST_0125
LLC_273_1387,273,1387,166.625,-21.875,5.58919247614228,7,5.64139255917406,4,1.34127547655668,8,0.195121951219512,58.082,45.4318888888889,54.3646806779497,33,0.234601987878069,0.373114300021637,0.457142857142857,0.323388043125214,4307,10,200,2.87899231910706,1,1,manual_region_AUS_NE_CORAL_SEA_SMALL_ISLANDS,1,0,0,0,0,EST_0129
LLC_296_1393,296,1393,168.125,-16.125,2.48043623743777,3,1.97766101133949,0,1.15965249026225,9,0.219512195121951,68.362,48.5362857142857,42.3885561538915,33,0.13109181322664,0.408897183077904,0.647619047619048,0.319693046326007,4357,10,200,0.0384823605418205,1,1,manual_region_AUS_NE_CORAL_SEA_SMALL_ISLANDS,1,0,0,0,0,EST_0130
LLC_295_1391,295,1391,167.625,-16.375,2.47732206424246,3,8.60298980068434,6.38000011444092,1.28292159751207,9,0.219512195121951,68.362,48.7272,14.1526613075626,33,0.130946642213872,0.408897183077904,0.647619047619048,0.319627719370261,4359,10,200,10.2887477874756,1,1,manual_region_AUS_NE_CORAL_SEA_SMALL_ISLANDS,1,0,0,0,0,EST_0130
LLC_274_1381,274,1381,165.125,-21.625,2.40200744850704,3,1.48664594652292,0,0.89597350358963,10,0.24390243902439,64.25,46.4656,50.5860657662515,33,0.127395590818256,0.44126673818796,0.571428571428571,0.319548996857685,4365,10,200,16.2423686981201,1,1,manual_region_AUS_NE_CORAL_SEA_SMALL_ISLANDS,1,0,0,0,0,EST_0129
LLC_294_1393,294,1393,168.125,-16.625,4.12238111247964,5,3.8880869030867,0,1.79685343050792,7,0.170731707317073,68.362,47.7085454545455,30.4697230870663,33,0.193765172667141,0.333112440078278,0.647619047619048,0.317582160874382,4391,10,200,1.79056560993195,1,1,manual_region_AUS_NE_CORAL_SEA_SMALL_ISLANDS,1,0,0,0,0,EST_0130
LLC_295_1440,295,1440,179.875,-16.375,24.772614558113,30,1.74418452912524,0,1.11240430349298,3,0.0731707317073171,59.11,49.2583333333333,13.6214013844663,33,0.455785704685972,0.0977035267116395,0.476190476190476,0.315613549221915,4408,10,200,7.72240161895752,1,1,manual_region_AUS_NE_CORAL_SEA_SMALL_ISLANDS,1,0,0,0,0,EST_0002
LLC_271_1388,271,1388,166.875,-22.375,4.77521874029756,6,5.72991086468663,3.64000010490417,0.954717792436907,8,0.195121951219512,58.082,45.2687142857143,13.1512164743648,33,0.213218823451406,0.373114300021637,0.457142857142857,0.313765619133216,4436,10,200,1.33305907249451,1,1,manual_region_AUS_NE_CORAL_SEA_SMALL_ISLANDS,1,0,0,0,0,EST_0129
LLC_296_1439,296,1439,179.625,-16.125,23.9633920991379,29,2.77031643250526,0,1.0101674736466,3,0.0731707317073171,59.11,49.2583333333333,32.5064324158852,33,0.450612079876972,0.0977035267116395,0.476190476190476,0.313285418057865,4439,10,200,5.57619047164917,1,1,manual_region_AUS_NE_CORAL_SEA_SMALL_ISLANDS,1,0,0,0,0,EST_0002
LLC_300_1389,300,1389,167.125,-15.125,1.66219177923876,2,6.45502722090669,5.07000017166138,0.910953462123871,10,0.24390243902439,68.362,47.769875,44.7251904338327,33,0.0876283806120108,0.44126673818796,0.647619047619048,0.313082323693446,4442,10,200,0.829717755317688,1,1,manual_region_AUS_NE_CORAL_SEA_SMALL_ISLANDS,1,0,0,0,0,
LLC_299_1392,299,1392,167.875,-15.375,1.65880033453491,2,4.53000020980835,0,1.82190692424774,10,0.24390243902439,68.362,47.769875,93.5332994271555,33,0.0874216529287939,0.44126673818796,0.647619047619048,0.312989296235998,4445,10,200,5.69619083404541,1,1,manual_region_AUS_NE_CORAL_SEA_SMALL_ISLANDS,1,0,0,0,0,
LLC_298_1390,298,1390,167.375,-15.625,1.65789587080866,2,8.1250659985489,7.03999996185303,1.09962958320245,10,0.24390243902439,68.362,47.769875,34.9112615508651,33,0.0873664762232627,0.44126673818796,0.647619047619048,0.312964466718509,4446,10,200,10.3210754394531,1,1,manual_region_AUS_NE_CORAL_SEA_SMALL_ISLANDS,1,0,0,0,0,EST_0130
LLC_297_1389,297,1389,167.125,-15.875,1.65651030414107,2,4.28999996185303,0,1.36643019318581,10,0.24390243902439,68.362,47.769875,26.2745950226824,33,0.0872819134638245,0.44126673818796,0.647619047619048,0.312926413476762,4447,10,200,6.57955884933472,1,1,manual_region_AUS_NE_CORAL_SEA_SMALL_ISLANDS,1,0,0,0,0,EST_0130
LLC_296_1391,296,1391,167.625,-16.125,1.65278980349507,2,8.79991018586864,8.09000015258789,0.908766627311707,10,0.24390243902439,68.362,47.769875,19.2709598798423,33,0.08705462853728,0.44126673818796,0.647619047619048,0.312824135259817,4449,10,200,9.65417957305908,1,1,manual_region_AUS_NE_CORAL_SEA_SMALL_ISLANDS,1,0,0,0,0,EST_0130
LLC_296_1392,296,1392,167.875,-16.125,1.65258028361174,2,8.04500031471252,7.78000020980835,1.09697836637497,10,0.24390243902439,68.362,47.769875,19.2709598798423,33,0.0870418195140594,0.44126673818796,0.647619047619048,0.312818371199368,4450,10,200,11.4623994827271,1,1,manual_region_AUS_NE_CORAL_SEA_SMALL_ISLANDS,1,0,0,0,0,EST_0130
LLC_279_1316,279,1316,148.875,-20.375,29.0380228244296,36,3.5461968886573,0,1.53640486301367,3,0.0731707317073171,51.4,40.092,15.4727881953918,33,0.480622628022324,0.0977035267116395,0.333333333333333,0.305361593294702,4525,10,200,0.310643494129181,1,1,manual_region_AUS_NE_CORAL_SEA_SMALL_ISLANDS,1,0,0,0,0,
LLC_293_1431,293,1431,177.625,-16.875,2.47183166092762,3,5.66345033009126,2.83999991416931,1.03423011847063,6,0.146341463414634,79.67,50.1347692307692,77.6000613312342,33,0.130690383363786,0.287762071614427,0.857142857142857,0.302486929730903,4546,10,200,13.8758773803711,1,1,manual_region_AUS_NE_CORAL_SEA_SMALL_ISLANDS,1,0,0,0,0,EST_0001
LLC_301_1393,301,1393,168.125,-14.875,1.66267783854492,2,0,0,0.913012027740479,9,0.219512195121951,68.362,48.7198571428571,143.959489285659,33,0.0876579870894959,0.408897183077904,0.647619047619048,0.300147824564292,4569,10,200,5.65900897979736,1,1,manual_region_AUS_NE_CORAL_SEA_SMALL_ISLANDS,1,0,0,0,0,
LLC_296_1440,296,1440,179.875,-16.125,19.831626507176,24,4.27818974494392,0,1.26115051214961,3,0.0731707317073171,59.11,49.2583333333333,33.3631002304538,33,0.421268947012327,0.0977035267116395,0.476190476190476,0.300081008268775,4572,10,200,6.71177768707275,1,1,manual_region_AUS_NE_CORAL_SEA_SMALL_ISLANDS,1,0,0,0,0,EST_0002
LLC_275_1382,275,1382,165.375,-21.375,1.60146061599047,2,9.28999996185303,8.61999988555908,2.76061880588531,10,0.24390243902439,64.25,46.4656,18.3313961892303,33,0.0838859813020725,0.44126673818796,0.571428571428571,0.299969672575402,4574,10,200,18.9304866790771,1,1,manual_region_AUS_NE_CORAL_SEA_SMALL_ISLANDS,1,0,0,0,0,EST_0129
LLC_280_1315,280,1315,148.625,-20.125,25.8479915587769,32,7.03092001227062,2.92000007629395,2.40705214136709,3,0.0731707317073171,51.4,40.092,19.6332350140311,33,0.462415068032564,0.0977035267116395,0.333333333333333,0.29716819129931,4597,10,200,1.26320147514343,1,1,manual_region_AUS_NE_CORAL_SEA_SMALL_ISLANDS,1,0,0,0,0,
LLC_291_1429,291,1429,177.125,-17.375,3.28574933159306,4,2.41046636244507,0,0.906453311443329,5,0.121951219512195,79.67,48.1104,23.1911201836612,33,0.164845976888148,0.235408913366638,0.857142857142857,0.296915683517751,4600,10,200,0.588240802288055,1,1,manual_region_AUS_NE_CORAL_SEA_SMALL_ISLANDS,1,0,0,0,0,EST_0001
LLC_271_1389,271,1389,167.125,-22.375,3.18571248093796,4,4.79252403482704,0,0.893057644367218,8,0.195121951219512,58.082,45.2687142857143,38.6622567608844,33,0.161015716537026,0.373114300021637,0.457142857142857,0.290274221021745,4664,10,200,6.09914398193359,1,1,manual_region_AUS_NE_CORAL_SEA_SMALL_ISLANDS,1,0,0,0,0,
LLC_292_1435,292,1435,178.625,-17.125,0.822888993108746,1,0,0,0.906453311443329,8,0.195121951219512,79.67,48.540875,49.9665885889225,33,0.026209356987071,0.373114300021637,0.857142857142857,0.289611359224265,4672,10,200,15.38831615448,1,1,manual_region_AUS_NE_CORAL_SEA_SMALL_ISLANDS,1,0,0,0,0,EST_0001
LLC_291_1436,291,1436,178.875,-17.375,0.820960739045343,1,6.73999977111816,6.73999977111816,1.2819185256958,8,0.195121951219512,79.67,48.540875,61.5749907903254,33,0.02603772023392,0.373114300021637,0.857142857142857,0.289534122685347,4674,10,200,9.07612419128418,1,1,manual_region_AUS_NE_CORAL_SEA_SMALL_ISLANDS,1,0,0,0,0,EST_0001
LLC_290_1437,290,1437,179.125,-17.625,0.820244465060829,1,0,0,1.2819185256958,8,0.195121951219512,79.67,48.540875,84.6963342229426,33,0.0259739173246549,0.373114300021637,0.857142857142857,0.289505411376178,4675,10,200,11.0430192947388,1,1,manual_region_AUS_NE_CORAL_SEA_SMALL_ISLANDS,1,0,0,0,0,EST_0002
LLC_292_1394,292,1394,168.375,-17.125,6.58113062373437,8,6.16365067087946,0,1.00031227619344,6,0.146341463414634,53.97,45.16775,84.9112104446468,33,0.257343648488278,0.287762071614427,0.380952380952381,0.288052327608353,4692,10,200,3.40597105026245,1,1,manual_region_AUS_NE_CORAL_SEA_SMALL_ISLANDS,1,0,0,0,0,EST_0130
LLC_301_1389,301,1389,167.125,-14.875,0.831500446647719,1,8.43000030517578,8.43000030517578,0.913012027740478,10,0.24390243902439,68.362,47.2512857142857,41.1476814209068,33,0.0269736658452214,0.44126673818796,0.647619047619048,0.285787702048391,4718,10,200,7.65108823776245,1,1,manual_region_AUS_NE_CORAL_SEA_SMALL_ISLANDS,1,0,0,0,0,
LLC_299_1391,299,1391,167.625,-15.375,0.829433537281929,1,8.53999996185303,8.53999996185303,0.910953462123871,10,0.24390243902439,68.362,47.769875,68.7789555790117,33,0.0267905457374065,0.44126673818796,0.647619047619048,0.285705297999874,4720,10,200,7.55352687835693,1,1,manual_region_AUS_NE_CORAL_SEA_SMALL_ISLANDS,1,0,0,0,0,EST_0130
LLC_295_1393,295,1393,168.125,-16.375,1.65156229989037,2,6.61971431843535,3.94000005722046,0.908766627311707,8,0.195121951219512,68.362,48.316,35.1941026159409,33,0.0869795705537698,0.373114300021637,0.647619047619048,0.285529383900708,4721,10,200,0.504241466522217,1,1,manual_region_AUS_NE_CORAL_SEA_SMALL_ISLANDS,1,0,0,0,0,EST_0130
LLC_293_1440,293,1440,179.875,-16.875,1.64803226585921,2,3.0149664808659,2.25,1.09697012323478,6,0.146341463414634,79.67,53.1133333333333,36.2362853586108,33,0.0867635262780027,0.287762071614427,0.857142857142857,0.282719844042301,4752,10,200,6.2206916809082,1,1,manual_region_AUS_NE_CORAL_SEA_SMALL_ISLANDS,1,0,0,0,0,EST_0002
LLC_292_1429,292,1429,177.125,-17.125,1.64500673767332,2,8.27981846950267,6.65999984741211,0.906453311443329,6,0.146341463414634,79.67,49.1103636363636,45.6490575578895,33,0.0865781293175143,0.287762071614427,0.857142857142857,0.282636415410081,4754,10,200,7.81092023849487,1,1,manual_region_AUS_NE_CORAL_SEA_SMALL_ISLANDS,1,0,0,0,0,EST_0001
LLC_283_1307,283,1307,146.625,-19.375,11.3738830176445,14,5.86640363630391,2.76999998092651,6.59170903220428,3,0.0731707317073171,64.25,50.629,83.8695064375539,33,0.336795985487557,0.0977035267116395,0.571428571428571,0.276353889868342,4811,10,200,20.2040100097656,1,1,manual_region_AUS_NE_CORAL_SEA_SMALL_ISLANDS,1,0,0,0,0,EST_0125
LLC_272_1389,272,1389,167.125,-22.125,2.38965167943964,3,2.71332041777019,2.05999994277954,1.01636073946548,8,0.195121951219512,58.082,45.2687142857143,45.9961813742466,33,0.126805524487216,0.373114300021637,0.457142857142857,0.274879634599331,4821,10,200,16.1917896270752,1,1,manual_region_AUS_NE_CORAL_SEA_SMALL_ISLANDS,1,0,0,0,0,
LLC_292_1437,292,1437,179.125,-17.125,0.822485014882837,1,0,0,0.906453311443329,7,0.170731707317073,79.67,50.4087142857143,46.1467847449817,33,0.0261734133251866,0.333112440078278,0.857142857142857,0.273594440599074,4831,10,200,2.46723484992981,1,1,manual_region_AUS_NE_CORAL_SEA_SMALL_ISLANDS,1,0,0,0,0,EST_0002
LLC_280_1378,280,1378,164.375,-20.125,1.61483527028926,2,2.38999998569489,1.74000000953674,0.89877325296402,8,0.195121951219512,64.25,47.6649333333333,27.2877612154732,33,0.0847176067159034,0.373114300021637,0.571428571428571,0.273082928745097,4835,10,200,12.3970508575439,1,1,manual_region_AUS_NE_CORAL_SEA_SMALL_ISLANDS,1,0,0,0,0,EST_0128
LLC_281_1310,281,1310,147.375,-19.875,17.8169653053182,22,8.31364914667761,5.8600001335144,10.5087074635747,3,0.0731707317073171,51.4,40.092,18.5088914263711,33,0.40477384885529,0.0977035267116395,0.333333333333333,0.271229642669536,4852,10,200,25.371452331543,1,1,manual_region_AUS_NE_CORAL_SEA_SMALL_ISLANDS,1,0,0,0,0,EST_0125
LLC_293_1394,293,1394,168.375,-16.875,1.64777943842922,2,5.83998565384596,5.19000005722046,1.36315990966665,7,0.170731707317073,68.362,47.7448888888889,66.573842563228,33,0.0867480417451146,0.333112440078278,0.647619047619048,0.26942445195947,4868,10,200,4.45341062545776,1,1,manual_region_AUS_NE_CORAL_SEA_SMALL_ISLANDS,1,0,0,0,0,EST_0130
LLC_277_1317,277,1317,149.125,-20.875,32.1447636882404,40,4.6907652513277,0,1.37332431300615,2,0.0487804878048781,47.802,38.2073333333333,65.2477105242658,33,0.496583737677652,0,0.266666666666667,0.263462681954943,4916,10,200,8.36352157592773,1,1,manual_region_AUS_NE_CORAL_SEA_SMALL_ISLANDS,1,0,0,0,0,
LLC_290_1304,290,1304,145.875,-17.625,5.74458148973587,7,7.28428456481388,2.5,9.84120134276968,4,0.0975609756097561,64.25,49.9681428571428,15.6557469850682,33,0.238382001252355,0.173488269711265,0.571428571428571,0.262381494162352,4922,10,200,23.5578422546387,1,1,manual_region_AUS_NE_CORAL_SEA_SMALL_ISLANDS,1,0,0,0,0,EST_0126
LLC_296_1437,296,1437,179.125,-16.125,1.65261524729493,2,0,0,0.908766627311707,5,0.121951219512195,79.67,53.3275,27.7706121041768,33,0.0870439570933581,0.235408913366638,0.857142857142857,0.261904774610095,4925,10,200,11.1379880905151,1,1,manual_region_AUS_NE_CORAL_SEA_SMALL_ISLANDS,1,0,0,0,0,EST_0002
LLC_290_1429,290,1429,177.125,-17.625,1.63931098905539,2,0,0,0.906453311443329,5,0.121951219512195,79.67,48.1104,20.330512081829,33,0.0862285316608592,0.235408913366638,0.857142857142857,0.261537833165471,4928,10,200,0.18587438762188,1,1,manual_region_AUS_NE_CORAL_SEA_SMALL_ISLANDS,1,0,0,0,0,EST_0001
LLC_289_1429,289,1429,177.125,-17.875,1.63912022318352,2,3.99000012874603,3.41000008583069,0.906453311443329,5,0.121951219512195,79.67,48.1104,26.8693003408325,33,0.0862168096459552,0.235408913366638,0.857142857142857,0.261532558258764,4929,10,200,7.03007173538208,1,1,manual_region_AUS_NE_CORAL_SEA_SMALL_ISLANDS,1,0,0,0,0,EST_0001
LLC_275_1385,275,1385,166.125,-21.375,0.800821986448851,1,0,0,0.89597350358963,9,0.219512195121951,64.25,46.8908181818182,23.4610660893305,33,0.0242341996506857,0.408897183077904,0.571428571428571,0.260178548788256,4935,10,200,12.2063999176025,1,1,manual_region_AUS_NE_CORAL_SEA_SMALL_ISLANDS,1,0,0,0,0,EST_0129
LLC_297_1394,297,1394,168.375,-15.875,0.82798279217752,1,0,0,0.910953462123871,8,0.195121951219512,68.362,48.316,78.7322755929008,33,0.0266618917679278,0.373114300021637,0.647619047619048,0.258386428447079,4958,10,200,10.8588809967041,1,1,manual_region_AUS_NE_CORAL_SEA_SMALL_ISLANDS,1,0,0,0,0,EST_0130
LLC_279_1317,279,1317,149.125,-20.375,13.717576437881,17,4.59198590402771,0,1.10463311213945,3,0.0731707317073171,51.4,40.092,15.4727881953918,33,0.364925472356322,0.0977035267116395,0.333333333333333,0.253297873245001,4994,10,200,5.73172998428345,1,1,manual_region_AUS_NE_CORAL_SEA_SMALL_ISLANDS,1,0,0,0,0,
LLC_302_1387,302,1387,166.625,-14.625,1.66511050751846,2,0,0,1.10211018867581,6,0.146341463414634,68.362,48.2646,25.162893707489,33,0.0878060828193281,0.287762071614427,0.647619047619048,0.251760423057326,5005,10,200,2.1957151889801,1,1,manual_region_AUS_NE_CORAL_SEA_SMALL_ISLANDS,1,0,0,0,0,
LLC_295_1394,295,1394,168.375,-16.375,0.825974682176067,1,0,0,0.908766627311707,7,0.170731707317073,68.362,47.5964,59.2697214226121,33,0.0264836413700972,0.333112440078278,0.647619047619048,0.242305471790712,5083,10,200,8.62196445465088,1,1,manual_region_AUS_NE_CORAL_SEA_SMALL_ISLANDS,1,0,0,0,0,EST_0130
LLC_286_1307,286,1307,146.625,-18.625,4.07623958583501,5,5.12379324031785,0,1.08477568315312,4,0.0975609756097561,64.25,51.6803636363636,107.154361122281,33,0.192297734075306,0.173488269711265,0.571428571428571,0.24164357393268,5091,10,200,7.09956789016724,1,1,manual_region_AUS_NE_CORAL_SEA_SMALL_ISLANDS,1,0,0,0,0,EST_0125
LLC_285_1307,285,1307,146.625,-18.875,4.07439290277611,5,6.42600814494491,4.5,0.978907848564465,4,0.0975609756097561,64.25,51.6803636363636,119.4405164661,33,0.192238726778532,0.173488269711265,0.571428571428571,0.241617020649131,5092,10,200,8.44267272949219,1,1,manual_region_AUS_NE_CORAL_SEA_SMALL_ISLANDS,1,0,0,0,0,EST_0125
LLC_287_1431,287,1431,177.625,-18.375,0.816133612727552,1,4.26000022888184,4.26000022888184,0.904015302658081,5,0.121951219512195,79.67,48.1104,33.3065349346269,33,0.025607252301062,0.235408913366638,0.857142857142857,0.234258257453562,5139,10,200,11.7235765457153,1,1,manual_region_AUS_NE_CORAL_SEA_SMALL_ISLANDS,1,0,0,0,0,EST_0001
LLC_560_0489,560,489,-57.875,49.875,25.5144318746005,46,5.73385579223125,0.189999997615814,1.04534476757635,2,0.0487804878048781,38.55,36.494,127.678274101627,33,0.460387618188187,0,0.0952380952380953,0.221460142470398,5222,10,200,2.87941884994507,1,1,final_low_value_lowland_area_lt_500_km2,1,0,0,0,0,
LLC_284_1309,284,1309,147.125,-19.125,1.6252704386697,2,4.74996249311949,3.26999998092651,0.901454567909241,5,0.121951219512195,64.25,46.0544,61.0549911141761,33,0.0853635084353709,0.235408913366638,0.571428571428571,0.218291429856858,5251,10,200,8.90505790710449,1,1,manual_region_AUS_NE_CORAL_SEA_SMALL_ISLANDS,1,0,0,0,0,EST_0125
LLC_288_1306,288,1306,146.375,-18.125,2.45241927119026,3,5.42721047421779,3.35999989509583,0.904015302658081,4,0.0975609756097561,64.25,53.0276666666667,45.6229405757159,33,0.129781069536453,0.173488269711265,0.571428571428571,0.213511074890196,5280,10,200,8.0973539352417,1,1,manual_region_AUS_NE_CORAL_SEA_SMALL_ISLANDS,1,0,0,0,0,EST_0126
LLC_278_1316,278,1316,148.875,-20.625,6.44218944411869,8,5.98789251939761,2.47000002861023,1.19634674372691,3,0.0731707317073171,51.4,40.092,34.2791310780147,33,0.254343906528775,0.0977035267116395,0.333333333333333,0.203536168622604,5338,10,200,0.800052583217621,1,1,manual_region_AUS_NE_CORAL_SEA_SMALL_ISLANDS,1,0,0,0,0,
LLC_294_0001,294,1,-179.875,-16.625,4.12166113355987,5,4.14802662986653,0,2.34992379383632,3,0.0731707317073171,59.11,49.2583333333333,25.3864299752461,33,0.193742376865233,0.0977035267116395,0.476190476190476,0.197694051702582,5368,10,200,5.47377157211304,1,1,manual_region_AUS_NE_CORAL_SEA_SMALL_ISLANDS,1,0,0,0,0,EST_0002
LLC_293_0001,293,1,-179.875,-16.875,4.11932166822015,5,6.78585402775327,4.61999988555908,2.75052991967497,3,0.0731707317073171,59.11,49.2583333333333,43.3606876481968,33,0.193668283138447,0.0977035267116395,0.476190476190476,0.197660709525528,5369,10,200,0.30505833029747,1,1,manual_region_AUS_NE_CORAL_SEA_SMALL_ISLANDS,1,0,0,0,0,EST_0002
LLC_555_0485,555,485,-58.875,48.625,17.6364813222659,31,5.38423589894807,0,0.915508753057663,2,0.0487804878048781,38.55,35.98,79.226164590717,33,0.403210857080822,0,0.0952380952380953,0.195730599972084,5380,10,200,1.99922907352448,1,1,final_low_value_lowland_area_lt_500_km2,1,0,0,0,0,
LLC_555_0486,555,486,-58.625,48.625,15.9292587331132,28,4.76413142857055,0,1.02363899926003,2,0.0487804878048781,38.55,35.98,68.113114708202,33,0.387629737884223,0,0.0952380952380953,0.188719096333615,5421,10,200,3.01378655433655,1,1,final_low_value_lowland_area_lt_500_km2,1,0,0,0,0,
LLC_293_1395,293,1395,168.625,-16.875,0.82354550459051,1,0,0,0.908766627311707,6,0.146341463414634,53.97,45.16775,90.100835715325,33,0.0262677526196765,0.287762071614427,0.380952380952381,0.184068174467482,5443,10,200,3.10853123664856,1,1,manual_region_AUS_NE_CORAL_SEA_SMALL_ISLANDS,1,0,0,0,0,EST_0130
LLC_554_0487,554,487,-58.375,48.375,11.9817537559374,21,3.69002916230778,0,1.52798394095242,2,0.0487804878048781,41.12,37.6933333333333,34.8243821498544,33,0.344573241455215,0,0.142857142857143,0.176486530083418,5491,10,200,9.50570011138916,1,1,final_low_value_lowland_area_lt_500_km2,1,0,0,0,0,
LLC_293_0002,293,2,-179.625,-16.875,2.47201229178955,3,4.74321286896354,0,1.03424295406813,3,0.0731707317073171,59.11,49.2583333333333,62.1687455813023,33,0.130698820565952,0.0977035267116395,0.476190476190476,0.169324451367906,5536,10,200,11.9914379119873,1,1,manual_region_AUS_NE_CORAL_SEA_SMALL_ISLANDS,1,0,0,0,0,EST_0002
LLC_283_1311,283,1311,147.625,-19.375,3.24510832745237,4,3.13745262149759,0,1.22015939528353,3,0.0731707317073171,51.4,40.092,15.970195775329,33,0.163300788366847,0.0977035267116395,0.333333333333333,0.162566765449737,5566,10,200,16.7725276947021,1,1,manual_region_AUS_NE_CORAL_SEA_SMALL_ISLANDS,1,0,0,0,0,EST_0125
LLC_281_1314,281,1314,148.375,-19.875,3.23487912235887,4,5.13503226750677,0.779999971389771,0.994802015241493,3,0.0731707317073171,51.4,40.092,52.7768978280886,33,0.162909539276438,0.0977035267116395,0.333333333333333,0.162390703359053,5567,10,200,12.0461320877075,1,1,manual_region_AUS_NE_CORAL_SEA_SMALL_ISLANDS,1,0,0,0,0,EST_0125
LLC_274_1317,274,1317,149.125,-21.625,1.60095568159012,2,8.63003225975692,7.51000022888184,6.23565813994952,3,0.0731707317073171,61.68,43.88275,144.862521837956,33,0.0838545011868803,0.0977035267116395,0.523809523809524,0.155387364790181,5602,10,200,21.5481452941895,1,1,manual_region_AUS_NE_CORAL_SEA_SMALL_ISLANDS,1,0,0,0,0,
LLC_274_1320,274,1320,149.875,-21.625,1.60026549375333,2,5.53499984741211,4.44999980926514,0.89597350358963,3,0.0731707317073171,61.68,49.9436666666667,107.598954815463,33,0.0838114615661589,0.0977035267116395,0.523809523809524,0.155367996960856,5603,10,200,2.01609945297241,1,1,manual_region_AUS_NE_CORAL_SEA_SMALL_ISLANDS,1,0,0,0,0,
LLC_555_0487,555,487,-58.375,48.625,9.11992123410809,16,2.46364635213729,0,1.36534165767976,2,0.0487804878048781,38.55,36.494,60.6979907807359,33,0.304186045085683,0,0.0952380952380953,0.151169434574272,5623,10,200,11.3088808059692,1,1,final_low_value_lowland_area_lt_500_km2,1,0,0,0,0,
LLC_273_1319,273,1319,149.625,-21.875,3.192168680729,4,3.27238124655601,0.860000014305115,0.89597350358963,2,0.0487804878048781,61.68,50.372,107.377812957945,33,0.161265664329386,0,0.523809523809524,0.151140977519652,5624,10,200,6.44498586654663,1,1,manual_region_AUS_NE_CORAL_SEA_SMALL_ISLANDS,1,0,0,0,0,
LLC_295_0001,295,1,-179.875,-16.375,1.65050159651329,2,0,0,1.47035491361293,3,0.0731707317073171,59.11,49.2583333333333,13.6214013844663,33,0.0869146838886911,0.0977035267116395,0.476190476190476,0.149621589863138,5635,10,200,8.33976650238037,1,1,manual_region_AUS_NE_CORAL_SEA_SMALL_ISLANDS,1,0,0,0,0,EST_0002
LLC_280_1316,280,1316,148.875,-20.125,2.42406604584316,3,2.42627913390323,0,0.89877325296402,3,0.0731707317073171,51.4,40.092,23.4261415510022,33,0.12844372020697,0.0977035267116395,0.333333333333333,0.146881084777792,5647,10,200,0.979023218154907,1,1,manual_region_AUS_NE_CORAL_SEA_SMALL_ISLANDS,1,0,0,0,0,
LLC_559_0489,559,489,-57.875,49.625,8.35815673286524,15,6.02247126614523,0,0.889866686422739,2,0.0487804878048781,38.55,36.494,124.313199633342,33,0.291494846242742,0,0.0952380952380953,0.145458395094948,5662,10,200,4.63567447662354,1,1,final_low_value_lowland_area_lt_500_km2,1,0,0,0,0,
LLC_557_0488,557,488,-58.125,49.125,7.88430388056518,14,1.84777849588971,0,0.805348292213655,2,0.0487804878048781,38.55,36.494,113.989784776239,33,0.283068016121289,0,0.0952380952380953,0.141666321540294,5671,10,200,1.26055014133453,1,1,final_low_value_lowland_area_lt_500_km2,1,0,0,0,0,
LLC_287_1304,287,1304,145.875,-18.375,0.817277597344551,1,9.77000045776367,9.77000045776367,4.60959148406982,3,0.0731707317073171,64.25,52.5136666666667,31.1030437995519,33,0.0257093726054711,0.0977035267116395,0.571428571428571,0.136364914071403,5689,10,200,20.2231426239014,1,1,manual_region_AUS_NE_CORAL_SEA_SMALL_ISLANDS,1,0,0,0,0,EST_0126
LLC_277_1319,277,1319,149.625,-20.875,0.804121812797064,1,8.22999954223633,8.22999954223633,0.89877325296402,3,0.0731707317073171,61.68,41.5605714285714,91.2168539610347,33,0.0245310921066264,0.0977035267116395,0.523809523809524,0.128691830704066,5711,10,200,0.106670819222927,1,1,manual_region_AUS_NE_CORAL_SEA_SMALL_ISLANDS,1,0,0,0,0,
LLC_275_1320,275,1320,149.875,-21.375,0.801370633890864,1,0,0,0.89597350358963,3,0.0731707317073171,61.68,48.6831428571429,130.953102400181,33,0.0242836003257278,0.0977035267116395,0.523809523809524,0.128580459402662,5712,10,200,3.78225541114807,1,1,manual_region_AUS_NE_CORAL_SEA_SMALL_ISLANDS,1,0,0,0,0,
LLC_275_1319,275,1319,149.625,-21.375,0.800959377072514,1,0.370000004768372,0.370000004768372,0.89597350358963,3,0.0731707317073171,61.68,43.88275,136.040474144952,33,0.0242465718298958,0.0977035267116395,0.523809523809524,0.128563796579537,5713,10,200,3.32463645935059,1,1,manual_region_AUS_NE_CORAL_SEA_SMALL_ISLANDS,1,0,0,0,0,
LLC_280_1317,280,1317,149.125,-20.125,1.61483527028926,2,1.47000002861023,0,0.89877325296402,3,0.0731707317073171,51.4,40.092,23.4261415510022,33,0.0847176067159034,0.0977035267116395,0.333333333333333,0.127204333706812,5722,10,200,6.27862691879272,1,1,manual_region_AUS_NE_CORAL_SEA_SMALL_ISLANDS,1,0,0,0,0,
LLC_297_0001,297,1,-179.875,-15.875,0.828255152070537,1,7.53000020980835,7.53000020980835,0.910953462123871,3,0.0731707317073171,59.11,49.2583333333333,59.884781419053,33,0.0266860527819747,0.0977035267116395,0.476190476190476,0.122518705865116,5739,10,200,13.2116203308105,1,1,manual_region_AUS_NE_CORAL_SEA_SMALL_ISLANDS,1,0,0,0,0,EST_0002
LLC_296_0001,296,1,-179.875,-16.125,0.826569361788083,1,9.14999961853027,9.14999961853027,0.908766627311706,3,0.0731707317073171,59.11,49.2583333333333,33.3631002304538,33,0.0265364486801109,0.0977035267116395,0.476190476190476,0.122451384019277,5740,10,200,8.17382144927979,1,1,manual_region_AUS_NE_CORAL_SEA_SMALL_ISLANDS,1,0,0,0,0,EST_0002
LLC_554_0486,554,486,-58.625,48.375,4.57120117726098,8,4.72546445388675,1.00999999046326,0.885249693805125,2,0.0487804878048781,41.12,37.6933333333333,46.6111625169815,33,0.207386226490173,0,0.142857142857143,0.114752373349149,5767,10,200,1.86378276348114,1,1,final_low_value_lowland_area_lt_500_km2,1,0,0,0,0,
LLC_556_0489,556,489,-57.875,48.875,5.08455498434593,9,3.83131076514497,0,5.99387974684359,2,0.0487804878048781,38.55,36.494,88.5271886967639,33,0.22168055753003,0,0.0952380952380953,0.114041965174228,5769,10,200,8.35921382904053,1,1,final_low_value_lowland_area_lt_500_km2,1,0,0,0,0,
LLC_557_0487,557,487,-58.375,49.125,5.07264647103185,9,4.33312444240045,0,0.782156348228455,2,0.0487804878048781,38.55,36.494,115.168873101473,33,0.22136284779263,0,0.0952380952380953,0.113898995792398,5770,10,200,1.34378230571747,1,1,final_low_value_lowland_area_lt_500_km2,1,0,0,0,0,
LLC_282_1312,282,1312,147.875,-19.625,0.810027407383563,1,7.32999992370606,7.32999992370605,0.901454567909241,3,0.0731707317073171,51.4,40.092,36.7802288243877,33,0.0250610780976507,0.0977035267116395,0.333333333333333,0.100358895828599,5809,10,200,10.8592987060547,1,1,manual_region_AUS_NE_CORAL_SEA_SMALL_ISLANDS,1,0,0,0,0,EST_0125
LLC_281_1309,281,1309,147.125,-19.875,0.809688770471099,1,9.5,9.5,32.6645126342773,3,0.0731707317073171,51.4,40.6794285714286,8.32010520020253,33,0.0250307345586412,0.0977035267116395,0.333333333333333,0.100345241236044,5810,10,200,45.1120567321777,1,0,manual_region_AUS_NE_CORAL_SEA_SMALL_ISLANDS,0,0,0,0,0,EST_0125
LLC_557_0489,557,489,-57.875,49.125,3.93779904840254,7,1.72470633654366,0,0.828381259567932,2,0.0487804878048781,38.55,36.494,115.753901700711,33,0.187813501415757,0,0.0952380952380953,0.098801789922805,5815,10,200,2.95632362365723,1,1,final_low_value_lowland_area_lt_500_km2,1,0,0,0,0,
LLC_557_0491,557,491,-57.375,49.125,3.93656816918771,7,7.64738240357178,5,36.0663731263025,2,0.0487804878048781,38.55,36.494,92.1662251482355,33,0.18777307058923,0,0.0952380952380953,0.0987835960508679,5816,10,200,35.0527877807617,1,0,final_low_value_lowland_area_lt_500_km2,0,0,0,0,0,
LLC_277_1318,277,1318,149.375,-20.875,2.41352264156583,3,4.91021434702753,0,0.89877325296402,2,0.0487804878048781,47.802,38.2073333333333,74.9111586980761,33,0.127943588158783,0,0.266666666666667,0.0975746146714522,5819,10,200,3.49054837226868,1,1,manual_region_AUS_NE_CORAL_SEA_SMALL_ISLANDS,1,0,0,0,0,
LLC_274_1321,274,1321,150.125,-21.625,0.799809798241371,1,6.80000019073486,6.80000019073486,0.89597350358963,2,0.0487804878048781,61.68,54.227,94.4497877207939,33,0.0241430218678441,0,0.523809523809524,0.0894357884119584,5846,10,200,10.0940322875977,1,1,manual_region_AUS_NE_CORAL_SEA_SMALL_ISLANDS,1,0,0,0,0,
LLC_558_0489,558,489,-57.875,49.375,2.79798979008065,5,6.1974028399121,0,2.81282955445842,2,0.0487804878048781,38.55,36.494,127.087152636463,33,0.145251764149011,0,0.0952380952380953,0.0796490081527692,5869,10,200,6.52947282791138,1,1,final_low_value_lowland_area_lt_500_km2,1,0,0,0,0,
LLC_278_1317,278,1317,149.125,-20.625,1.61173908963365,2,3.15525783703888,0,0.89877325296402,2,0.0487804878048781,47.802,38.2073333333333,38.4131103675791,33,0.0845254676550274,0,0.266666666666667,0.0780364604447623,5871,10,200,3.71924448013306,1,1,manual_region_AUS_NE_CORAL_SEA_SMALL_ISLANDS,1,0,0,0,0,
LLC_276_1316,276,1316,148.875,-21.125,1.60649841594237,2,8.17498243735692,7.53999996185303,4.77412116372219,2,0.0487804878048781,47.802,38.2073333333333,83.9422442355479,33,0.084199728566371,0,0.266666666666667,0.0778898778548669,5873,10,200,20.5719604492188,1,1,manual_region_AUS_NE_CORAL_SEA_SMALL_ISLANDS,1,0,0,0,0,
LLC_557_0490,557,490,-57.625,49.125,2.25644321684831,4,6.04721221831669,5,25.9126149437677,2,0.0487804878048781,38.55,36.494,106.946464364547,33,0.120303780009734,0,0.0952380952380953,0.0684224152900945,5890,10,200,17.3222427368164,1,1,final_low_value_lowland_area_lt_500_km2,1,0,0,0,0,
LLC_555_0488,555,488,-58.125,48.625,1.70956320373815,3,8.62648128237821,7.5,6.01044107455886,2,0.0487804878048781,41.12,37.6505,58.4067152123122,33,0.0904887225988815,0,0.142857142857143,0.0621484965980681,5899,10,200,16.533296585083,1,1,final_low_value_lowland_area_lt_500_km2,1,0,0,0,0,
LLC_558_0488,558,488,-58.125,49.375,1.67944047271249,3,4.54148670074558,0.509999990463257,3.90133360457217,2,0.0487804878048781,38.55,36.494,141.785551941427,33,0.0886757266207103,0,0.0952380952380953,0.0541897912650339,5922,10,200,7.32714653015137,1,1,final_low_value_lowland_area_lt_500_km2,1,0,0,0,0,
LLC_556_0487,556,487,-58.375,48.875,1.13048849662643,2,2.5,2,3.54103088378906,2,0.0487804878048781,38.55,36.494,87.756994011758,33,0.0514966590840227,0,0.0952380952380953,0.0374592108735245,5938,10,200,11.5726728439331,1,1,final_low_value_lowland_area_lt_500_km2,1,0,0,0,0,
LLC_556_0485,556,485,-58.875,48.875,0.567317683595782,1,7.05000019073486,7.05000019073486,0.786895751953125,2,0.0487804878048781,38.55,35.98,101.395288744687,33,0.00171212034489991,0,0.0952380952380953,0.0150561684409192,5957,10,200,12.5575790405273,1,1,final_low_value_lowland_area_lt_500_km2,1,0,0,0,0,
LLC_556_0486,556,486,-58.625,48.875,0.566564378071372,1,0,0,0.786895751953125,2,0.0487804878048781,38.55,36.494,93.0145982676798,33,0.00163415619177808,0,0.0952380952380953,0.0150210845720144,5958,10,200,2.15602445602417,1,1,final_low_value_lowland_area_lt_500_km2,1,0,0,0,0,
